序號,年,月,日,時,分,縣市,區,死亡數量,受傷數量,2-30,天候,光線,道路類別,速限_速度(公里),道路型態,事故位置,路面鋪裝,路面狀態,路面缺陷,障礙物,視距,號誌種類,號誌動作,分向設施,快車道或一般車道間,快慢車道間,路面邊線,事故類型及型態,主要肇因,受傷程度,主要傷處,保護裝備,行動電話,當事者區分,車輛用途,當事者行動狀態,駕駛資格情形,駕駛執照種類,飲酒情形,車輛撞擊部位最初,車輛撞擊部位其他,肇事因素個別,肇事因素主要,肇事逃逸,職業,旅次目的,車種,GPS座標X,GPS座標Y,事故類別,縣市別代碼,機關代碼,市話,傳真
197,2023,03,1,13,0,臺中市,烏日區,0,0,0,8,,,30,,,,,,,,,,,,,,,12,"  ","  ","  ","  ",B03,"  ","  ",1,"  ",2,"  ","  ",12,"   ",1,21,"  ",B03,120.616684,24.113986,3,66000,387130000C,(04)23289100,(04)25368667
198,2023,03,1,13,1,臺中市,西屯區,0,0,0,8,,,50,,,,,,,,,,,,,,,12,"  ","  ","  ","  ",A12,"  ","  ",1,"  ",1,"  ","  ",12,"   ",1,22,"  ",A12,120.597551,24.172129,3,66000,387130000C,(04)23289100,(04)25368667
199,2023,03,1,13,5,臺中市,沙鹿區,0,0,0,8,,,40,,,,,,,,,,,,,,,41,"  ","  ","  ","  ",B03,"  ","  ",1,"  ",2,"  ","  ",41,"   ",1,22,"  ",B03,120.570054,24.236586,3,66000,387130000C,(04)23289100,(04)25368667
200,2023,03,1,13,8,臺中市,北區,0,0,0,8,,,50,,,,,,,,,,,,,,,23,"  ","  ","  ","  ",B03,"  ","  ",1,"  ",1,"  ","  ",23,"   ",1,21,"  ",B03,120.683872,24.148756,3,66000,387130000C,(04)23289100,(04)25368667
201,2023,03,1,13,9,臺中市,北屯區,0,1,0,8,1,5,50,3,1,1,5,4,5,7,4,4,10,5,5,2,16,9,3,10,1,1,C03,7,6,1,10,2,12,"  ",9,9,1,21,8,C03,120.696459,24.182021,2,66000,387130000C,(04)23289100,(04)25368667
202,2023,03,1,13,16,臺中市,北屯區,0,1,0,8,1,5,50,4,1,1,5,4,5,7,2,1,10,5,5,2,16,6,3,10,1,1,B12,7,6,1,6,2,6,"  ",6,6,2,10,4,B12,120.724271,24.169591,2,66000,387130000C,(04)23289100,(04)25368667
203,2023,03,1,13,19,臺中市,南屯區,0,0,0,8,1,5,50,14,9,1,5,4,5,7,4,4,5,2,5,2,14,12,3,10,1,1,B03,7,2,1,3,2,7,"  ",12,12,1,22,8,B03,120.613254,24.13979,3,66000,387130000C,(04)23289100,(04)25368667
204,2023,03,1,13,25,臺中市,大里區,0,0,0,8,1,5,60,4,1,1,5,4,5,7,1,1,1,4,5,1,12,17,"  ","  ","  ","  ",B03,"  ","  ",1,"  ",2,"  ","  ",17,"   ",1,22,"  ",B03,120.691723,24.100535,3,66000,387130000C,(04)23289100,(04)25368667
205,2023,03,1,13,31,臺中市,北屯區,0,0,0,8,,,50,,,,,,,,,,,,,,,7,"  ","  ","  ","  ",B03,"  ","  ",1,"  ",1,"  ","  ",7,"   ",1,22,"  ",B03,120.673726,24.174072,3,66000,387130000C,(04)23289100,(04)25368667
206,2023,03,1,13,35,臺中市,西屯區,0,1,0,8,1,5,30,3,9,1,5,4,5,7,4,4,10,5,5,2,16,8,3,10,1,1,C03,7,6,1,10,2,11,"  ",44,8,1,22,8,C03,120.593315,24.181054,2,66000,387130000C,(04)23289100,(04)25368667
207,2023,03,1,13,35,臺中市,大里區,0,1,0,8,1,5,50,3,1,1,5,4,5,7,1,1,9,5,4,1,16,9,3,10,1,1,B03,7,6,1,8,2,6,"  ",9,9,1,22,8,B03,120.714708,24.096768,2,66000,387130000C,(04)23289100,(04)25368667
208,2023,03,1,13,36,臺中市,西區,0,0,0,8,,,50,,,,,,,,,,,,,,,40,"  ","  ","  ","  ",A12,"  ","  ",1,"  ",2,"  ","  ",40,"   ",1,21,"  ",A12,120.652451,24.146634,3,66000,387130000C,(04)23289100,(04)25368667
209,2023,03,1,13,36,臺中市,西屯區,0,0,0,8,,,50,,,,,,,,,,,,,,,12,"  ","  ","  ","  ",B01,"  ","  ",1,"  ",1,"  ","  ",12,"   ",1,22,"  ",B01,120.635098,24.17303,3,66000,387130000C,(04)23289100,(04)25368667
210,2023,03,1,13,39,臺中市,大里區,0,0,0,8,,,50,,,,,,,,,,,,,,,23,"  ","  ","  ","  ",C03,"  ","  ",1,"  ",2,"  ","  ",23,"   ",1,4,"  ",C03,120.707947,24.086879,3,66000,387130000C,(04)23289100,(04)25368667
211,2023,03,1,13,43,臺中市,北屯區,0,1,0,8,1,5,50,4,1,1,5,4,5,7,2,1,10,5,5,2,16,6,3,10,1,1,B03,7,6,1,8,2,2,"  ",6,6,1,21,8,B03,120.65784,24.188418,2,66000,387130000C,(04)23289100,(04)25368667
212,2023,03,1,13,43,臺中市,西屯區,0,0,0,8,,,60,,,,,,,,,,,,,,,17,"  ","  ","  ","  ",B03,"  ","  ",1,"  ",1,"  ","  ",17,"   ",1,22,"  ",B03,120.627001,24.161546,3,66000,387130000C,(04)23289100,(04)25368667
213,2023,03,1,13,46,臺中市,南區,0,0,0,8,,,30,,,,,,,,,,,,,,,6,"  ","  ","  ","  ",C03,"  ","  ",1,"  ",2,"  ","  ",6,"   ",1,22,"  ",C03,120.683904,24.131217,3,66000,387130000C,(04)23289100,(04)25368667
214,2023,03,1,13,47,臺中市,東區,0,2,0,8,1,5,30,4,1,1,5,4,5,7,4,4,10,5,5,2,15,6,2,6,1,1,C03,7,9,1,10,2,11,"  ",6,6,1,21,8,C03,120.688998,24.131856,2,66000,387130000C,(04)23289100,(04)25368667
215,2023,03,1,13,49,臺中市,太平區,0,1,0,8,1,5,50,14,9,1,5,4,5,7,4,4,1,4,5,2,18,23,2,9,3,4,C03,7,9,1,10,2,12,"  ",23,23,1,18,8,C03,120.721505,24.142937,2,66000,387130000C,(04)23289100,(04)25368667
216,2023,03,1,13,50,臺中市,南屯區,0,1,0,8,1,5,50,5,1,1,5,4,4,7,2,1,10,5,5,2,16,26,2,9,1,1,C03,7,5,1,10,2,14,"  ",26,26,1,22,8,C03,120.637724,24.142453,2,66000,387130000C,(04)23289100,(04)25368667
217,2023,03,1,13,50,臺中市,大里區,0,0,0,8,,,40,,,,,,,,,,,,,,,23,"  ","  ","  ","  ",B03,"  ","  ",1,"  ",2,"  ","  ",23,"   ",1,5,"  ",B03,120.672185,24.1057,3,66000,387130000C,(04)23289100,(04)25368667
218,2023,03,1,13,53,臺中市,北屯區,0,1,0,8,1,5,50,3,2,1,5,4,5,7,4,4,10,5,4,2,16,6,3,10,1,1,C03,7,9,4,8,2,14,"  ",6,6,1,22,8,C03,120.69313,24.175464,2,66000,387130000C,(04)23289100,(04)25368667
219,2023,03,1,13,54,臺中市,北屯區,0,0,0,8,,,50,,,,,,,,,,,,,,,12,"  ","  ","  ","  ",B12,"  ","  ",1,"  ",1,"  ","  ",12,"   ",1,21,"  ",B12,120.719813,24.180797,3,66000,387130000C,(04)23289100,(04)25368667
220,2023,03,1,13,54,臺中市,西屯區,0,0,0,8,,,50,,,,,,,,,,,,,,,26,"  ","  ","  ","  ",B03,"  ","  ",1,"  ",1,"  ","  ",26,"   ",1,22,"  ",B03,120.641467,24.168364,3,66000,387130000C,(04)23289100,(04)25368667
221,2023,03,1,13,59,臺中市,大雅區,0,0,0,8,,,30,,,,,,,,,,,,,,,12,"  ","  ","  ","  ",B12,"  ","  ",1,"  ",2,"  ","  ",12,"   ",1,22,"  ",B12,120.65788,24.23032,3,66000,387130000C,(04)23289100,(04)25368667
222,2023,03,1,14,0,臺中市,太平區,0,0,0,8,,,30,,,,,,,,,,,,,,,12,"  ","  ","  ","  ",A12,"  ","  ",1,"  ",2,2,"  ",12,12,1,22,"  ",A12,120.709304,24.112902,3,66000,387130000C,(04)23289100,(04)25368667
223,2023,03,1,14,1,臺中市,太平區,0,0,0,8,,,30,,,,,,,,,,,,,,,19,"  ","  ","  ","  ",B12,"  ","  ",1,"  ",2,"  ","  ",19,"   ",1,21,"  ",B12,120.712052,24.132777,3,66000,387130000C,(04)23289100,(04)25368667
224,2023,03,1,14,3,臺中市,沙鹿區,0,0,0,8,,,60,,,,,,,,,,,,,,,23,"  ","  ","  ","  ",B12,"  ","  ",1,"  ",1,"  ","  ",23,"   ",1,22,"  ",B12,120.597591,24.249998,3,66000,387130000C,(04)23289100,(04)25368667
225,2023,03,1,14,8,臺中市,南區,0,0,0,,,,50,,,,,,,,,,,,,,,23,"  ","  ","  ","  ",B03,"  ","  ",1,"  ",2,"  ","  ",23,"   ",1,5,"  ",B03,120.669984,24.114088,3,66000,387130000C,(04)23289100,(04)25368667
226,2023,03,1,14,9,臺中市,龍井區,0,1,0,8,1,5,30,4,1,1,5,4,5,7,4,4,10,5,5,2,15,6,2,9,1,1,C03,7,9,1,10,2,11,"  ",6,6,1,9,5,C03,120.518891,24.220764,2,66000,387130000C,(04)23289100,(04)25368667
227,2023,03,1,14,15,臺中市,北屯區,0,0,0,8,,,50,,,,,,,,,,,,,,,23,"  ","  ","  ","  ",B03,"  ","  ",1,"  ",1,"  ","  ",23,"   ",1,22,"  ",B03,120.676181,24.199402,3,66000,387130000C,(04)23289100,(04)25368667
228,2023,03,1,14,18,臺中市,新社區,0,1,0,8,1,5,30,4,1,1,5,4,5,3,4,4,10,4,4,2,16,6,2,8,1,1,C03,7,9,1,10,2,12,"  ",6,6,1,22,9,C03,120.82015,24.206132,2,66000,387130000C,(04)23289100,(04)25368667
229,2023,03,1,14,20,臺中市,西屯區,0,0,0,8,,,40,,,,,,,,,,,,,,,42,"  ","  ","  ","  ",C03,"  ","  ",1,"  ",1,"  ","  ",42,"   ",1,22,"  ",C03,120.658513,24.175911,3,66000,387130000C,(04)23289100,(04)25368667
230,2023,03,1,14,23,臺中市,西屯區,0,0,0,8,,,50,,,,,,,,,,,,,,,17,"  ","  ","  ","  ",B12,"  ","  ",1,"  ",1,"  ","  ",17,"   ",1,22,"  ",B12,120.621445,24.181932,3,66000,387130000C,(04)23289100,(04)25368667
231,2023,03,1,14,23,臺中市,霧峰區,0,1,0,8,1,5,50,4,1,1,5,4,5,7,1,1,9,5,5,2,13,23,3,10,1,1,C03,7,9,1,10,2,11,"  ",23,23,1,22,8,C03,120.700511,24.061441,2,66000,387130000C,(04)23289100,(04)25368667
232,2023,03,1,14,24,臺中市,太平區,0,0,0,,,,40,,,,,,,,,,,,,,,17,"  ","  ","  ","  ",B12,"  ","  ",1,"  ",2,"  ","  ",17,"   ",1,22,"  ",B12,120.718547,24.154008,3,66000,387130000C,(04)23289100,(04)25368667
233,2023,03,1,14,24,臺中市,大甲區,0,1,0,8,1,5,70,4,1,1,5,4,5,7,1,1,10,5,5,2,15,25,3,10,1,1,A12,7,9,1,7,2,5,"  ",25,25,1,4,8,A12,120.645646,24.398166,2,66000,387130000C,(04)23289100,(04)25368667
234,2023,03,1,14,27,臺中市,神岡區,0,2,0,8,1,5,50,15,9,1,5,4,5,7,4,4,5,5,5,1,17,19,2,9,1,1,C03,7,1,3,18,2,14,"  ",19,19,1,22,8,C03,120.680263,24.266452,2,66000,387130000C,(04)23289100,(04)25368667
235,2023,03,1,14,28,臺中市,龍井區,0,0,0,8,,,30,,,,,,,,,,,,,,,17,"  ","  ","  ","  ",B03,"  ","  ",1,"  ",2,"  ","  ",17,"   ",1,22,"  ",B03,120.579496,24.180588,3,66000,387130000C,(04)23289100,(04)25368667
236,2023,03,1,14,34,臺中市,北區,0,0,0,8,,,50,,,,,,,,,,,,,,,23,"  ","  ","  ","  ",B03,"  ","  ",1,"  ",1,"  ","  ",23,"   ",1,21,"  ",B03,120.679509,24.15751,3,66000,387130000C,(04)23289100,(04)25368667
237,2023,03,1,14,36,臺中市,南屯區,0,1,0,8,1,5,50,4,2,1,5,4,5,7,2,1,3,4,5,2,13,23,2,9,1,4,F01,7,9,8,20,2,16,"  ",23,23,1,22,8,F01,120.649827,24.148829,2,66000,387130000C,(04)23289100,(04)25368667
238,2023,03,1,14,37,臺中市,北區,0,0,0,8,,,50,,,,,,,,,,,,,,,7,"  ","  ","  ","  ",B03,"  ","  ",1,"  ",1,"  ","  ",7,"   ",1,5,"  ",B03,120.69029,24.156471,3,66000,387130000C,(04)23289100,(04)25368667
239,2023,03,1,14,50,臺中市,西屯區,0,0,0,,,,50,,,,,,,,,,,,,,,44,"  ","  ","  ","  ",B03,"  ","  ",1,"  ",1,"  ","  ",44,"   ",1,22,"  ",B03,120.639414,24.188611,3,66000,387130000C,(04)23289100,(04)25368667
240,2023,03,1,14,51,臺中市,豐原區,0,0,0,8,,,50,,,,,,,,,,,,,,,18,"  ","  ","  ","  ",B12,"  ","  ",1,"  ",2,"  ","  ",18,"   ",1,4,"  ",B12,120.698905,24.246608,3,66000,387130000C,(04)23289100,(04)25368667
241,2023,03,1,14,53,臺中市,西屯區,0,2,0,8,1,5,30,4,1,1,5,4,5,7,4,4,10,5,5,2,15,6,2,9,3,4,C03,7,9,1,10,2,13,"  ",6,6,1,22,8,C03,120.64711,24.185286,2,66000,387130000C,(04)23289100,(04)25368667
242,2023,03,1,15,0,臺中市,西屯區,0,0,0,8,,,40,,,,,,,,,,,,,,,12,"  ","  ","  ","  ",B02,"  ","  ",6,"  ",11,"  ","  ",12,"   ",2,21,"  ",B02,120.654843,24.161266,3,66000,387130000C,(04)23289100,(04)25368667
243,2023,03,1,15,1,臺中市,北區,0,2,0,8,1,5,50,4,1,1,5,4,5,7,4,4,10,5,5,2,15,6,3,10,1,1,C03,7,9,1,10,2,12,"  ",6,6,1,22,8,C03,120.678733,24.158547,2,66000,387130000C,(04)23289100,(04)25368667
244,2023,03,1,15,1,臺中市,太平區,0,1,0,8,1,5,40,14,8,1,5,4,5,7,4,4,8,5,4,1,9,23,2,9,3,4,C03,7,9,1,10,2,12,"  ",23,23,1,20,8,C03,120.728695,24.097531,2,66000,387130000C,(04)23289100,(04)25368667
245,2023,03,1,15,3,臺中市,北屯區,0,1,0,8,1,5,40,14,7,1,5,4,5,7,4,4,4,3,4,2,16,23,2,9,1,1,C03,7,7,3,18,2,14,"  ",23,23,1,21,8,C03,120.683042,24.193721,2,66000,387130000C,(04)23289100,(04)25368667
246,2023,03,1,15,5,臺中市,北屯區,0,0,0,8,,,50,,,,,,,,,,,,,,,23,"  ","  ","  ","  ",B03,"  ","  ",3,"  ",2,"  ","  ",23,"   ",1,20,"  ",B03,120.7001,24.164,3,66000,387130000C,(04)23289100,(04)25368667
247,2023,03,1,15,5,臺中市,清水區,0,0,0,8,,,30,,,,,,,,,,,,,,,19,"  ","  ","  ","  ",B03,"  ","  ",1,"  ",2,"  ","  ",19,"   ",1,21,"  ",B03,120.564177,24.311065,3,66000,387130000C,(04)23289100,(04)25368667
248,2023,03,1,15,5,臺中市,石岡區,0,1,0,8,1,5,70,4,2,1,5,4,5,7,1,1,3,2,5,1,13,16,2,9,1,1,C01,7,5,4,10,2,11,"  ",16,16,1,21,9,C01,120.774119,24.274842,2,66000,387130000C,(04)23289100,(04)25368667
249,2023,03,1,15,10,臺中市,北區,0,0,0,,,,40,,,,,,,,,,,,,,,23,"  ","  ","  ","  ",A12,"  ","  ",1,"  ",1,"  ","  ",23,"   ",1,5,"  ",A12,120.680011,24.157753,3,66000,387130000C,(04)23289100,(04)25368667
250,2023,03,1,15,11,臺中市,北屯區,0,0,0,,,,50,,,,,,,,,,,,,,,23,"  ","  ","  ","  ",B03,"  ","  ",1,"  ",2,"  ","  ",23,"   ",1,21,"  ",B03,120.69402,24.161178,3,66000,387130000C,(04)23289100,(04)25368667
251,2023,03,1,15,15,臺中市,大里區,0,0,0,8,,,40,,,,,,,,,,,,,,,16,"  ","  ","  ","  ",A41,"  ","  ",1,"  ",2,"  ","  ",16,"   ",1,10,"  ",A41,120.700284,24.11846,3,66000,387130000C,(04)23289100,(04)25368667
252,2023,03,1,15,15,臺中市,沙鹿區,0,1,0,8,1,5,40,4,1,1,5,4,5,7,2,1,10,5,5,2,16,8,3,10,1,1,C03,7,5,6,18,5,12,"  ",8,8,1,11,1,C03,120.597463,24.250547,2,66000,387130000C,(04)23289100,(04)25368667
253,2023,03,1,15,16,臺中市,大甲區,0,0,0,8,1,5,40,4,1,1,5,4,5,7,4,4,9,4,5,1,15,6,3,10,3,1,B12,7,9,1,8,2,5,"  ",6,6,1,22,1,B12,120.62094,24.352631,3,66000,387130000C,(04)23289100,(04)25368667
254,2023,03,1,15,19,臺中市,西區,0,0,0,8,1,5,50,4,1,1,5,4,5,7,1,1,1,5,5,2,13,16,"  ","  ","  ","  ",B01,"  ","  ",1,"  ",1,"  ","  ",16,"   ",1,21,"  ",B01,120.674976,24.149158,3,66000,387130000C,(04)23289100,(04)25368667
255,2023,03,1,15,24,臺中市,豐原區,0,1,0,8,1,5,50,3,2,1,5,4,5,7,4,4,4,3,4,2,12,6,2,9,1,1,C04,7,10,1,10,2,14,"  ",6,6,1,22,8,C04,120.716121,24.251686,2,66000,387130000C,(04)23289100,(04)25368667
256,2023,03,1,15,27,臺中市,西屯區,0,1,0,8,1,5,40,5,1,1,5,4,5,7,2,1,10,5,5,2,16,6,3,10,1,1,C03,7,6,1,10,2,12,"  ",6,6,1,22,8,C03,120.643643,24.165818,2,66000,387130000C,(04)23289100,(04)25368667
257,2023,03,1,15,28,臺中市,豐原區,0,1,0,8,1,5,30,14,9,1,5,4,5,7,4,4,10,5,5,2,17,23,3,10,1,1,B03,7,9,1,8,2,2,"  ",23,23,1,22,8,B03,120.707876,24.245311,2,66000,387130000C,(04)23289100,(04)25368667
258,2023,03,1,15,30,臺中市,北屯區,0,0,0,8,,,60,,,,,,,,,,,,,,,42,"  ","  ","  ","  ",B12,"  ","  ",1,"  ",2,"  ","  ",42,42,1,5,"  ",B12,120.675306,24.200895,3,66000,387130000C,(04)23289100,(04)25368667
259,2023,03,1,15,32,臺中市,霧峰區,0,3,0,8,1,5,50,14,9,1,5,4,5,7,4,4,1,4,4,1,16,11,2,9,3,4,C03,7,11,1,10,2,11,"  ",11,11,1,22,8,C03,120.691968,24.044538,2,66000,387130000C,(04)23289100,(04)25368667
260,2023,03,1,15,35,臺中市,北屯區,0,0,0,8,,,50,,,,,,,,,,,,,,,42,"  ","  ","  ","  ",B03,"  ","  ",1,"  ",1,"  ","  ",42,"   ",1,21,"  ",B03,120.737276,24.17845,3,66000,387130000C,(04)23289100,(04)25368667
261,2023,03,1,15,35,臺中市,北屯區,0,0,0,6,,,50,,,,,,,,,,,,,,,16,"  ","  ","  ","  ",B03,"  ",9,1,8,1,1,"  ",16,16,1,21,8,B03,120.715232,24.164275,3,66000,387130000C,(04)23289100,(04)25368667
262,2023,03,1,15,36,臺中市,東區,0,0,0,,,,50,,,,,,,,,,,,,,,42,"  ","  ","  ","  ",B03,"  ","  ",1,"  ",2,"  ","  ",42,"   ",1,22,"  ",B03,120.695969,24.140974,3,66000,387130000C,(04)23289100,(04)25368667
263,2023,03,1,15,37,臺中市,北區,0,0,0,8,,,50,,,,,,,,,,,,,,,12,"  ","  ","  ","  ",B03,"  ","  ",1,"  ",11,"  ","  ",12,"   ",1,22,"  ",B03,120.681397,24.150415,3,66000,387130000C,(04)23289100,(04)25368667
264,2023,03,1,15,40,臺中市,潭子區,0,1,0,8,1,5,30,4,2,1,5,4,5,7,4,4,10,4,5,2,16,6,3,10,1,1,B12,7,6,1,8,2,1,"  ",6,6,1,22,8,B12,120.706393,24.209139,2,66000,387130000C,(04)23289100,(04)25368667
265,2023,03,1,15,40,臺中市,南屯區,0,0,0,8,1,5,50,4,2,1,5,4,5,7,4,4,5,4,5,2,17,42,3,10,1,1,A12,7,14,1,7,2,2,"  ",42,42,1,22,8,A12,120.644754,24.138048,3,66000,387130000C,(04)23289100,(04)25368667
266,2023,03,1,15,44,臺中市,西屯區,0,1,0,8,1,5,50,14,8,1,5,4,5,7,4,4,1,4,1,2,13,23,2,9,1,1,C03,7,9,2,18,2,11,"  ",23,23,1,22,8,C03,120.646105,24.196061,2,66000,387130000C,(04)23289100,(04)25368667
267,2023,03,1,15,46,臺中市,霧峰區,0,1,0,8,1,5,50,14,9,1,5,4,5,7,4,4,9,4,5,1,16,10,3,10,1,1,B12,7,11,1,8,2,8,"  ",10,10,1,9,9,B12,120.711021,24.074816,2,66000,387130000C,(04)23289100,(04)25368667
268,2023,03,1,15,47,臺中市,西區,0,1,0,8,1,5,50,4,1,1,5,4,5,7,4,4,10,5,5,2,17,42,3,10,1,1,B03,7,6,1,8,2,5,"  ",42,42,1,21,8,B03,120.671056,24.135949,2,66000,387130000C,(04)23289100,(04)25368667
269,2023,03,1,15,50,臺中市,南區,0,0,0,8,1,5,50,3,1,1,5,4,5,7,4,4,1,5,5,2,13,23,3,10,1,1,B03,7,9,1,8,2,1,"  ",23,23,1,22,8,B03,120.66228,24.120862,3,66000,387130000C,(04)23289100,(04)25368667
270,2023,03,1,15,52,臺中市,豐原區,0,0,0,8,,,50,,,,,,,,,,,,,,,16,"  ","  ","  ","  ",C03,"  ","  ",1,"  ",2,"  ","  ",16,"   ",1,19,"  ",C03,120.708943,24.250251,4,66000,387130000C,(04)23289100,(04)25368667
271,2023,03,1,15,55,臺中市,南屯區,0,1,0,8,1,5,50,3,1,1,5,4,5,7,4,4,10,5,5,2,12,9,3,10,1,1,B03,7,6,1,8,2,2,"  ",9,9,1,22,8,B03,120.634034,24.155234,2,66000,387130000C,(04)23289100,(04)25368667
272,2023,03,1,15,58,臺中市,大里區,0,1,0,8,1,5,50,4,1,1,5,4,5,7,2,1,5,4,4,1,12,7,3,10,1,1,C03,7,8,1,10,2,12,"  ",7,7,1,5,8,C03,120.689681,24.115268,2,66000,387130000C,(04)23289100,(04)25368667
273,2023,03,1,16,3,臺中市,西屯區,0,0,0,8,,,50,,,,,,,,,,,,,,,17,"  ","  ","  ","  ",B03,"  ","  ",1,"  ",1,"  ","  ",17,"   ",1,22,"  ",B03,120.628867,24.162746,3,66000,387130000C,(04)23289100,(04)25368667
274,2023,03,1,16,10,臺中市,大肚區,0,0,0,8,,,50,,,,,,,,,,,,,,,26,"  ","  ","  ","  ",B11,"  ","  ",1,"  ",2,"  ","  ",26,"   ",1,21,"  ",B11,120.544602,24.152609,3,66000,387130000C,(04)23289100,(04)25368667
275,2023,03,1,16,11,臺中市,大甲區,0,1,0,8,1,5,50,5,1,1,5,4,5,7,1,1,10,5,5,2,16,8,3,10,1,1,B03,7,5,1,8,2,1,"  ",8,8,1,4,1,B03,120.62208,24.344111,2,66000,387130000C,(04)23289100,(04)25368667
276,2023,03,1,16,13,臺中市,豐原區,0,2,0,8,1,5,50,14,9,1,5,4,5,7,4,4,4,5,5,2,13,16,2,8,1,1,C03,7,9,1,10,2,11,"  ",16,16,1,4,1,C03,120.715422,24.242077,2,66000,387130000C,(04)23289100,(04)25368667
277,2023,03,1,16,15,臺中市,大雅區,0,1,0,8,1,5,50,3,1,1,5,4,5,7,1,1,1,4,5,1,17,23,2,9,1,1,C03,7,6,1,10,2,15,"  ",23,23,1,22,9,C03,120.614036,24.215163,2,66000,387130000C,(04)23289100,(04)25368667
278,2023,03,1,16,17,臺中市,梧棲區,0,1,0,8,1,5,40,3,1,1,5,4,5,7,1,1,10,5,5,2,16,25,2,9,1,1,C03,7,9,1,10,2,11,"  ",25,25,1,22,8,C03,120.527191,24.259252,2,66000,387130000C,(04)23289100,(04)25368667
279,2023,03,1,16,20,臺中市,南區,0,0,0,8,1,5,50,4,2,1,5,4,5,7,2,1,1,4,4,2,16,23,"  ","  ","  ","  ",B03,"  ","  ",1,"  ",9,"  ","  ",23,"   ",2,5,"  ",B03,120.657056,24.116932,3,66000,387130000C,(04)23289100,(04)25368667
280,2023,03,1,16,24,臺中市,北屯區,0,1,0,8,1,5,50,4,1,1,5,4,5,7,2,1,10,5,5,2,18,13,2,9,1,1,C03,7,9,1,10,2,14,"  ",13,13,1,5,8,C03,120.690387,24.185464,2,66000,387130000C,(04)23289100,(04)25368667
281,2023,03,1,16,25,臺中市,大里區,0,0,0,8,,,50,,,,,,,,,,,,,,,7,"  ","  ","  ","  ",C03,"  ","  ",3,"  ",2,"  ","  ",7,"   ",1,9,"  ",C03,120.688778,24.103177,3,66000,387130000C,(04)23289100,(04)25368667
282,2023,03,1,16,27,臺中市,北屯區,0,0,0,8,,,40,,,,,,,,,,,,,,,23,"  ","  ","  ","  ",C03,"  ","  ",1,"  ",1,"  ","  ",23,23,1,21,"  ",C03,120.667185,24.178179,3,66000,387130000C,(04)23289100,(04)25368667
283,2023,03,1,16,29,臺中市,北屯區,0,0,0,6,,,50,,,,,,,,,,,,,,,26,"  ","  ","  ","  ",B03,"  ",9,1,8,2,6,"  ",26,26,1,21,8,B03,120.685922,24.177426,3,66000,387130000C,(04)23289100,(04)25368667
284,2023,03,1,16,30,臺中市,后里區,0,1,0,8,1,5,30,3,1,1,5,4,5,7,4,4,9,5,5,1,16,6,2,3,1,1,B03,7,6,1,8,2,8,"  ",6,6,1,21,8,B03,120.692595,24.304786,2,66000,387130000C,(04)23289100,(04)25368667
285,2023,03,1,16,31,臺中市,梧棲區,0,1,0,8,1,5,70,4,1,1,5,4,5,7,1,1,10,5,5,2,13,42,3,10,1,1,B03,7,9,1,8,2,8,"  ",42,42,1,3,8,B03,120.549611,24.239359,2,66000,387130000C,(04)23289100,(04)25368667
286,2023,03,1,16,32,臺中市,南屯區,0,2,0,8,1,5,50,14,9,1,5,4,5,7,4,4,1,4,5,2,13,16,2,9,1,1,C03,7,9,1,10,2,11,"  ",16,16,1,22,8,C03,120.62192,24.145262,2,66000,387130000C,(04)23289100,(04)25368667
287,2023,03,1,16,33,臺中市,南屯區,0,0,0,8,,,50,,,,,,,,,,,,,,,23,"  ","  ","  ","  ",B03,"  ","  ",1,"  ",2,"  ","  ",23,"   ",1,22,"  ",B03,120.639306,24.14121,3,66000,387130000C,(04)23289100,(04)25368667
288,2023,03,1,16,35,臺中市,太平區,0,0,0,8,,,30,,,,,,,,,,,,,,,42,"  ","  ","  ","  ",C03,"  ","  ",1,"  ",2,11,12,42,42,1,22,"  ",C03,120.720199,24.10542,3,66000,387130000C,(04)23289100,(04)25368667
289,2023,03,1,16,39,臺中市,西屯區,0,0,0,,,,50,,,,,,,,,,,,,,,26,"  ","  ","  ","  ",B03,"  ","  ",1,"  ",2,"  ","  ",26,26,1,22,"  ",B03,120.643485,24.159979,3,66000,387130000C,(04)23289100,(04)25368667
290,2023,03,1,16,40,臺中市,大雅區,0,0,0,8,,,30,,,,,,,,,,,,,,,12,"  ","  ","  ","  ",A02,"  ","  ",1,"  ",2,"  ","  ",12,"   ",1,10,"  ",A02,120.625833,24.230186,3,66000,387130000C,(04)23289100,(04)25368667
291,2023,03,1,16,40,臺中市,大肚區,0,0,0,8,,,50,,,,,,,,,,,,,,,42,"  ","  ","  ","  ",C03,"  ","  ",1,"  ",2,"  ","  ",42,"   ",1,4,"  ",C03,120.580728,24.112338,3,66000,387130000C,(04)23289100,(04)25368667
292,2023,03,1,16,42,臺中市,西屯區,0,0,0,8,,,50,,,,,,,,,,,,,,,16,"  ","  ","  ","  ",B03,"  ","  ",1,"  ",1,"  ","  ",16,"   ",1,4,"  ",B03,120.637915,24.185706,3,66000,387130000C,(04)23289100,(04)25368667