序號,年,月,日,時,分,縣市,區,死亡數量,受傷數量,2-30,天候,光線,道路類別,速限_速度(公里),道路型態,事故位置,路面鋪裝,路面狀態,路面缺陷,障礙物,視距,號誌種類,號誌動作,分向設施,快車道或一般車道間,快慢車道間,路面邊線,事故類型及型態,主要肇因,受傷程度,主要傷處,保護裝備,行動電話,當事者區分,車輛用途,當事者行動狀態,駕駛資格情形,駕駛執照種類,飲酒情形,車輛撞擊部位最初,車輛撞擊部位其他,肇事因素個別,肇事因素主要,肇事逃逸,職業,旅次目的,車種,GPS座標X,GPS座標Y,事故類別,縣市別代碼,機關代碼,市話,傳真
392,2023,03,1,19,50,臺中市,大雅區,0,0,0,8,,,50,,,,,,,,,,,,,,,23,"  ","  ","  ","  ",B03,"  ","  ",1,"  ",1,"  ","  ",23,"   ",1,22,"  ",B03,120.648212,24.223301,3,66000,387130000C,(04)23289100,(04)25368667
393,2023,03,1,19,52,臺中市,西屯區,0,1,0,8,3,5,50,3,1,1,5,4,5,7,4,4,10,5,5,2,13,23,2,9,1,1,C03,7,9,1,10,1,11,"  ",23,23,1,22,8,C03,120.641444,24.183672,2,66000,387130000C,(04)23289100,(04)25368667
394,2023,03,1,19,53,臺中市,北屯區,0,1,0,8,3,5,30,14,9,1,5,3,5,7,4,4,10,5,5,2,18,23,2,9,1,1,C03,7,1,1,10,2,12,"  ",23,23,1,22,8,C03,120.733631,24.173208,2,66000,387130000C,(04)23289100,(04)25368667
395,2023,03,1,19,56,臺中市,龍井區,0,0,0,8,,,50,,,,,,,,,,,,,,,6,"  ","  ","  ","  ",B03,"  ","  ",1,"  ",2,"  ","  ",6,"   ",1,5,"  ",B03,120.563172,24.200035,3,66000,387130000C,(04)23289100,(04)25368667
396,2023,03,1,20,3,臺中市,東勢區,0,0,0,8,,,50,,,,,,,,,,,,,,,12,"  ","  ","  ","  ",B12,"  ","  ",1,"  ",9,"  ","  ",12,"   ",1,22,"  ",B12,120.831002,24.249498,3,66000,387130000C,(04)23289100,(04)25368667
397,2023,03,1,20,8,臺中市,西區,0,1,0,8,3,5,50,4,2,1,5,4,5,7,1,1,10,5,5,2,17,42,2,9,3,4,C03,7,9,1,10,2,14,"  ",42,42,1,21,8,C03,120.670485,24.133675,2,66000,387130000C,(04)23289100,(04)25368667
398,2023,03,1,20,12,臺中市,龍井區,0,2,0,8,3,5,50,14,9,1,5,4,5,7,4,4,9,4,5,1,16,1,2,9,1,1,C03,7,4,1,10,2,11,"  ",1,1,1,22,8,C03,120.586434,24.190285,2,66000,387130000C,(04)23289100,(04)25368667
399,2023,03,1,20,17,臺中市,西區,0,0,0,8,,,30,,,,,,,,,,,,,,,23,"  ","  ","  ","  ",B03,"  ","  ",1,"  ",11,"  ","  ",23,"   ",1,5,"  ",B03,120.662577,24.151998,3,66000,387130000C,(04)23289100,(04)25368667
400,2023,03,1,20,21,臺中市,北屯區,0,0,0,6,,,50,,,,,,,,,,,,,,,42,"  ","  ","  ","  ",B03,"  ",9,1,8,2,2,"  ",42,42,1,21,"  ",B03,120.65885,24.189558,3,66000,387130000C,(04)23289100,(04)25368667
401,2023,03,1,20,32,臺中市,中區,0,1,0,8,1,5,50,4,1,1,5,4,5,7,1,1,1,5,5,2,16,25,2,9,3,4,F02,7,9,8,20,2,16,"  ",25,25,1,20,8,F02,120.682416,24.145861,2,66000,387130000C,(04)23289100,(04)25368667
402,2023,03,1,20,34,臺中市,潭子區,0,1,0,8,3,5,50,3,2,1,5,4,5,7,3,1,10,2,4,1,15,6,3,10,1,1,C03,7,1,1,10,2,11,"  ",6,6,1,22,9,C03,120.701795,24.192054,2,66000,387130000C,(04)23289100,(04)25368667
403,2023,03,1,20,35,臺中市,北屯區,0,2,0,8,3,5,30,3,1,1,5,4,5,7,4,4,10,5,5,2,16,6,2,9,1,1,C03,7,5,1,10,2,14,"  ",6,6,1,4,8,C03,120.6903,24.1757,2,66000,387130000C,(04)23289100,(04)25368667
404,2023,03,1,20,39,臺中市,大甲區,0,0,0,8,,,50,,,,,,,,,,,,,,,23,"  ","  ","  ","  ",B03,"  ","  ",1,"  ",2,"  ","  ",44,"   ",1,4,"  ",B03,120.618898,24.339949,3,66000,387130000C,(04)23289100,(04)25368667
405,2023,03,1,20,40,臺中市,北屯區,0,1,0,8,3,5,80,10,9,1,5,4,5,7,4,4,1,4,5,1,16,7,2,7,1,1,B03,7,7,1,8,2,8,"  ",7,7,1,21,8,B03,120.720788,24.168996,2,66000,387130000C,(04)23289100,(04)25368667
406,2023,03,1,20,50,臺中市,西屯區,0,0,0,8,,,60,,,,,,,,,,,,,,,23,"  ","  ","  ","  ",B03,"  ","  ",1,"  ",1,"  ","  ",23,23,1,21,"  ",B03,120.64173,24.157449,3,66000,387130000C,(04)23289100,(04)25368667
407,2023,03,1,20,55,臺中市,烏日區,0,1,0,8,3,5,50,4,1,1,5,4,5,7,1,1,10,5,5,2,16,6,3,10,1,1,C03,7,5,1,10,2,11,"  ",6,6,1,21,8,C03,120.641603,24.095619,2,66000,387130000C,(04)23289100,(04)25368667
408,2023,03,1,20,56,臺中市,南屯區,0,0,0,8,,,50,,,,,,,,,,,,,,,23,"  ","  ","  ","  ",C03,"  ","  ",1,"  ",1,"  ","  ",44,23,1,22,"  ",C03,120.613491,24.139789,3,66000,387130000C,(04)23289100,(04)25368667
409,2023,03,1,21,13,臺中市,西屯區,0,1,0,8,3,5,50,14,9,1,5,4,5,7,4,4,5,4,5,2,17,26,3,10,1,4,B03,7,11,1,8,2,4,"  ",26,26,1,22,8,B03,120.622161,24.186137,2,66000,387130000C,(04)23289100,(04)25368667
410,2023,03,1,21,19,臺中市,西屯區,0,0,0,8,,,30,,,,,,,,,,,,,,,43,"  ","  ","  ","  ","   ","  ","  ","  ","  ","  ","  ","  ",43,"   ",1,"  ","  ","   ",120.649555,24.171553,3,66000,387130000C,(04)23289100,(04)25368667
411,2023,03,1,21,20,臺中市,南區,0,1,0,8,3,5,50,4,1,1,5,4,5,7,1,1,10,5,5,2,15,19,3,10,1,1,C03,7,1,1,10,2,14,"  ",19,19,1,22,8,C03,120.67004,24.112788,2,66000,387130000C,(04)23289100,(04)25368667
412,2023,03,1,21,25,臺中市,豐原區,0,0,0,8,,,50,,,,,,,,,,,,,,,42,"  ","  ","  ","  ",B03,"  ","  ",1,"  ",2,"  ","  ",42,"   ",1,22,"  ",B03,120.722037,24.274763,3,66000,387130000C,(04)23289100,(04)25368667
413,2023,03,1,21,26,臺中市,大雅區,0,2,0,8,3,5,30,14,9,1,5,4,5,6,4,4,10,5,5,2,1,23,2,8,1,1,C03,7,9,2,18,2,11,"  ",23,23,1,22,8,C03,120.628408,24.2395,2,66000,387130000C,(04)23289100,(04)25368667
414,2023,03,1,21,26,臺中市,南屯區,0,1,0,8,3,5,30,4,1,1,5,4,5,7,1,1,10,5,5,2,17,27,2,9,1,1,C03,7,5,1,10,2,14,"  ",27,27,1,22,8,C03,120.611712,24.139031,2,66000,387130000C,(04)23289100,(04)25368667
415,2023,03,1,21,47,臺中市,西屯區,0,1,0,8,3,5,40,3,1,1,5,4,5,7,1,1,10,5,5,2,17,23,2,9,1,1,C03,7,9,1,10,2,12,"  ",23,23,1,22,8,C03,120.642969,24.187231,2,66000,387130000C,(04)23289100,(04)25368667
416,2023,03,1,21,59,臺中市,西屯區,0,1,0,8,3,5,50,14,7,1,5,4,5,7,4,4,5,4,4,2,16,26,3,10,1,1,B03,7,11,1,8,2,2,"  ",26,26,1,22,8,B03,120.657946,24.163323,2,66000,387130000C,(04)23289100,(04)25368667
417,2023,03,1,22,6,臺中市,西屯區,0,1,0,8,3,5,40,14,8,1,5,4,5,7,4,4,5,4,4,2,14,12,3,10,3,4,B03,7,2,1,8,2,4,"  ",12,12,1,22,8,B03,120.635873,24.168845,2,66000,387130000C,(04)23289100,(04)25368667
418,2023,03,1,22,7,臺中市,龍井區,0,0,0,,,,50,,,,,,,,,,,,,,,23,"  ","  ","  ","  ",B03,"  ","  ",1,"  ",1,"  ","  ",23,"   ",1,22,"  ",B03,120.571162,24.177783,3,66000,387130000C,(04)23289100,(04)25368667
419,2023,03,1,22,11,臺中市,西屯區,0,0,0,8,,,50,,,,,,,,,,,,,,,16,"  ","  ","  ","  ",C03,"  ","  ",1,"  ",1,"  ","  ",16,"   ",1,18,"  ",C03,120.646308,24.169577,3,66000,387130000C,(04)23289100,(04)25368667
420,2023,03,1,22,14,臺中市,西屯區,0,0,0,8,,,40,,,,,,,,,,,,,,,23,"  ","  ","  ","  ",B03,"  ","  ",1,"  ",1,"  ","  ",23,"   ",1,22,"  ",B03,120.634948,24.179291,3,66000,387130000C,(04)23289100,(04)25368667
421,2023,03,1,22,18,臺中市,西區,0,1,0,8,3,5,50,4,1,1,5,4,5,7,4,4,10,5,5,2,18,43,2,9,1,1,C03,7,9,1,10,2,12,"  ",43,43,1,21,8,C03,120.657903,24.145323,2,66000,387130000C,(04)23289100,(04)25368667
422,2023,03,1,22,19,臺中市,西屯區,0,0,0,8,,,50,,,,,,,,,,,,,,,7,"  ","  ","  ","  ",B03,"  ","  ",1,"  ",2,"  ","  ",7,"   ",1,22,"  ",B03,120.659183,24.193606,3,66000,387130000C,(04)23289100,(04)25368667
423,2023,03,1,22,22,臺中市,大甲區,0,0,0,8,,,50,,,,,,,,,,,,,,,23,"  ","  ","  ","  ",B03,"  ","  ",1,"  ",2,"  ","  ",23,"   ",1,4,"  ",B03,120.620713,24.350856,3,66000,387130000C,(04)23289100,(04)25368667
424,2023,03,1,22,28,臺中市,西屯區,0,1,0,8,3,5,50,14,9,1,5,4,5,7,4,4,9,4,5,2,13,16,2,9,3,4,C03,7,9,1,10,2,11,"  ",16,16,1,22,8,C03,120.645086,24.17041,2,66000,387130000C,(04)23289100,(04)25368667
425,2023,03,1,22,31,臺中市,北屯區,0,0,0,8,,,50,,,,,,,,,,,,,,,26,"  ","  ","  ","  ",C03,"  ","  ",1,"  ",2,"  ","  ",26,"   ",1,21,"  ",C03,120.690115,24.170911,3,66000,387130000C,(04)23289100,(04)25368667
426,2023,03,1,22,39,臺中市,北屯區,0,0,0,8,,,50,,,,,,,,,,,,,,,7,"  ","  ","  ","  ",B02,"  ","  ",1,"  ",2,"  ","  ",7,"   ",1,21,"  ",B02,120.668337,24.201239,3,66000,387130000C,(04)23289100,(04)25368667
427,2023,03,1,22,39,臺中市,西屯區,0,2,0,8,3,5,50,3,1,1,5,4,5,7,4,4,10,5,5,2,16,6,2,9,1,1,C03,7,5,1,9,3,11,"  ",6,6,1,22,8,C03,120.646923,24.171312,2,66000,387130000C,(04)23289100,(04)25368667
428,2023,03,1,23,20,臺中市,梧棲區,0,1,0,8,3,5,50,3,2,1,5,4,5,7,4,4,5,5,5,1,17,23,2,8,1,1,C03,7,9,1,10,2,11,"  ",23,23,1,18,8,C03,120.548726,24.239075,2,66000,387130000C,(04)23289100,(04)25368667
429,2023,03,1,23,30,臺中市,北區,0,1,0,8,3,5,50,3,2,1,5,4,5,7,4,4,1,4,4,2,18,13,2,9,1,1,C03,7,9,1,10,2,14,"  ",13,13,1,5,8,C03,120.673008,24.16827,2,66000,387130000C,(04)23289100,(04)25368667
430,2023,03,1,23,48,臺中市,西屯區,0,1,0,8,3,5,1,3,1,1,5,4,5,7,4,4,1,4,1,2,16,19,2,3,3,4,B01,7,1,1,4,2,5,"  ",19,19,1,22,8,B01,120.650964,24.162311,2,66000,387130000C,(04)23289100,(04)25368667
431,2023,03,2,1,25,臺中市,西屯區,0,1,0,8,3,5,50,4,1,1,5,4,5,7,1,1,10,5,5,2,16,6,3,10,1,1,B03,7,5,1,8,5,5,"  ",6,6,1,22,8,B03,120.64574,24.170086,2,66000,387130000C,(04)23289100,(04)25368667
432,2023,03,2,2,6,臺中市,霧峰區,0,1,0,8,3,5,50,4,1,1,5,4,5,7,3,1,5,4,4,1,17,6,2,1,3,4,C03,7,9,1,10,2,12,"  ",6,6,1,18,8,C03,120.697703,24.059083,2,66000,387130000C,(04)23289100,(04)25368667
433,2023,03,2,2,36,臺中市,西屯區,0,0,0,8,,,30,,,,,,,,,,,,,,,23,"  ","  ","  ","  ",C03,"  ","  ",1,"  ",1,"  ","  ",23,"   ",1,22,"  ",C03,120.638428,24.178492,3,66000,387130000C,(04)23289100,(04)25368667
434,2023,03,2,2,48,臺中市,北屯區,0,0,0,8,,,40,,,,,,,,,,,,,,,12,"  ","  ","  ","  ",B03,"  ","  ",1,"  ",2,"  ","  ",12,"   ",1,21,"  ",B03,120.670441,24.175838,3,66000,387130000C,(04)23289100,(04)25368667
435,2023,03,2,3,4,臺中市,沙鹿區,0,0,0,8,,,50,,,,,,,,,,,,,,,18,"  ","  ","  ","  ",B02,"  ","  ",1,"  ",2,"  ","  ",18,"   ",1,20,"  ",B02,120.57929,24.223364,3,66000,387130000C,(04)23289100,(04)25368667
436,2023,03,2,3,13,臺中市,大里區,0,0,0,8,,,30,,,,,,,,,,,,,,,23,"  ","  ","  ","  ",B03,"  ","  ",1,"  ",2,"  ","  ",23,"   ",1,3,"  ",B03,120.714191,24.090172,3,66000,387130000C,(04)23289100,(04)25368667
437,2023,03,2,5,30,臺中市,中區,0,1,0,8,3,5,50,4,1,1,5,4,5,7,4,4,10,5,5,2,16,10,3,10,1,1,B03,7,11,1,8,2,1,"  ",10,10,1,21,8,B03,120.681152,24.136849,2,66000,387130000C,(04)23289100,(04)25368667
438,2023,03,2,5,34,臺中市,北區,0,0,0,,,,50,,,,,,,,,,,,,,,19,"  ","  ","  ","  ",B02,"  ","  ",1,"  ",2,"  ","  ",19,19,1,22,"  ",B02,120.694331,24.159247,3,66000,387130000C,(04)23289100,(04)25368667
439,2023,03,2,6,29,臺中市,西屯區,0,1,0,8,1,5,50,14,8,1,5,3,5,7,4,4,1,4,1,2,18,23,2,9,1,1,C03,7,7,1,10,2,14,"  ",23,23,1,22,8,C03,120.626236,24.178337,2,66000,387130000C,(04)23289100,(04)25368667
440,2023,03,2,6,45,臺中市,豐原區,0,1,0,8,1,5,30,14,9,1,5,4,5,7,4,4,10,5,5,1,26,42,2,7,1,1,B03,7,9,1,8,2,1,"  ",42,42,1,22,8,B03,120.700047,24.228923,2,66000,387130000C,(04)23289100,(04)25368667
441,2023,03,2,6,54,臺中市,沙鹿區,0,1,0,8,1,5,50,4,1,1,5,4,5,7,1,1,1,2,4,2,17,25,3,10,1,1,B03,7,5,1,8,2,6,"  ",25,25,1,19,8,B03,120.5522,24.215276,2,66000,387130000C,(04)23289100,(04)25368667
442,2023,03,2,7,0,臺中市,烏日區,0,0,0,8,,,50,,,,,,,,,,,,,,,26,"  ","  ","  ","  ",B03,"  ","  ",1,"  ",2,"  ","  ",26,"   ",1,23,"  ",B03,120.658168,24.095991,3,66000,387130000C,(04)23289100,(04)25368667
443,2023,03,2,7,0,臺中市,大甲區,0,0,0,8,,,50,,,,,,,,,,,,,,,6,"  ","  ","  ","  ",B03,"  ","  ",1,"  ",1,"  ","  ",6,"   ",1,21,"  ",B03,120.64636,24.408984,3,66000,387130000C,(04)23289100,(04)25368667
444,2023,03,2,7,2,臺中市,神岡區,0,0,0,8,,,50,,,,,,,,,,,,,,,23,"  ","  ","  ","  ",B03,"  ","  ",1,"  ",1,"  ","  ",23,"   ",1,22,"  ",B03,120.678661,24.249661,3,66000,387130000C,(04)23289100,(04)25368667
445,2023,03,2,7,6,臺中市,沙鹿區,0,0,0,8,,,50,,,,,,,,,,,,,,,23,"  ","  ","  ","  ",C03,"  ","  ",1,"  ",2,"  ","  ",23,"   ",1,21,"  ",C03,120.566729,24.203001,3,66000,387130000C,(04)23289100,(04)25368667
446,2023,03,2,7,10,臺中市,神岡區,0,1,0,8,1,5,50,4,2,1,5,4,5,7,4,4,5,5,5,1,26,43,2,1,1,4,C03,7,9,1,10,2,11,"  ",43,43,1,22,9,C03,120.672984,24.259673,2,66000,387130000C,(04)23289100,(04)25368667
447,2023,03,2,7,11,臺中市,潭子區,0,1,0,8,1,5,50,3,1,1,5,4,5,7,1,1,4,4,5,1,17,25,2,9,1,1,C03,7,5,1,10,2,13,"  ",25,25,1,22,8,C03,120.722619,24.204066,2,66000,387130000C,(04)23289100,(04)25368667
448,2023,03,2,7,18,臺中市,霧峰區,0,0,0,8,1,5,30,14,9,1,5,4,5,7,4,4,10,5,5,2,11,17,"  ","  ","  ","  ",B03,"  ","  ",1,"  ",2,"  ","  ",17,"   ",1,22,"  ",B03,120.68187,24.054068,3,66000,387130000C,(04)23289100,(04)25368667
449,2023,03,2,7,18,臺中市,霧峰區,0,0,0,8,,,50,,,,,,,,,,,,,,,16,"  ","  ","  ","  ",B03,"  ","  ",1,"  ",2,"  ","  ",16,16,1,4,"  ",B03,120.666586,24.060254,3,66000,387130000C,(04)23289100,(04)25368667
450,2023,03,2,7,22,臺中市,南區,0,0,0,,,,50,,,,,,,,,,,,,,,23,"  ","  ","  ","  ",B03,"  ","  ",1,"  ",2,"  ","  ",23,"   ",1,5,"  ",B03,120.651725,24.12182,3,66000,387130000C,(04)23289100,(04)25368667
451,2023,03,2,7,25,臺中市,北屯區,0,2,0,8,1,5,50,4,1,1,5,4,5,7,1,1,10,5,5,2,16,16,2,9,1,1,C03,7,9,1,10,2,13,"  ",16,16,1,22,8,C03,120.668819,24.192767,2,66000,387130000C,(04)23289100,(04)25368667
452,2023,03,2,7,31,臺中市,梧棲區,0,1,0,8,1,5,40,4,8,1,5,4,5,7,1,1,1,4,1,1,16,6,3,10,1,1,B03,7,6,1,8,2,2,"  ",6,6,1,5,1,B03,120.531996,24.240346,2,66000,387130000C,(04)23289100,(04)25368667
453,2023,03,2,7,32,臺中市,南屯區,0,0,0,8,,,40,,,,,,,,,,,,,,,7,"  ","  ","  ","  ",B03,"  ","  ",1,"  ",1,"  ","  ",44,7,1,22,"  ",B03,120.623697,24.149872,3,66000,387130000C,(04)23289100,(04)25368667
454,2023,03,2,7,32,臺中市,大肚區,0,1,0,8,1,5,50,4,1,1,5,4,5,7,1,1,10,5,5,2,16,25,2,9,1,1,C03,7,5,1,10,2,14,"  ",25,25,1,19,8,C03,120.561241,24.12534,2,66000,387130000C,(04)23289100,(04)25368667
455,2023,03,2,7,32,臺中市,清水區,0,0,0,,,,50,,,,,,,,,,,,,,,18,"  ","  ","  ","  ",B03,"  ","  ",1,"  ",1,"  ","  ",18,18,1,21,"  ",B03,120.562588,24.270404,3,66000,387130000C,(04)23289100,(04)25368667
456,2023,03,2,7,34,臺中市,太平區,0,1,0,8,1,5,40,4,1,1,5,4,5,7,2,1,10,5,5,2,13,16,2,8,1,1,C03,7,9,1,10,2,11,"  ",16,16,1,22,8,C03,120.718252,24.159477,2,66000,387130000C,(04)23289100,(04)25368667
457,2023,03,2,7,35,臺中市,北屯區,0,0,0,8,,,50,,,,,,,,,,,,,,,16,"  ","  ","  ","  ",C03,"  ","  ",1,"  ",1,"  ","  ",16,"   ",1,22,"  ",C03,120.66103,24.18501,3,66000,387130000C,(04)23289100,(04)25368667
458,2023,03,2,7,35,臺中市,大里區,0,2,0,8,1,5,50,3,1,1,5,4,5,7,4,4,10,5,5,1,16,19,3,10,1,1,B03,7,1,1,8,2,4,"  ",19,19,1,4,8,B03,120.700575,24.096262,2,66000,387130000C,(04)23289100,(04)25368667
459,2023,03,2,7,37,臺中市,中區,0,1,0,8,1,5,50,14,9,1,5,4,5,7,4,4,5,4,5,2,13,23,3,10,1,1,A04,7,9,1,2,2,1,"  ",23,23,1,10,8,A04,120.683994,24.142598,2,66000,387130000C,(04)23289100,(04)25368667
460,2023,03,2,7,40,臺中市,西屯區,0,0,0,8,,,80,,,,,,,,,,,,,,,16,"  ","  ","  ","  ",B03,"  ","  ",1,"  ",1,"  ","  ",16,"   ",1,4,"  ",B03,120.634258,24.175489,3,66000,387130000C,(04)23289100,(04)25368667
461,2023,03,2,7,40,臺中市,梧棲區,0,1,0,8,1,5,50,3,2,1,5,4,5,7,1,1,1,4,4,2,17,19,3,10,1,1,B03,7,1,1,8,2,8,"  ",19,19,1,4,8,B03,120.531485,24.260716,2,66000,387130000C,(04)23289100,(04)25368667
462,2023,03,2,7,41,臺中市,太平區,0,0,0,8,,,50,,,,,,,,,,,,,,,25,"  ","  ","  ","  ",C03,"  ","  ",1,"  ",2,11,"  ",25,25,1,22,"  ",C03,120.723845,24.10576,3,66000,387130000C,(04)23289100,(04)25368667
463,2023,03,2,7,43,臺中市,西屯區,0,2,0,8,1,5,30,14,9,1,5,4,5,7,4,4,10,5,5,1,10,23,2,7,3,4,C03,7,9,1,10,2,11,"  ",23,23,1,22,8,C03,120.634545,24.197205,2,66000,387130000C,(04)23289100,(04)25368667
464,2023,03,2,7,43,臺中市,龍井區,0,0,0,8,,,70,,,,,,,,,,,,,,,23,"  ","  ","  ","  ",B03,"  ","  ",1,"  ",2,"  ","  ",23,"   ",1,8,"  ",B03,120.50521,24.208231,4,66000,387130000C,(04)23289100,(04)25368667
465,2023,03,2,7,44,臺中市,太平區,0,1,0,8,1,5,50,4,1,1,5,4,5,7,1,1,10,5,5,2,16,19,3,10,2,1,F01,7,1,8,20,2,16,"  ",19,19,1,22,8,F01,120.718313,24.103991,2,66000,387130000C,(04)23289100,(04)25368667
466,2023,03,2,7,44,臺中市,太平區,0,0,0,8,,,50,,,,,,,,,,,,,,,8,"  ","  ","  ","  ",C03,"  ","  ",1,"  ",2,"  ","  ",8,"   ",1,22,"  ",C03,120.73271,24.13473,3,66000,387130000C,(04)23289100,(04)25368667
467,2023,03,2,7,45,臺中市,大里區,0,1,0,8,1,5,50,3,1,1,5,4,5,7,4,4,10,5,5,2,16,6,3,10,1,1,F03,7,5,8,20,2,16,"  ",6,6,1,22,9,F03,120.695612,24.090995,2,66000,387130000C,(04)23289100,(04)25368667
468,2023,03,2,7,45,臺中市,太平區,0,2,0,8,1,5,30,4,1,1,5,4,5,7,4,4,10,5,5,2,15,6,2,8,1,1,C03,7,9,1,10,2,12,14,6,6,1,22,8,C03,120.718887,24.117035,2,66000,387130000C,(04)23289100,(04)25368667
469,2023,03,2,7,47,臺中市,大雅區,0,2,0,8,1,5,30,14,9,1,5,4,5,7,4,4,10,5,5,1,17,13,2,9,1,1,C03,7,9,1,10,2,12,"  ",13,1,1,21,8,C03,120.662341,24.215311,2,66000,387130000C,(04)23289100,(04)25368667
470,2023,03,2,7,50,臺中市,大雅區,0,0,0,8,,,50,,,,,,,,,,,,,,,16,"  ","  ","  ","  ",B03,"  ","  ",1,"  ",2,"  ","  ",16,16,1,21,"  ",B03,120.646045,24.223577,3,66000,387130000C,(04)23289100,(04)25368667
471,2023,03,2,7,50,臺中市,西屯區,0,1,0,8,1,5,30,14,9,1,5,4,5,7,4,4,10,5,5,2,16,8,2,8,3,4,C03,7,5,1,10,2,14,"  ",8,8,1,22,8,C03,120.62373,24.195,2,66000,387130000C,(04)23289100,(04)25368667
472,2023,03,2,7,51,臺中市,霧峰區,0,2,0,8,1,5,50,14,9,1,5,4,5,7,4,4,9,5,5,2,16,27,3,10,1,1,B03,7,6,1,8,2,2,"  ",27,27,1,22,9,B03,120.684781,24.050795,2,66000,387130000C,(04)23289100,(04)25368667
473,2023,03,2,7,51,臺中市,清水區,0,1,0,8,1,5,50,4,1,1,5,4,5,7,4,4,8,3,4,1,15,6,2,9,1,1,C03,7,9,1,10,2,11,"  ",6,6,1,21,8,C03,120.569292,24.267103,2,66000,387130000C,(04)23289100,(04)25368667
474,2023,03,2,7,54,臺中市,東勢區,0,0,0,8,,,60,,,,,,,,,,,,,,,23,"  ","  ","  ","  ",B03,"  ","  ",1,"  ",2,"  ","  ",23,"   ",1,22,"  ",B03,120.839763,24.171304,3,66000,387130000C,(04)23289100,(04)25368667
475,2023,03,2,7,55,臺中市,太平區,0,2,0,8,1,5,40,4,2,1,5,4,5,7,4,4,5,4,4,1,17,38,3,10,1,1,B03,7,14,1,8,2,7,"  ",38,38,1,22,8,B03,120.730552,24.111433,2,66000,387130000C,(04)23289100,(04)25368667
476,2023,03,2,7,55,臺中市,神岡區,0,0,0,8,,,50,,,,,,,,,,,,,,,16,"  ","  ","  ","  ",C03,"  ","  ",1,"  ",2,"  ","  ",16,16,1,22,"  ",C03,120.689762,24.240098,3,66000,387130000C,(04)23289100,(04)25368667
477,2023,03,2,7,57,臺中市,豐原區,0,0,0,8,,,50,,,,,,,,,,,,,,,6,"  ","  ","  ","  ",B12,"  ","  ",1,"  ",2,"  ","  ",6,"   ",1,21,"  ",B12,120.699147,24.248414,3,66000,387130000C,(04)23289100,(04)25368667
478,2023,03,2,7,58,臺中市,南屯區,0,2,0,8,1,5,50,14,9,1,5,4,5,7,4,4,10,5,5,2,13,16,2,9,3,4,C03,7,9,3,18,2,11,"  ",16,16,1,12,8,C03,120.623189,24.140547,2,66000,387130000C,(04)23289100,(04)25368667
479,2023,03,2,8,0,臺中市,大雅區,0,0,0,8,,,30,,,,,,,,,,,,,,,6,"  ","  ","  ","  ",C03,"  ","  ",1,"  ",2,"  ","  ",6,"   ",1,21,"  ",C03,120.629892,24.209714,3,66000,387130000C,(04)23289100,(04)25368667
480,2023,03,2,8,0,臺中市,豐原區,0,0,0,,,,40,,,,,,,,,,,,,,,16,3,10,1,1,C03,"  ",4,1,10,2,11,"  ",16,16,1,22,9,C03,120.724448,24.228483,3,66000,387130000C,(04)23289100,(04)25368667
481,2023,03,2,8,1,臺中市,西區,0,0,0,8,,,50,,,,,,,,,,,,,,,23,"  ","  ","  ","  ",B02,"  ","  ",1,"  ",1,"  ","  ",23,"   ",1,22,"  ",B02,120.671879,24.149002,3,66000,387130000C,(04)23289100,(04)25368667
482,2023,03,2,8,5,臺中市,大雅區,0,1,0,8,1,5,50,3,1,1,5,4,5,7,4,4,1,4,4,1,17,1,2,8,1,1,C03,7,9,1,10,2,11,"  ",1,1,1,21,8,C03,120.650433,24.211236,2,66000,387130000C,(04)23289100,(04)25368667
483,2023,03,2,8,8,臺中市,東區,0,1,0,8,1,5,50,14,9,1,5,4,5,7,4,4,3,4,5,2,12,1,3,10,1,1,B03,7,9,1,8,2,2,"  ",1,1,1,22,8,B03,120.684268,24.135015,2,66000,387130000C,(04)23289100,(04)25368667
484,2023,03,2,8,9,臺中市,西屯區,0,0,0,8,,,50,,,,,,,,,,,,,,,23,"  ","  ","  ","  ",B03,"  ","  ",1,"  ",2,"  ","  ",44,16,1,22,"  ",B03,120.660859,24.164253,3,66000,387130000C,(04)23289100,(04)25368667
485,2023,03,2,8,9,臺中市,梧棲區,0,0,0,,,,50,,,,,,,,,,,,,,,16,"  ","  ","  ","  ",B03,"  ","  ",1,"  ",2,"  ","  ",16,"   ",1,4,"  ",B03,120.551579,24.252711,3,66000,387130000C,(04)23289100,(04)25368667
486,2023,03,2,8,10,臺中市,潭子區,0,0,0,8,,,60,,,,,,,,,,,,,,,6,"  ","  ","  ","  ",B03,"  ","  ",1,"  ",2,"  ","  ",6,"   ",1,21,"  ",B03,120.708925,24.233784,3,66000,387130000C,(04)23289100,(04)25368667
487,2023,03,2,8,10,臺中市,大雅區,0,2,0,8,1,5,50,14,9,1,5,4,5,7,1,1,1,4,4,1,12,23,2,6,1,1,C03,7,9,1,10,2,11,"  ",23,23,1,23,8,C03,120.667996,24.216033,2,66000,387130000C,(04)23289100,(04)25368667
488,2023,03,2,8,10,臺中市,北區,0,1,0,8,1,5,50,3,1,1,5,4,5,7,1,1,10,5,5,2,16,6,3,10,1,1,B03,7,6,1,8,2,1,"  ",6,6,1,22,8,B03,120.684964,24.157437,2,66000,387130000C,(04)23289100,(04)25368667