序號,年,月,日,時,分,縣市,區,死亡數量,受傷數量,2-30,天候,光線,道路類別,速限_速度(公里),道路型態,事故位置,路面鋪裝,路面狀態,路面缺陷,障礙物,視距,號誌種類,號誌動作,分向設施,快車道或一般車道間,快慢車道間,路面邊線,事故類型及型態,主要肇因,受傷程度,主要傷處,保護裝備,行動電話,當事者區分,車輛用途,當事者行動狀態,駕駛資格情形,駕駛執照種類,飲酒情形,車輛撞擊部位最初,車輛撞擊部位其他,肇事因素個別,肇事因素主要,肇事逃逸,職業,旅次目的,車種,GPS座標X,GPS座標Y,事故類別,縣市別代碼,機關代碼,市話,傳真
489,2023,03,2,8,10,臺中市,北屯區,0,0,0,8,,,50,,,,,,,,,,,,,,,23,"  ","  ","  ","  ",B03,"  ","  ",1,"  ",1,"  ","  ",23,"   ",1,22,"  ",B03,120.69167,24.163053,3,66000,387130000C,(04)23289100,(04)25368667
490,2023,03,2,8,11,臺中市,大里區,0,1,0,8,1,5,30,4,1,1,5,4,5,7,4,4,10,5,5,2,16,5,3,10,1,1,B03,7,9,1,8,2,8,"  ",5,5,1,4,8,B03,120.703699,24.089986,2,66000,387130000C,(04)23289100,(04)25368667
491,2023,03,2,8,15,臺中市,大肚區,0,1,0,8,1,5,50,3,1,1,5,4,5,7,1,1,10,5,5,2,16,1,2,9,1,1,C03,7,4,1,10,2,12,"  ",1,1,1,20,8,C03,120.542848,24.150413,2,66000,387130000C,(04)23289100,(04)25368667
492,2023,03,2,8,15,臺中市,清水區,0,0,0,8,,,50,,,,,,,,,,,,,,,23,"  ","  ","  ","  ",C03,"  ","  ",1,"  ",2,"  ","  ",23,"   ",1,21,"  ",C03,120.573887,24.267813,3,66000,387130000C,(04)23289100,(04)25368667
493,2023,03,2,8,19,臺中市,北區,0,1,0,8,1,5,50,14,9,1,5,4,5,7,4,4,9,5,5,2,13,23,2,8,1,1,C03,7,9,1,8,2,11,"  ",23,23,1,21,8,C03,120.684816,24.155498,2,66000,387130000C,(04)23289100,(04)25368667
494,2023,03,2,8,20,臺中市,烏日區,0,0,0,8,,,50,,,,,,,,,,,,,,,9,"  ","  ","  ","  ",B03,"  ","  ",1,"  ",2,"  ","  ",9,"   ",1,21,"  ",B03,120.628083,24.102926,3,66000,387130000C,(04)23289100,(04)25368667
495,2023,03,2,8,22,臺中市,太平區,0,2,0,8,1,5,30,4,9,1,5,4,5,7,4,4,10,5,5,2,10,5,2,8,1,1,C03,7,9,1,10,2,11,"  ",5,5,1,22,8,C03,120.70388,24.147105,2,66000,387130000C,(04)23289100,(04)25368667
496,2023,03,2,8,24,臺中市,龍井區,0,0,0,8,,,50,,,,,,,,,,,,,,,23,"  ","  ","  ","  ",B12,"  ","  ",1,"  ",2,"  ","  ",23,"   ",1,5,"  ",B12,120.505226,24.208396,3,66000,387130000C,(04)23289100,(04)25368667
497,2023,03,2,8,27,臺中市,潭子區,0,2,0,8,1,5,60,14,7,1,5,4,5,7,4,4,1,4,4,1,17,7,2,9,1,1,C03,7,7,3,18,2,13,"  ",7,7,1,22,8,C03,120.706541,24.222218,2,66000,387130000C,(04)23289100,(04)25368667
498,2023,03,2,8,27,臺中市,大里區,0,1,0,8,1,5,50,3,2,1,5,4,5,7,1,1,10,5,5,1,16,25,3,10,1,1,C03,7,9,1,10,2,11,"  ",25,25,1,5,8,C03,120.690357,24.123345,2,66000,387130000C,(04)23289100,(04)25368667
499,2023,03,2,8,28,臺中市,西屯區,0,0,0,,,,80,,,,,,,,,,,,,,,16,"  ","  ","  ","  ",B03,"  ","  ",1,"  ",1,"  ","  ",16,"   ",1,22,"  ",B03,120.634948,24.179291,3,66000,387130000C,(04)23289100,(04)25368667
500,2023,03,2,8,28,臺中市,龍井區,0,1,0,8,1,5,30,4,1,1,5,4,5,7,4,4,10,5,5,1,16,6,3,10,3,4,B03,7,9,1,8,2,1,"  ",6,6,1,10,1,B03,120.536861,24.217073,2,66000,387130000C,(04)23289100,(04)25368667
501,2023,03,2,8,39,臺中市,西屯區,0,0,0,8,,,50,,,,,,,,,,,,,,,23,"  ","  ","  ","  ",B03,"  ","  ",1,"  ",1,"  ","  ",23,"   ",1,4,"  ",B03,120.644426,24.171519,3,66000,387130000C,(04)23289100,(04)25368667
502,2023,03,2,8,40,臺中市,潭子區,0,0,0,8,,,50,,,,,,,,,,,,,,,7,"  ","  ","  ","  ",B02,"  ","  ",1,"  ",2,"  ","  ",44,7,1,21,"  ",B02,120.717781,24.197709,3,66000,387130000C,(04)23289100,(04)25368667
503,2023,03,2,8,40,臺中市,南區,0,1,0,8,1,5,50,4,1,1,5,4,5,7,1,1,10,5,5,2,17,42,3,10,1,1,C03,7,15,1,10,2,14,"  ",42,42,1,22,8,C03,120.657448,24.125099,2,66000,387130000C,(04)23289100,(04)25368667
504,2023,03,2,8,41,臺中市,東區,0,1,0,8,1,5,50,4,2,1,5,4,5,7,2,1,10,5,5,2,13,16,3,10,1,1,B03,7,9,6,18,2,1,"  ",16,16,1,21,8,B03,120.699812,24.138873,2,66000,387130000C,(04)23289100,(04)25368667
505,2023,03,2,8,41,臺中市,北屯區,0,0,0,8,,,50,,,,,,,,,,,,,,,7,"  ","  ","  ","  ",C03,"  ","  ",1,"  ",1,"  ","  ",7,7,1,22,"  ",C03,120.695583,24.1646,3,66000,387130000C,(04)23289100,(04)25368667
506,2023,03,2,8,44,臺中市,南屯區,0,1,0,8,1,5,50,4,1,1,5,4,5,7,1,1,10,5,5,2,16,9,3,10,3,4,B03,7,6,1,8,2,2,"  ",9,9,1,23,8,B03,120.61653,24.153576,2,66000,387130000C,(04)23289100,(04)25368667
507,2023,03,2,8,45,臺中市,太平區,0,1,0,8,1,5,50,5,7,1,5,4,5,7,2,1,5,5,4,1,16,26,2,8,1,1,F02,7,11,8,20,2,16,"  ",26,26,1,22,8,F02,120.712805,24.143063,2,66000,387130000C,(04)23289100,(04)25368667
508,2023,03,2,8,48,臺中市,沙鹿區,0,1,0,8,1,5,50,4,1,1,5,4,5,7,1,1,10,5,5,2,16,9,3,10,1,1,B03,7,6,1,8,2,8,"  ",9,9,1,22,9,B03,120.565021,24.241838,2,66000,387130000C,(04)23289100,(04)25368667
509,2023,03,2,8,50,臺中市,太平區,0,0,0,8,,,50,,,,,,,,,,,,,,,16,"  ","  ","  ","  ",C03,"  ","  ",1,"  ",1,11,"  ",16,16,1,22,"  ",C03,120.723404,24.149477,3,66000,387130000C,(04)23289100,(04)25368667
510,2023,03,2,8,51,臺中市,大里區,0,1,0,8,1,5,50,4,2,1,5,4,5,7,1,1,5,4,5,1,29,23,2,9,1,1,C03,7,9,1,10,2,14,"  ",23,23,1,21,1,C03,120.688748,24.120053,2,66000,387130000C,(04)23289100,(04)25368667
511,2023,03,2,8,52,臺中市,后里區,0,2,0,8,2,5,30,4,1,1,5,4,5,7,4,4,10,5,5,2,15,11,2,9,1,1,C03,7,11,1,10,2,11,"  ",11,11,1,22,8,C03,120.719587,24.307205,2,66000,387130000C,(04)23289100,(04)25368667
512,2023,03,2,9,0,臺中市,霧峰區,0,1,0,8,1,5,60,14,8,1,5,4,5,7,4,4,1,4,4,1,16,6,3,10,1,1,B03,7,6,1,8,2,2,"  ",6,6,1,22,9,B03,120.693059,24.047443,2,66000,387130000C,(04)23289100,(04)25368667
513,2023,03,2,9,1,臺中市,西屯區,0,1,0,8,3,5,30,4,1,1,5,4,5,7,4,4,10,5,5,2,15,6,2,9,3,4,C03,7,9,1,10,2,12,"  ",6,6,1,22,8,C03,120.658906,24.160935,2,66000,387130000C,(04)23289100,(04)25368667
514,2023,03,2,9,4,臺中市,西區,0,0,0,8,,,50,,,,,,,,,,,,,,,42,"  ","  ","  ","  ",B12,"  ","  ",1,"  ",1,"  ","  ",42,"   ",1,22,"  ",B12,120.663148,24.138699,3,66000,387130000C,(04)23289100,(04)25368667
515,2023,03,2,9,7,臺中市,大雅區,0,1,0,8,1,5,50,4,1,1,5,4,5,7,3,1,5,4,4,1,11,6,3,10,1,1,B02,7,5,1,8,2,8,"  ",6,6,1,21,8,B02,120.641082,24.219279,2,66000,387130000C,(04)23289100,(04)25368667
516,2023,03,2,9,8,臺中市,大甲區,0,0,0,8,,,50,,,,,,,,,,,,,,,18,"  ","  ","  ","  ",B03,"  ","  ",1,"  ",2,"  ","  ",18,"   ",1,21,"  ",B03,120.646265,24.408941,3,66000,387130000C,(04)23289100,(04)25368667
517,2023,03,2,9,9,臺中市,北區,0,1,0,8,1,5,40,14,8,1,5,4,5,7,4,4,5,5,5,2,17,40,3,10,1,1,B02,7,13,1,8,2,8,"  ",40,40,1,22,8,B02,120.674322,24.159022,2,66000,387130000C,(04)23289100,(04)25368667
518,2023,03,2,9,12,臺中市,南屯區,0,1,0,8,1,5,40,14,8,1,5,4,5,7,4,4,10,5,5,2,18,23,2,9,1,4,C03,7,9,1,10,2,14,"  ",23,23,1,12,8,C03,120.598422,24.155204,2,66000,387130000C,(04)23289100,(04)25368667
519,2023,03,2,9,19,臺中市,沙鹿區,0,0,0,8,,,40,,,,,,,,,,,,,,,19,"  ","  ","  ","  ",B12,"  ","  ",1,"  ",2,"  ","  ",44,19,1,21,"  ",B12,120.559823,24.238761,3,66000,387130000C,(04)23289100,(04)25368667
520,2023,03,2,9,20,臺中市,北屯區,0,0,0,8,,,50,,,,,,,,,,,,,,,23,"  ","  ","  ","  ",B03,"  ","  ",1,"  ",1,"  ","  ",23,"   ",1,22,"  ",B03,120.684084,24.172353,3,66000,387130000C,(04)23289100,(04)25368667
521,2023,03,2,9,20,臺中市,大里區,0,0,0,8,,,50,,,,,,,,,,,,,,,17,"  ","  ","  ","  ",B03,"  ","  ",1,"  ",2,"  ","  ",17,"   ",1,4,"  ",B03,120.695479,24.096794,3,66000,387130000C,(04)23289100,(04)25368667
522,2023,03,2,9,25,臺中市,南屯區,0,0,0,8,,,50,,,,,,,,,,,,,,,23,"  ","  ","  ","  ",B03,"  ","  ",1,"  ",1,"  ","  ",23,"   ",1,22,"  ",B03,120.622951,24.138381,3,66000,387130000C,(04)23289100,(04)25368667
523,2023,03,2,9,28,臺中市,霧峰區,0,2,0,8,1,5,50,4,1,1,5,4,5,7,4,4,5,4,4,2,15,6,2,9,1,1,C03,7,1,1,10,2,14,"  ",6,6,1,22,9,C03,120.698916,24.066175,2,66000,387130000C,(04)23289100,(04)25368667
524,2023,03,2,9,30,臺中市,烏日區,0,0,0,8,,,50,,,,,,,,,,,,,,,23,"  ","  ","  ","  ",A02,"  ","  ",1,"  ",2,"  ","  ",23,"   ",1,10,"  ",A02,120.609704,24.110783,3,66000,387130000C,(04)23289100,(04)25368667
525,2023,03,2,9,31,臺中市,西屯區,0,2,0,8,1,5,50,4,1,1,5,4,5,7,1,1,1,3,3,2,16,23,2,9,1,1,C03,7,9,1,10,2,12,"  ",23,23,1,22,8,C03,120.624383,24.178531,2,66000,387130000C,(04)23289100,(04)25368667
526,2023,03,2,9,36,臺中市,西區,0,1,0,8,1,5,50,4,1,1,5,4,5,7,2,1,10,5,5,2,12,7,3,10,1,1,A04,7,9,1,2,2,2,"  ",44,7,1,10,8,A04,120.673468,24.147618,2,66000,387130000C,(04)23289100,(04)25368667
527,2023,03,2,9,38,臺中市,北區,0,3,0,8,1,5,50,4,1,1,5,4,5,7,1,1,10,5,5,2,13,16,2,9,1,1,C03,7,9,3,18,2,11,"  ",16,16,1,22,8,C03,120.676338,24.157172,2,66000,387130000C,(04)23289100,(04)25368667
528,2023,03,2,9,41,臺中市,西區,0,0,0,8,,,30,,,,,,,,,,,,,,,19,"  ","  ","  ","  ",F01,"  ","  ",8,"  ",1,"  ","  ",19,"   ",1,22,"  ",F01,120.660937,24.132743,3,66000,387130000C,(04)23289100,(04)25368667
529,2023,03,2,9,41,臺中市,東區,0,2,0,8,1,5,50,5,1,1,5,4,5,7,1,1,10,5,5,2,16,19,2,9,1,1,C03,7,1,1,10,2,14,"  ",19,19,1,22,8,C03,120.704416,24.141094,2,66000,387130000C,(04)23289100,(04)25368667
530,2023,03,2,9,46,臺中市,南屯區,0,0,0,,,,50,,,,,,,,,,,,,,,42,"  ","  ","  ","  ",C03,"  ","  ",1,"  ",2,"  ","  ",42,"   ",1,22,"  ",C03,120.655376,24.140151,3,66000,387130000C,(04)23289100,(04)25368667
531,2023,03,2,9,50,臺中市,西區,0,0,0,8,,,40,,,,,,,,,,,,,,,23,"  ","  ","  ","  ",B03,"  ","  ",1,"  ",1,"  ","  ",23,"   ",1,21,"  ",B03,120.657822,24.157829,3,66000,387130000C,(04)23289100,(04)25368667
532,2023,03,2,9,51,臺中市,北屯區,0,0,0,8,,,60,,,,,,,,,,,,,,,23,"  ","  ","  ","  ",A12,"  ","  ",1,"  ",1,"  ","  ",23,"   ",1,21,"  ",A12,120.716187,24.1637,3,66000,387130000C,(04)23289100,(04)25368667
533,2023,03,2,9,51,臺中市,西屯區,0,2,0,8,1,5,30,3,1,1,5,4,5,7,4,4,10,5,5,2,16,6,2,9,1,1,C03,7,5,1,10,2,14,"  ",6,6,1,22,8,C03,120.612595,24.166445,2,66000,387130000C,(04)23289100,(04)25368667
534,2023,03,2,9,56,臺中市,西屯區,0,2,0,8,1,5,50,3,1,1,5,4,5,7,4,4,5,3,5,2,13,23,2,9,1,1,C03,7,9,1,10,2,11,"  ",23,23,1,22,9,C03,120.642941,24.188064,2,66000,387130000C,(04)23289100,(04)25368667
535,2023,03,2,9,56,臺中市,西屯區,0,1,0,8,1,5,50,14,7,1,5,4,5,7,4,4,5,5,4,2,17,43,3,10,3,4,C03,7,11,1,10,2,15,"  ",43,43,1,22,8,C03,120.658008,24.167175,2,66000,387130000C,(04)23289100,(04)25368667
536,2023,03,2,10,0,臺中市,外埔區,0,0,0,8,1,5,50,14,9,1,5,4,5,7,4,4,5,5,4,2,12,17,"  ","  ","  ","  ",A12,"  ","  ",1,"  ",2,"  ","  ",17,"   ",1,10,"  ",A12,120.652725,24.329617,3,66000,387130000C,(04)23289100,(04)25368667
537,2023,03,2,10,2,臺中市,南屯區,0,1,0,8,1,5,50,3,1,1,5,4,5,7,1,1,10,5,5,2,16,26,2,9,3,4,C03,7,9,1,10,5,12,"  ",26,26,1,12,8,C03,120.609883,24.140483,2,66000,387130000C,(04)23289100,(04)25368667
538,2023,03,2,10,4,臺中市,南區,0,1,0,8,1,5,50,14,9,1,5,4,5,7,4,4,1,4,5,2,17,19,3,10,1,1,B03,7,1,1,8,1,5,"  ",19,19,1,5,8,B03,120.678262,24.128857,2,66000,387130000C,(04)23289100,(04)25368667
539,2023,03,2,10,22,臺中市,梧棲區,0,0,0,8,,,50,,,,,,,,,,,,,,,19,"  ","  ","  ","  ",B12,"  ","  ",1,"  ",11,"  ","  ",19,"   ",1,3,"  ",B12,120.539714,24.253024,3,66000,387130000C,(04)23289100,(04)25368667
540,2023,03,2,10,25,臺中市,西屯區,0,0,0,8,,,50,,,,,,,,,,,,,,,16,"  ","  ","  ","  ",B02,"  ","  ",1,"  ",1,"  ","  ",16,"   ",1,22,"  ",B02,120.635151,24.172617,3,66000,387130000C,(04)23289100,(04)25368667
541,2023,03,2,10,34,臺中市,西屯區,0,0,0,8,,,50,,,,,,,,,,,,,,,23,"  ","  ","  ","  ",B03,"  ","  ",1,"  ",2,"  ","  ",23,"   ",1,22,"  ",B03,120.659893,24.161426,3,66000,387130000C,(04)23289100,(04)25368667
542,2023,03,2,10,36,臺中市,西屯區,0,2,0,8,1,5,40,14,8,1,5,4,5,7,4,4,1,5,5,2,16,23,2,9,1,1,C03,7,9,1,10,2,11,"  ",23,23,1,22,8,C03,120.614593,24.183081,2,66000,387130000C,(04)23289100,(04)25368667
543,2023,03,2,10,40,臺中市,南區,0,1,0,8,1,5,50,3,1,1,5,4,5,7,4,4,3,4,5,2,16,6,3,10,1,1,B03,7,6,1,8,2,6,"  ",6,6,1,22,8,B03,120.670397,24.126675,2,66000,387130000C,(04)23289100,(04)25368667
544,2023,03,2,10,44,臺中市,南區,0,0,0,8,,,50,,,,,,,,,,,,,,,23,"  ","  ","  ","  ",B12,"  ","  ",1,"  ",2,"  ","  ",23,"   ",1,22,"  ",B12,120.654167,24.116536,3,66000,387130000C,(04)23289100,(04)25368667
545,2023,03,2,10,49,臺中市,南屯區,0,1,0,8,1,5,50,4,1,1,5,4,5,7,4,4,10,5,5,2,15,6,3,10,1,1,B03,7,9,1,8,2,4,"  ",6,6,1,22,8,B03,120.652076,24.142641,2,66000,387130000C,(04)23289100,(04)25368667
546,2023,03,2,10,52,臺中市,南區,0,2,0,8,1,5,40,4,1,1,5,4,5,7,2,1,10,5,5,2,15,25,2,9,1,1,C03,7,9,1,10,2,12,"  ",25,25,1,21,8,C03,120.650576,24.120293,2,66000,387130000C,(04)23289100,(04)25368667
547,2023,03,2,10,57,臺中市,北屯區,0,0,0,8,,,50,,,,,,,,,,,,,,,12,"  ","  ","  ","  ",B12,"  ","  ",1,"  ",1,"  ","  ",12,"   ",1,22,"  ",B12,120.726313,24.165133,3,66000,387130000C,(04)23289100,(04)25368667
548,2023,03,2,10,58,臺中市,南區,0,2,0,8,1,5,50,14,9,1,5,4,5,7,4,4,10,5,5,2,17,19,2,9,1,1,C03,7,1,1,10,2,11,"  ",19,19,1,20,8,C03,120.66059,24.131444,2,66000,387130000C,(04)23289100,(04)25368667
549,2023,03,2,11,1,臺中市,北屯區,0,2,0,8,1,5,40,14,8,1,5,4,5,7,4,4,3,4,4,2,12,16,2,9,1,1,C03,7,9,1,10,2,12,"  ",16,16,1,22,8,C03,120.686561,24.203323,2,66000,387130000C,(04)23289100,(04)25368667
550,2023,03,2,11,6,臺中市,南屯區,0,1,0,8,1,5,60,5,1,1,5,4,5,7,2,1,10,5,5,2,23,23,2,7,1,1,B12,7,9,1,8,2,5,"  ",23,23,1,22,8,B12,120.633248,24.124221,2,66000,387130000C,(04)23289100,(04)25368667
551,2023,03,2,11,9,臺中市,北區,0,1,0,8,1,5,50,4,2,1,5,4,5,7,2,1,3,5,5,2,16,17,3,10,1,1,B01,7,9,1,8,2,2,"  ",17,17,1,10,3,B01,120.670529,24.162837,2,66000,387130000C,(04)23289100,(04)25368667
552,2023,03,2,11,10,臺中市,西屯區,0,1,0,8,1,5,50,14,9,1,5,4,5,7,4,4,1,4,5,2,17,23,3,10,4,1,G03,7,9,1,8,2,1,"  ",23,23,1,22,5,G03,120.657198,24.189641,2,66000,387130000C,(04)23289100,(04)25368667
553,2023,03,2,11,12,臺中市,烏日區,0,1,0,8,1,5,50,14,7,1,5,4,5,7,4,4,5,5,4,2,18,23,2,9,1,1,C03,7,9,1,10,2,11,14,23,23,1,21,8,C03,120.635659,24.110178,2,66000,387130000C,(04)23289100,(04)25368667
554,2023,03,2,11,13,臺中市,西區,0,0,0,8,1,5,50,4,1,1,5,4,5,7,1,1,10,5,5,2,13,23,"  ","  ","  ","  ",B03,"  ","  ",1,"  ",1,"  ","  ",23,"   ",1,4,"  ",B03,120.65777,24.15806,3,66000,387130000C,(04)23289100,(04)25368667
555,2023,03,2,11,14,臺中市,沙鹿區,0,1,0,8,1,5,50,3,1,1,5,4,5,7,4,4,9,5,5,1,10,42,2,9,1,1,C03,7,9,1,10,2,11,"  ",42,42,1,19,8,C03,120.569634,24.244569,2,66000,387130000C,(04)23289100,(04)25368667
556,2023,03,2,11,15,臺中市,東區,0,0,0,8,,,50,,,,,,,,,,,,,,,23,"  ","  ","  ","  ",B03,"  ","  ",1,"  ",2,"  ","  ",23,"   ",1,22,"  ",B03,120.694353,24.147134,3,66000,387130000C,(04)23289100,(04)25368667
557,2023,03,2,11,15,臺中市,東區,0,1,0,8,1,5,50,3,1,1,5,4,5,7,4,4,10,5,5,2,18,23,2,9,1,1,C03,7,5,1,10,2,14,"  ",23,23,1,22,8,C03,120.698153,24.140222,2,66000,387130000C,(04)23289100,(04)25368667
558,2023,03,2,11,15,臺中市,后里區,0,0,0,8,1,5,50,14,9,1,5,4,5,7,4,4,5,5,4,2,14,12,"  ","  ","  ","  ",B03,"  ","  ",1,"  ",1,"  ","  ",12,"   ",1,9,"  ",B03,120.712783,24.310349,3,66000,387130000C,(04)23289100,(04)25368667
559,2023,03,2,11,16,臺中市,西屯區,0,1,0,8,1,5,30,3,1,1,5,4,5,7,4,4,5,4,5,2,16,8,2,8,1,1,C03,7,5,1,10,2,12,"  ",8,8,1,22,9,C03,120.648315,24.174876,2,66000,387130000C,(04)23289100,(04)25368667
560,2023,03,2,11,16,臺中市,豐原區,0,0,0,8,,,50,,,,,,,,,,,,,,,23,"  ","  ","  ","  ",B03,"  ","  ",1,"  ",9,"  ","  ",23,"   ",1,22,"  ",B03,120.723062,24.251179,3,66000,387130000C,(04)23289100,(04)25368667
561,2023,03,2,11,17,臺中市,北屯區,0,0,0,8,,,40,,,,,,,,,,,,,,,23,"  ","  ","  ","  ",A05,"  ","  ",1,"  ",1,"  ","  ",23,"   ",1,5,"  ",A05,120.688793,24.170686,3,66000,387130000C,(04)23289100,(04)25368667
562,2023,03,2,11,20,臺中市,中區,0,1,0,8,1,5,50,14,9,1,5,4,5,7,4,4,7,2,5,2,13,16,2,9,3,4,C03,7,9,1,10,2,11,"  ",16,16,1,22,5,C03,120.682155,24.142889,2,66000,387130000C,(04)23289100,(04)25368667
563,2023,03,2,11,20,臺中市,烏日區,0,1,0,8,1,5,50,4,1,1,5,4,5,7,2,1,1,4,4,2,17,10,3,10,1,1,B03,7,11,1,8,2,5,"  ",10,10,1,21,8,B03,120.61553,24.11295,2,66000,387130000C,(04)23289100,(04)25368667
564,2023,03,2,11,20,臺中市,清水區,0,0,0,8,,,40,,,,,,,,,,,,,,,16,"  ","  ","  ","  ",A41,"  ","  ",1,"  ",2,"  ","  ",16,"   ",1,21,"  ",A41,120.540185,24.289216,3,66000,387130000C,(04)23289100,(04)25368667
565,2023,03,2,11,21,臺中市,大里區,0,0,0,8,,,50,,,,,,,,,,,,,,,12,"  ","  ","  ","  ",B03,"  ","  ",1,"  ",2,"  ","  ",12,"   ",1,5,"  ",B03,120.658285,24.094275,3,66000,387130000C,(04)23289100,(04)25368667
566,2023,03,2,11,22,臺中市,北屯區,0,1,0,8,1,5,50,14,9,1,5,4,5,7,1,1,1,4,5,2,13,23,3,10,1,1,C03,7,9,1,10,1,11,"  ",23,23,1,22,8,C03,120.694013,24.183084,2,66000,387130000C,(04)23289100,(04)25368667
567,2023,03,2,11,22,臺中市,太平區,0,1,0,8,1,5,50,3,7,1,5,4,5,7,4,4,5,4,4,1,12,23,2,9,1,1,C03,7,15,1,10,2,11,12,23,23,1,22,8,C03,120.717829,24.148793,2,66000,387130000C,(04)23289100,(04)25368667
568,2023,03,2,11,26,臺中市,北區,0,1,0,8,1,5,50,3,1,1,5,4,5,7,4,4,10,5,5,2,18,23,2,8,1,1,C03,7,9,1,10,2,14,"  ",23,23,1,21,8,C03,120.671994,24.167984,2,66000,387130000C,(04)23289100,(04)25368667
569,2023,03,2,11,26,臺中市,沙鹿區,0,0,0,8,,,50,,,,,,,,,,,,,,,12,"  ","  ","  ","  ",B03,"  ","  ",1,"  ",2,"  ","  ",12,"   ",1,22,"  ",B03,120.564243,24.248953,3,66000,387130000C,(04)23289100,(04)25368667
570,2023,03,2,11,27,臺中市,太平區,0,2,0,8,1,5,50,5,1,1,5,4,5,7,1,1,10,5,5,2,16,25,2,9,1,1,C03,7,9,1,10,2,11,"  ",25,25,1,22,8,C03,120.733597,24.155577,2,66000,387130000C,(04)23289100,(04)25368667
571,2023,03,2,11,35,臺中市,烏日區,0,0,0,8,,,50,,,,,,,,,,,,,,,16,"  ","  ","  ","  ",B03,"  ","  ",1,"  ",2,"  ","  ",16,"   ",1,22,"  ",B03,120.607239,24.108941,3,66000,387130000C,(04)23289100,(04)25368667
572,2023,03,2,11,38,臺中市,大甲區,0,1,0,8,1,5,50,14,9,1,5,4,5,7,4,4,5,5,5,1,13,41,3,10,1,2,B03,7,9,1,8,2,5,"  ",41,41,1,4,8,B03,120.627257,24.350879,2,66000,387130000C,(04)23289100,(04)25368667
573,2023,03,2,11,42,臺中市,霧峰區,0,1,0,8,1,5,40,14,8,1,5,4,5,7,4,4,1,4,4,1,18,22,2,9,1,1,C03,7,9,1,10,2,11,"  ",22,22,1,4,8,C03,120.695646,24.032026,2,66000,387130000C,(04)23289100,(04)25368667
574,2023,03,2,11,44,臺中市,西區,0,0,0,8,,,50,,,,,,,,,,,,,,,23,"  ","  ","  ","  ",B12,"  ","  ",1,"  ",1,"  ","  ",23,"   ",1,22,"  ",B12,120.658502,24.155427,3,66000,387130000C,(04)23289100,(04)25368667
575,2023,03,2,11,49,臺中市,北區,0,0,0,,,,50,,,,,,,,,,,,,,,17,"  ","  ","  ","  ",B03,"  ","  ",1,"  ",11,"  ","  ",17,"   ",1,22,"  ",B03,120.678344,24.162541,3,66000,387130000C,(04)23289100,(04)25368667
576,2023,03,2,11,49,臺中市,西屯區,0,1,0,8,1,5,50,4,1,1,5,4,5,7,4,4,5,4,4,2,16,6,3,10,3,4,B12,7,6,1,8,2,2,"  ",6,6,1,22,8,B12,120.641446,24.160884,2,66000,387130000C,(04)23289100,(04)25368667
577,2023,03,2,11,52,臺中市,龍井區,0,1,0,8,1,5,70,11,7,1,5,4,5,7,4,4,1,4,1,1,23,23,2,9,3,4,A31,7,9,1,1,2,1,"  ",23,43,1,10,4,A31,120.505988,24.202983,2,66000,387130000C,(04)23289100,(04)25368667
578,2023,03,2,11,54,臺中市,西區,0,0,0,8,,,30,,,,,,,,,,,,,,,6,"  ","  ","  ","  ",C03,"  ","  ",1,"  ",1,"  ","  ",6,"   ",1,22,"  ",C03,120.664907,24.138875,3,66000,387130000C,(04)23289100,(04)25368667
579,2023,03,2,11,54,臺中市,西區,0,1,0,8,1,5,50,4,1,1,5,4,5,7,1,1,10,5,5,2,18,23,2,9,3,4,C03,7,9,1,10,2,12,"  ",23,23,1,22,5,C03,120.661687,24.146708,2,66000,387130000C,(04)23289100,(04)25368667
580,2023,03,2,12,0,臺中市,南屯區,0,0,0,8,,,50,,,,,,,,,,,,,,,19,"  ","  ","  ","  ",B03,"  ","  ",1,"  ",1,"  ","  ",19,"   ",1,22,"  ",B03,120.63372,24.1478,3,66000,387130000C,(04)23289100,(04)25368667
581,2023,03,2,12,1,臺中市,西屯區,0,1,0,8,1,5,50,4,1,1,5,4,5,7,1,1,10,5,5,2,3,15,3,10,3,4,B01,7,5,1,4,2,8,"  ",15,15,1,22,8,B01,120.642466,24.175241,2,66000,387130000C,(04)23289100,(04)25368667
582,2023,03,2,12,3,臺中市,豐原區,0,2,0,8,1,5,50,4,1,1,5,4,5,7,4,4,10,5,5,2,15,6,2,9,1,1,C03,7,9,1,10,2,12,"  ",6,6,1,22,8,C03,120.750139,24.271766,2,66000,387130000C,(04)23289100,(04)25368667
583,2023,03,2,12,4,臺中市,梧棲區,0,0,0,,,,0,,,,,,,,,,,,,,,12,"  ","  ","  ","  ",B12,"  ","  ",1,"  ",2,"  ","  ",12,"   ",1,3,"  ",B12,120.514349,24.229286,3,66000,387130000C,(04)23289100,(04)25368667
584,2023,03,2,12,5,臺中市,北屯區,0,0,0,8,,,50,,,,,,,,,,,,,,,23,"  ","  ","  ","  ",B03,"  ","  ",1,"  ",1,"  ","  ",23,"   ",1,22,"  ",B03,120.686152,24.17182,3,66000,387130000C,(04)23289100,(04)25368667
585,2023,03,2,12,13,臺中市,南屯區,0,1,0,8,1,5,40,4,1,1,5,4,5,7,1,1,5,4,3,2,17,16,2,9,1,1,C03,7,9,1,10,2,11,"  ",16,16,1,22,8,C03,120.62339,24.1497,2,66000,387130000C,(04)23289100,(04)25368667