序號,年,月,日,時,分,縣市,區,死亡數量,受傷數量,2-30,天候,光線,道路類別,速限_速度(公里),道路型態,事故位置,路面鋪裝,路面狀態,路面缺陷,障礙物,視距,號誌種類,號誌動作,分向設施,快車道或一般車道間,快慢車道間,路面邊線,事故類型及型態,主要肇因,受傷程度,主要傷處,保護裝備,行動電話,當事者區分,車輛用途,當事者行動狀態,駕駛資格情形,駕駛執照種類,飲酒情形,車輛撞擊部位最初,車輛撞擊部位其他,肇事因素個別,肇事因素主要,肇事逃逸,職業,旅次目的,車種,GPS座標X,GPS座標Y,事故類別,縣市別代碼,機關代碼,市話,傳真
586,2023,03,2,12,18,臺中市,西屯區,0,2,0,8,1,5,40,4,2,1,5,4,5,7,2,1,10,5,5,2,13,16,2,9,3,4,C03,7,9,1,10,2,11,"  ",16,16,1,22,8,C03,120.65589,24.170451,2,66000,387130000C,(04)23289100,(04)25368667
587,2023,03,2,12,20,臺中市,神岡區,0,0,0,8,,,50,,,,,,,,,,,,,,,42,"  ","  ","  ","  ",A12,"  ","  ",1,"  ",11,"  ","  ",42,42,2,22,"  ",A12,120.661338,24.263445,3,66000,387130000C,(04)23289100,(04)25368667
588,2023,03,2,12,26,臺中市,南屯區,0,0,0,8,,,40,,,,,,,,,,,,,,,23,"  ","  ","  ","  ",B03,"  ","  ",1,"  ",2,"  ","  ",23,"   ",1,22,"  ",B03,120.635337,24.14927,3,66000,387130000C,(04)23289100,(04)25368667
589,2023,03,2,12,26,臺中市,南屯區,0,1,0,8,1,5,30,14,9,1,5,4,5,7,4,4,10,5,5,2,18,23,2,8,1,1,C03,7,9,1,10,2,12,"  ",23,23,1,22,9,C03,120.609696,24.141708,2,66000,387130000C,(04)23289100,(04)25368667
590,2023,03,2,12,26,臺中市,西屯區,0,1,0,8,1,5,50,4,2,1,5,4,5,7,1,1,5,4,5,2,13,23,3,10,1,1,B03,7,6,1,8,2,5,"  ",23,23,1,22,5,B03,120.644284,24.171574,2,66000,387130000C,(04)23289100,(04)25368667
591,2023,03,2,12,28,臺中市,大里區,0,1,0,8,1,5,40,14,9,1,5,4,5,7,4,4,5,5,4,1,17,23,3,10,1,1,B03,7,8,1,8,2,6,"  ",44,23,1,4,8,B03,120.712216,24.093867,2,66000,387130000C,(04)23289100,(04)25368667
592,2023,03,2,12,30,臺中市,北區,0,1,0,8,1,5,50,4,1,1,5,4,5,7,1,1,10,5,5,2,12,42,2,9,1,1,C03,7,9,1,10,2,12,"  ",42,42,1,22,8,C03,120.684085,24.149878,2,66000,387130000C,(04)23289100,(04)25368667
593,2023,03,2,12,40,臺中市,北區,0,0,0,8,,,50,,,,,,,,,,,,,,,17,"  ","  ","  ","  ",B03,"  ","  ",1,"  ",1,"  ","  ",17,"   ",1,20,"  ",B03,120.670529,24.162837,3,66000,387130000C,(04)23289100,(04)25368667
594,2023,03,2,12,42,臺中市,北屯區,0,1,0,8,1,5,50,14,9,1,5,4,5,7,4,4,1,4,5,2,12,17,3,10,1,1,B03,7,9,1,8,2,2,"  ",17,17,1,21,8,B03,120.684621,24.172432,2,66000,387130000C,(04)23289100,(04)25368667
595,2023,03,2,12,44,臺中市,梧棲區,0,0,0,,,,50,,,,,,,,,,,,,,,23,"  ","  ","  ","  ",C03,"  ","  ",1,"  ",2,"  ","  ",23,"   ",1,4,"  ",C03,120.532923,24.252185,3,66000,387130000C,(04)23289100,(04)25368667
596,2023,03,2,13,20,臺中市,豐原區,0,1,0,8,1,5,50,3,2,1,5,4,5,7,1,1,5,5,4,2,13,23,2,8,1,1,C03,7,9,3,18,2,12,"  ",23,23,1,9,8,C03,120.722481,24.255665,2,66000,387130000C,(04)23289100,(04)25368667
597,2023,03,2,13,23,臺中市,太平區,0,1,0,8,1,5,50,14,9,1,5,4,5,7,4,4,9,4,5,1,16,10,3,10,1,1,B03,7,11,6,18,2,2,"  ",10,10,1,22,8,B03,120.705848,24.116796,2,66000,387130000C,(04)23289100,(04)25368667
598,2023,03,2,13,25,臺中市,北屯區,0,1,0,8,1,5,50,4,1,1,5,4,5,7,2,1,10,5,5,2,16,6,3,10,1,1,B03,7,6,1,8,2,5,"  ",6,6,1,22,8,B03,120.68575,24.174353,2,66000,387130000C,(04)23289100,(04)25368667
599,2023,03,2,13,25,臺中市,大甲區,0,0,0,8,,,50,,,,,,,,,,,,,,,23,"  ","  ","  ","  ",B03,"  ","  ",1,"  ",2,"  ","  ",23,"   ",1,4,"  ",B03,120.653974,24.390772,3,66000,387130000C,(04)23289100,(04)25368667
600,2023,03,2,13,26,臺中市,西區,0,1,0,8,1,5,50,4,1,1,5,4,5,7,3,1,10,5,5,2,15,6,2,9,1,1,C03,7,9,1,10,2,11,"  ",6,6,1,20,8,C03,120.663063,24.147868,2,66000,387130000C,(04)23289100,(04)25368667
601,2023,03,2,13,47,臺中市,北屯區,0,0,0,8,,,50,,,,,,,,,,,,,,,23,"  ","  ","  ","  ",B03,"  ","  ",1,"  ",1,"  ","  ",23,"   ",1,22,"  ",B03,120.685201,24.179124,3,66000,387130000C,(04)23289100,(04)25368667
602,2023,03,2,13,50,臺中市,西屯區,0,1,0,8,1,5,50,4,1,1,5,4,5,7,2,1,10,5,5,2,16,26,3,10,1,1,B03,7,6,1,8,2,2,"  ",26,26,1,22,8,B03,120.643884,24.160549,2,66000,387130000C,(04)23289100,(04)25368667
603,2023,03,2,13,52,臺中市,北屯區,0,1,0,8,1,5,50,3,1,1,5,4,5,7,4,4,5,4,5,2,16,7,3,10,1,1,B03,7,8,1,8,2,6,"  ",7,7,1,22,8,B03,120.714104,24.173428,2,66000,387130000C,(04)23289100,(04)25368667
604,2023,03,2,13,52,臺中市,西屯區,0,0,0,8,,,50,,,,,,,,,,,,,,,23,"  ","  ","  ","  ",B03,"  ","  ",1,"  ",2,"  ","  ",23,"   ",1,22,"  ",B03,120.643398,24.195876,3,66000,387130000C,(04)23289100,(04)25368667
605,2023,03,2,13,53,臺中市,中區,0,1,0,8,1,5,50,4,1,1,5,4,5,7,4,4,5,5,5,2,12,8,3,10,3,4,C03,7,5,1,10,2,14,"  ",8,8,1,21,8,C03,120.677104,24.144593,2,66000,387130000C,(04)23289100,(04)25368667
606,2023,03,2,14,2,臺中市,南屯區,0,0,0,,,,50,,,,,,,,,,,,,,,8,"  ","  ","  ","  ",F01,"  ","  ",8,"  ",1,"  ","  ",8,"   ",1,4,"  ",F01,120.651388,24.151049,3,66000,387130000C,(04)23289100,(04)25368667
607,2023,03,2,14,4,臺中市,南屯區,0,1,0,8,1,5,50,3,1,1,5,4,5,7,4,4,10,5,5,2,17,23,2,9,1,1,C04,7,7,1,11,2,14,"  ",44,23,1,19,8,C04,120.648037,24.146803,2,66000,387130000C,(04)23289100,(04)25368667
608,2023,03,2,14,9,臺中市,南屯區,0,2,0,8,1,5,50,14,9,1,5,4,5,7,4,4,5,4,5,2,12,6,2,9,1,1,C03,7,6,1,10,2,12,"  ",6,6,1,5,8,C03,120.613387,24.139137,2,66000,387130000C,(04)23289100,(04)25368667
609,2023,03,2,14,10,臺中市,北屯區,0,0,0,,,,60,,,,,,,,,,,,,,,16,"  ","  ","  ","  ",B11,"  ","  ",1,"  ",1,"  ","  ",16,"   ",1,21,"  ",B11,120.663727,24.20108,3,66000,387130000C,(04)23289100,(04)25368667
610,2023,03,2,14,10,臺中市,清水區,0,0,0,8,,,50,,,,,,,,,,,,,,,17,"  ","  ","  ","  ",B03,"  ","  ",1,"  ",2,"  ","  ",17,"   ",1,21,"  ",B03,120.568321,24.276844,3,66000,387130000C,(04)23289100,(04)25368667
611,2023,03,2,14,10,臺中市,神岡區,0,1,0,8,1,5,50,4,1,1,5,4,5,7,1,1,5,5,4,2,17,25,3,10,1,1,B12,7,9,1,8,2,15,"  ",25,25,1,21,8,B12,120.6854,24.251006,2,66000,387130000C,(04)23289100,(04)25368667
612,2023,03,2,14,17,臺中市,南屯區,0,1,0,8,1,5,50,3,1,1,5,4,5,7,1,1,10,5,5,2,13,23,3,10,3,4,B03,7,9,1,8,2,1,"  ",23,23,1,22,8,B03,120.608531,24.13621,2,66000,387130000C,(04)23289100,(04)25368667
613,2023,03,2,14,24,臺中市,西屯區,0,0,0,8,,,50,,,,,,,,,,,,,,,23,"  ","  ","  ","  ",B03,"  ","  ",1,"  ",2,"  ","  ",23,"   ",1,22,"  ",B03,120.645008,24.172245,3,66000,387130000C,(04)23289100,(04)25368667
614,2023,03,2,14,28,臺中市,大里區,0,0,0,8,,,80,,,,,,,,,,,,,,,35,"  ","  ","  ","  ",A11,"  ","  ",1,"  ",9,"  ","  ",35,"   ",1,10,"  ",A11,120.690704,24.098029,3,66000,387130000C,(04)23289100,(04)25368667
615,2023,03,2,14,30,臺中市,大安區,0,0,0,8,,,50,,,,,,,,,,,,,,,6,"  ","  ","  ","  ",B12,"  ","  ",1,"  ",2,"  ","  ",6,"   ",1,4,"  ",B12,120.604631,24.39354,3,66000,387130000C,(04)23289100,(04)25368667
616,2023,03,2,14,33,臺中市,大里區,0,1,0,8,1,5,50,3,1,1,5,4,5,7,4,4,10,5,5,1,16,6,3,10,1,1,B03,7,9,1,8,2,5,"  ",6,6,1,5,8,B03,120.700073,24.102436,2,66000,387130000C,(04)23289100,(04)25368667
617,2023,03,2,14,35,臺中市,北屯區,0,0,0,8,,,30,,,,,,,,,,,,,,,23,"  ","  ","  ","  ",B12,"  ","  ",1,"  ",1,"  ","  ",23,23,1,22,"  ",B12,120.717525,24.176376,3,66000,387130000C,(04)23289100,(04)25368667
618,2023,03,2,14,37,臺中市,西區,0,2,0,8,1,5,50,14,8,1,5,4,5,7,4,4,1,4,4,2,17,6,3,10,1,1,B03,7,8,1,8,2,2,"  ",6,6,1,4,3,B03,120.657091,24.142127,2,66000,387130000C,(04)23289100,(04)25368667
619,2023,03,2,14,40,臺中市,沙鹿區,0,3,0,8,1,5,50,3,1,1,5,4,5,7,3,1,5,5,4,2,17,6,2,8,1,1,C03,7,11,1,10,2,14,"  ",6,6,1,22,9,C03,120.578772,24.218515,2,66000,387130000C,(04)23289100,(04)25368667
620,2023,03,2,14,42,臺中市,北區,0,0,0,8,,,40,,,,,,,,,,,,,,,23,"  ","  ","  ","  ",B02,"  ","  ",1,"  ",11,"  ","  ",23,"   ",1,22,"  ",B02,120.680976,24.163174,3,66000,387130000C,(04)23289100,(04)25368667
621,2023,03,2,14,42,臺中市,大肚區,0,0,0,8,,,70,,,,,,,,,,,,,,,42,"  ","  ","  ","  ",B03,"  ","  ",1,"  ",2,"  ","  ",42,"   ",1,21,"  ",B03,120.54853,24.146485,3,66000,387130000C,(04)23289100,(04)25368667
622,2023,03,2,15,0,臺中市,南屯區,0,0,0,8,1,5,50,14,9,1,5,4,5,7,4,4,3,4,5,2,13,23,"  ","  ","  ","  ",B12,"  ","  ",1,"  ",2,"  ","  ",23,"   ",1,5,"  ",B12,120.620761,24.145181,3,66000,387130000C,(04)23289100,(04)25368667
623,2023,03,2,15,0,臺中市,太平區,0,1,0,8,1,5,40,3,8,1,5,4,5,7,4,4,5,5,4,2,13,42,3,10,1,1,B03,7,3,1,8,2,1,"  ",42,42,1,22,8,B03,120.719855,24.12995,2,66000,387130000C,(04)23289100,(04)25368667
624,2023,03,2,15,2,臺中市,西屯區,0,1,0,8,1,5,50,14,9,1,5,4,5,7,4,4,1,4,5,2,16,7,3,10,3,4,B03,7,7,1,8,2,8,"  ",7,7,1,22,8,B03,120.638131,24.170472,2,66000,387130000C,(04)23289100,(04)25368667
625,2023,03,2,15,5,臺中市,潭子區,0,1,0,8,1,5,30,11,9,1,5,4,5,7,4,4,10,5,5,1,18,23,2,9,1,1,C03,7,9,2,18,2,14,"  ",23,23,1,22,8,C03,120.711403,24.1937,2,66000,387130000C,(04)23289100,(04)25368667
626,2023,03,2,15,7,臺中市,東區,0,0,0,8,,,50,,,,,,,,,,,,,,,23,"  ","  ","  ","  ",B03,"  ","  ",1,"  ",2,"  ","  ",23,"   ",1,5,"  ",B03,120.709269,24.135319,3,66000,387130000C,(04)23289100,(04)25368667
627,2023,03,2,15,10,臺中市,神岡區,0,1,0,8,1,5,50,4,1,1,5,4,5,7,4,4,10,5,5,2,17,6,3,10,3,4,B12,7,11,1,8,2,8,"  ",6,6,1,22,9,B12,120.674115,24.252484,2,66000,387130000C,(04)23289100,(04)25368667
628,2023,03,2,15,11,臺中市,北屯區,0,2,0,8,1,5,50,4,1,1,5,4,5,7,1,1,10,5,5,2,13,16,2,9,1,1,C03,7,9,1,10,2,11,"  ",16,16,1,21,8,C03,120.671456,24.17374,2,66000,387130000C,(04)23289100,(04)25368667
629,2023,03,2,15,11,臺中市,烏日區,0,2,0,8,1,5,50,3,1,1,5,4,5,7,4,4,10,5,5,2,17,8,2,9,1,1,C03,7,5,1,10,2,11,"  ",8,8,1,4,8,C03,120.642588,24.065788,2,66000,387130000C,(04)23289100,(04)25368667
630,2023,03,2,15,12,臺中市,東區,0,2,0,8,1,5,1,4,2,1,5,4,5,7,1,1,5,2,5,2,18,23,2,9,1,1,C03,7,9,1,10,2,12,"  ",23,23,1,22,8,C03,120.685119,24.129197,2,66000,387130000C,(04)23289100,(04)25368667
631,2023,03,2,15,14,臺中市,南屯區,0,1,0,8,1,5,50,3,1,1,5,4,5,7,2,1,5,2,4,2,16,19,2,9,3,4,C03,7,1,1,10,2,13,"  ",19,19,1,4,9,C03,120.613602,24.138945,2,66000,387130000C,(04)23289100,(04)25368667
632,2023,03,2,15,16,臺中市,太平區,0,0,0,8,,,50,,,,,,,,,,,,,,,23,"  ","  ","  ","  ",B03,"  ","  ",1,"  ",1,5,"  ",23,23,1,22,"  ",B03,120.71811,24.158388,3,66000,387130000C,(04)23289100,(04)25368667
633,2023,03,2,15,25,臺中市,南屯區,0,0,0,8,,,50,,,,,,,,,,,,,,,25,"  ","  ","  ","  ",B03,"  ","  ",1,"  ",2,"  ","  ",25,"   ",1,5,"  ",B03,120.623003,24.140511,3,66000,387130000C,(04)23289100,(04)25368667
634,2023,03,2,15,26,臺中市,神岡區,0,0,0,8,,,30,,,,,,,,,,,,,,,17,"  ","  ","  ","  ",A12,"  ","  ",1,"  ",1,"  ","  ",17,"   ",1,21,"  ",A12,120.662576,24.277205,3,66000,387130000C,(04)23289100,(04)25368667
635,2023,03,2,15,29,臺中市,大雅區,0,0,0,8,,,30,,,,,,,,,,,,,,,12,"  ","  ","  ","  ",B03,"  ","  ",1,"  ",2,"  ","  ",12,"   ",1,22,"  ",B03,120.651256,24.213165,3,66000,387130000C,(04)23289100,(04)25368667
636,2023,03,2,15,30,臺中市,北區,0,0,0,8,,,50,,,,,,,,,,,,,,,23,"  ","  ","  ","  ",B03,"  ","  ",1,"  ",2,"  ","  ",23,"   ",1,22,"  ",B03,120.686725,24.165283,3,66000,387130000C,(04)23289100,(04)25368667
637,2023,03,2,15,35,臺中市,南屯區,0,0,0,8,1,5,50,14,9,1,5,4,5,7,4,4,9,5,5,2,12,50,"  ","  ","  ","  ",B11,"  ","  ",1,"  ",1,"  ","  ",50,"   ",1,5,"  ",B11,120.62659,24.141273,3,66000,387130000C,(04)23289100,(04)25368667
638,2023,03,2,15,37,臺中市,西屯區,0,1,0,8,1,5,50,4,2,1,5,4,5,7,2,1,5,4,4,2,17,7,3,10,1,1,C03,7,7,1,10,11,15,"  ",7,7,2,21,8,C03,120.646994,24.173513,2,66000,387130000C,(04)23289100,(04)25368667
639,2023,03,2,15,38,臺中市,大甲區,0,0,0,8,,,50,,,,,,,,,,,,,,,23,"  ","  ","  ","  ",B12,"  ","  ",1,"  ",1,"  ","  ",23,"   ",1,4,"  ",B12,120.619151,24.345576,3,66000,387130000C,(04)23289100,(04)25368667
640,2023,03,2,15,46,臺中市,北屯區,0,1,0,8,1,5,50,14,9,1,5,4,5,7,4,4,4,3,5,2,16,7,2,9,1,1,C03,7,10,3,18,2,14,"  ",7,7,1,21,8,C03,120.736629,24.178239,2,66000,387130000C,(04)23289100,(04)25368667
641,2023,03,2,15,52,臺中市,龍井區,0,1,0,8,1,5,50,14,8,1,5,4,5,7,4,4,1,4,1,2,18,23,2,9,1,1,C03,7,9,1,10,2,12,"  ",23,23,1,3,1,C03,120.578447,24.18713,2,66000,387130000C,(04)23289100,(04)25368667
642,2023,03,2,15,54,臺中市,太平區,0,1,0,8,1,5,50,4,1,1,5,4,5,7,2,1,10,5,5,2,16,26,2,8,1,1,C03,7,9,1,10,2,11,"  ",26,26,1,22,8,C03,120.715569,24.136125,2,66000,387130000C,(04)23289100,(04)25368667
643,2023,03,2,15,55,臺中市,西屯區,0,0,0,8,,,30,,,,,,,,,,,,,,,17,"  ","  ","  ","  ",A11,"  ","  ",1,"  ",1,"  ","  ",17,"   ",1,22,"  ",A11,120.633735,24.186354,3,66000,387130000C,(04)23289100,(04)25368667
644,2023,03,2,15,59,臺中市,大里區,0,2,0,8,1,5,50,14,7,1,5,4,5,5,4,4,5,5,4,1,7,51,2,9,3,4,H01,8,18,8,20,10,16,"  ",51,51,1,14,8,H01,120.704332,24.094859,2,66000,387130000C,(04)23289100,(04)25368667
645,2023,03,2,16,7,臺中市,南區,0,0,0,,,,,,,,,,,,,,,,,,,43,"  ","  ","  ","  ","   ","  ","  ","  ","  ","  ","  ","  ",43,"   ",1,"  ","  ","   ",120.657733,24.110917,3,66000,387130000C,(04)23289100,(04)25368667
646,2023,03,2,16,9,臺中市,太平區,0,2,0,8,1,5,50,14,9,1,5,4,5,7,4,4,5,4,4,2,12,23,2,9,1,1,C03,7,9,1,10,2,11,12,23,23,1,22,8,C03,120.718944,24.116277,2,66000,387130000C,(04)23289100,(04)25368667
647,2023,03,2,16,10,臺中市,沙鹿區,0,0,0,8,1,5,50,3,9,1,5,4,5,7,4,4,4,3,4,1,13,42,"  ","  ","  ","  ",B03,"  ","  ",1,"  ",2,"  ","  ",42,"   ",1,22,"  ",B03,120.565526,24.233122,3,66000,387130000C,(04)23289100,(04)25368667
648,2023,03,2,16,11,臺中市,北屯區,0,1,0,8,1,5,50,3,1,1,5,4,5,7,4,4,10,5,5,2,16,6,3,10,1,1,B12,7,5,1,8,2,8,"  ",6,6,1,4,8,B12,120.7225,24.1614,2,66000,387130000C,(04)23289100,(04)25368667
649,2023,03,2,16,12,臺中市,大雅區,0,1,0,2,1,5,30,14,9,1,5,4,5,7,4,4,10,5,5,2,11,5,2,9,1,1,C03,7,9,1,10,2,11,"  ",5,5,1,20,8,C03,120.637629,24.240008,2,66000,387130000C,(04)23289100,(04)25368667
650,2023,03,2,16,14,臺中市,西屯區,0,0,0,8,,,50,,,,,,,,,,,,,,,12,"  ","  ","  ","  ",B03,"  ","  ",1,"  ",2,"  ","  ",12,"   ",1,22,"  ",B03,120.66376,24.16797,3,66000,387130000C,(04)23289100,(04)25368667
651,2023,03,2,16,15,臺中市,神岡區,0,1,0,8,1,5,50,4,2,1,5,4,5,6,1,1,10,5,5,2,15,25,3,10,3,4,B03,7,9,1,8,2,8,"  ",25,25,1,22,9,B03,120.685551,24.25099,2,66000,387130000C,(04)23289100,(04)25368667
652,2023,03,2,16,16,臺中市,北屯區,0,1,0,8,2,5,50,4,1,1,5,4,5,7,4,4,10,5,5,2,15,6,2,9,1,1,C03,7,9,1,10,2,14,"  ",6,6,1,21,8,C03,120.671913,24.176913,2,66000,387130000C,(04)23289100,(04)25368667
653,2023,03,2,16,16,臺中市,豐原區,0,1,0,8,1,5,50,3,1,1,5,4,5,7,1,1,10,5,5,2,17,23,2,9,1,1,C03,7,9,1,10,2,11,"  ",23,23,1,21,8,C03,120.706422,24.248348,2,66000,387130000C,(04)23289100,(04)25368667
654,2023,03,2,16,17,臺中市,大甲區,0,1,0,8,1,5,50,4,1,1,5,4,5,7,4,4,10,5,5,2,15,6,3,10,1,1,B03,7,9,1,8,2,4,"  ",6,6,1,4,1,B03,120.621723,24.344446,2,66000,387130000C,(04)23289100,(04)25368667
655,2023,03,2,16,17,臺中市,豐原區,0,1,0,8,1,5,50,14,9,1,5,4,5,7,4,4,4,3,5,1,12,33,3,10,1,1,C03,7,9,1,10,2,12,"  ",33,33,1,22,7,C03,120.723252,24.235471,2,66000,387130000C,(04)23289100,(04)25368667
656,2023,03,2,16,18,臺中市,東區,0,0,0,8,,,50,,,,,,,,,,,,,,,8,"  ","  ","  ","  ",B03,"  ","  ",1,"  ",2,"  ","  ",8,"   ",1,4,"  ",B03,120.693188,24.134853,3,66000,387130000C,(04)23289100,(04)25368667
657,2023,03,2,16,19,臺中市,清水區,0,2,0,8,1,5,50,3,1,1,5,4,5,7,4,4,8,3,5,1,3,23,2,9,4,5,H01,8,16,8,20,10,16,"  ",53,23,1,21,8,H01,120.572102,24.269722,2,66000,387130000C,(04)23289100,(04)25368667
658,2023,03,2,16,20,臺中市,北區,0,1,0,8,1,5,50,4,1,1,5,4,5,7,2,1,10,5,5,2,13,16,2,7,1,1,C03,7,9,1,9,2,11,"  ",16,16,1,22,9,C03,120.685725,24.155948,2,66000,387130000C,(04)23289100,(04)25368667
659,2023,03,2,16,26,臺中市,西屯區,0,1,0,8,1,5,50,3,1,1,5,4,5,7,4,4,1,5,5,2,17,6,3,10,3,4,B03,7,6,1,8,2,5,"  ",6,6,1,22,9,B03,120.63698,24.184628,2,66000,387130000C,(04)23289100,(04)25368667
660,2023,03,2,16,27,臺中市,龍井區,0,1,0,8,1,5,50,3,1,1,5,4,5,7,1,1,10,5,5,2,17,6,3,10,1,1,C03,7,9,1,10,2,12,"  ",6,6,1,20,5,C03,120.523524,24.206542,2,66000,387130000C,(04)23289100,(04)25368667
661,2023,03,2,16,30,臺中市,大里區,0,0,0,8,,,50,,,,,,,,,,,,,,,23,"  ","  ","  ","  ",B12,"  ","  ",1,"  ",2,"  ","  ",23,"   ",1,22,"  ",B12,120.674938,24.116586,3,66000,387130000C,(04)23289100,(04)25368667
662,2023,03,2,16,30,臺中市,龍井區,0,1,0,8,1,5,50,4,1,1,5,4,5,7,1,1,10,5,5,2,16,9,3,10,1,1,B03,7,6,1,8,2,2,"  ",9,9,1,5,1,B03,120.577785,24.186442,2,66000,387130000C,(04)23289100,(04)25368667
663,2023,03,2,16,30,臺中市,大肚區,0,0,0,8,,,30,,,,,,,,,,,,,,,38,"  ","  ","  ","  ",B03,"  ","  ",1,"  ",11,"  ","  ",38,"   ",1,19,"  ",B03,120.566963,24.124333,3,66000,387130000C,(04)23289100,(04)25368667
664,2023,03,2,16,35,臺中市,沙鹿區,0,0,0,8,1,5,60,14,9,1,5,4,5,7,1,1,1,3,4,1,13,16,"  ","  ","  ","  ",B03,"  ","  ",1,"  ",2,"  ","  ",16,"   ",1,18,"  ",B03,120.569581,24.23837,3,66000,387130000C,(04)23289100,(04)25368667
665,2023,03,2,16,36,臺中市,南屯區,0,0,0,8,,,50,,,,,,,,,,,,,,,23,"  ","  ","  ","  ",B03,"  ","  ",1,"  ",1,"  ","  ",23,23,1,22,"  ",B03,120.641828,24.151059,3,66000,387130000C,(04)23289100,(04)25368667
666,2023,03,2,16,37,臺中市,霧峰區,0,0,0,8,,,50,,,,,,,,,,,,,,,16,"  ","  ","  ","  ",B12,"  ","  ",1,"  ",2,"  ","  ",16,16,1,10,"  ",B12,120.68568,24.05588,3,66000,387130000C,(04)23289100,(04)25368667
667,2023,03,2,16,39,臺中市,大里區,0,0,0,8,,,60,,,,,,,,,,,,,,,23,"  ","  ","  ","  ",B03,"  ","  ",1,"  ",2,"  ","  ",23,"   ",1,22,"  ",B03,120.689998,24.101008,3,66000,387130000C,(04)23289100,(04)25368667
668,2023,03,2,16,41,臺中市,西區,0,1,0,8,1,5,50,4,1,1,5,4,5,7,1,1,10,5,5,2,17,42,3,10,3,4,C03,7,15,1,10,2,12,"  ",42,42,1,22,5,C03,120.661688,24.140163,2,66000,387130000C,(04)23289100,(04)25368667
669,2023,03,2,16,44,臺中市,霧峰區,0,1,0,8,1,5,30,14,9,1,5,4,5,7,1,1,10,5,5,1,16,19,3,10,3,4,B12,7,1,1,8,2,4,"  ",19,19,1,22,8,B12,120.685145,24.056749,2,66000,387130000C,(04)23289100,(04)25368667
670,2023,03,2,16,44,臺中市,沙鹿區,0,0,0,8,,,60,,,,,,,,,,,,,,,26,"  ","  ","  ","  ",A11,"  ","  ",1,"  ",2,"  ","  ",26,26,1,10,"  ",A11,120.559186,24.210661,3,66000,387130000C,(04)23289100,(04)25368667
671,2023,03,2,16,45,臺中市,北區,0,2,0,8,1,5,50,4,1,1,5,4,5,7,1,1,10,5,5,2,17,4,2,7,1,1,C03,7,9,1,10,2,14,"  ",4,4,1,22,9,C03,120.692011,24.160165,2,66000,387130000C,(04)23289100,(04)25368667
672,2023,03,2,16,45,臺中市,梧棲區,0,1,0,8,1,5,40,4,1,1,5,4,5,7,1,1,10,5,5,2,16,3,3,10,1,1,B12,7,6,1,7,2,6,"  ",3,3,1,9,1,B12,120.524313,24.221565,2,66000,387130000C,(04)23289100,(04)25368667
673,2023,03,2,16,48,臺中市,西屯區,0,0,0,8,,,50,,,,,,,,,,,,,,,23,"  ","  ","  ","  ",C03,"  ","  ",1,"  ",1,"  ","  ",23,"   ",1,22,"  ",C03,120.661383,24.172616,3,66000,387130000C,(04)23289100,(04)25368667
674,2023,03,2,16,50,臺中市,大里區,0,1,0,8,2,5,60,14,7,1,5,4,5,7,4,4,1,4,1,1,23,23,2,1,1,1,B12,7,9,1,8,2,8,"  ",23,23,1,5,8,B12,120.65376,24.089881,2,66000,387130000C,(04)23289100,(04)25368667
675,2023,03,2,16,52,臺中市,南區,0,2,0,8,1,5,50,3,1,1,5,4,5,7,4,4,5,5,4,2,13,23,2,9,1,1,C03,7,5,1,10,2,11,"  ",23,23,1,22,8,C03,120.662155,24.126902,2,66000,387130000C,(04)23289100,(04)25368667
676,2023,03,2,16,56,臺中市,北區,0,0,0,8,,,50,,,,,,,,,,,,,,,16,"  ","  ","  ","  ",C02,"  ","  ",4,"  ",1,"  ","  ",16,"   ",1,5,"  ",C02,120.674616,24.162533,3,66000,387130000C,(04)23289100,(04)25368667
677,2023,03,2,16,58,臺中市,大甲區,0,1,0,8,1,5,50,4,1,1,5,4,5,7,4,4,10,5,5,2,15,6,2,9,1,1,C03,7,9,1,10,2,11,"  ",6,6,1,4,1,C03,120.620219,24.347113,2,66000,387130000C,(04)23289100,(04)25368667
678,2023,03,2,17,0,臺中市,大雅區,0,1,0,8,1,5,30,4,1,1,5,4,5,7,4,4,10,5,5,2,17,6,2,8,1,1,C03,7,9,1,10,2,12,"  ",6,6,1,22,8,C03,120.646827,24.235113,2,66000,387130000C,(04)23289100,(04)25368667
679,2023,03,2,17,0,臺中市,西區,0,0,0,8,1,5,50,3,1,1,5,4,5,7,4,4,5,5,5,2,13,16,"  ","  ","  ","  ",C03,"  ","  ",1,"  ",1,"  ","  ",16,"   ",1,21,"  ",C03,120.658829,24.159707,3,66000,387130000C,(04)23289100,(04)25368667
680,2023,03,2,17,0,臺中市,烏日區,0,2,0,8,1,5,30,4,1,1,5,4,5,7,4,4,10,5,5,2,15,6,2,9,1,1,F02,7,9,8,20,2,16,"  ",6,6,1,21,8,F02,120.647557,24.071707,2,66000,387130000C,(04)23289100,(04)25368667
681,2023,03,2,17,2,臺中市,南屯區,0,0,0,,,,50,,,,,,,,,,,,,,,8,"  ","  ","  ","  ",C04,"  ","  ",1,"  ",1,"  ","  ",8,8,1,4,"  ",C04,120.652991,24.14384,3,66000,387130000C,(04)23289100,(04)25368667
682,2023,03,2,17,5,臺中市,西屯區,0,1,0,8,2,5,50,4,1,1,5,4,5,7,1,1,10,5,5,2,13,42,3,10,1,4,F01,7,12,8,20,2,16,"  ",42,42,1,22,8,F01,120.641018,24.167806,2,66000,387130000C,(04)23289100,(04)25368667