序號,年,月,日,時,分,縣市,區,死亡數量,受傷數量,2-30,天候,光線,道路類別,速限_速度(公里),道路型態,事故位置,路面鋪裝,路面狀態,路面缺陷,障礙物,視距,號誌種類,號誌動作,分向設施,快車道或一般車道間,快慢車道間,路面邊線,事故類型及型態,主要肇因,受傷程度,主要傷處,保護裝備,行動電話,當事者區分,車輛用途,當事者行動狀態,駕駛資格情形,駕駛執照種類,飲酒情形,車輛撞擊部位最初,車輛撞擊部位其他,肇事因素個別,肇事因素主要,肇事逃逸,職業,旅次目的,車種,GPS座標X,GPS座標Y,事故類別,縣市別代碼,機關代碼,市話,傳真
683,2023,03,2,17,6,臺中市,神岡區,0,0,0,8,,,50,,,,,,,,,,,,,,,23,"  ","  ","  ","  ",F03,"  ","  ",8,"  ",2,"  ","  ",23,"   ",1,22,"  ",F03,120.656843,24.267232,3,66000,387130000C,(04)23289100,(04)25368667
684,2023,03,2,17,8,臺中市,西屯區,0,1,0,8,3,5,30,14,9,1,5,4,5,7,4,4,10,5,5,2,18,42,2,9,3,4,C03,7,9,1,10,2,14,"  ",42,42,1,22,8,C03,120.623477,24.203787,2,66000,387130000C,(04)23289100,(04)25368667
685,2023,03,2,17,10,臺中市,西屯區,0,0,0,8,,,60,,,,,,,,,,,,,,,16,"  ","  ","  ","  ",B03,"  ","  ",1,"  ",1,"  ","  ",16,"   ",1,22,"  ",B03,120.648741,24.163144,3,66000,387130000C,(04)23289100,(04)25368667
686,2023,03,2,17,11,臺中市,西屯區,0,0,0,8,,,30,,,,,,,,,,,,,,,12,"  ","  ","  ","  ",B03,"  ","  ",1,"  ",1,"  ","  ",12,"   ",1,22,"  ",B03,120.613854,24.194793,3,66000,387130000C,(04)23289100,(04)25368667
687,2023,03,2,17,13,臺中市,豐原區,0,0,0,8,,,30,,,,,,,,,,,,,,,16,"  ","  ","  ","  ",C03,"  ","  ",3,"  ",2,"  ","  ",16,"   ",1,22,"  ",C03,120.714394,24.237427,3,66000,387130000C,(04)23289100,(04)25368667
688,2023,03,2,17,17,臺中市,北屯區,0,0,0,8,,,50,,,,,,,,,,,,,,,42,"  ","  ","  ","  ",B02,"  ","  ",3,"  ",2,"  ","  ",42,"   ",1,21,"  ",B02,120.720464,24.162869,3,66000,387130000C,(04)23289100,(04)25368667
689,2023,03,2,17,17,臺中市,后里區,0,0,0,8,,,50,,,,,,,,,,,,,,,7,"  ","  ","  ","  ",B12,"  ","  ",1,"  ",2,"  ","  ",7,"   ",1,21,"  ",B12,120.729337,24.329512,3,66000,387130000C,(04)23289100,(04)25368667
690,2023,03,2,17,18,臺中市,北屯區,0,1,0,8,2,5,50,3,1,1,5,4,3,5,4,4,10,5,5,2,16,6,3,10,1,1,B03,7,6,1,8,2,8,"  ",6,6,1,5,8,B03,120.701865,24.186413,2,66000,387130000C,(04)23289100,(04)25368667
691,2023,03,2,17,20,臺中市,南屯區,0,1,0,8,1,5,50,14,8,1,5,4,5,7,1,1,5,5,4,2,16,6,3,10,1,1,B03,7,5,1,8,2,2,"  ",6,6,1,5,1,B03,120.645462,24.148804,2,66000,387130000C,(04)23289100,(04)25368667
692,2023,03,2,17,23,臺中市,西屯區,0,1,0,8,1,5,30,4,1,1,5,4,5,7,4,4,10,5,5,2,16,6,3,10,1,1,B03,7,9,1,8,2,5,"  ",6,6,1,22,8,B03,120.665216,24.178745,2,66000,387130000C,(04)23289100,(04)25368667
693,2023,03,2,17,24,臺中市,南屯區,0,1,0,8,2,5,50,4,1,1,5,4,5,7,1,1,5,5,5,2,16,9,3,10,3,4,B12,7,6,1,8,2,2,"  ",9,9,1,4,9,B12,120.653284,24.127237,2,66000,387130000C,(04)23289100,(04)25368667
694,2023,03,2,17,24,臺中市,神岡區,0,1,0,8,1,5,50,3,1,1,5,4,5,7,4,4,5,5,4,2,16,26,2,9,1,1,C03,7,9,1,10,2,12,"  ",26,26,1,21,8,C03,120.663065,24.258261,2,66000,387130000C,(04)23289100,(04)25368667
695,2023,03,2,17,25,臺中市,大里區,0,2,0,8,2,5,50,14,9,1,5,4,5,7,4,4,5,5,5,1,16,3,2,9,1,1,F01,7,9,8,20,2,16,"  ",3,3,1,22,8,F01,120.701851,24.08546,2,66000,387130000C,(04)23289100,(04)25368667
696,2023,03,2,17,26,臺中市,南屯區,0,2,0,8,1,5,50,4,1,1,5,4,5,7,1,1,10,5,5,2,16,7,2,9,1,4,C03,7,7,1,10,2,14,"  ",7,7,1,22,8,C03,120.621161,24.140035,2,66000,387130000C,(04)23289100,(04)25368667
697,2023,03,2,17,28,臺中市,豐原區,0,1,0,8,1,5,30,4,9,1,5,4,5,7,1,1,10,5,5,1,13,16,3,10,1,1,C03,7,1,1,10,2,11,"  ",16,16,1,22,8,C03,120.725265,24.233629,2,66000,387130000C,(04)23289100,(04)25368667
698,2023,03,2,17,29,臺中市,北屯區,0,0,0,8,,,50,,,,,,,,,,,,,,,17,"  ","  ","  ","  ",B03,"  ","  ",1,"  ",1,"  ","  ",17,"   ",1,21,"  ",B03,120.706063,24.16474,3,66000,387130000C,(04)23289100,(04)25368667
699,2023,03,2,17,30,臺中市,大雅區,0,1,0,8,2,5,50,4,2,1,5,4,5,7,4,4,5,4,5,1,16,6,2,9,1,1,C03,7,6,1,10,2,13,"  ",6,6,1,22,9,C03,120.655098,24.229777,2,66000,387130000C,(04)23289100,(04)25368667
700,2023,03,2,17,30,臺中市,西區,0,2,0,8,1,5,50,5,1,1,5,4,5,7,2,1,10,5,5,2,16,6,2,9,1,1,C03,7,5,1,10,2,12,"  ",6,6,1,20,8,C03,120.665943,24.128884,2,66000,387130000C,(04)23289100,(04)25368667
701,2023,03,2,17,30,臺中市,南區,0,1,0,8,1,5,50,14,8,1,5,4,5,7,4,4,5,4,4,2,12,7,3,10,1,1,B03,7,8,1,8,11,2,"  ",7,7,1,22,8,B03,120.665455,24.113744,2,66000,387130000C,(04)23289100,(04)25368667
702,2023,03,2,17,31,臺中市,西屯區,0,0,0,8,,,50,,,,,,,,,,,,,,,23,"  ","  ","  ","  ",B03,"  ","  ",1,"  ",1,"  ","  ",23,"   ",1,22,"  ",B03,120.648432,24.1702,3,66000,387130000C,(04)23289100,(04)25368667
703,2023,03,2,17,32,臺中市,沙鹿區,0,1,0,8,1,5,50,3,1,1,5,4,5,7,4,4,10,5,5,2,16,6,3,10,1,1,B03,7,5,1,8,2,8,"  ",6,6,1,5,9,B03,120.565415,24.2017,2,66000,387130000C,(04)23289100,(04)25368667
704,2023,03,2,17,33,臺中市,北區,0,2,0,8,1,5,50,14,8,1,5,4,5,7,4,4,1,4,4,2,16,6,3,10,1,1,B03,7,6,1,8,1,5,"  ",6,6,1,5,8,B03,120.685009,24.161559,2,66000,387130000C,(04)23289100,(04)25368667
705,2023,03,2,17,34,臺中市,霧峰區,0,1,0,8,2,5,50,4,1,1,5,4,5,7,1,1,5,5,5,1,16,9,3,10,3,4,C03,7,6,1,10,2,13,"  ",9,9,1,18,8,C03,120.709285,24.080698,2,66000,387130000C,(04)23289100,(04)25368667
706,2023,03,2,17,34,臺中市,太平區,0,0,0,8,,,50,,,,,,,,,,,,,,,26,"  ","  ","  ","  ",C03,"  ","  ",1,"  ",11,"  ","  ",26,"   ",1,21,"  ",C03,120.701865,24.153694,3,66000,387130000C,(04)23289100,(04)25368667
707,2023,03,2,17,35,臺中市,南區,0,0,0,,,,40,,,,,,,,,,,,,,,23,"  ","  ","  ","  ",C03,"  ","  ",1,"  ",2,"  ","  ",23,"   ",1,5,"  ",C03,120.653659,24.113755,3,66000,387130000C,(04)23289100,(04)25368667
708,2023,03,2,17,37,臺中市,烏日區,0,0,0,,,,30,,,,,,,,,,,,,,,23,"  ","  ","  ","  ",B03,"  ","  ",1,"  ",2,"  ","  ",23,"   ",1,21,"  ",B03,120.607142,24.120252,3,66000,387130000C,(04)23289100,(04)25368667
709,2023,03,2,17,38,臺中市,北區,0,0,0,8,,,50,,,,,,,,,,,,,,,16,"  ","  ","  ","  ",C03,"  ","  ",1,"  ",1,"  ","  ",16,"   ",1,22,"  ",C03,120.682416,24.145861,3,66000,387130000C,(04)23289100,(04)25368667
710,2023,03,2,17,40,臺中市,太平區,0,0,0,8,,,30,,,,,,,,,,,,,,,12,"  ","  ","  ","  ",B12,"  ","  ",1,"  ",2,"  ","  ",12,"   ",1,21,"  ",B12,120.729651,24.101741,3,66000,387130000C,(04)23289100,(04)25368667
711,2023,03,2,17,41,臺中市,北區,0,1,0,8,1,5,50,3,1,1,5,4,5,7,1,1,10,5,5,2,16,6,3,10,1,1,B12,7,5,1,8,2,2,"  ",6,6,1,21,8,B12,120.68367,24.159075,2,66000,387130000C,(04)23289100,(04)25368667
712,2023,03,2,17,44,臺中市,豐原區,0,0,0,8,,,50,,,,,,,,,,,,,,,17,"  ","  ","  ","  ",C03,"  ","  ",1,"  ",9,"  ","  ",17,"   ",2,22,"  ",C03,120.719186,24.249688,3,66000,387130000C,(04)23289100,(04)25368667
713,2023,03,2,17,49,臺中市,北區,0,0,0,8,,,50,,,,,,,,,,,,,,,16,"  ","  ","  ","  ",B03,"  ","  ",1,"  ",1,"  ","  ",16,"   ",1,22,"  ",B03,120.686265,24.166988,3,66000,387130000C,(04)23289100,(04)25368667
714,2023,03,2,17,50,臺中市,西區,0,1,0,8,2,5,50,3,1,1,5,4,5,7,2,1,10,5,5,2,17,6,3,10,1,1,B03,7,5,1,8,2,15,"  ",6,6,1,21,8,B03,120.658502,24.155427,2,66000,387130000C,(04)23289100,(04)25368667
715,2023,03,2,17,51,臺中市,西屯區,0,2,0,8,2,5,40,14,8,1,5,4,5,7,4,4,1,4,1,2,13,16,2,9,1,1,C03,7,9,1,10,2,11,"  ",16,16,1,21,1,C03,120.64892,24.196611,2,66000,387130000C,(04)23289100,(04)25368667
716,2023,03,2,17,59,臺中市,東區,0,1,0,8,1,5,50,15,9,1,5,4,5,7,4,4,5,4,4,2,16,6,3,10,1,1,B03,7,6,1,8,2,5,"  ",6,6,1,21,8,B03,120.694337,24.148375,2,66000,387130000C,(04)23289100,(04)25368667
717,2023,03,2,18,2,臺中市,西屯區,0,0,0,8,,,50,,,,,,,,,,,,,,,17,"  ","  ","  ","  ",C03,"  ","  ",1,"  ",11,"  ","  ",17,"   ",2,22,"  ",C03,120.635172,24.179435,3,66000,387130000C,(04)23289100,(04)25368667
718,2023,03,2,18,5,臺中市,西屯區,0,0,0,8,,,50,,,,,,,,,,,,,,,42,"  ","  ","  ","  ",B03,"  ","  ",1,"  ",1,"  ","  ",42,"   ",1,22,"  ",B03,120.636468,24.171588,3,66000,387130000C,(04)23289100,(04)25368667
719,2023,03,2,18,7,臺中市,北屯區,0,0,0,8,,,50,,,,,,,,,,,,,,,18,"  ","  ","  ","  ",B02,"  ","  ",1,"  ",11,"  ","  ",18,"   ",1,22,"  ",B02,120.689213,24.172003,3,66000,387130000C,(04)23289100,(04)25368667
720,2023,03,2,18,7,臺中市,西屯區,0,1,0,8,1,5,50,4,18,1,5,4,5,7,4,4,10,5,5,2,9,15,3,10,3,4,C03,7,9,1,10,2,11,"  ",15,15,1,22,9,C03,120.646343,24.184222,2,66000,387130000C,(04)23289100,(04)25368667
721,2023,03,2,18,8,臺中市,中區,0,0,0,,,,50,,,,,,,,,,,,,,,19,"  ","  ","  ","  ",B01,"  ","  ",1,"  ",2,"  ","  ",19,"   ",1,20,"  ",B01,120.68401,24.138553,3,66000,387130000C,(04)23289100,(04)25368667
722,2023,03,2,18,8,臺中市,西區,0,1,0,8,3,5,50,5,1,1,5,4,5,7,1,1,1,5,5,2,16,6,3,10,3,4,B03,7,5,1,8,2,2,"  ",6,6,1,21,8,B03,120.672737,24.131588,2,66000,387130000C,(04)23289100,(04)25368667
723,2023,03,2,18,8,臺中市,北區,0,0,0,8,,,50,,,,,,,,,,,,,,,23,"  ","  ","  ","  ",B03,"  ","  ",1,"  ",2,"  ","  ",23,"   ",1,5,"  ",B03,120.695223,24.161143,3,66000,387130000C,(04)23289100,(04)25368667
724,2023,03,2,18,8,臺中市,西屯區,0,2,0,8,3,5,30,4,1,1,5,4,5,7,4,4,10,5,5,2,15,6,2,7,1,1,C03,7,9,1,10,1,11,"  ",6,6,1,22,8,C03,120.644288,24.180375,2,66000,387130000C,(04)23289100,(04)25368667
725,2023,03,2,18,10,臺中市,烏日區,0,1,0,8,3,5,30,14,9,1,5,4,5,7,4,4,10,5,5,2,17,19,3,10,1,1,B03,7,1,1,8,2,8,"  ",19,19,1,21,8,B03,120.626932,24.106527,2,66000,387130000C,(04)23289100,(04)25368667
726,2023,03,2,18,12,臺中市,西屯區,0,2,0,8,3,5,50,3,1,1,5,4,5,7,4,4,10,5,5,2,3,15,2,9,1,1,C03,7,9,1,10,2,11,"  ",15,15,1,22,8,C03,120.649503,24.175276,2,66000,387130000C,(04)23289100,(04)25368667
727,2023,03,2,18,15,臺中市,大里區,0,1,0,8,3,5,50,3,2,1,5,4,5,7,1,1,10,5,5,2,13,16,3,10,1,1,C03,7,9,1,10,2,11,"  ",16,16,1,5,8,C03,120.679611,24.095471,2,66000,387130000C,(04)23289100,(04)25368667
728,2023,03,2,18,18,臺中市,北屯區,0,0,0,8,,,80,,,,,,,,,,,,,,,16,"  ","  ","  ","  ",B03,"  ","  ",1,"  ",1,"  ","  ",16,"   ",1,4,"  ",B03,120.7224,24.1883,3,66000,387130000C,(04)23289100,(04)25368667
729,2023,03,2,18,19,臺中市,南屯區,0,1,0,8,3,5,50,4,1,1,5,4,5,7,1,1,10,5,5,2,27,23,2,9,1,1,C03,7,5,1,10,2,11,"  ",23,23,1,22,8,C03,120.601747,24.13927,2,66000,387130000C,(04)23289100,(04)25368667
730,2023,03,2,18,19,臺中市,西屯區,0,1,0,8,3,5,50,4,1,1,5,4,5,7,2,1,10,5,5,2,11,6,3,10,3,4,B03,7,5,1,8,2,1,"  ",6,6,1,22,8,B03,120.640517,24.187277,2,66000,387130000C,(04)23289100,(04)25368667
731,2023,03,2,18,19,臺中市,大里區,0,1,0,8,3,5,50,4,1,1,5,4,5,7,4,4,5,5,5,1,15,6,2,9,1,1,C03,7,9,1,10,2,12,"  ",6,6,1,21,1,C03,120.699283,24.103729,2,66000,387130000C,(04)23289100,(04)25368667
732,2023,03,2,18,19,臺中市,神岡區,0,0,0,8,,,60,,,,,,,,,,,,,,,23,"  ","  ","  ","  ",C01,"  ","  ",1,"  ",2,"  ","  ",23,"   ",1,21,"  ",C01,120.68696,24.250223,3,66000,387130000C,(04)23289100,(04)25368667
733,2023,03,2,18,21,臺中市,西屯區,0,0,0,8,,,60,,,,,,,,,,,,,,,9,"  ","  ","  ","  ",B01,"  ","  ",1,"  ",1,"  ","  ",9,"   ",1,5,"  ",B01,120.64373,24.156575,3,66000,387130000C,(04)23289100,(04)25368667
734,2023,03,2,18,23,臺中市,豐原區,0,1,0,8,3,5,50,14,7,1,5,4,5,7,4,4,5,4,4,2,13,23,3,10,1,1,B03,7,9,1,8,2,7,"  ",23,23,1,21,8,B03,120.704072,24.239053,2,66000,387130000C,(04)23289100,(04)25368667
735,2023,03,2,18,25,臺中市,南屯區,0,0,0,,,,50,,,,,,,,,,,,,,,18,"  ","  ","  ","  ",C03,"  ","  ",1,"  ",1,"  ","  ",18,"   ",1,22,"  ",C03,120.634592,24.156147,3,66000,387130000C,(04)23289100,(04)25368667
736,2023,03,2,18,25,臺中市,西屯區,0,0,0,8,,,30,,,,,,,,,,,,,,,6,"  ","  ","  ","  ",C03,"  ","  ",1,"  ",11,"  ","  ",6,"   ",1,22,"  ",C03,120.645046,24.177369,3,66000,387130000C,(04)23289100,(04)25368667
737,2023,03,2,18,26,臺中市,南區,0,0,0,,,,40,,,,,,,,,,,,,,,18,"  ","  ","  ","  ",B03,"  ","  ",1,"  ",2,"  ","  ",18,"   ",1,22,"  ",B03,120.663536,24.124297,3,66000,387130000C,(04)23289100,(04)25368667
738,2023,03,2,18,29,臺中市,后里區,0,0,0,8,,,30,,,,,,,,,,,,,,,6,"  ","  ","  ","  ",B03,"  ","  ",1,"  ",2,"  ","  ",6,"   ",1,21,"  ",B03,120.707431,24.314209,3,66000,387130000C,(04)23289100,(04)25368667
739,2023,03,2,18,30,臺中市,大雅區,0,2,0,8,1,5,50,3,1,1,5,4,5,7,4,4,5,5,5,1,16,6,2,9,1,1,C03,7,5,1,10,2,11,"  ",6,6,1,22,9,C03,120.647051,24.22462,2,66000,387130000C,(04)23289100,(04)25368667
740,2023,03,2,18,30,臺中市,東區,0,0,0,8,3,5,50,4,7,1,5,4,5,7,1,1,5,2,5,2,13,23,3,10,1,1,B03,7,9,1,8,2,1,"  ",23,23,1,22,8,B03,120.696713,24.142137,3,66000,387130000C,(04)23289100,(04)25368667
741,2023,03,2,18,30,臺中市,龍井區,0,0,0,,,,30,,,,,,,,,,,,,,,23,"  ","  ","  ","  ",C03,"  ","  ",1,"  ",2,"  ","  ",23,"   ",1,18,"  ",C03,120.588913,24.181844,3,66000,387130000C,(04)23289100,(04)25368667
742,2023,03,2,18,31,臺中市,南屯區,0,0,0,8,3,5,50,14,9,1,5,4,5,7,4,4,1,4,5,2,13,23,3,10,1,1,B03,7,9,1,8,1,1,"  ",23,23,1,22,8,B03,120.620247,24.152518,3,66000,387130000C,(04)23289100,(04)25368667
743,2023,03,2,18,35,臺中市,西屯區,0,1,0,8,3,5,50,3,1,1,5,4,5,7,1,1,10,5,5,2,16,6,3,10,3,4,B03,7,5,1,8,2,1,"  ",6,6,1,22,8,B03,120.624894,24.179858,2,66000,387130000C,(04)23289100,(04)25368667
744,2023,03,2,18,35,臺中市,清水區,0,0,0,8,,,40,,,,,,,,,,,,,,,25,"  ","  ","  ","  ",C03,"  ","  ",3,"  ",2,"  ","  ",25,"   ",1,21,"  ",C03,120.596526,24.304265,3,66000,387130000C,(04)23289100,(04)25368667
745,2023,03,2,18,37,臺中市,南區,0,1,0,8,2,5,50,4,1,1,5,4,5,7,4,4,10,5,5,2,15,6,2,8,1,1,C03,7,9,1,10,2,12,"  ",6,6,1,5,8,C03,120.676057,24.125652,2,66000,387130000C,(04)23289100,(04)25368667
746,2023,03,2,18,40,臺中市,北區,0,1,0,7,1,5,50,4,2,1,5,4,5,7,1,1,5,5,5,2,17,43,2,9,1,1,C03,7,9,1,10,2,13,"  ",44,43,1,5,8,C03,120.675884,24.171452,2,66000,387130000C,(04)23289100,(04)25368667
747,2023,03,2,18,42,臺中市,大雅區,0,0,0,8,,,50,,,,,,,,,,,,,,,7,"  ","  ","  ","  ",B03,"  ","  ",1,"  ",2,"  ","  ",7,"   ",1,22,"  ",B03,120.630312,24.240697,3,66000,387130000C,(04)23289100,(04)25368667
748,2023,03,2,18,42,臺中市,霧峰區,0,1,0,8,1,5,50,4,1,1,5,4,5,7,4,4,9,4,5,1,16,8,3,10,1,1,B03,7,5,1,8,2,1,"  ",8,8,1,21,9,B03,120.69606,24.073131,2,66000,387130000C,(04)23289100,(04)25368667
749,2023,03,2,18,44,臺中市,北屯區,0,0,0,8,,,80,,,,,,,,,,,,,,,16,"  ","  ","  ","  ",B03,"  ","  ",1,"  ",1,"  ","  ",16,"   ",1,21,"  ",B03,120.722389,24.189877,3,66000,387130000C,(04)23289100,(04)25368667
750,2023,03,2,18,44,臺中市,北屯區,0,0,0,8,,,50,,,,,,,,,,,,,,,16,"  ","  ","  ","  ",B12,"  ","  ",1,"  ",1,"  ","  ",16,"   ",1,21,"  ",B12,120.721705,24.183136,3,66000,387130000C,(04)23289100,(04)25368667
751,2023,03,2,18,45,臺中市,清水區,0,0,0,8,,,50,,,,,,,,,,,,,,,23,"  ","  ","  ","  ",B03,"  ","  ",1,"  ",2,"  ","  ",23,"   ",1,21,"  ",B03,120.553105,24.260994,3,66000,387130000C,(04)23289100,(04)25368667
752,2023,03,2,18,46,臺中市,龍井區,0,1,0,8,3,5,50,14,9,1,5,4,5,7,4,4,9,4,5,1,16,10,3,10,1,1,C03,7,9,1,10,2,11,"  ",23,10,1,5,1,C03,120.582219,24.182226,2,66000,387130000C,(04)23289100,(04)25368667
753,2023,03,2,18,50,臺中市,大雅區,0,0,0,8,,,50,,,,,,,,,,,,,,,17,"  ","  ","  ","  ",A41,"  ","  ",1,"  ",2,"  ","  ",17,"   ",1,22,"  ",A41,120.650656,24.201054,3,66000,387130000C,(04)23289100,(04)25368667
754,2023,03,2,18,53,臺中市,西屯區,0,1,0,8,3,5,50,14,9,1,5,4,3,7,4,4,9,5,5,2,17,23,3,10,1,1,B03,7,9,1,8,2,8,"  ",23,23,1,22,8,B03,120.634755,24.163705,2,66000,387130000C,(04)23289100,(04)25368667
755,2023,03,2,19,7,臺中市,西屯區,0,2,0,8,3,5,50,14,7,1,5,4,5,7,4,4,5,4,4,2,17,7,2,9,3,4,C03,7,7,1,10,2,14,"  ",7,7,1,22,9,C03,120.643513,24.170669,2,66000,387130000C,(04)23289100,(04)25368667
756,2023,03,2,19,7,臺中市,豐原區,0,1,0,8,3,5,50,14,7,1,5,4,5,7,4,4,5,4,4,2,18,42,2,9,1,1,C03,7,9,1,10,2,12,"  ",42,42,1,22,8,C03,120.708262,24.254954,2,66000,387130000C,(04)23289100,(04)25368667
757,2023,03,2,19,9,臺中市,西屯區,0,0,0,8,,,50,,,,,,,,,,,,,,,7,"  ","  ","  ","  ",C03,"  ","  ",1,"  ",1,"  ","  ",7,"   ",1,22,"  ",C03,120.644902,24.171899,3,66000,387130000C,(04)23289100,(04)25368667
758,2023,03,2,19,10,臺中市,南區,0,0,0,8,3,5,50,14,9,1,5,4,5,7,4,4,9,5,5,2,16,17,3,10,1,2,B03,7,6,1,8,2,6,"  ",17,17,1,21,8,B03,120.66006,24.122347,3,66000,387130000C,(04)23289100,(04)25368667
759,2023,03,2,19,13,臺中市,龍井區,0,1,0,8,3,5,50,14,9,1,5,4,5,7,4,4,10,5,5,1,17,23,2,1,3,4,C03,7,9,1,10,7,12,"  ",23,23,1,20,7,C03,120.548006,24.187015,2,66000,387130000C,(04)23289100,(04)25368667
760,2023,03,2,19,14,臺中市,大雅區,0,0,0,8,,,30,,,,,,,,,,,,,,,19,"  ","  ","  ","  ",B12,"  ","  ",1,"  ",2,"  ","  ",19,19,1,22,"  ",B12,120.645285,24.222826,3,66000,387130000C,(04)23289100,(04)25368667
761,2023,03,2,19,15,臺中市,沙鹿區,0,2,0,8,3,5,50,4,9,1,5,4,5,7,4,4,4,3,4,1,16,19,2,9,1,1,C03,7,1,1,10,2,14,"  ",19,19,1,22,8,C03,120.567774,24.216547,2,66000,387130000C,(04)23289100,(04)25368667
762,2023,03,2,19,16,臺中市,神岡區,0,2,0,8,3,5,50,4,1,1,5,4,5,7,1,1,5,4,4,1,16,6,3,10,1,1,B03,7,5,1,8,2,1,"  ",6,6,1,22,8,B03,120.66499,24.262848,2,66000,387130000C,(04)23289100,(04)25368667
763,2023,03,2,19,19,臺中市,南區,0,0,0,8,,,50,,,,,,,,,,,,,,,9,"  ","  ","  ","  ",B03,"  ","  ",1,"  ",2,"  ","  ",9,"   ",1,19,"  ",B03,120.651231,24.119976,3,66000,387130000C,(04)23289100,(04)25368667
764,2023,03,2,19,20,臺中市,太平區,0,2,0,8,3,5,50,4,1,1,5,4,5,7,2,1,10,5,5,2,16,6,3,10,1,1,B03,7,5,1,8,2,5,"  ",6,6,1,22,8,B03,120.705007,24.159455,2,66000,387130000C,(04)23289100,(04)25368667
765,2023,03,2,19,26,臺中市,西屯區,0,0,0,8,,,50,,,,,,,,,,,,,,,23,"  ","  ","  ","  ",B03,"  ","  ",1,"  ",2,"  ","  ",23,"   ",1,22,"  ",B03,120.636061,24.170975,3,66000,387130000C,(04)23289100,(04)25368667
766,2023,03,2,19,30,臺中市,南區,0,1,0,8,3,5,50,4,1,1,5,4,5,7,1,1,10,5,5,2,3,15,3,10,1,1,B03,7,5,1,8,2,8,"  ",15,15,1,22,8,B03,120.681121,24.127813,2,66000,387130000C,(04)23289100,(04)25368667
767,2023,03,2,19,37,臺中市,豐原區,0,0,0,8,,,30,,,,,,,,,,,,,,,23,"  ","  ","  ","  ",B03,"  ","  ",1,"  ",2,"  ","  ",23,23,1,22,"  ",B03,120.719636,24.267736,3,66000,387130000C,(04)23289100,(04)25368667
768,2023,03,2,19,45,臺中市,南屯區,0,0,0,8,,,50,,,,,,,,,,,,,,,12,"  ","  ","  ","  ",B03,"  ","  ",1,"  ",11,"  ","  ",12,12,2,22,"  ",B03,120.635418,24.15275,3,66000,387130000C,(04)23289100,(04)25368667
769,2023,03,2,19,48,臺中市,北區,0,0,0,8,,,50,,,,,,,,,,,,,,,12,"  ","  ","  ","  ",B03,"  ","  ",1,"  ",1,"  ","  ",12,"   ",1,22,"  ",B03,120.673608,24.166377,3,66000,387130000C,(04)23289100,(04)25368667
770,2023,03,2,19,50,臺中市,豐原區,0,0,0,8,,,50,,,,,,,,,,,,,,,42,"  ","  ","  ","  ",B03,"  ","  ",1,"  ",2,"  ","  ",42,"   ",1,22,"  ",B03,120.708691,24.245945,3,66000,387130000C,(04)23289100,(04)25368667
771,2023,03,2,19,51,臺中市,西屯區,0,0,0,8,,,50,,,,,,,,,,,,,,,7,"  ","  ","  ","  ",C03,"  ","  ",1,"  ",11,"  ","  ",7,"   ",2,21,"  ",C03,120.662315,24.176323,3,66000,387130000C,(04)23289100,(04)25368667
772,2023,03,2,19,54,臺中市,烏日區,0,2,0,8,3,5,70,14,8,1,5,4,5,7,4,4,1,4,4,1,16,9,2,9,1,1,C03,7,6,1,10,2,12,"  ",9,9,1,4,8,C03,120.602979,24.110015,2,66000,387130000C,(04)23289100,(04)25368667
773,2023,03,2,19,56,臺中市,北屯區,0,1,0,8,3,5,40,4,1,1,5,4,5,7,2,1,10,5,5,2,13,16,3,10,1,1,C03,7,9,1,10,2,11,12,16,16,1,5,8,C03,120.702348,24.186656,2,66000,387130000C,(04)23289100,(04)25368667
774,2023,03,2,19,58,臺中市,太平區,0,0,0,8,,,50,,,,,,,,,,,,,,,23,"  ","  ","  ","  ",B12,"  ","  ",1,"  ",1,"  ","  ",23,"   ",1,21,"  ",B12,120.721015,24.14931,3,66000,387130000C,(04)23289100,(04)25368667
775,2023,03,2,20,0,臺中市,梧棲區,0,0,0,8,,,50,,,,,,,,,,,,,,,23,"  ","  ","  ","  ",B03,"  ","  ",1,"  ",2,"  ","  ",23,"   ",1,3,"  ",B03,120.53066,24.248886,3,66000,387130000C,(04)23289100,(04)25368667
776,2023,03,2,20,4,臺中市,大甲區,0,2,0,8,1,5,30,4,1,1,5,4,5,7,4,4,10,5,5,2,15,6,2,8,1,1,C03,7,9,1,10,2,14,"  ",6,6,1,4,8,C03,120.614886,24.356971,2,66000,387130000C,(04)23289100,(04)25368667
777,2023,03,2,20,5,臺中市,西屯區,0,0,0,8,,,50,,,,,,,,,,,,,,,3,"  ","  ","  ","  ",B11,"  ","  ",1,"  ",1,"  ","  ",3,"   ",1,22,"  ",B11,120.644672,24.171907,3,66000,387130000C,(04)23289100,(04)25368667
778,2023,03,2,20,5,臺中市,梧棲區,0,0,0,8,,,90,,,,,,,,,,,,,,,60,"  ","  ","  ","  ","   ","  ","  ","  ","  ","  ","  ","  ",60,"   ",1,"  ","  ","   ",120.535064,24.247252,3,66000,387130000C,(04)23289100,(04)25368667
779,2023,03,2,20,6,臺中市,太平區,0,1,0,8,3,5,30,3,1,1,5,4,5,7,4,4,5,5,5,2,16,6,3,10,1,1,B03,7,5,1,8,2,1,"  ",6,6,1,21,8,B03,120.724927,24.142906,2,66000,387130000C,(04)23289100,(04)25368667