序號,年,月,日,時,分,縣市,區,死亡數量,受傷數量,2-30,天候,光線,道路類別,速限_速度(公里),道路型態,事故位置,路面鋪裝,路面狀態,路面缺陷,障礙物,視距,號誌種類,號誌動作,分向設施,快車道或一般車道間,快慢車道間,路面邊線,事故類型及型態,主要肇因,受傷程度,主要傷處,保護裝備,行動電話,當事者區分,車輛用途,當事者行動狀態,駕駛資格情形,駕駛執照種類,飲酒情形,車輛撞擊部位最初,車輛撞擊部位其他,肇事因素個別,肇事因素主要,肇事逃逸,職業,旅次目的,車種,GPS座標X,GPS座標Y,事故類別,縣市別代碼,機關代碼,市話,傳真
780,2023,03,2,20,18,臺中市,西屯區,0,0,0,8,,,50,,,,,,,,,,,,,,,6,"  ","  ","  ","  ",B03,"  ","  ",1,"  ",1,"  ","  ",6,"   ",1,22,"  ",B03,120.663943,24.17347,3,66000,387130000C,(04)23289100,(04)25368667
781,2023,03,2,20,20,臺中市,西屯區,0,0,0,8,,,50,,,,,,,,,,,,,,,23,"  ","  ","  ","  ",C03,"  ","  ",1,"  ",1,"  ","  ",23,"   ",1,22,"  ",C03,120.637668,24.18035,3,66000,387130000C,(04)23289100,(04)25368667
782,2023,03,2,20,21,臺中市,大甲區,0,1,0,8,1,5,50,4,1,1,5,4,5,7,1,1,10,5,5,2,16,6,2,8,1,1,C03,7,5,1,10,2,12,"  ",6,6,1,4,8,C03,120.620506,24.345741,2,66000,387130000C,(04)23289100,(04)25368667
783,2023,03,2,20,25,臺中市,烏日區,0,0,0,8,,,80,,,,,,,,,,,,,,,42,"  ","  ","  ","  ",B03,"  ","  ",1,"  ",2,"  ","  ",42,42,1,5,"  ",B03,120.616521,24.107356,3,66000,387130000C,(04)23289100,(04)25368667
784,2023,03,2,20,30,臺中市,南屯區,0,1,0,8,3,5,50,14,9,1,5,4,5,7,1,1,1,2,4,2,16,25,3,10,1,1,B03,7,5,1,8,2,1,"  ",25,25,1,5,8,B03,120.640585,24.151225,2,66000,387130000C,(04)23289100,(04)25368667
785,2023,03,2,20,30,臺中市,沙鹿區,0,0,0,8,3,5,60,14,7,1,5,4,5,7,1,1,1,3,4,1,13,16,"  ","  ","  ","  ",B03,"  ","  ",1,"  ",2,"  ","  ",16,"   ",1,22,"  ",B03,120.607371,24.246535,3,66000,387130000C,(04)23289100,(04)25368667
786,2023,03,2,20,34,臺中市,西屯區,0,1,0,8,3,5,50,14,8,1,5,4,5,7,4,4,1,4,4,2,17,6,3,10,3,4,B03,7,6,1,8,2,5,"  ",6,6,1,22,9,B03,120.614222,24.184233,2,66000,387130000C,(04)23289100,(04)25368667
787,2023,03,2,20,39,臺中市,北區,0,1,0,7,3,5,50,4,1,1,5,4,5,7,1,1,1,2,1,2,18,42,2,9,1,1,C03,7,12,1,10,2,14,"  ",42,42,1,5,8,C03,120.664341,24.154687,2,66000,387130000C,(04)23289100,(04)25368667
788,2023,03,2,20,40,臺中市,大里區,0,0,0,8,,,50,,,,,,,,,,,,,,,23,"  ","  ","  ","  ",F03,"  ","  ",8,"  ",1,"  ","  ",23,"   ",1,16,"  ",F03,120.687043,24.105248,3,66000,387130000C,(04)23289100,(04)25368667
789,2023,03,2,20,40,臺中市,神岡區,0,0,0,8,,,50,,,,,,,,,,,,,,,23,"  ","  ","  ","  ",B12,"  ","  ",1,"  ",1,"  ","  ",23,"   ",1,21,"  ",B12,120.6934,24.248461,3,66000,387130000C,(04)23289100,(04)25368667
790,2023,03,2,20,43,臺中市,南區,0,0,0,,,,50,,,,,,,,,,,,,,,23,"  ","  ","  ","  ",B03,"  ","  ",1,"  ",2,"  ","  ",23,"   ",1,5,"  ",B03,120.669938,24.118669,3,66000,387130000C,(04)23289100,(04)25368667
791,2023,03,2,20,44,臺中市,東區,0,0,0,8,3,5,50,4,9,1,5,4,5,7,1,1,5,5,5,2,14,12,3,10,1,1,B03,7,2,1,8,2,3,"  ",12,12,1,21,8,B03,120.687338,24.130379,3,66000,387130000C,(04)23289100,(04)25368667
792,2023,03,2,20,46,臺中市,后里區,0,0,0,8,,,30,,,,,,,,,,,,,,,42,"  ","  ","  ","  ",A41,"  ","  ",1,"  ",2,"  ","  ",42,"   ",1,21,"  ",A41,120.715704,24.316838,3,66000,387130000C,(04)23289100,(04)25368667
793,2023,03,2,20,47,臺中市,北屯區,0,2,0,8,3,5,50,4,1,1,5,4,5,7,1,1,10,5,5,2,13,43,2,9,1,1,B12,7,9,1,8,2,1,"  ",43,43,1,21,8,B12,120.701934,24.182001,2,66000,387130000C,(04)23289100,(04)25368667
794,2023,03,2,20,55,臺中市,南區,0,4,0,8,3,5,50,4,1,1,5,4,5,7,2,1,1,2,4,2,12,23,2,9,1,1,C03,7,9,2,18,2,11,"  ",23,23,1,22,8,C03,120.650256,24.120281,2,66000,387130000C,(04)23289100,(04)25368667
795,2023,03,2,21,0,臺中市,清水區,0,1,0,8,3,5,50,3,1,1,5,4,5,7,1,1,10,5,5,2,16,6,3,10,1,1,B03,7,6,6,18,2,2,"  ",6,6,1,5,5,B03,120.572888,24.262511,2,66000,387130000C,(04)23289100,(04)25368667
796,2023,03,2,21,3,臺中市,東區,0,1,0,8,3,5,40,14,8,1,5,4,5,7,4,4,1,4,5,2,17,23,2,9,1,1,C03,7,9,1,10,2,11,"  ",23,23,1,22,8,C03,120.686255,24.129894,2,66000,387130000C,(04)23289100,(04)25368667
797,2023,03,2,21,4,臺中市,西區,0,1,0,8,3,5,30,14,9,1,5,4,5,7,4,4,10,5,5,2,18,42,2,7,1,1,C03,7,9,3,18,8,12,"  ",42,42,1,5,8,C03,120.674635,24.15103,2,66000,387130000C,(04)23289100,(04)25368667
798,2023,03,2,21,4,臺中市,北區,0,1,0,7,3,5,50,4,1,1,5,4,5,7,1,1,10,5,5,2,16,6,3,10,1,1,B02,7,5,1,8,2,6,"  ",6,6,1,5,8,B02,120.673337,24.166906,2,66000,387130000C,(04)23289100,(04)25368667
799,2023,03,2,21,4,臺中市,南屯區,0,1,0,8,3,5,50,3,1,1,5,4,5,7,4,4,10,5,5,2,16,26,3,10,1,1,B12,7,5,1,8,2,4,"  ",26,26,1,22,8,B12,120.615469,24.14881,2,66000,387130000C,(04)23289100,(04)25368667
800,2023,03,2,21,18,臺中市,西區,0,1,0,8,3,5,50,4,1,1,5,4,5,7,4,4,10,5,5,2,15,6,2,8,1,1,C03,7,9,1,10,2,12,"  ",6,6,1,21,8,C03,120.668208,24.149013,2,66000,387130000C,(04)23289100,(04)25368667
801,2023,03,2,21,19,臺中市,沙鹿區,0,2,0,8,3,5,50,3,1,1,5,4,5,7,1,1,10,5,5,2,17,25,2,9,1,1,C03,7,3,1,10,2,11,"  ",25,25,1,18,9,C03,120.580423,24.216048,2,66000,387130000C,(04)23289100,(04)25368667
802,2023,03,2,21,20,臺中市,霧峰區,0,1,0,8,3,5,50,3,1,1,5,4,5,7,1,1,10,5,5,2,17,8,3,10,1,1,C03,7,5,1,10,2,11,"  ",8,8,1,22,8,C03,120.6993,24.068363,2,66000,387130000C,(04)23289100,(04)25368667
803,2023,03,2,21,20,臺中市,沙鹿區,0,1,0,8,3,5,50,4,1,1,5,4,5,7,4,4,10,5,5,2,15,6,2,9,1,1,C03,7,9,1,10,2,14,"  ",6,6,1,3,5,C03,120.55473,24.23155,2,66000,387130000C,(04)23289100,(04)25368667
804,2023,03,2,21,26,臺中市,西區,0,0,0,,,,50,,,,,,,,,,,,,,,12,"  ","  ","  ","  ",B03,"  ","  ",1,"  ",1,"  ","  ",12,"   ",1,20,"  ",B03,120.659668,24.155656,3,66000,387130000C,(04)23289100,(04)25368667
805,2023,03,2,21,26,臺中市,西屯區,0,1,0,8,3,5,30,4,1,1,5,4,5,7,4,4,10,5,5,2,15,6,2,9,1,1,C03,7,9,1,10,2,11,"  ",6,6,1,18,8,C03,120.648271,24.183011,2,66000,387130000C,(04)23289100,(04)25368667
806,2023,03,2,21,28,臺中市,西屯區,0,0,0,8,,,50,,,,,,,,,,,,,,,23,"  ","  ","  ","  ",B03,"  ","  ",3,"  ",11,"  ","  ",23,"   ",1,22,"  ",B03,120.653581,24.160776,3,66000,387130000C,(04)23289100,(04)25368667
807,2023,03,2,21,30,臺中市,南區,0,1,0,8,3,5,50,14,8,1,5,4,5,7,4,4,1,4,4,2,12,6,3,10,1,1,C03,7,6,1,10,2,12,"  ",6,6,1,22,8,C03,120.652999,24.117353,2,66000,387130000C,(04)23289100,(04)25368667
808,2023,03,2,21,40,臺中市,烏日區,0,2,0,8,3,5,50,14,13,1,5,4,5,7,4,4,9,5,5,1,3,23,2,9,1,1,C03,7,9,1,10,2,11,"  ",23,23,1,22,8,C03,120.607012,24.123922,2,66000,387130000C,(04)23289100,(04)25368667
809,2023,03,2,21,43,臺中市,豐原區,0,1,0,8,4,5,50,14,8,1,5,4,5,7,4,4,3,4,4,1,17,19,3,10,1,1,B03,7,1,1,8,2,4,"  ",19,19,1,22,8,B03,120.73691,24.257526,2,66000,387130000C,(04)23289100,(04)25368667
810,2023,03,2,21,44,臺中市,霧峰區,0,2,0,8,3,5,50,3,1,1,5,4,5,7,3,1,10,5,5,2,16,19,2,9,3,4,C03,7,1,1,10,2,14,"  ",19,19,1,18,8,C03,120.701354,24.067212,2,66000,387130000C,(04)23289100,(04)25368667
811,2023,03,2,21,46,臺中市,西屯區,0,1,0,8,3,5,30,14,9,1,5,4,5,7,4,4,10,5,5,2,17,19,3,10,1,1,C03,7,1,1,10,2,11,"  ",19,19,1,22,8,C03,120.613583,24.180126,2,66000,387130000C,(04)23289100,(04)25368667
812,2023,03,2,21,46,臺中市,西屯區,0,1,0,8,3,5,40,3,1,1,5,4,5,7,4,4,10,5,5,2,16,6,3,10,3,4,B03,7,6,1,8,2,8,"  ",6,6,1,22,8,B03,120.62633,24.177461,2,66000,387130000C,(04)23289100,(04)25368667
813,2023,03,2,21,51,臺中市,西屯區,0,2,0,8,3,5,50,14,9,1,5,4,5,7,4,4,5,4,5,2,13,16,2,8,3,4,C03,7,9,1,10,2,11,"  ",16,16,1,22,8,C03,120.644918,24.180435,2,66000,387130000C,(04)23289100,(04)25368667
814,2023,03,2,21,55,臺中市,龍井區,0,0,0,,,,60,,,,,,,,,,,,,,,16,"  ","  ","  ","  ",B03,"  ","  ",1,"  ",2,"  ","  ",16,"   ",1,5,"  ",B03,120.575865,24.17746,3,66000,387130000C,(04)23289100,(04)25368667
815,2023,03,2,21,55,臺中市,豐原區,0,0,0,8,,,50,,,,,,,,,,,,,,,23,"  ","  ","  ","  ",B03,"  ","  ",1,"  ",1,"  ","  ",23,"   ",1,22,"  ",B03,120.711605,24.239824,3,66000,387130000C,(04)23289100,(04)25368667
816,2023,03,2,22,0,臺中市,西屯區,0,1,0,8,3,5,50,3,2,1,5,4,5,7,2,1,10,5,5,2,21,43,2,9,1,1,C03,7,9,1,10,2,11,"  ",43,43,1,18,8,C03,120.646193,24.185001,2,66000,387130000C,(04)23289100,(04)25368667
817,2023,03,2,22,2,臺中市,北區,0,1,0,8,1,5,50,14,8,1,5,4,5,7,4,4,3,2,3,1,16,7,3,10,3,4,B12,7,8,1,8,2,3,"  ",7,7,1,22,9,B12,120.672674,24.169367,2,66000,387130000C,(04)23289100,(04)25368667
818,2023,03,2,22,2,臺中市,西屯區,0,0,0,8,,,,,,,,,,,,,,,,,,43,"  ","  ","  ","  ","   ","  ","  ","  ","  ","  ","  ","  ",43,"   ",1,"  ","  ","   ",120.64459,24.174637,3,66000,387130000C,(04)23289100,(04)25368667
819,2023,03,2,22,4,臺中市,南屯區,0,1,0,8,3,5,40,15,16,1,5,4,5,7,4,4,3,4,5,2,17,26,3,10,1,1,B03,7,8,1,8,2,6,"  ",26,26,1,22,8,B03,120.620525,24.152386,2,66000,387130000C,(04)23289100,(04)25368667
820,2023,03,2,22,8,臺中市,北屯區,0,1,0,8,3,5,50,14,8,1,5,4,5,7,4,4,5,5,4,2,18,42,2,8,1,1,C03,7,9,1,10,2,12,"  ",42,42,1,21,8,C03,120.6961,24.183,2,66000,387130000C,(04)23289100,(04)25368667
821,2023,03,2,22,9,臺中市,西屯區,0,2,0,8,3,5,50,14,9,1,5,4,5,7,4,4,5,4,5,2,17,19,2,9,1,4,C03,7,1,1,10,2,12,"  ",19,19,1,22,8,C03,120.645247,24.179981,2,66000,387130000C,(04)23289100,(04)25368667
822,2023,03,2,22,20,臺中市,潭子區,0,0,0,8,,,50,,,,,,,,,,,,,,,1,"  ","  ","  ","  ",C03,"  ","  ",1,"  ",2,"  ","  ",1,"   ",1,22,"  ",C03,120.719805,24.218185,3,66000,387130000C,(04)23289100,(04)25368667
823,2023,03,2,22,31,臺中市,西區,0,2,0,8,3,5,40,3,2,1,5,4,5,7,4,4,1,4,1,2,2,23,2,9,1,1,C03,7,9,1,10,2,11,"  ",23,23,1,5,8,C03,120.663517,24.155271,2,66000,387130000C,(04)23289100,(04)25368667
824,2023,03,2,22,36,臺中市,大里區,0,0,0,8,,,50,,,,,,,,,,,,,,,12,"  ","  ","  ","  ",B03,"  ","  ",1,"  ",2,"  ","  ",12,"   ",1,3,"  ",B03,120.703206,24.088025,3,66000,387130000C,(04)23289100,(04)25368667
825,2023,03,2,22,37,臺中市,北區,0,0,0,8,,,50,,,,,,,,,,,,,,,23,"  ","  ","  ","  ",B03,"  ","  ",2,"  ",1,"  ","  ",23,"   ",1,16,"  ",B03,120.681659,24.154233,3,66000,387130000C,(04)23289100,(04)25368667
826,2023,03,2,22,39,臺中市,北屯區,0,2,0,8,3,5,50,3,1,1,5,4,5,7,4,4,10,5,4,1,12,1,2,8,1,1,C03,7,4,1,10,2,12,"  ",1,1,1,21,8,C03,120.692453,24.164735,2,66000,387130000C,(04)23289100,(04)25368667
827,2023,03,2,22,47,臺中市,西屯區,0,0,0,8,,,50,,,,,,,,,,,,,,,42,"  ","  ","  ","  ",B03,"  ","  ",1,"  ",1,"  ","  ",42,"   ",1,22,"  ",B03,120.646929,24.175071,3,66000,387130000C,(04)23289100,(04)25368667
828,2023,03,2,22,50,臺中市,北區,0,2,0,8,3,5,50,14,8,1,5,4,5,7,4,4,1,4,4,2,12,23,2,9,1,1,B03,7,9,1,8,2,5,"  ",23,23,1,5,5,B03,120.673273,24.167219,2,66000,387130000C,(04)23289100,(04)25368667
829,2023,03,2,23,0,臺中市,北屯區,0,1,0,8,3,5,30,5,1,1,5,4,5,7,3,1,10,5,5,2,15,6,2,9,1,1,C03,7,9,1,10,2,11,"  ",6,6,1,22,8,C03,120.725503,24.172076,2,66000,387130000C,(04)23289100,(04)25368667
830,2023,03,2,23,5,臺中市,西屯區,0,0,0,8,,,50,,,,,,,,,,,,,,,23,"  ","  ","  ","  ",C03,"  ","  ",1,"  ",1,"  ","  ",23,23,1,22,"  ",C03,120.644309,24.17536,3,66000,387130000C,(04)23289100,(04)25368667
831,2023,03,2,23,5,臺中市,大里區,0,0,0,8,,,50,,,,,,,,,,,,,,,42,"  ","  ","  ","  ",B03,"  ","  ",1,"  ",2,"  ","  ",42,"   ",1,12,"  ",B03,120.69248,24.090609,3,66000,387130000C,(04)23289100,(04)25368667
832,2023,03,2,23,51,臺中市,北屯區,0,0,0,8,,,50,,,,,,,,,,,,,,,12,"  ","  ","  ","  ",C03,"  ","  ",1,"  ",1,"  ","  ",12,"   ",1,21,"  ",C03,120.692945,24.177341,3,66000,387130000C,(04)23289100,(04)25368667
833,2023,03,2,23,57,臺中市,西屯區,0,2,0,8,3,5,50,4,1,1,5,4,5,7,1,1,5,4,5,2,16,6,2,8,1,1,C03,7,5,1,10,2,14,"  ",6,6,1,22,8,C03,120.645545,24.172416,2,66000,387130000C,(04)23289100,(04)25368667
834,2023,03,2,23,58,臺中市,西屯區,0,2,0,8,3,5,50,3,1,1,5,4,5,7,4,4,10,5,5,2,13,23,2,9,1,1,C03,7,9,1,10,2,11,"  ",23,23,1,22,8,C03,120.645018,24.178822,2,66000,387130000C,(04)23289100,(04)25368667
835,2023,03,3,0,10,臺中市,西屯區,0,1,0,8,3,5,30,14,9,1,5,4,5,7,4,4,10,5,5,2,18,23,2,9,1,1,C03,7,9,1,10,2,14,"  ",23,23,1,22,8,C03,120.616355,24.171366,2,66000,387130000C,(04)23289100,(04)25368667
836,2023,03,3,0,40,臺中市,烏日區,0,1,0,8,1,5,50,14,8,1,5,4,5,7,4,4,1,4,1,1,18,23,2,9,1,1,C03,7,9,1,10,2,15,"  ",23,23,1,22,8,C03,120.618724,24.115942,2,66000,387130000C,(04)23289100,(04)25368667
837,2023,03,3,0,49,臺中市,西屯區,0,0,0,8,,,50,,,,,,,,,,,,,,,23,"  ","  ","  ","  ",B03,"  ","  ",1,"  ",2,"  ","  ",23,"   ",1,22,"  ",B03,120.637338,24.178047,3,66000,387130000C,(04)23289100,(04)25368667
838,2023,03,3,0,50,臺中市,北區,0,0,0,,,,50,,,,,,,,,,,,,,,23,"  ","  ","  ","  ",B03,"  ","  ",1,"  ",2,"  ","  ",23,"   ",1,22,"  ",B03,120.686096,24.160046,3,66000,387130000C,(04)23289100,(04)25368667
839,2023,03,3,4,23,臺中市,東區,0,0,0,8,,,50,,,,,,,,,,,,,,,26,"  ","  ","  ","  ",B03,"  ","  ",1,"  ",2,"  ","  ",26,"   ",1,5,"  ",B03,120.70478,24.148338,3,66000,387130000C,(04)23289100,(04)25368667
840,2023,03,3,5,7,臺中市,南區,0,1,0,8,3,5,50,4,1,1,5,4,5,7,2,1,1,4,4,2,13,8,2,9,1,1,C03,7,5,1,8,2,13,"  ",8,8,1,18,5,C03,120.682159,24.128329,2,66000,387130000C,(04)23289100,(04)25368667
841,2023,03,3,5,15,臺中市,西區,0,1,0,8,3,5,30,4,1,1,5,4,5,7,4,4,10,5,5,2,15,6,3,10,1,1,B03,7,9,1,8,2,2,"  ",6,6,1,21,8,B03,120.660948,24.148448,2,66000,387130000C,(04)23289100,(04)25368667
842,2023,03,3,5,17,臺中市,北區,0,0,0,,,,50,,,,,,,,,,,,,,,6,"  ","  ","  ","  ",B03,"  ","  ",1,"  ",2,"  ","  ",6,"   ",1,22,"  ",B03,120.679288,24.149794,3,66000,387130000C,(04)23289100,(04)25368667
843,2023,03,3,5,45,臺中市,沙鹿區,0,1,0,8,3,5,50,4,18,1,5,4,5,7,1,1,10,5,5,2,3,15,3,10,1,1,B03,7,6,1,8,2,15,"  ",15,15,1,5,1,B03,120.56171,24.242602,2,66000,387130000C,(04)23289100,(04)25368667
844,2023,03,3,5,51,臺中市,北屯區,0,1,0,8,2,5,50,4,1,1,5,4,5,7,3,1,10,5,5,2,15,6,2,9,1,1,C03,7,9,1,10,2,12,"  ",6,6,1,5,8,C03,120.683846,24.177578,2,66000,387130000C,(04)23289100,(04)25368667
845,2023,03,3,5,56,臺中市,神岡區,0,0,0,8,,,40,,,,,,,,,,,,,,,12,"  ","  ","  ","  ",A04,"  ","  ",1,"  ",1,"  ","  ",12,"   ",1,22,"  ",A04,120.685838,24.251277,3,66000,387130000C,(04)23289100,(04)25368667
846,2023,03,3,6,10,臺中市,沙鹿區,0,1,0,8,1,5,50,3,2,1,5,4,5,7,4,4,5,5,5,1,16,44,2,8,1,1,C03,7,1,1,10,2,11,"  ",44,44,1,22,9,C03,120.566964,24.240335,2,66000,387130000C,(04)23289100,(04)25368667
847,2023,03,3,6,16,臺中市,清水區,0,1,0,8,2,5,50,5,2,1,5,4,5,7,1,1,1,4,4,2,16,42,2,9,2,1,F01,7,5,8,20,2,16,"  ",42,42,1,20,5,F01,120.577063,24.273066,2,66000,387130000C,(04)23289100,(04)25368667
848,2023,03,3,6,39,臺中市,清水區,0,0,0,8,,,50,,,,,,,,,,,,,,,23,"  ","  ","  ","  ",B03,"  ","  ",1,"  ",2,"  ","  ",23,"   ",1,5,"  ",B03,120.562857,24.263843,3,66000,387130000C,(04)23289100,(04)25368667
849,2023,03,3,6,44,臺中市,梧棲區,0,1,0,8,1,5,50,14,8,1,5,4,5,7,4,4,1,4,4,2,16,6,3,10,1,1,B03,7,6,1,8,2,2,"  ",6,6,1,9,1,B03,120.541983,24.244209,2,66000,387130000C,(04)23289100,(04)25368667
850,2023,03,3,6,44,臺中市,豐原區,0,2,0,8,1,5,50,14,9,1,5,4,5,7,4,4,5,4,5,2,17,19,2,9,1,1,C03,7,1,1,10,2,14,"  ",19,19,1,22,8,C03,120.703684,24.238722,2,66000,387130000C,(04)23289100,(04)25368667
851,2023,03,3,6,47,臺中市,西屯區,0,1,0,8,1,5,30,14,9,1,5,4,5,7,4,4,10,5,5,2,13,16,3,10,1,1,A12,7,9,1,3,1,1,"  ",16,16,1,4,8,A12,120.633374,24.173748,2,66000,387130000C,(04)23289100,(04)25368667
852,2023,03,3,6,50,臺中市,梧棲區,0,1,0,8,1,5,30,4,1,1,5,4,5,7,4,4,10,5,5,2,15,6,3,10,1,1,B03,7,9,1,8,2,5,"  ",6,6,1,9,8,B03,120.542206,24.23379,2,66000,387130000C,(04)23289100,(04)25368667
853,2023,03,3,6,57,臺中市,大肚區,0,0,0,8,,,30,,,,,,,,,,,,,,,6,"  ","  ","  ","  ",C03,"  ","  ",3,"  ",2,"  ","  ",6,"   ",1,22,"  ",C03,120.573827,24.163322,3,66000,387130000C,(04)23289100,(04)25368667
854,2023,03,3,6,59,臺中市,豐原區,0,1,0,8,1,5,40,5,1,1,5,4,5,7,1,1,1,4,4,2,12,6,2,9,1,1,C03,7,9,1,10,2,15,"  ",23,6,1,22,8,C03,120.727306,24.259384,2,66000,387130000C,(04)23289100,(04)25368667
855,2023,03,3,7,4,臺中市,豐原區,0,0,0,8,,,30,,,,,,,,,,,,,,,12,"  ","  ","  ","  ",B03,"  ","  ",1,"  ",2,"  ","  ",12,"   ",1,21,"  ",B03,120.744848,24.255615,3,66000,387130000C,(04)23289100,(04)25368667
856,2023,03,3,7,5,臺中市,大雅區,0,0,0,8,,,50,,,,,,,,,,,,,,,6,"  ","  ","  ","  ",B03,"  ","  ",1,"  ",9,"  ","  ",6,"   ",1,22,"  ",B03,120.650592,24.227379,3,66000,387130000C,(04)23289100,(04)25368667
857,2023,03,3,7,5,臺中市,梧棲區,0,1,0,8,1,5,50,14,9,1,5,4,5,7,4,4,1,4,5,1,27,66,"  ","  ","  ","  ","   ","  ","  ","  ","  ","  ","  ","  ",66,66,1,"  ","  ","   ",120.538412,24.245138,2,66000,387130000C,(04)23289100,(04)25368667
858,2023,03,3,7,6,臺中市,南屯區,0,1,0,8,1,5,50,3,1,1,5,4,5,7,1,1,10,5,5,2,16,6,3,10,1,1,B03,7,6,1,8,2,5,"  ",6,6,1,22,8,B03,120.622269,24.14031,2,66000,387130000C,(04)23289100,(04)25368667
859,2023,03,3,7,6,臺中市,烏日區,0,1,0,8,1,5,50,14,9,1,5,4,5,7,4,4,9,5,5,2,16,10,3,10,1,1,B03,7,11,1,8,2,8,"  ",10,10,1,21,8,B03,120.61259,24.110387,2,66000,387130000C,(04)23289100,(04)25368667
860,2023,03,3,7,10,臺中市,南區,0,1,0,8,1,5,50,14,7,1,5,4,5,7,4,4,5,4,5,2,17,17,2,9,3,1,F01,7,4,8,20,2,16,"  ",17,17,1,15,8,F01,120.666802,24.119428,2,66000,387130000C,(04)23289100,(04)25368667
861,2023,03,3,7,15,臺中市,清水區,0,1,0,8,1,5,50,3,2,1,5,4,5,7,4,4,5,3,1,1,16,6,2,9,1,1,F01,7,5,8,20,2,16,"  ",6,6,1,22,2,F01,120.567342,24.271866,2,66000,387130000C,(04)23289100,(04)25368667
862,2023,03,3,7,19,臺中市,西屯區,0,0,0,8,,,50,,,,,,,,,,,,,,,7,"  ","  ","  ","  ",B03,"  ","  ",1,"  ",1,"  ","  ",7,"   ",1,4,"  ",B03,120.611231,24.184667,3,66000,387130000C,(04)23289100,(04)25368667
863,2023,03,3,7,25,臺中市,南屯區,0,2,0,8,1,5,50,5,1,1,5,4,5,7,1,1,10,5,5,2,16,23,2,9,1,1,C03,7,6,1,10,2,12,"  ",23,23,1,22,9,C03,120.635884,24.14799,2,66000,387130000C,(04)23289100,(04)25368667
864,2023,03,3,7,26,臺中市,沙鹿區,0,1,0,8,1,5,50,4,2,1,5,4,5,7,1,1,3,3,3,1,17,6,3,10,3,4,B03,7,6,1,8,2,2,"  ",6,6,1,22,8,B03,120.56903,24.255591,2,66000,387130000C,(04)23289100,(04)25368667
865,2023,03,3,7,27,臺中市,西屯區,0,0,0,8,,,30,,,,,,,,,,,,,,,16,"  ","  ","  ","  ",C03,"  ","  ",1,"  ",1,"  ","  ",16,"   ",1,4,"  ",C03,120.625571,24.190743,3,66000,387130000C,(04)23289100,(04)25368667
866,2023,03,3,7,27,臺中市,霧峰區,0,1,0,8,1,5,30,3,2,1,5,4,5,7,4,4,10,5,5,1,13,16,2,9,1,1,F03,7,9,8,20,2,16,"  ",16,16,1,4,5,F03,120.68829,24.038618,2,66000,387130000C,(04)23289100,(04)25368667
867,2023,03,3,7,28,臺中市,太平區,0,1,0,8,1,5,50,14,9,1,5,4,5,7,4,4,5,5,5,1,18,23,2,9,1,1,C03,7,9,1,10,2,14,"  ",23,23,1,21,8,C03,120.729135,24.114178,2,66000,387130000C,(04)23289100,(04)25368667
868,2023,03,3,7,30,臺中市,大雅區,0,1,0,8,1,5,50,3,1,1,5,4,5,7,3,1,5,5,5,1,17,23,2,9,1,1,C03,7,9,1,10,2,15,"  ",23,23,1,22,8,C03,120.64659,24.212309,2,66000,387130000C,(04)23289100,(04)25368667
869,2023,03,3,7,33,臺中市,北屯區,0,1,0,8,1,5,50,4,1,1,5,4,5,7,2,1,10,5,5,2,15,25,3,10,1,1,B03,7,9,1,8,2,8,"  ",25,25,1,21,8,B03,120.676115,24.201209,2,66000,387130000C,(04)23289100,(04)25368667
870,2023,03,3,7,40,臺中市,潭子區,0,2,0,8,1,5,30,11,9,2,5,4,5,1,4,4,10,5,5,1,10,5,2,9,1,1,C03,7,9,2,18,2,11,"  ",5,17,1,22,9,C03,120.713496,24.203944,2,66000,387130000C,(04)23289100,(04)25368667
871,2023,03,3,7,40,臺中市,北區,0,1,0,8,1,5,40,14,8,1,5,4,5,7,4,4,3,4,4,2,13,16,2,9,1,1,C03,7,9,1,10,2,11,"  ",16,16,1,22,8,C03,120.67443,24.163372,2,66000,387130000C,(04)23289100,(04)25368667
872,2023,03,3,7,40,臺中市,南屯區,0,0,0,8,,,50,,,,,,,,,,,,,,,16,"  ","  ","  ","  ",C03,"  ","  ",1,8,2,"  ","  ",16,16,1,23,"  ",C03,120.623189,24.140547,3,66000,387130000C,(04)23289100,(04)25368667
873,2023,03,3,7,40,臺中市,北屯區,0,1,0,8,1,5,50,14,8,1,5,4,5,7,4,4,9,5,4,2,16,10,3,10,1,1,B03,7,11,1,8,2,8,"  ",10,10,1,22,8,B03,120.721654,24.170065,2,66000,387130000C,(04)23289100,(04)25368667
874,2023,03,3,7,40,臺中市,霧峰區,0,0,0,8,1,5,30,14,9,1,5,4,5,7,4,4,10,5,5,2,11,17,"  ","  ","  ","  ",B03,"  ","  ",1,"  ",2,"  ","  ",17,"   ",1,22,"  ",B03,120.683407,24.067195,3,66000,387130000C,(04)23289100,(04)25368667
875,2023,03,3,7,42,臺中市,北區,0,1,0,8,1,5,50,4,1,1,5,4,5,7,4,4,10,5,5,2,16,6,2,9,1,1,C03,7,9,1,10,2,11,"  ",6,6,1,22,8,C03,120.677236,24.162702,2,66000,387130000C,(04)23289100,(04)25368667
876,2023,03,3,7,42,臺中市,南區,0,0,0,8,1,5,50,14,9,1,5,4,5,7,4,4,5,4,5,2,12,19,3,10,1,1,C03,7,4,1,10,2,14,"  ",19,19,2,4,8,C03,120.651725,24.12182,3,66000,387130000C,(04)23289100,(04)25368667
877,2023,03,3,7,42,臺中市,霧峰區,0,0,0,8,,,40,,,,,,,,,,,,,,,16,"  ","  ","  ","  ",B03,"  ","  ",1,"  ",2,"  ","  ",16,"   ",1,4,"  ",B03,120.661873,24.068462,3,66000,387130000C,(04)23289100,(04)25368667