序號,年,月,日,時,分,縣市,區,死亡數量,受傷數量,2-30,天候,光線,道路類別,速限_速度(公里),道路型態,事故位置,路面鋪裝,路面狀態,路面缺陷,障礙物,視距,號誌種類,號誌動作,分向設施,快車道或一般車道間,快慢車道間,路面邊線,事故類型及型態,主要肇因,受傷程度,主要傷處,保護裝備,行動電話,當事者區分,車輛用途,當事者行動狀態,駕駛資格情形,駕駛執照種類,飲酒情形,車輛撞擊部位最初,車輛撞擊部位其他,肇事因素個別,肇事因素主要,肇事逃逸,職業,旅次目的,車種,GPS座標X,GPS座標Y,事故類別,縣市別代碼,機關代碼,市話,傳真
878,2023,03,3,7,43,臺中市,霧峰區,0,2,0,8,1,5,50,3,1,1,5,4,5,7,4,4,10,5,5,2,16,6,2,9,1,1,C03,7,5,1,10,2,14,"  ",6,6,1,22,9,C03,120.6766,24.059863,2,66000,387130000C,(04)23289100,(04)25368667
879,2023,03,3,7,43,臺中市,太平區,0,0,0,8,,,50,,,,,,,,,,,,,,,42,"  ","  ","  ","  ",B02,"  ","  ",1,"  ",2,"  ","  ",42,"   ",1,22,"  ",B02,120.714219,24.110272,3,66000,387130000C,(04)23289100,(04)25368667
880,2023,03,3,7,48,臺中市,西屯區,0,0,0,8,,,30,,,,,,,,,,,,,,,6,"  ","  ","  ","  ",B03,"  ","  ",1,"  ",1,"  ","  ",6,"   ",1,22,"  ",B03,120.647517,24.202748,3,66000,387130000C,(04)23289100,(04)25368667
881,2023,03,3,7,48,臺中市,太平區,0,1,0,8,1,5,50,4,1,1,5,4,5,7,1,1,10,5,5,2,17,7,3,10,1,1,C03,7,7,1,10,2,13,"  ",7,7,1,22,8,C03,120.718344,24.104041,2,66000,387130000C,(04)23289100,(04)25368667
882,2023,03,3,7,50,臺中市,大肚區,0,1,0,8,1,5,50,14,8,1,5,4,5,7,4,4,8,5,4,2,14,12,3,10,1,1,B03,7,2,1,8,2,3,"  ",12,12,1,4,8,B03,120.531209,24.167291,2,66000,387130000C,(04)23289100,(04)25368667
883,2023,03,3,7,51,臺中市,沙鹿區,0,0,0,8,,,60,,,,,,,,,,,,,,,16,"  ","  ","  ","  ",B03,"  ","  ",1,"  ",2,"  ","  ",16,"   ",1,4,"  ",B03,120.567947,24.203019,3,66000,387130000C,(04)23289100,(04)25368667
884,2023,03,3,7,55,臺中市,西屯區,0,1,0,8,1,5,50,4,1,1,5,4,5,7,2,1,5,4,5,2,16,8,2,9,3,4,C03,7,5,1,10,2,13,"  ",8,8,1,22,8,C03,120.644908,24.18508,2,66000,387130000C,(04)23289100,(04)25368667
885,2023,03,3,7,56,臺中市,沙鹿區,0,1,0,8,1,5,30,4,2,1,5,4,5,7,4,4,8,3,5,1,17,42,2,9,3,4,C03,7,9,1,10,2,12,"  ",42,42,1,22,8,C03,120.569458,24.230477,2,66000,387130000C,(04)23289100,(04)25368667
886,2023,03,3,7,59,臺中市,北區,0,0,0,8,,,30,,,,,,,,,,,,,,,6,"  ","  ","  ","  ",C04,"  ","  ",1,"  ",11,"  ","  ",6,"   ",1,22,"  ",C04,120.679548,24.151702,3,66000,387130000C,(04)23289100,(04)25368667
887,2023,03,3,7,59,臺中市,北屯區,0,1,0,8,4,8,50,4,1,1,5,4,5,7,2,1,10,5,5,2,17,6,3,10,1,1,B03,7,5,1,8,2,2,"  ",6,6,1,21,8,B03,120.683686,24.176072,2,66000,387130000C,(04)23289100,(04)25368667
888,2023,03,3,8,0,臺中市,神岡區,0,1,0,8,1,5,50,14,9,1,5,4,5,7,4,4,5,4,5,1,17,17,3,10,1,1,C03,7,9,1,10,2,12,"  ",17,17,1,12,8,C03,120.698603,24.261592,2,66000,387130000C,(04)23289100,(04)25368667
889,2023,03,3,8,3,臺中市,西區,0,1,0,8,1,5,50,14,9,1,5,4,5,7,4,4,9,5,5,2,18,42,2,9,3,4,C03,7,9,1,10,1,14,"  ",42,42,1,22,5,C03,120.662382,24.162489,2,66000,387130000C,(04)23289100,(04)25368667
890,2023,03,3,8,3,臺中市,東區,0,2,0,8,1,5,50,14,9,1,5,4,5,7,4,4,5,5,5,2,17,6,2,8,2,1,F01,7,9,8,20,2,16,"  ",6,6,1,21,8,F01,120.688836,24.124824,2,66000,387130000C,(04)23289100,(04)25368667
891,2023,03,3,8,3,臺中市,西屯區,0,1,0,8,1,5,40,14,8,1,5,4,5,7,4,4,1,4,5,2,13,16,2,9,3,4,C04,7,9,1,10,2,11,"  ",16,16,1,22,8,C04,120.646633,24.163964,2,66000,387130000C,(04)23289100,(04)25368667
892,2023,03,3,8,4,臺中市,沙鹿區,0,1,0,8,1,5,50,4,1,1,5,4,5,7,4,4,10,5,5,2,16,6,3,10,1,1,B03,7,6,1,8,2,2,"  ",6,6,1,22,9,B03,120.571078,24.203898,2,66000,387130000C,(04)23289100,(04)25368667
893,2023,03,3,8,5,臺中市,南區,0,1,0,8,1,5,50,14,9,1,5,4,3,7,4,4,5,5,5,2,17,42,3,10,1,1,B03,7,9,1,8,2,2,"  ",42,42,1,5,8,B03,120.659665,24.113794,2,66000,387130000C,(04)23289100,(04)25368667
894,2023,03,3,8,5,臺中市,西屯區,0,1,0,8,1,5,50,3,1,1,5,4,5,7,4,4,4,3,5,2,16,23,3,10,1,1,B03,7,9,1,8,1,2,"  ",23,23,1,22,8,B03,120.64848,24.169244,2,66000,387130000C,(04)23289100,(04)25368667
895,2023,03,3,8,5,臺中市,太平區,0,0,0,8,,,50,,,,,,,,,,,,,,,19,"  ","  ","  ","  ",B03,"  ","  ",1,"  ",1,"  ","  ",19,"   ",1,22,"  ",B03,120.721885,24.155618,3,66000,387130000C,(04)23289100,(04)25368667
896,2023,03,3,8,7,臺中市,西屯區,0,1,0,8,1,5,50,4,1,1,5,4,1,7,1,1,8,3,4,1,17,6,2,9,1,4,C03,7,5,1,10,2,12,"  ",6,6,1,4,8,C03,120.637588,24.173161,2,66000,387130000C,(04)23289100,(04)25368667
897,2023,03,3,8,10,臺中市,豐原區,0,1,0,8,1,5,30,15,9,1,5,4,5,7,4,4,10,5,5,2,11,5,2,9,1,1,C03,7,9,1,10,2,14,"  ",5,5,1,21,8,C03,120.70833,24.238792,2,66000,387130000C,(04)23289100,(04)25368667
898,2023,03,3,8,15,臺中市,南屯區,0,1,0,8,1,5,30,14,9,1,5,4,5,7,4,4,10,5,5,1,18,23,2,9,1,1,C03,7,9,1,10,9,14,"  ",23,23,1,22,9,C03,120.619915,24.148637,2,66000,387130000C,(04)23289100,(04)25368667
899,2023,03,3,8,15,臺中市,西屯區,0,1,0,8,1,5,50,3,1,1,5,4,5,7,1,1,1,3,5,2,13,23,2,9,1,1,C03,7,9,1,10,2,11,"  ",23,23,1,22,9,C03,120.651859,24.18101,2,66000,387130000C,(04)23289100,(04)25368667
900,2023,03,3,8,18,臺中市,西屯區,0,0,0,8,,,60,,,,,,,,,,,,,,,7,"  ","  ","  ","  ",B03,"  ","  ",1,"  ",2,"  ","  ",7,"   ",1,22,"  ",B03,120.630838,24.162441,3,66000,387130000C,(04)23289100,(04)25368667
901,2023,03,3,8,23,臺中市,神岡區,0,0,0,8,,,50,,,,,,,,,,,,,,,6,"  ","  ","  ","  ",B03,"  ","  ",1,"  ",2,"  ","  ",6,6,1,22,"  ",B03,120.699422,24.264062,3,66000,387130000C,(04)23289100,(04)25368667
902,2023,03,3,8,24,臺中市,南屯區,0,0,0,8,,,50,,,,,,,,,,,,,,,12,"  ","  ","  ","  ",B03,"  ","  ",1,"  ",2,"  ","  ",12,"   ",1,22,"  ",B03,120.624488,24.136945,3,66000,387130000C,(04)23289100,(04)25368667
903,2023,03,3,8,25,臺中市,北區,0,1,0,8,1,5,50,14,9,1,5,4,5,7,4,4,5,4,5,2,9,19,3,10,1,1,A02,7,1,1,1,2,2,"  ",19,19,1,22,8,A02,120.684029,24.149318,2,66000,387130000C,(04)23289100,(04)25368667
904,2023,03,3,8,25,臺中市,北屯區,0,2,0,8,1,5,30,3,1,1,5,4,5,7,4,4,10,5,5,2,17,6,2,9,1,1,C03,7,15,1,10,2,11,"  ",14,6,1,22,8,C03,120.696143,24.184355,2,66000,387130000C,(04)23289100,(04)25368667
905,2023,03,3,8,26,臺中市,西屯區,0,0,0,8,,,50,,,,,,,,,,,,,,,7,"  ","  ","  ","  ",C03,"  ","  ",1,"  ",1,"  ","  ",7,"   ",1,22,"  ",C03,120.651766,24.166186,3,66000,387130000C,(04)23289100,(04)25368667
906,2023,03,3,8,29,臺中市,北屯區,0,0,0,8,,,50,,,,,,,,,,,,,,,23,"  ","  ","  ","  ",B03,"  ","  ",1,"  ",2,"  ","  ",23,"   ",1,22,"  ",B03,120.672648,24.174234,3,66000,387130000C,(04)23289100,(04)25368667
907,2023,03,3,8,30,臺中市,西屯區,0,0,0,8,,,50,,,,,,,,,,,,,,,16,"  ","  ","  ","  ",C03,"  ","  ",1,"  ",1,"  ","  ",16,"   ",1,4,"  ",C03,120.667521,24.174832,3,66000,387130000C,(04)23289100,(04)25368667
908,2023,03,3,8,30,臺中市,烏日區,0,2,0,8,1,5,50,14,22,1,5,4,5,7,4,4,1,5,5,2,10,25,2,9,1,1,C03,7,9,1,10,2,11,"  ",25,25,1,21,8,C03,120.634488,24.110868,2,66000,387130000C,(04)23289100,(04)25368667
909,2023,03,3,8,34,臺中市,南屯區,0,1,0,8,1,5,40,3,1,1,5,4,5,7,1,1,10,5,5,2,16,26,2,9,3,4,C03,7,4,1,10,2,12,"  ",26,26,1,12,8,C03,120.624108,24.152316,2,66000,387130000C,(04)23289100,(04)25368667
910,2023,03,3,8,35,臺中市,北屯區,0,1,0,8,1,5,50,4,1,1,5,4,5,7,1,1,10,5,5,2,15,25,2,9,1,1,C03,7,9,1,10,2,14,"  ",25,25,1,22,1,C03,120.705755,24.175961,2,66000,387130000C,(04)23289100,(04)25368667
911,2023,03,3,8,47,臺中市,北區,0,1,0,8,1,5,40,4,1,1,5,4,5,7,1,1,10,5,5,2,17,13,2,9,1,1,B03,7,9,1,10,2,15,"  ",13,13,1,22,9,B03,120.67051,24.155741,2,66000,387130000C,(04)23289100,(04)25368667
912,2023,03,3,8,48,臺中市,梧棲區,0,2,0,8,1,5,40,4,1,1,5,4,5,7,3,1,1,4,5,1,15,6,2,9,1,1,C03,7,9,1,10,2,11,"  ",6,6,1,4,8,C03,120.545835,24.250707,2,66000,387130000C,(04)23289100,(04)25368667
913,2023,03,3,8,49,臺中市,大雅區,0,2,0,8,1,5,50,3,1,1,5,4,5,7,3,1,5,5,5,1,16,23,2,9,1,1,C03,7,9,1,10,2,15,"  ",23,23,1,22,8,C03,120.62451,24.235306,2,66000,387130000C,(04)23289100,(04)25368667
914,2023,03,3,8,50,臺中市,西區,0,2,0,8,1,5,50,4,2,1,5,4,5,7,2,1,1,4,5,2,13,23,2,9,1,1,C03,7,9,1,10,2,11,"  ",23,23,1,22,8,C03,120.661045,24.159344,2,66000,387130000C,(04)23289100,(04)25368667
915,2023,03,3,8,52,臺中市,東區,0,0,0,8,1,5,50,14,9,1,5,4,5,7,4,4,10,5,5,2,17,40,3,10,2,1,B12,7,13,1,8,2,4,"  ",40,40,1,5,8,B12,120.698816,24.126298,3,66000,387130000C,(04)23289100,(04)25368667
916,2023,03,3,8,56,臺中市,豐原區,0,2,0,8,1,5,30,4,1,1,5,4,5,7,4,4,10,5,5,2,15,6,2,9,1,1,C03,7,9,1,10,2,11,"  ",6,6,1,22,8,C03,120.725033,24.250298,2,66000,387130000C,(04)23289100,(04)25368667
917,2023,03,3,8,57,臺中市,南屯區,0,0,0,,,,50,,,,,,,,,,,,,,,7,"  ","  ","  ","  ",B02,"  ","  ",1,"  ",1,"  ","  ",7,"   ",1,22,"  ",B02,120.642251,24.142061,3,66000,387130000C,(04)23289100,(04)25368667
918,2023,03,3,8,58,臺中市,西屯區,0,0,0,8,,,60,,,,,,,,,,,,,,,23,"  ","  ","  ","  ",A05,"  ","  ",1,"  ",9,"  ","  ",23,"   ",1,22,"  ",A05,120.641076,24.167898,3,66000,387130000C,(04)23289100,(04)25368667
919,2023,03,3,9,0,臺中市,大里區,0,2,0,8,1,5,50,3,1,1,5,4,5,7,4,4,10,5,5,2,16,6,2,9,1,1,C03,7,5,1,10,2,11,"  ",6,6,1,22,8,C03,120.701411,24.086365,2,66000,387130000C,(04)23289100,(04)25368667
920,2023,03,3,9,0,臺中市,太平區,0,0,0,8,,,30,,,,,,,,,,,,,,,23,"  ","  ","  ","  ",A12,"  ","  ",1,"  ",2,"  ","  ",23,23,1,10,"  ",A12,120.710645,24.123945,4,66000,387130000C,(04)23289100,(04)25368667
921,2023,03,3,9,0,臺中市,后里區,0,0,0,8,,,50,,,,,,,,,,,,,,,23,"  ","  ","  ","  ",B02,"  ","  ",1,"  ",2,"  ","  ",23,"   ",1,22,"  ",B02,120.727572,24.309328,3,66000,387130000C,(04)23289100,(04)25368667
922,2023,03,3,9,0,臺中市,大甲區,0,0,0,8,,,70,,,,,,,,,,,,,,,7,"  ","  ","  ","  ",G02,"  ","  ",1,"  ",2,"  ","  ",7,"   ",1,7,"  ",G02,120.645626,24.371743,3,66000,387130000C,(04)23289100,(04)25368667
923,2023,03,3,9,0,臺中市,神岡區,0,0,0,8,,,50,,,,,,,,,,,,,,,16,"  ","  ","  ","  ",C03,"  ","  ",1,"  ",1,"  ","  ",16,"   ",1,12,"  ",C03,120.699207,24.248976,3,66000,387130000C,(04)23289100,(04)25368667
924,2023,03,3,9,5,臺中市,西屯區,0,1,0,8,1,5,50,4,1,1,5,4,5,7,2,1,10,5,5,2,16,26,2,9,3,4,C03,7,5,1,10,2,14,"  ",26,26,1,22,8,C03,120.639458,24.174683,2,66000,387130000C,(04)23289100,(04)25368667
925,2023,03,3,9,6,臺中市,北區,0,0,0,,,,40,,,,,,,,,,,,,,,23,"  ","  ","  ","  ",B12,"  ","  ",1,"  ",1,"  ","  ",23,"   ",1,10,"  ",B12,120.703266,24.15925,3,66000,387130000C,(04)23289100,(04)25368667
926,2023,03,3,9,6,臺中市,南屯區,0,1,0,8,1,5,50,3,1,1,5,4,5,7,4,4,10,5,5,2,16,6,3,10,1,1,B03,7,5,1,8,2,4,"  ",6,6,1,22,9,B03,120.645688,24.133488,2,66000,387130000C,(04)23289100,(04)25368667
927,2023,03,3,9,12,臺中市,北屯區,0,1,0,8,1,5,50,14,9,1,5,4,5,7,4,4,9,5,5,2,17,23,2,9,1,1,C03,7,15,1,10,2,12,"  ",23,23,1,21,8,C03,120.704322,24.184591,2,66000,387130000C,(04)23289100,(04)25368667
928,2023,03,3,9,13,臺中市,西屯區,0,2,0,8,1,5,50,4,1,1,5,4,5,7,1,1,1,3,1,2,16,23,2,9,1,1,C03,7,9,1,10,1,11,"  ",23,23,1,22,8,C03,120.637158,24.186084,2,66000,387130000C,(04)23289100,(04)25368667
929,2023,03,3,9,14,臺中市,霧峰區,0,0,0,8,1,5,50,14,13,1,5,4,5,7,1,1,5,4,5,1,13,16,"  ","  ","  ","  ",C03,"  ","  ",1,"  ",2,"  ","  ",16,"   ",1,22,"  ",C03,120.715171,24.073637,3,66000,387130000C,(04)23289100,(04)25368667
930,2023,03,3,9,21,臺中市,北屯區,0,1,0,8,1,5,50,4,18,1,5,4,5,7,2,1,10,5,5,2,2,15,3,10,1,1,B03,7,5,1,8,2,8,"  ",15,15,1,22,8,B03,120.6961,24.184403,2,66000,387130000C,(04)23289100,(04)25368667
931,2023,03,3,9,23,臺中市,南屯區,0,0,0,8,,,50,,,,,,,,,,,,,,,2,"  ","  ","  ","  ",B03,"  ","  ",1,"  ",9,"  ","  ",2,"   ",1,5,"  ",B03,120.630811,24.144949,3,66000,387130000C,(04)23289100,(04)25368667
932,2023,03,3,9,28,臺中市,大里區,0,1,0,8,1,5,50,14,7,1,5,4,5,7,4,4,5,5,4,2,12,7,2,9,1,1,C03,7,7,1,10,2,14,"  ",7,7,1,22,8,C03,120.703796,24.092734,2,66000,387130000C,(04)23289100,(04)25368667
933,2023,03,3,9,30,臺中市,潭子區,0,1,0,8,1,5,50,14,9,1,5,4,5,7,4,4,9,5,5,2,16,11,3,10,1,1,B12,7,11,1,8,2,5,"  ",11,11,1,22,9,B12,120.718763,24.203325,2,66000,387130000C,(04)23289100,(04)25368667
934,2023,03,3,9,33,臺中市,西區,0,2,0,8,1,5,50,4,1,1,5,4,5,7,4,4,10,5,5,2,17,26,2,9,1,1,C03,7,5,1,10,2,12,"  ",26,26,1,21,8,C03,120.655118,24.138428,2,66000,387130000C,(04)23289100,(04)25368667
935,2023,03,3,9,33,臺中市,大甲區,0,0,0,8,1,2,50,11,9,1,5,4,5,7,1,1,1,4,5,1,13,23,3,10,1,1,B03,7,1,1,8,1,1,"  ",23,23,1,9,1,B03,120.617517,24.33945,3,66000,387130000C,(04)23289100,(04)25368667
936,2023,03,3,9,38,臺中市,東區,0,1,0,8,1,5,50,14,9,1,5,4,5,7,4,4,5,4,5,2,18,23,2,9,1,1,C03,7,9,1,10,2,12,"  ",23,23,1,22,8,C03,120.704972,24.1305,2,66000,387130000C,(04)23289100,(04)25368667
937,2023,03,3,9,40,臺中市,神岡區,0,0,0,8,,,50,,,,,,,,,,,,,,,16,"  ","  ","  ","  ",C03,"  ","  ",1,"  ",2,"  ","  ",16,"   ",1,22,"  ",C03,120.711301,24.258133,3,66000,387130000C,(04)23289100,(04)25368667
938,2023,03,3,9,41,臺中市,太平區,0,0,0,8,,,40,,,,,,,,,,,,,,,17,"  ","  ","  ","  ",B12,"  ","  ",1,"  ",2,"  ","  ",17,"   ",1,22,"  ",B12,120.714552,24.122855,3,66000,387130000C,(04)23289100,(04)25368667
939,2023,03,3,9,41,臺中市,沙鹿區,0,0,0,8,,,50,,,,,,,,,,,,,,,23,"  ","  ","  ","  ",B03,"  ","  ",1,"  ",2,"  ","  ",23,"   ",1,4,"  ",B03,120.575332,24.247777,3,66000,387130000C,(04)23289100,(04)25368667
940,2023,03,3,9,45,臺中市,北屯區,0,0,0,8,,,50,,,,,,,,,,,,,,,23,"  ","  ","  ","  ",B03,"  ","  ",1,"  ",2,"  ","  ",23,"   ",1,21,"  ",B03,120.663563,24.190146,3,66000,387130000C,(04)23289100,(04)25368667
941,2023,03,3,9,45,臺中市,北屯區,0,0,0,8,,,50,,,,,,,,,,,,,,,43,"  ","  ","  ","  ","   ","  ","  ","  ","  ","  ","  ","  ",43,43,1,"  ","  ","   ",120.685102,24.177769,3,66000,387130000C,(04)23289100,(04)25368667
942,2023,03,3,9,59,臺中市,石岡區,0,0,0,8,,,70,,,,,,,,,,,,,,,43,"  ","  ","  ","  ",B12,"  ","  ",3,"  ",9,"  ","  ",43,"   ",1,20,"  ",B12,120.801867,24.268543,3,66000,387130000C,(04)23289100,(04)25368667
943,2023,03,3,10,2,臺中市,南區,0,1,0,8,1,5,50,3,1,1,5,4,1,6,4,4,10,5,5,2,17,23,2,9,1,1,C03,7,9,1,10,2,11,"  ",23,23,1,22,8,C03,120.658288,24.125699,2,66000,387130000C,(04)23289100,(04)25368667
944,2023,03,3,10,10,臺中市,龍井區,0,0,0,8,,,30,,,,,,,,,,,,,,,23,"  ","  ","  ","  ",C03,"  ","  ",1,"  ",2,"  ","  ",23,"   ",1,22,"  ",C03,120.57522,24.181482,3,66000,387130000C,(04)23289100,(04)25368667
945,2023,03,3,10,12,臺中市,潭子區,0,1,0,8,1,5,50,3,1,1,5,4,5,7,3,1,5,4,4,2,17,23,3,10,1,1,B03,7,5,1,8,2,7,"  ",23,23,1,22,8,B03,120.692183,24.221436,2,66000,387130000C,(04)23289100,(04)25368667
946,2023,03,3,10,13,臺中市,西屯區,0,1,0,8,1,5,50,4,1,1,5,4,5,7,1,1,8,4,5,1,16,6,3,10,1,4,B03,7,5,1,8,2,2,"  ",6,6,1,4,8,B03,120.645855,24.181758,2,66000,387130000C,(04)23289100,(04)25368667
947,2023,03,3,10,22,臺中市,西屯區,0,2,0,8,1,5,50,3,1,1,5,4,5,7,3,1,5,3,4,2,16,8,2,9,1,1,C03,7,5,1,10,2,11,"  ",8,8,1,22,9,C03,120.665216,24.178157,2,66000,387130000C,(04)23289100,(04)25368667
948,2023,03,3,10,22,臺中市,西屯區,0,2,0,8,1,5,40,4,1,1,5,4,5,7,1,1,10,5,5,2,15,25,2,7,3,4,C03,7,9,1,10,1,11,"  ",25,25,1,22,8,C03,120.662572,24.163561,2,66000,387130000C,(04)23289100,(04)25368667
949,2023,03,3,10,22,臺中市,大里區,0,1,0,8,1,5,50,3,1,1,5,4,5,7,4,4,5,5,5,1,16,8,3,10,1,1,B03,7,5,1,8,2,4,"  ",8,8,1,22,9,B03,120.681802,24.106036,2,66000,387130000C,(04)23289100,(04)25368667
950,2023,03,3,10,30,臺中市,龍井區,0,1,0,8,1,5,30,3,1,1,5,4,5,7,4,4,10,5,5,2,17,6,2,5,1,1,C03,7,5,1,10,2,11,"  ",6,6,1,3,7,C03,120.53,24.21,2,66000,387130000C,(04)23289100,(04)25368667
951,2023,03,3,10,30,臺中市,大甲區,0,1,0,8,1,5,50,3,2,1,5,4,5,7,4,4,9,5,5,2,13,16,2,9,1,1,C03,7,9,1,10,2,11,"  ",16,16,1,21,8,C03,120.636498,24.366003,2,66000,387130000C,(04)23289100,(04)25368667
952,2023,03,3,10,41,臺中市,北區,0,0,0,8,,,50,,,,,,,,,,,,,,,42,"  ","  ","  ","  ",B12,"  ","  ",1,"  ",2,"  ","  ",42,"   ",1,22,"  ",B12,120.67688,24.164613,3,66000,387130000C,(04)23289100,(04)25368667
953,2023,03,3,10,48,臺中市,神岡區,0,0,0,8,,,50,,,,,,,,,,,,,,,42,"  ","  ","  ","  ",B03,"  ","  ",1,"  ",2,"  ","  ",42,"   ",1,12,"  ",B03,120.705405,24.275351,3,66000,387130000C,(04)23289100,(04)25368667
954,2023,03,3,10,49,臺中市,北區,0,1,0,8,1,5,50,3,1,1,5,4,5,7,1,1,10,5,5,2,12,7,3,10,1,1,C03,7,7,1,10,2,13,"  ",7,7,1,22,8,C03,120.668305,24.166829,2,66000,387130000C,(04)23289100,(04)25368667
955,2023,03,3,10,50,臺中市,太平區,0,0,0,8,,,50,,,,,,,,,,,,,,,19,"  ","  ","  ","  ",B03,"  ","  ",1,8,1,"  ","  ",19,19,1,21,"  ",B03,120.7181,24.14933,3,66000,387130000C,(04)23289100,(04)25368667
956,2023,03,3,10,55,臺中市,沙鹿區,0,1,0,8,1,5,50,11,8,1,5,4,5,7,4,4,8,3,4,1,18,42,2,9,3,4,C03,7,9,1,10,2,14,"  ",42,42,1,22,8,C03,120.581519,24.241577,2,66000,387130000C,(04)23289100,(04)25368667
957,2023,03,3,10,56,臺中市,東區,0,1,0,8,1,5,50,4,1,1,5,4,5,7,1,1,10,5,5,2,15,25,4,11,1,4,C03,7,9,3,18,9,11,"  ",25,25,1,21,8,C03,120.700722,24.127289,2,66000,387130000C,(04)23289100,(04)25368667
958,2023,03,3,10,59,臺中市,西屯區,0,0,0,8,,,50,,,,,,,,,,,,,,,23,"  ","  ","  ","  ",A02,"  ","  ",1,"  ",2,"  ","  ",23,"   ",1,22,"  ",A02,120.655541,24.200208,3,66000,387130000C,(04)23289100,(04)25368667
959,2023,03,3,11,2,臺中市,東區,0,2,0,8,1,5,30,5,1,1,5,4,5,7,4,4,10,5,5,2,16,6,2,9,1,1,C03,7,1,1,10,2,11,"  ",6,6,1,18,8,C03,120.692872,24.149244,2,66000,387130000C,(04)23289100,(04)25368667
960,2023,03,3,11,2,臺中市,龍井區,0,1,0,8,1,5,30,3,1,1,5,4,5,7,4,4,10,5,5,2,16,6,3,10,3,4,B03,7,5,1,8,2,4,"  ",6,6,1,22,9,B03,120.579994,24.180482,2,66000,387130000C,(04)23289100,(04)25368667
961,2023,03,3,11,4,臺中市,潭子區,0,0,0,8,,,50,,,,,,,,,,,,,,,23,"  ","  ","  ","  ",B03,"  ","  ",1,"  ",2,"  ","  ",23,"   ",1,22,"  ",B03,120.707135,24.200376,3,66000,387130000C,(04)23289100,(04)25368667
962,2023,03,3,11,9,臺中市,西屯區,0,1,0,8,1,5,50,14,9,1,5,4,5,7,4,4,8,4,5,1,13,16,3,10,1,4,C03,7,9,1,10,2,11,"  ",16,16,1,4,8,C03,120.641171,24.168516,2,66000,387130000C,(04)23289100,(04)25368667
963,2023,03,3,11,10,臺中市,南屯區,0,1,0,8,1,5,50,14,7,1,5,4,5,7,4,4,9,4,4,2,13,23,3,10,1,1,C03,7,9,1,10,2,11,"  ",23,23,1,22,9,C03,120.636476,24.146156,2,66000,387130000C,(04)23289100,(04)25368667
964,2023,03,3,11,10,臺中市,西屯區,0,0,0,8,,,50,,,,,,,,,,,,,,,16,"  ","  ","  ","  ",B11,"  ","  ",1,"  ",1,"  ","  ",16,"   ",1,4,"  ",B11,120.651596,24.209665,3,66000,387130000C,(04)23289100,(04)25368667
965,2023,03,3,11,11,臺中市,太平區,0,1,0,8,1,5,50,3,1,1,5,4,5,7,1,1,10,5,5,2,12,1,2,7,1,1,C03,7,4,1,10,2,14,"  ",1,1,1,22,8,C03,120.712233,24.126044,2,66000,387130000C,(04)23289100,(04)25368667
966,2023,03,3,11,12,臺中市,北屯區,0,0,0,8,,,50,,,,,,,,,,,,,,,42,"  ","  ","  ","  ",B12,"  ","  ",1,"  ",2,"  ","  ",42,"   ",1,5,"  ",B12,120.6951,24.184895,3,66000,387130000C,(04)23289100,(04)25368667
967,2023,03,3,11,14,臺中市,大里區,0,0,0,8,,,30,,,,,,,,,,,,,,,17,"  ","  ","  ","  ",A12,"  ","  ",1,"  ",2,"  ","  ",17,"   ",1,5,"  ",A12,120.70604,24.111497,3,66000,387130000C,(04)23289100,(04)25368667
968,2023,03,3,11,15,臺中市,北區,0,1,0,8,1,5,50,4,1,1,5,4,5,7,1,1,10,5,5,2,16,26,3,10,1,1,B03,7,6,1,8,2,2,"  ",26,26,1,22,9,B03,120.686252,24.15482,2,66000,387130000C,(04)23289100,(04)25368667
969,2023,03,3,11,17,臺中市,西屯區,0,0,0,8,,,40,,,,,,,,,,,,,,,19,"  ","  ","  ","  ",C03,"  ","  ",1,"  ",1,"  ","  ",19,"   ",1,4,"  ",C03,120.59575,24.181968,3,66000,387130000C,(04)23289100,(04)25368667
970,2023,03,3,11,17,臺中市,霧峰區,0,0,0,8,,,40,,,,,,,,,,,,,,,26,"  ","  ","  ","  ",B03,"  ","  ",1,"  ",2,"  ","  ",26,"   ",1,4,"  ",B03,120.662944,24.063028,3,66000,387130000C,(04)23289100,(04)25368667
971,2023,03,3,11,21,臺中市,北屯區,0,3,0,8,1,5,50,14,9,1,5,4,5,7,4,4,1,4,5,2,12,7,2,9,1,1,C03,7,10,1,10,2,14,11,7,7,1,21,8,C03,120.672696,24.174105,2,66000,387130000C,(04)23289100,(04)25368667
972,2023,03,3,11,22,臺中市,西屯區,0,0,0,8,,,50,,,,,,,,,,,,,,,23,"  ","  ","  ","  ",B03,"  ","  ",1,"  ",2,"  ","  ",23,"   ",1,22,"  ",B03,120.644621,24.161023,3,66000,387130000C,(04)23289100,(04)25368667
973,2023,03,3,11,24,臺中市,潭子區,0,2,0,8,1,5,50,4,1,1,5,4,5,7,1,1,3,4,4,1,15,25,2,9,1,1,C03,7,9,1,10,2,11,"  ",25,25,1,22,9,C03,120.712236,24.21306,2,66000,387130000C,(04)23289100,(04)25368667
974,2023,03,3,11,24,臺中市,西屯區,0,1,0,8,1,5,30,14,9,1,5,4,5,7,4,4,10,5,5,2,17,23,2,9,1,1,C03,7,9,1,10,1,12,"  ",23,23,1,4,8,C03,120.647813,24.174892,2,66000,387130000C,(04)23289100,(04)25368667
975,2023,03,3,11,25,臺中市,北區,0,1,0,8,1,5,50,3,1,1,5,4,5,7,4,4,5,4,4,2,16,42,2,9,1,1,C03,7,5,1,10,2,14,"  ",42,42,1,22,8,C03,120.669655,24.170163,2,66000,387130000C,(04)23289100,(04)25368667