序號,年,月,日,時,分,縣市,區,死亡數量,受傷數量,2-30,天候,光線,道路類別,速限_速度(公里),道路型態,事故位置,路面鋪裝,路面狀態,路面缺陷,障礙物,視距,號誌種類,號誌動作,分向設施,快車道或一般車道間,快慢車道間,路面邊線,事故類型及型態,主要肇因,受傷程度,主要傷處,保護裝備,行動電話,當事者區分,車輛用途,當事者行動狀態,駕駛資格情形,駕駛執照種類,飲酒情形,車輛撞擊部位最初,車輛撞擊部位其他,肇事因素個別,肇事因素主要,肇事逃逸,職業,旅次目的,車種,GPS座標X,GPS座標Y,事故類別,縣市別代碼,機關代碼,市話,傳真
976,2023,03,3,11,32,臺中市,西區,0,0,0,8,,,50,,,,,,,,,,,,,,,42,"  ","  ","  ","  ",C03,"  ","  ",1,"  ",1,"  ","  ",42,"   ",1,22,"  ",C03,120.672769,24.135858,3,66000,387130000C,(04)23289100,(04)25368667
977,2023,03,3,11,32,臺中市,大里區,0,1,0,8,1,5,50,4,7,1,5,4,5,7,1,1,5,5,4,1,12,7,2,9,1,1,C03,7,7,3,18,2,13,"  ",7,7,1,5,8,C03,120.683818,24.11355,2,66000,387130000C,(04)23289100,(04)25368667
978,2023,03,3,11,32,臺中市,清水區,0,1,0,8,1,5,50,14,13,1,5,4,5,7,4,4,5,5,5,1,12,23,2,7,1,1,C03,7,9,1,10,2,12,"  ",23,23,1,21,7,C03,120.575503,24.266023,2,66000,387130000C,(04)23289100,(04)25368667
979,2023,03,3,11,34,臺中市,北區,0,2,0,8,1,5,50,4,1,1,5,4,5,7,4,4,10,5,5,2,16,6,2,9,1,1,C03,7,9,1,10,2,11,"  ",6,6,1,22,8,C03,120.689241,24.161399,2,66000,387130000C,(04)23289100,(04)25368667
980,2023,03,3,11,36,臺中市,北屯區,0,0,0,8,,,80,,,,,,,,,,,,,,,43,"  ","  ","  ","  ",B03,"  ","  ",1,"  ",11,"  ","  ",43,"   ",1,21,"  ",B03,120.699902,24.201302,3,66000,387130000C,(04)23289100,(04)25368667
981,2023,03,3,11,39,臺中市,霧峰區,0,2,0,8,1,5,30,14,9,1,5,4,5,7,4,4,10,5,5,2,17,42,2,9,1,1,C03,7,9,1,10,2,12,"  ",42,42,1,22,9,C03,120.66958,24.061992,2,66000,387130000C,(04)23289100,(04)25368667
982,2023,03,3,11,40,臺中市,南屯區,0,1,0,8,1,5,50,3,1,1,5,4,5,7,3,1,10,5,5,2,13,16,2,9,1,1,C03,7,9,1,10,2,11,"  ",16,16,1,20,8,C03,120.630671,24.138886,2,66000,387130000C,(04)23289100,(04)25368667
983,2023,03,3,11,40,臺中市,大肚區,0,0,0,8,,,30,,,,,,,,,,,,,,,23,"  ","  ","  ","  ",B11,"  ","  ",1,"  ",2,"  ","  ",23,"   ",1,22,"  ",B11,120.573033,24.163334,3,66000,387130000C,(04)23289100,(04)25368667
984,2023,03,3,11,43,臺中市,北屯區,0,0,0,8,,,50,,,,,,,,,,,,,,,7,"  ","  ","  ","  ",B03,"  ","  ",1,"  ",1,"  ","  ",7,7,1,22,"  ",B03,120.722657,24.176044,3,66000,387130000C,(04)23289100,(04)25368667
985,2023,03,3,11,45,臺中市,西屯區,0,0,0,8,,,40,,,,,,,,,,,,,,,19,"  ","  ","  ","  ",B03,"  ","  ",1,"  ",2,"  ","  ",19,"   ",1,22,"  ",B03,120.653381,24.162965,3,66000,387130000C,(04)23289100,(04)25368667
986,2023,03,3,11,50,臺中市,北屯區,0,2,0,8,1,8,50,3,9,1,5,4,5,7,4,4,10,5,5,2,16,6,2,9,1,1,C03,7,5,1,10,2,15,"  ",6,6,1,22,8,C03,120.68078,24.173332,2,66000,387130000C,(04)23289100,(04)25368667
987,2023,03,3,11,52,臺中市,潭子區,0,1,0,8,1,5,50,14,9,1,5,4,5,7,4,4,9,4,4,1,12,7,3,10,1,1,B03,7,8,1,8,2,5,"  ",7,7,1,22,8,B03,120.6964,24.21643,2,66000,387130000C,(04)23289100,(04)25368667
988,2023,03,3,11,52,臺中市,潭子區,0,0,0,8,,,30,,,,,,,,,,,,,,,12,"  ","  ","  ","  ",C03,"  ","  ",1,"  ",2,"  ","  ",12,12,1,22,"  ",C03,120.700575,24.212273,3,66000,387130000C,(04)23289100,(04)25368667
989,2023,03,3,11,52,臺中市,南區,0,0,0,8,1,5,50,14,9,1,5,4,5,7,4,4,5,5,5,2,14,11,3,10,1,1,B12,7,2,1,3,1,3,"  ",11,11,1,10,8,B12,120.683278,24.131307,3,66000,387130000C,(04)23289100,(04)25368667
990,2023,03,3,11,52,臺中市,北屯區,0,3,0,8,1,5,40,14,8,1,5,4,5,7,4,4,1,4,4,2,17,40,3,10,1,1,B03,7,13,1,8,2,4,"  ",40,40,1,22,8,B03,120.695191,24.185113,2,66000,387130000C,(04)23289100,(04)25368667
991,2023,03,3,12,2,臺中市,南屯區,0,0,0,,,,50,,,,,,,,,,,,,,,23,"  ","  ","  ","  ",B03,"  ","  ",1,"  ",1,"  ","  ",23,"   ",1,22,"  ",B03,120.64648,24.150548,3,66000,387130000C,(04)23289100,(04)25368667
992,2023,03,3,12,7,臺中市,北屯區,0,0,0,8,,,50,,,,,,,,,,,,,,,7,"  ","  ","  ","  ",B12,"  ","  ",1,"  ",2,"  ","  ",7,"   ",1,21,"  ",B12,120.680271,24.200808,3,66000,387130000C,(04)23289100,(04)25368667
993,2023,03,3,12,9,臺中市,豐原區,0,2,0,8,1,5,50,14,7,1,5,4,5,7,4,4,1,4,4,1,13,16,2,9,1,1,C03,7,9,1,10,2,11,"  ",16,16,1,22,8,C03,120.737173,24.251766,2,66000,387130000C,(04)23289100,(04)25368667
994,2023,03,3,12,14,臺中市,北屯區,0,2,0,8,1,5,50,4,1,1,5,4,5,7,1,1,3,4,5,2,12,23,2,9,1,1,C03,7,9,1,10,2,11,"  ",23,23,1,22,8,C03,120.662357,24.188498,2,66000,387130000C,(04)23289100,(04)25368667
995,2023,03,3,12,16,臺中市,神岡區,0,1,0,8,1,5,50,3,2,1,5,4,5,7,3,1,5,5,5,1,12,17,3,10,3,4,B03,7,4,1,8,2,5,"  ",17,17,1,22,9,B03,120.660963,24.257693,2,66000,387130000C,(04)23289100,(04)25368667
996,2023,03,3,12,20,臺中市,太平區,0,2,0,8,1,5,30,4,1,1,5,4,5,7,4,4,10,5,5,2,15,6,2,9,1,1,C03,7,9,1,9,2,11,"  ",6,6,1,18,8,C03,120.725699,24.142586,2,66000,387130000C,(04)23289100,(04)25368667
997,2023,03,3,12,23,臺中市,北屯區,0,0,0,8,,,50,,,,,,,,,,,,,,,23,"  ","  ","  ","  ",B03,"  ","  ",1,"  ",1,"  ","  ",23,"   ",1,21,"  ",B03,120.690879,24.164959,3,66000,387130000C,(04)23289100,(04)25368667
998,2023,03,3,12,23,臺中市,太平區,0,0,0,8,,,80,,,,,,,,,,,,,,,23,"  ","  ","  ","  ",B03,"  ","  ",1,"  ",1,1,"  ",23,23,1,21,"  ",B03,120.710725,24.141557,3,66000,387130000C,(04)23289100,(04)25368667
999,2023,03,3,12,24,臺中市,北區,0,2,0,8,1,5,50,3,1,1,5,4,5,7,1,1,10,5,5,2,16,6,3,10,1,1,C03,7,6,1,10,2,13,"  ",6,6,1,22,9,C03,120.685093,24.157602,2,66000,387130000C,(04)23289100,(04)25368667
1000,2023,03,3,12,38,臺中市,霧峰區,0,1,0,8,1,5,50,3,2,1,5,4,5,7,4,4,5,5,4,1,12,1,3,10,1,1,B12,7,4,1,8,2,4,"  ",1,1,1,22,8,B12,120.699682,24.07279,2,66000,387130000C,(04)23289100,(04)25368667
1001,2023,03,3,12,40,臺中市,中區,0,0,0,,,,50,,,,,,,,,,,,,,,23,"  ","  ","  ","  ",B03,"  ","  ",1,"  ",2,"  ","  ",23,"   ",1,20,"  ",B03,120.679819,24.14075,3,66000,387130000C,(04)23289100,(04)25368667
1002,2023,03,3,12,45,臺中市,大里區,0,2,0,8,1,5,50,3,1,1,5,4,5,7,2,1,5,4,4,1,11,26,2,9,1,1,C03,7,5,1,10,2,12,"  ",26,26,1,4,5,C03,120.705877,24.09553,2,66000,387130000C,(04)23289100,(04)25368667
1003,2023,03,3,12,46,臺中市,太平區,0,1,0,8,1,5,50,5,1,1,5,4,5,7,1,1,10,5,5,2,13,16,3,10,1,1,C03,7,9,1,10,2,11,"  ",16,16,1,22,8,C03,120.711249,24.126716,2,66000,387130000C,(04)23289100,(04)25368667
1004,2023,03,3,12,48,臺中市,北屯區,0,1,0,8,1,5,50,4,1,1,5,4,5,7,1,1,10,5,5,2,16,6,3,10,1,1,B03,7,6,1,8,2,2,"  ",6,6,1,22,8,B03,120.67837,24.184174,2,66000,387130000C,(04)23289100,(04)25368667
1005,2023,03,3,13,0,臺中市,西屯區,0,2,0,8,1,5,50,14,9,1,5,4,5,7,4,4,5,4,5,2,13,16,2,9,1,1,C03,7,9,1,10,1,11,"  ",16,16,1,4,8,C03,120.644338,24.171448,2,66000,387130000C,(04)23289100,(04)25368667
1006,2023,03,3,13,2,臺中市,神岡區,0,0,0,8,,,30,,,,,,,,,,,,,,,12,"  ","  ","  ","  ",B03,"  ","  ",1,"  ",11,"  ","  ",12,12,2,22,"  ",B03,120.658098,24.274063,3,66000,387130000C,(04)23289100,(04)25368667
1007,2023,03,3,13,6,臺中市,西屯區,0,1,0,8,1,5,50,14,9,1,5,4,5,7,4,4,5,4,5,2,16,7,3,10,3,4,C03,7,7,1,10,2,13,14,7,7,1,22,8,C03,120.624656,24.178288,2,66000,387130000C,(04)23289100,(04)25368667
1008,2023,03,3,13,12,臺中市,東區,0,0,0,8,,,50,,,,,,,,,,,,,,,6,"  ","  ","  ","  ",B03,"  ","  ",1,"  ",2,"  ","  ",6,"   ",1,22,"  ",B03,120.706033,24.142108,3,66000,387130000C,(04)23289100,(04)25368667
1009,2023,03,3,13,15,臺中市,潭子區,0,2,0,8,1,5,50,4,1,1,5,4,5,7,4,4,5,4,5,1,15,6,2,8,1,1,C03,7,9,6,18,2,11,"  ",6,6,1,22,8,C03,120.709507,24.203106,2,66000,387130000C,(04)23289100,(04)25368667
1010,2023,03,3,13,15,臺中市,南區,0,1,0,8,1,5,50,15,22,1,5,4,5,7,4,4,9,5,4,2,17,10,2,9,1,1,C03,7,11,1,10,2,11,"  ",10,10,1,22,8,C03,120.662205,24.113131,2,66000,387130000C,(04)23289100,(04)25368667
1011,2023,03,3,13,15,臺中市,梧棲區,0,0,0,8,,,60,,,,,,,,,,,,,,,23,"  ","  ","  ","  ",B12,"  ","  ",1,"  ",2,"  ","  ",23,"   ",1,12,"  ",B12,120.524722,24.223374,3,66000,387130000C,(04)23289100,(04)25368667
1012,2023,03,3,13,20,臺中市,西屯區,0,0,0,8,,,40,,,,,,,,,,,,,,,12,"  ","  ","  ","  ",B12,"  ","  ",1,"  ",1,"  ","  ",12,"   ",1,22,"  ",B12,120.611832,24.193146,3,66000,387130000C,(04)23289100,(04)25368667
1013,2023,03,3,13,24,臺中市,大里區,0,0,0,8,1,5,50,14,9,1,5,4,5,7,3,1,5,4,5,1,13,23,"  ","  ","  ","  ",B12,"  ","  ",1,"  ",2,"  ","  ",23,"   ",1,22,"  ",B12,120.700222,24.092813,3,66000,387130000C,(04)23289100,(04)25368667
1014,2023,03,3,13,26,臺中市,北區,0,1,0,8,1,5,50,14,9,1,5,4,5,7,4,4,1,4,5,2,13,23,2,9,1,1,C03,7,9,1,10,2,12,"  ",23,23,1,22,8,C03,120.6707,24.173558,2,66000,387130000C,(04)23289100,(04)25368667
1015,2023,03,3,13,26,臺中市,北區,0,1,0,8,1,5,50,14,9,1,5,4,5,7,4,4,1,4,5,2,12,7,2,7,1,1,C03,7,7,1,10,2,14,"  ",7,7,1,5,8,C03,120.683324,24.148808,2,66000,387130000C,(04)23289100,(04)25368667
1016,2023,03,3,13,30,臺中市,西屯區,0,0,0,8,,,40,,,,,,,,,,,,,,,7,"  ","  ","  ","  ",B03,"  ","  ",1,"  ",1,"  ","  ",7,"   ",1,4,"  ",B03,120.639809,24.168387,3,66000,387130000C,(04)23289100,(04)25368667
1017,2023,03,3,13,31,臺中市,北屯區,0,0,0,8,,,50,,,,,,,,,,,,,,,12,"  ","  ","  ","  ",B03,"  ","  ",1,"  ",1,"  ","  ",12,"   ",1,22,"  ",B03,120.682216,24.169587,3,66000,387130000C,(04)23289100,(04)25368667
1018,2023,03,3,13,31,臺中市,西屯區,0,2,0,8,1,5,40,14,8,1,5,4,5,7,4,4,1,5,1,1,13,16,2,9,1,4,C03,7,9,1,10,2,11,"  ",16,16,1,4,8,C03,120.620146,24.180541,2,66000,387130000C,(04)23289100,(04)25368667
1019,2023,03,3,13,34,臺中市,西區,0,3,0,8,1,5,50,4,1,1,5,4,5,7,1,1,5,5,5,2,16,4,2,9,3,4,C03,7,5,1,10,2,14,"  ",4,4,1,21,8,C03,120.665287,24.150867,2,66000,387130000C,(04)23289100,(04)25368667
1020,2023,03,3,13,38,臺中市,霧峰區,1,0,0,8,1,5,40,14,9,1,5,4,5,7,4,4,5,5,5,1,20,43,1,3,3,4,B03,7,9,6,18,11,1,"  ",43,43,1,22,8,B03,120.692552,24.042826,1,66000,387130000C,(04)23289100,(04)25368667
1021,2023,03,3,13,40,臺中市,潭子區,0,0,0,8,,,50,,,,,,,,,,,,,,,1,"  ","  ","  ","  ",B02,"  ","  ",1,"  ",2,"  ","  ",1,"   ",1,22,"  ",B02,120.678911,24.204479,3,66000,387130000C,(04)23289100,(04)25368667
1022,2023,03,3,13,40,臺中市,西區,0,2,0,8,1,5,50,4,2,1,5,4,5,7,1,1,10,5,5,2,16,25,2,9,2,1,F01,7,6,8,20,2,16,"  ",25,25,1,22,9,F01,120.65714,24.157107,2,66000,387130000C,(04)23289100,(04)25368667
1023,2023,03,3,13,40,臺中市,南屯區,0,2,0,8,1,5,50,14,9,1,5,4,5,7,4,4,5,5,5,2,15,6,3,10,1,1,B03,7,9,1,8,2,2,"  ",6,6,1,5,8,B03,120.612791,24.148444,2,66000,387130000C,(04)23289100,(04)25368667
1024,2023,03,3,13,40,臺中市,和平區,0,0,0,,,,30,,,,,,,,,,,,,,,17,"  ","  ","  ","  ",B03,"  ","  ",1,"  ",1,"  ","  ",44,17,1,4,"  ",B03,121.311023,24.331881,3,66000,387130000C,(04)23289100,(04)25368667
1025,2023,03,3,13,44,臺中市,大肚區,0,0,0,8,,,30,,,,,,,,,,,,,,,6,"  ","  ","  ","  ",F01,"  ","  ",8,"  ",11,"  ","  ",6,"   ",1,22,"  ",F01,120.573046,24.163647,3,66000,387130000C,(04)23289100,(04)25368667
1026,2023,03,3,13,45,臺中市,西屯區,0,0,0,8,,,50,,,,,,,,,,,,,,,7,"  ","  ","  ","  ",B03,"  ","  ",1,"  ",1,"  ","  ",7,"   ",1,4,"  ",B03,120.636268,24.171048,3,66000,387130000C,(04)23289100,(04)25368667
1027,2023,03,3,13,50,臺中市,西屯區,0,0,0,8,,,80,,,,,,,,,,,,,,,23,"  ","  ","  ","  ",B12,"  ","  ",1,"  ",1,"  ","  ",23,"   ",1,22,"  ",B12,120.624556,24.154255,3,66000,387130000C,(04)23289100,(04)25368667
1028,2023,03,3,13,53,臺中市,太平區,0,0,0,8,,,30,,,,,,,,,,,,,,,12,"  ","  ","  ","  ",B12,"  ","  ",1,"  ",1,"  ","  ",12,"   ",1,10,"  ",B12,120.714551,24.147004,3,66000,387130000C,(04)23289100,(04)25368667
1029,2023,03,3,13,55,臺中市,豐原區,0,1,0,8,1,5,30,4,1,1,5,4,5,7,4,4,10,5,5,2,15,6,2,8,1,1,C03,7,9,1,10,2,12,"  ",6,6,1,21,8,C03,120.721915,24.255501,2,66000,387130000C,(04)23289100,(04)25368667
1030,2023,03,3,13,59,臺中市,南屯區,0,0,0,8,1,5,50,14,7,1,5,4,5,7,4,4,5,5,4,2,13,16,3,10,1,1,B03,7,9,1,8,2,1,"  ",16,16,1,22,8,B03,120.634093,24.158151,3,66000,387130000C,(04)23289100,(04)25368667
1031,2023,03,3,13,59,臺中市,西屯區,0,1,0,8,1,5,40,4,1,1,5,4,5,7,2,1,1,4,1,1,13,16,2,9,1,4,C03,7,9,1,10,2,11,"  ",16,16,1,4,8,C03,120.64661,24.164086,2,66000,387130000C,(04)23289100,(04)25368667
1032,2023,03,3,14,0,臺中市,南區,0,0,0,8,,,50,,,,,,,,,,,,,,,23,"  ","  ","  ","  ",B03,"  ","  ",1,"  ",2,"  ","  ",23,"   ",1,22,"  ",B03,120.679112,24.126961,3,66000,387130000C,(04)23289100,(04)25368667
1033,2023,03,3,14,3,臺中市,北區,0,0,0,,,,50,,,,,,,,,,,,,,,23,"  ","  ","  ","  ",A11,"  ","  ",1,"  ",11,"  ","  ",23,"   ",1,22,"  ",A11,120.685473,24.14792,3,66000,387130000C,(04)23289100,(04)25368667
1034,2023,03,3,14,3,臺中市,太平區,0,1,0,8,1,5,50,4,1,1,5,4,5,7,1,1,10,5,5,2,16,9,3,10,1,1,A11,7,6,1,3,2,5,"  ",9,9,1,10,8,A11,120.716532,24.158744,2,66000,387130000C,(04)23289100,(04)25368667
1035,2023,03,3,14,8,臺中市,西區,0,1,0,8,1,5,50,4,1,1,5,4,5,7,1,1,5,2,4,1,16,19,2,9,1,1,C03,7,1,1,10,2,14,"  ",19,19,1,21,8,C03,120.66168,24.145543,2,66000,387130000C,(04)23289100,(04)25368667
1036,2023,03,3,14,13,臺中市,西屯區,0,1,0,8,1,5,30,13,9,1,5,4,5,7,4,4,10,5,5,2,16,19,3,10,3,4,C03,7,1,1,10,2,12,"  ",19,19,1,22,8,C03,120.665776,24.17168,2,66000,387130000C,(04)23289100,(04)25368667
1037,2023,03,3,14,15,臺中市,大里區,0,1,0,8,1,5,50,4,1,1,5,4,5,7,1,1,1,2,5,1,15,25,2,9,1,1,C03,7,1,1,10,2,14,"  ",25,25,1,22,9,C03,120.688808,24.119805,2,66000,387130000C,(04)23289100,(04)25368667
1038,2023,03,3,14,17,臺中市,西區,0,1,0,8,1,5,50,4,1,1,5,4,5,7,1,1,1,5,5,2,12,25,2,9,3,4,C03,7,5,1,10,2,14,"  ",25,25,1,21,8,C03,120.657308,24.136603,2,66000,387130000C,(04)23289100,(04)25368667
1039,2023,03,3,14,17,臺中市,東區,0,0,0,8,1,5,50,14,9,1,5,4,5,7,1,1,5,5,5,2,11,26,3,10,1,1,B12,7,9,1,8,2,8,"  ",26,26,1,5,8,B12,120.694667,24.127509,3,66000,387130000C,(04)23289100,(04)25368667
1040,2023,03,3,14,17,臺中市,大里區,0,2,0,8,1,5,40,14,8,1,5,4,5,7,4,4,1,5,4,1,12,23,2,9,1,1,C03,7,9,1,10,2,12,"  ",23,23,1,5,8,C03,120.664098,24.08778,2,66000,387130000C,(04)23289100,(04)25368667
1041,2023,03,3,14,17,臺中市,大里區,0,0,0,8,,,50,,,,,,,,,,,,,,,19,"  ","  ","  ","  ",B03,"  ","  ",1,"  ",9,"  ","  ",19,"   ",2,4,"  ",B03,120.71471,24.096227,3,66000,387130000C,(04)23289100,(04)25368667
1042,2023,03,3,14,20,臺中市,西區,0,0,0,,,,50,,,,,,,,,,,,,,,23,"  ","  ","  ","  ",B03,"  ","  ",1,"  ",1,"  ","  ",23,"   ",1,20,"  ",B03,120.666156,24.13336,3,66000,387130000C,(04)23289100,(04)25368667
1043,2023,03,3,14,21,臺中市,太平區,0,2,0,8,1,5,30,4,1,1,5,4,5,7,4,4,10,5,5,2,15,6,2,9,1,1,C03,7,9,1,10,2,11,"  ",6,6,1,22,8,C03,120.723908,24.141791,2,66000,387130000C,(04)23289100,(04)25368667
1044,2023,03,3,14,23,臺中市,梧棲區,0,2,0,8,1,5,60,3,1,1,5,4,5,7,4,4,10,5,5,2,12,42,2,8,1,1,C03,7,9,1,10,2,12,"  ",42,42,1,20,8,C03,120.540506,24.260108,2,66000,387130000C,(04)23289100,(04)25368667
1045,2023,03,3,14,35,臺中市,沙鹿區,0,2,0,8,1,5,50,14,9,1,5,4,5,7,3,1,4,3,4,1,13,18,3,10,1,1,C03,7,3,1,10,2,13,"  ",18,18,1,22,8,C03,120.574689,24.215172,2,66000,387130000C,(04)23289100,(04)25368667
1046,2023,03,3,14,40,臺中市,西區,0,0,0,8,,,50,,,,,,,,,,,,,,,23,"  ","  ","  ","  ",B03,"  ","  ",1,"  ",1,"  ","  ",23,"   ",1,22,"  ",B03,120.667697,24.130913,3,66000,387130000C,(04)23289100,(04)25368667
1047,2023,03,3,14,41,臺中市,西區,0,2,0,8,1,5,50,4,2,1,5,4,5,7,1,1,1,2,1,1,13,16,2,9,1,1,C03,7,9,1,10,2,11,"  ",16,16,1,21,8,C03,120.657265,24.141255,2,66000,387130000C,(04)23289100,(04)25368667
1048,2023,03,3,14,44,臺中市,西屯區,0,0,0,8,,,50,,,,,,,,,,,,,,,23,"  ","  ","  ","  ",B12,"  ","  ",1,"  ",2,"  ","  ",23,"   ",1,4,"  ",B12,120.614671,24.183433,3,66000,387130000C,(04)23289100,(04)25368667
1049,2023,03,3,14,48,臺中市,北屯區,0,0,0,8,,,50,,,,,,,,,,,,,,,23,"  ","  ","  ","  ",A12,"  ","  ",1,"  ",1,"  ","  ",23,"   ",1,5,"  ",A12,120.722383,24.181833,3,66000,387130000C,(04)23289100,(04)25368667
1050,2023,03,3,14,50,臺中市,神岡區,0,0,0,8,,,50,,,,,,,,,,,,,,,7,"  ","  ","  ","  ",B03,"  ","  ",1,"  ",1,"  ","  ",7,"   ",1,12,"  ",B03,120.693148,24.248348,3,66000,387130000C,(04)23289100,(04)25368667
1051,2023,03,3,14,52,臺中市,西屯區,0,2,0,8,1,5,40,14,8,1,5,4,5,7,4,4,1,5,1,2,16,23,2,9,1,1,C03,7,9,1,10,1,11,"  ",23,23,1,22,8,C03,120.607883,24.184275,2,66000,387130000C,(04)23289100,(04)25368667
1052,2023,03,3,14,53,臺中市,神岡區,0,1,0,8,1,5,50,5,1,1,5,4,5,7,1,1,5,4,4,2,19,23,2,9,1,1,B03,7,6,1,8,5,1,"  ",23,23,1,22,8,B03,120.655994,24.258578,2,66000,387130000C,(04)23289100,(04)25368667
1053,2023,03,3,14,55,臺中市,清水區,0,0,0,8,,,70,,,,,,,,,,,,,,,23,"  ","  ","  ","  ",B03,"  ","  ",1,"  ",1,"  ","  ",23,"   ",1,21,"  ",B03,120.552289,24.293688,3,66000,387130000C,(04)23289100,(04)25368667
1054,2023,03,3,14,58,臺中市,北屯區,0,2,0,8,1,5,30,3,1,1,5,4,5,7,4,4,10,5,5,2,16,6,2,9,1,1,C03,7,6,4,8,2,14,"  ",6,6,1,21,8,C03,120.685686,24.193495,2,66000,387130000C,(04)23289100,(04)25368667
1055,2023,03,3,14,58,臺中市,西屯區,0,0,0,8,,,50,,,,,,,,,,,,,,,6,"  ","  ","  ","  ",B03,"  ","  ",1,"  ",1,"  ","  ",6,"   ",1,4,"  ",B03,120.605269,24.188206,3,66000,387130000C,(04)23289100,(04)25368667
1056,2023,03,3,15,1,臺中市,東區,0,1,0,8,1,5,50,4,1,1,5,4,5,7,1,1,10,5,5,2,13,23,2,9,1,1,C03,7,9,1,10,2,11,"  ",23,23,1,22,9,C03,120.69424,24.149963,2,66000,387130000C,(04)23289100,(04)25368667
1057,2023,03,3,15,2,臺中市,大里區,0,0,0,8,,,40,,,,,,,,,,,,,,,23,"  ","  ","  ","  ",B03,"  ","  ",1,"  ",2,"  ","  ",23,"   ",1,5,"  ",B03,120.695631,24.109401,3,66000,387130000C,(04)23289100,(04)25368667
1058,2023,03,3,15,2,臺中市,沙鹿區,0,0,0,8,,,40,,,,,,,,,,,,,,,12,"  ","  ","  ","  ",B03,"  ","  ",1,"  ",2,"  ","  ",12,"   ",1,9,"  ",B03,120.566679,24.229368,3,66000,387130000C,(04)23289100,(04)25368667
1059,2023,03,3,15,4,臺中市,北區,0,1,0,8,1,5,50,4,1,1,5,4,5,7,1,1,5,5,5,2,16,25,3,10,1,1,B03,7,9,1,8,2,1,"  ",25,25,1,21,8,B03,120.686687,24.163872,2,66000,387130000C,(04)23289100,(04)25368667
1060,2023,03,3,15,4,臺中市,太平區,0,0,0,8,,,30,,,,,,,,,,,,,,,12,"  ","  ","  ","  ",B12,"  ","  ",1,"  ",2,"  ","  ",12,"   ",1,21,"  ",B12,120.701195,24.11243,3,66000,387130000C,(04)23289100,(04)25368667
1061,2023,03,3,15,4,臺中市,烏日區,0,0,0,8,,,30,,,,,,,,,,,,,,,6,"  ","  ","  ","  ",B12,"  ","  ",1,"  ",2,"  ","  ",6,"   ",1,10,"  ",B12,120.628628,24.102815,3,66000,387130000C,(04)23289100,(04)25368667
1062,2023,03,3,15,9,臺中市,大里區,0,1,0,8,1,5,40,3,2,1,5,4,5,7,4,4,10,4,4,1,17,23,2,9,2,1,C03,7,9,6,10,2,11,"  ",23,23,1,22,8,C03,120.671207,24.101419,2,66000,387130000C,(04)23289100,(04)25368667
1063,2023,03,3,15,19,臺中市,太平區,0,1,0,8,1,5,50,4,1,1,5,4,5,7,1,1,10,5,5,2,16,6,3,10,1,1,B12,7,5,1,8,2,2,"  ",6,6,1,21,8,B12,120.714225,24.138435,2,66000,387130000C,(04)23289100,(04)25368667
1064,2023,03,3,15,20,臺中市,中區,0,1,0,8,1,5,50,14,9,1,5,4,5,7,4,4,5,4,4,2,13,16,2,9,1,1,C03,7,9,3,18,2,11,"  ",16,16,1,20,8,C03,120.68057,24.143613,2,66000,387130000C,(04)23289100,(04)25368667
1065,2023,03,3,15,21,臺中市,南屯區,0,1,0,8,1,5,50,4,1,1,5,4,5,7,2,1,10,5,5,2,12,7,2,9,1,1,C03,7,7,1,10,2,14,"  ",7,7,1,19,8,C03,120.635213,24.151303,2,66000,387130000C,(04)23289100,(04)25368667
1066,2023,03,3,15,22,臺中市,西屯區,0,0,0,8,,,50,,,,,,,,,,,,,,,23,"  ","  ","  ","  ",B02,"  ","  ",1,"  ",1,"  ","  ",23,23,1,22,"  ",B02,120.6387,24.169034,3,66000,387130000C,(04)23289100,(04)25368667
1067,2023,03,3,15,22,臺中市,后里區,0,1,0,8,1,5,50,4,1,1,5,4,5,7,3,1,10,5,5,1,15,6,2,9,1,1,C03,7,9,1,10,2,11,"  ",6,6,1,22,8,C03,120.707781,24.306122,2,66000,387130000C,(04)23289100,(04)25368667
1068,2023,03,3,15,25,臺中市,清水區,0,2,0,8,1,5,40,11,8,1,5,4,5,7,4,4,1,4,4,1,17,43,2,9,1,1,C03,7,9,3,18,2,12,"  ",43,43,1,22,8,C03,120.582651,24.283118,2,66000,387130000C,(04)23289100,(04)25368667
1069,2023,03,3,15,28,臺中市,東區,0,0,0,,,,50,,,,,,,,,,,,,,,23,"  ","  ","  ","  ",B12,"  ","  ",1,"  ",2,"  ","  ",23,"   ",1,22,"  ",B12,120.695077,24.135499,3,66000,387130000C,(04)23289100,(04)25368667
1070,2023,03,3,15,33,臺中市,大肚區,0,2,0,8,1,5,50,4,1,1,5,4,5,7,1,1,10,5,5,2,16,8,2,9,1,1,C03,7,9,1,10,2,12,"  ",23,9,1,5,1,C03,120.574265,24.15951,2,66000,387130000C,(04)23289100,(04)25368667
1071,2023,03,3,15,36,臺中市,西區,0,2,0,8,1,5,50,3,1,1,5,4,5,7,4,4,1,5,5,2,12,44,2,9,3,4,C03,7,9,1,10,2,12,"  ",44,17,1,21,8,C03,120.66633,24.141694,2,66000,387130000C,(04)23289100,(04)25368667
1072,2023,03,3,15,36,臺中市,南屯區,0,0,0,8,1,5,50,14,9,1,5,4,5,7,4,4,1,4,5,2,12,7,"  ","  ","  ","  ",B03,"  ","  ",1,"  ",1,"  ","  ",7,7,1,5,"  ",B03,120.621333,24.151086,3,66000,387130000C,(04)23289100,(04)25368667