序號,年,月,日,時,分,縣市,區,死亡數量,受傷數量,2-30,天候,光線,道路類別,速限_速度(公里),道路型態,事故位置,路面鋪裝,路面狀態,路面缺陷,障礙物,視距,號誌種類,號誌動作,分向設施,快車道或一般車道間,快慢車道間,路面邊線,事故類型及型態,主要肇因,受傷程度,主要傷處,保護裝備,行動電話,當事者區分,車輛用途,當事者行動狀態,駕駛資格情形,駕駛執照種類,飲酒情形,車輛撞擊部位最初,車輛撞擊部位其他,肇事因素個別,肇事因素主要,肇事逃逸,職業,旅次目的,車種,GPS座標X,GPS座標Y,事故類別,縣市別代碼,機關代碼,市話,傳真
1169,2023,03,3,18,14,臺中市,北區,0,2,0,7,3,5,50,4,1,1,5,4,5,7,4,4,10,5,5,2,15,6,2,9,1,1,C03,7,9,1,10,2,11,"  ",14,6,1,5,8,C03,120.687513,24.16272,2,66000,387130000C,(04)23289100,(04)25368667
1170,2023,03,3,18,14,臺中市,南區,0,2,0,7,3,5,50,14,9,1,5,4,5,7,4,4,5,5,5,2,16,26,2,9,1,1,F01,7,15,8,20,2,16,"  ",26,26,1,22,9,F01,120.666675,24.113991,2,66000,387130000C,(04)23289100,(04)25368667
1171,2023,03,3,18,19,臺中市,潭子區,0,0,0,8,,,60,,,,,,,,,,,,,,,23,"  ","  ","  ","  ",B03,"  ","  ",1,"  ",2,"  ","  ",23,"   ",1,22,"  ",B03,120.705359,24.211544,3,66000,387130000C,(04)23289100,(04)25368667
1172,2023,03,3,18,19,臺中市,南屯區,0,0,0,8,,,50,,,,,,,,,,,,,,,17,"  ","  ","  ","  ",B12,"  ","  ",1,"  ",1,"  ","  ",17,17,1,22,"  ",B12,120.646688,24.150759,3,66000,387130000C,(04)23289100,(04)25368667
1173,2023,03,3,18,23,臺中市,南屯區,0,0,0,8,,,50,,,,,,,,,,,,,,,16,"  ","  ","  ","  ",B03,"  ","  ",1,"  ",1,"  ","  ",16,"   ",1,5,"  ",B03,120.646497,24.131794,3,66000,387130000C,(04)23289100,(04)25368667
1174,2023,03,3,18,23,臺中市,烏日區,0,0,0,8,,,80,,,,,,,,,,,,,,,23,"  ","  ","  ","  ",B12,"  ","  ",1,"  ",2,"  ","  ",23,"   ",1,9,"  ",B12,120.610431,24.099391,3,66000,387130000C,(04)23289100,(04)25368667
1175,2023,03,3,18,24,臺中市,北區,0,1,0,8,3,5,30,3,1,1,5,4,5,7,4,4,10,5,5,2,17,43,2,9,1,1,C03,7,6,1,10,2,12,"  ",43,43,1,22,9,C03,120.679468,24.150506,2,66000,387130000C,(04)23289100,(04)25368667
1176,2023,03,3,18,25,臺中市,大里區,0,1,0,8,3,5,50,4,1,1,5,4,5,7,1,1,10,5,5,2,13,16,2,9,1,1,C03,7,9,1,10,2,11,"  ",16,16,1,5,5,C03,120.679636,24.108788,2,66000,387130000C,(04)23289100,(04)25368667
1177,2023,03,3,18,26,臺中市,南區,0,0,0,,,,40,,,,,,,,,,,,,,,23,"  ","  ","  ","  ",B03,"  ","  ",1,"  ",2,"  ","  ",23,"   ",1,5,"  ",B03,120.652806,24.121457,3,66000,387130000C,(04)23289100,(04)25368667
1178,2023,03,3,18,28,臺中市,霧峰區,0,1,0,8,3,5,50,4,2,1,5,4,5,7,1,1,10,5,5,2,17,23,2,9,1,1,C03,7,9,1,10,2,11,"  ",23,23,1,22,8,C03,120.697294,24.059461,2,66000,387130000C,(04)23289100,(04)25368667
1179,2023,03,3,18,28,臺中市,大里區,0,0,0,8,,,50,,,,,,,,,,,,,,,23,"  ","  ","  ","  ",B03,"  ","  ",1,"  ",1,"  ","  ",23,"   ",1,22,"  ",B03,120.684228,24.090839,3,66000,387130000C,(04)23289100,(04)25368667
1180,2023,03,3,18,29,臺中市,潭子區,0,0,0,8,,,60,,,,,,,,,,,,,,,23,"  ","  ","  ","  ",C03,"  ","  ",1,"  ",2,"  ","  ",23,"   ",1,21,"  ",C03,120.704047,24.203733,3,66000,387130000C,(04)23289100,(04)25368667
1181,2023,03,3,18,30,臺中市,西屯區,0,0,0,8,,,80,,,,,,,,,,,,,,,23,"  ","  ","  ","  ",B03,"  ","  ",1,"  ",2,"  ","  ",23,23,1,22,"  ",B03,120.62834,24.162675,3,66000,387130000C,(04)23289100,(04)25368667
1182,2023,03,3,18,32,臺中市,大雅區,0,1,0,8,4,5,30,4,1,1,5,4,5,7,3,1,10,5,5,1,15,6,3,10,1,1,C03,7,9,1,10,2,13,"  ",6,6,1,22,9,C03,120.662892,24.221576,2,66000,387130000C,(04)23289100,(04)25368667
1183,2023,03,3,18,38,臺中市,西屯區,0,1,0,8,3,5,50,4,2,1,5,4,5,7,2,1,5,5,5,2,12,17,2,9,1,1,C03,7,9,1,10,2,14,"  ",17,17,1,2,1,C03,120.593292,24.183395,2,66000,387130000C,(04)23289100,(04)25368667
1184,2023,03,3,18,39,臺中市,中區,0,0,0,8,3,5,50,14,9,1,5,4,5,7,4,4,2,4,5,2,13,23,"  ","  ","  ","  ",B03,"  ","  ",1,"  ",1,"  ","  ",23,"   ",1,4,"  ",B03,120.682134,24.145594,3,66000,387130000C,(04)23289100,(04)25368667
1185,2023,03,3,18,39,臺中市,西屯區,0,0,0,8,,,50,,,,,,,,,,,,,,,25,"  ","  ","  ","  ",B03,"  ","  ",1,"  ",2,"  ","  ",25,"   ",1,4,"  ",B03,120.656291,24.160426,3,66000,387130000C,(04)23289100,(04)25368667
1186,2023,03,3,18,40,臺中市,大雅區,0,1,0,8,3,5,50,3,1,1,5,4,5,7,4,4,10,5,5,2,17,16,2,7,1,1,C03,7,9,1,10,2,11,"  ",16,16,1,22,8,C03,120.640325,24.219191,2,66000,387130000C,(04)23289100,(04)25368667
1187,2023,03,3,18,41,臺中市,大里區,0,1,0,8,3,5,30,14,9,1,5,4,5,7,4,4,10,5,5,2,19,23,2,9,1,1,F02,7,9,8,20,5,16,"  ",23,23,1,5,8,F02,120.672476,24.090478,2,66000,387130000C,(04)23289100,(04)25368667
1188,2023,03,3,18,44,臺中市,西屯區,0,0,0,,,,50,,,,,,,,,,,,,,,42,"  ","  ","  ","  ",B12,"  ","  ",1,"  ",1,"  ","  ",42,"   ",1,22,"  ",B12,120.646285,24.168056,3,66000,387130000C,(04)23289100,(04)25368667
1189,2023,03,3,18,44,臺中市,新社區,0,0,0,8,,,50,,,,,,,,,,,,,,,23,"  ","  ","  ","  ",B12,"  ","  ",1,"  ",2,"  ","  ",23,"   ",1,22,"  ",B12,120.794407,24.206375,3,66000,387130000C,(04)23289100,(04)25368667
1190,2023,03,3,18,45,臺中市,南屯區,0,0,0,8,3,5,50,14,9,1,5,4,5,7,4,4,1,4,4,2,12,7,3,10,1,1,B03,7,7,1,8,2,2,"  ",7,7,1,22,8,B03,120.647043,24.153015,3,66000,387130000C,(04)23289100,(04)25368667
1191,2023,03,3,18,52,臺中市,霧峰區,0,1,0,8,3,5,40,4,1,1,5,4,5,7,1,1,10,5,5,2,16,6,2,9,3,4,C03,7,6,1,10,2,13,"  ",6,6,1,18,8,C03,120.709285,24.080698,2,66000,387130000C,(04)23289100,(04)25368667
1192,2023,03,3,18,55,臺中市,北區,0,1,0,8,3,5,40,14,8,1,5,4,5,7,4,4,5,5,4,2,13,16,2,6,1,1,C03,7,9,1,10,2,11,"  ",16,16,1,5,8,C03,120.677936,24.149929,2,66000,387130000C,(04)23289100,(04)25368667
1193,2023,03,3,19,0,臺中市,南屯區,0,0,0,8,,,50,,,,,,,,,,,,,,,23,"  ","  ","  ","  ",B03,"  ","  ",1,"  ",1,"  ","  ",23,"   ",1,22,"  ",B03,120.648033,24.146768,3,66000,387130000C,(04)23289100,(04)25368667
1194,2023,03,3,19,0,臺中市,沙鹿區,0,1,0,8,3,5,50,4,1,1,5,4,5,7,3,1,10,5,5,2,15,6,2,8,1,1,C03,7,9,1,10,2,11,"  ",6,6,1,5,5,C03,120.569547,24.241005,2,66000,387130000C,(04)23289100,(04)25368667
1195,2023,03,3,19,0,臺中市,豐原區,0,1,0,8,3,5,50,3,1,1,5,4,5,7,1,1,10,5,5,2,17,7,3,10,1,1,B03,7,9,1,8,2,2,"  ",44,7,1,22,8,B03,120.714758,24.245966,2,66000,387130000C,(04)23289100,(04)25368667
1196,2023,03,3,19,3,臺中市,西屯區,0,1,0,8,3,5,50,14,9,1,5,4,5,7,4,4,4,4,5,2,12,44,3,10,3,4,B03,7,14,1,8,2,2,"  ",44,44,1,22,8,B03,120.643474,24.164767,2,66000,387130000C,(04)23289100,(04)25368667
1197,2023,03,3,19,5,臺中市,西屯區,0,0,0,8,,,40,,,,,,,,,,,,,,,67,"  ","  ","  ","  ","   ","  ","  ","  ","  ","  ","  ","  ",67,"   ",1,"  ","  ","   ",120.637401,24.157521,3,66000,387130000C,(04)23289100,(04)25368667
1198,2023,03,3,19,7,臺中市,大里區,0,1,0,8,3,5,50,3,7,1,5,4,5,7,1,1,9,3,4,1,13,23,2,9,1,1,C02,7,9,4,10,2,11,"  ",23,23,1,22,9,C02,120.693498,24.090046,2,66000,387130000C,(04)23289100,(04)25368667
1199,2023,03,3,19,9,臺中市,南屯區,0,1,0,8,3,5,50,3,1,1,5,4,5,7,4,4,5,4,4,2,17,42,2,9,1,1,C03,7,9,1,10,2,12,"  ",42,42,1,22,8,C03,120.641354,24.130788,2,66000,387130000C,(04)23289100,(04)25368667
1200,2023,03,3,19,10,臺中市,潭子區,0,0,0,8,,,30,,,,,,,,,,,,,,,23,"  ","  ","  ","  ",B12,"  ","  ",1,"  ",2,"  ","  ",23,"   ",1,22,"  ",B12,120.707949,24.216881,3,66000,387130000C,(04)23289100,(04)25368667
1201,2023,03,3,19,10,臺中市,南屯區,0,0,0,8,,,50,,,,,,,,,,,,,,,12,"  ","  ","  ","  ",B03,"  ","  ",1,"  ",2,"  ","  ",12,"   ",1,22,"  ",B03,120.646819,24.149578,3,66000,387130000C,(04)23289100,(04)25368667
1202,2023,03,3,19,10,臺中市,西屯區,0,2,0,8,3,5,50,4,1,1,5,4,5,7,1,1,10,5,5,2,17,6,2,9,1,4,C03,7,5,1,10,2,12,"  ",6,6,1,22,8,C03,120.659799,24.161223,2,66000,387130000C,(04)23289100,(04)25368667
1203,2023,03,3,19,11,臺中市,西區,0,2,0,8,3,5,50,4,1,1,5,4,5,7,4,4,5,5,5,2,16,6,2,9,3,4,C03,7,9,1,10,2,12,"  ",6,6,1,21,8,C03,120.657965,24.14293,2,66000,387130000C,(04)23289100,(04)25368667
1204,2023,03,3,19,12,臺中市,沙鹿區,0,1,0,8,4,5,50,14,7,1,5,4,5,7,4,4,8,5,5,1,27,44,2,9,1,1,C03,7,9,1,10,2,11,"  ",44,44,1,2,9,C03,120.563777,24.223272,2,66000,387130000C,(04)23289100,(04)25368667
1205,2023,03,3,19,13,臺中市,大雅區,0,0,0,8,,,50,,,,,,,,,,,,,,,23,"  ","  ","  ","  ",B03,"  ","  ",1,"  ",2,"  ","  ",23,"   ",1,22,"  ",B03,120.654047,24.2212,3,66000,387130000C,(04)23289100,(04)25368667
1206,2023,03,3,19,13,臺中市,南屯區,0,1,0,8,3,5,50,14,9,1,5,4,5,7,4,4,5,4,5,2,29,23,2,9,1,1,C03,7,9,1,10,2,14,"  ",23,23,1,5,8,C03,120.646316,24.137484,2,66000,387130000C,(04)23289100,(04)25368667
1207,2023,03,3,19,14,臺中市,西屯區,0,0,0,8,,,50,,,,,,,,,,,,,,,16,"  ","  ","  ","  ",B03,"  ","  ",1,"  ",2,"  ","  ",16,"   ",1,22,"  ",B03,120.645446,24.18267,3,66000,387130000C,(04)23289100,(04)25368667
1208,2023,03,3,19,14,臺中市,西屯區,0,0,0,,,,40,,,,,,,,,,,,,,,42,"  ","  ","  ","  ",C03,"  ","  ",1,"  ",1,"  ","  ",42,"   ",1,4,"  ",C03,120.639646,24.189883,3,66000,387130000C,(04)23289100,(04)25368667
1209,2023,03,3,19,18,臺中市,南屯區,0,0,0,8,3,5,50,14,7,1,5,4,5,7,4,4,1,4,4,2,12,7,3,10,1,1,B03,7,8,1,8,2,5,"  ",7,7,1,22,8,B03,120.632192,24.145088,3,66000,387130000C,(04)23289100,(04)25368667
1210,2023,03,3,19,19,臺中市,北區,0,0,0,8,,,50,,,,,,,,,,,,,,,43,"  ","  ","  ","  ",B03,"  ","  ",1,"  ",1,"  ","  ",43,"   ",1,22,"  ",B03,120.678833,24.158498,3,66000,387130000C,(04)23289100,(04)25368667
1211,2023,03,3,19,22,臺中市,北屯區,0,0,0,8,,,50,,,,,,,,,,,,,,,7,"  ","  ","  ","  ",B03,"  ","  ",1,"  ",11,"  ","  ",7,7,1,22,"  ",B03,120.694051,24.164158,3,66000,387130000C,(04)23289100,(04)25368667
1212,2023,03,3,19,24,臺中市,大里區,0,1,0,8,3,5,50,4,1,1,5,4,5,7,4,4,10,5,5,2,13,23,3,10,1,1,B03,7,5,1,8,2,5,"  ",23,23,1,22,8,B03,120.701694,24.091859,2,66000,387130000C,(04)23289100,(04)25368667
1213,2023,03,3,19,28,臺中市,烏日區,0,1,0,8,3,5,60,14,8,1,5,4,5,7,4,4,1,4,4,1,17,7,3,10,1,1,B03,7,8,1,8,2,6,"  ",7,7,1,9,8,B03,120.613524,24.106621,2,66000,387130000C,(04)23289100,(04)25368667
1214,2023,03,3,19,29,臺中市,西屯區,0,3,0,8,3,5,40,14,7,1,5,4,5,7,4,4,5,5,4,2,16,7,2,9,3,4,C03,7,7,1,10,2,14,"  ",7,7,1,22,8,C03,120.65493,24.163866,2,66000,387130000C,(04)23289100,(04)25368667
1215,2023,03,3,19,31,臺中市,西屯區,0,0,0,8,,,50,,,,,,,,,,,,,,,23,"  ","  ","  ","  ",B03,"  ","  ",1,"  ",1,"  ","  ",23,"   ",1,21,"  ",B03,120.633308,24.182611,3,66000,387130000C,(04)23289100,(04)25368667
1216,2023,03,3,19,33,臺中市,潭子區,0,0,0,8,,,40,,,,,,,,,,,,,,,23,"  ","  ","  ","  ",B03,"  ","  ",1,"  ",2,"  ","  ",23,"   ",1,21,"  ",B03,120.696555,24.201,3,66000,387130000C,(04)23289100,(04)25368667
1217,2023,03,3,19,41,臺中市,西屯區,0,1,0,8,3,5,50,3,1,1,5,4,5,7,1,1,10,5,5,2,17,3,3,10,1,4,C03,7,15,1,10,2,13,"  ",3,3,1,22,8,C03,120.616508,24.182689,2,66000,387130000C,(04)23289100,(04)25368667
1218,2023,03,3,19,45,臺中市,南區,0,2,0,8,3,5,50,4,9,1,5,4,5,7,1,1,3,5,5,2,17,44,3,10,3,4,B03,7,5,1,8,2,7,"  ",44,44,1,5,8,B03,120.671811,24.119156,2,66000,387130000C,(04)23289100,(04)25368667
1219,2023,03,3,19,46,臺中市,大雅區,0,0,0,8,,,60,,,,,,,,,,,,,,,7,"  ","  ","  ","  ",B03,"  ","  ",1,"  ",2,"  ","  ",7,"   ",1,22,"  ",B03,120.650206,24.212018,3,66000,387130000C,(04)23289100,(04)25368667
1220,2023,03,3,19,54,臺中市,南屯區,0,1,0,7,3,5,50,4,1,1,5,4,5,7,4,4,10,5,5,2,16,6,2,9,1,4,C03,7,9,1,10,2,11,"  ",6,6,1,22,8,C03,120.641578,24.138351,2,66000,387130000C,(04)23289100,(04)25368667
1221,2023,03,3,20,0,臺中市,大里區,0,2,0,8,3,5,50,4,2,1,5,4,5,7,1,1,9,4,5,1,16,6,2,8,1,1,F03,7,5,8,20,3,16,"  ",6,6,1,22,9,F03,120.711442,24.0991,2,66000,387130000C,(04)23289100,(04)25368667
1222,2023,03,3,20,6,臺中市,南區,0,1,0,8,3,5,50,14,9,1,5,4,5,7,4,4,9,5,5,2,12,8,3,10,1,1,C03,7,5,1,10,2,13,"  ",8,8,1,21,8,C03,120.68066,24.131436,2,66000,387130000C,(04)23289100,(04)25368667
1223,2023,03,3,20,8,臺中市,北屯區,0,1,0,8,3,5,50,4,18,1,5,4,5,7,2,1,10,5,5,2,2,15,3,10,1,1,B03,7,5,1,8,2,5,"  ",15,15,1,5,8,B03,120.683436,24.172401,2,66000,387130000C,(04)23289100,(04)25368667
1224,2023,03,3,20,12,臺中市,西區,0,0,0,8,,,50,,,,,,,,,,,,,,,25,"  ","  ","  ","  ",B03,"  ","  ",1,"  ",2,"  ","  ",25,"   ",1,21,"  ",B03,120.660094,24.159386,3,66000,387130000C,(04)23289100,(04)25368667
1225,2023,03,3,20,12,臺中市,西屯區,0,2,0,8,3,5,50,4,1,1,5,4,5,7,1,1,10,5,5,2,16,6,2,9,3,4,C03,7,5,1,10,2,12,"  ",6,6,1,22,8,C03,120.655993,24.16566,2,66000,387130000C,(04)23289100,(04)25368667
1226,2023,03,3,20,15,臺中市,外埔區,0,0,0,8,3,5,30,13,9,1,5,4,3,7,4,4,10,5,5,2,14,12,"  ","  ","  ","  ",B03,"  ","  ",1,"  ",2,"  ","  ",12,"   ",1,22,"  ",B03,120.620932,24.330692,3,66000,387130000C,(04)23289100,(04)25368667
1227,2023,03,3,20,20,臺中市,東區,0,1,0,7,3,5,50,3,1,1,5,4,5,7,4,4,10,5,5,2,13,23,3,10,1,1,B03,7,9,1,8,2,1,"  ",23,23,1,22,9,B03,120.704266,24.1382,2,66000,387130000C,(04)23289100,(04)25368667
1228,2023,03,3,20,21,臺中市,北屯區,0,0,0,8,,,50,,,,,,,,,,,,,,,19,"  ","  ","  ","  ",B03,"  ","  ",1,"  ",2,"  ","  ",19,"   ",1,23,"  ",B03,120.719596,24.179035,3,66000,387130000C,(04)23289100,(04)25368667
1229,2023,03,3,20,31,臺中市,東區,0,0,0,,,,50,,,,,,,,,,,,,,,18,"  ","  ","  ","  ",B03,"  ","  ",1,"  ",2,"  ","  ",18,"   ",1,22,"  ",B03,120.691327,24.129749,3,66000,387130000C,(04)23289100,(04)25368667
1230,2023,03,3,20,32,臺中市,南屯區,0,1,0,8,3,5,40,14,8,1,5,4,5,7,4,4,5,4,5,2,17,23,2,9,1,1,C03,7,9,1,10,2,11,"  ",23,23,1,22,8,C03,120.622712,24.141478,2,66000,387130000C,(04)23289100,(04)25368667
1231,2023,03,3,20,34,臺中市,南區,0,1,0,8,3,5,50,14,8,1,5,4,5,7,4,4,9,5,4,2,16,10,3,10,1,1,B03,7,11,1,8,2,5,"  ",10,10,1,5,8,B03,120.656378,24.123562,2,66000,387130000C,(04)23289100,(04)25368667
1232,2023,03,3,20,34,臺中市,大里區,0,1,0,8,3,5,50,14,9,1,5,4,5,7,4,4,9,5,5,2,27,66,"  ","  ","  ","  ","   ","  ","  ","  ","  ","  ","  ","  ",66,66,1,"  ","  ","   ",120.69078,24.089902,2,66000,387130000C,(04)23289100,(04)25368667
1233,2023,03,3,20,41,臺中市,北區,0,0,0,8,,,50,,,,,,,,,,,,,,,42,"  ","  ","  ","  ",B02,"  ","  ",1,"  ",2,"  ","  ",42,"   ",1,5,"  ",B02,120.670529,24.162837,3,66000,387130000C,(04)23289100,(04)25368667
1234,2023,03,3,20,45,臺中市,烏日區,0,0,0,8,3,5,50,15,20,1,5,4,5,7,4,4,10,5,5,2,21,23,"  ","  ","  ","  ",B02,"  ","  ",1,"  ",2,"  ","  ",23,"   ",1,22,"  ",B02,120.617645,24.113703,3,66000,387130000C,(04)23289100,(04)25368667
1235,2023,03,3,20,48,臺中市,西屯區,0,2,0,8,3,5,50,4,1,1,5,4,5,7,1,1,10,5,5,2,16,8,2,8,1,1,C03,7,5,1,10,2,12,"  ",8,8,1,4,8,C03,120.626125,24.184574,2,66000,387130000C,(04)23289100,(04)25368667
1236,2023,03,3,20,58,臺中市,豐原區,0,0,0,8,,,30,,,,,,,,,,,,,,,16,"  ","  ","  ","  ",B03,"  ","  ",1,"  ",2,"  ","  ",16,"   ",1,22,"  ",B03,120.706075,24.250511,3,66000,387130000C,(04)23289100,(04)25368667
1237,2023,03,3,21,0,臺中市,西區,0,0,0,,,,50,,,,,,,,,,,,,,,7,"  ","  ","  ","  ",B03,"  ","  ",1,"  ",1,"  ","  ",7,"   ",1,20,"  ",B03,120.660984,24.146597,3,66000,387130000C,(04)23289100,(04)25368667
1238,2023,03,3,21,0,臺中市,西屯區,0,2,0,8,3,5,50,3,1,1,5,4,5,7,1,1,10,5,5,2,16,25,3,10,1,1,C03,7,9,3,18,2,11,"  ",25,25,1,12,1,C03,120.641171,24.178621,2,66000,387130000C,(04)23289100,(04)25368667
1239,2023,03,3,21,2,臺中市,西區,0,2,0,8,3,5,30,4,1,1,5,4,5,7,4,4,10,5,5,2,15,6,2,9,1,1,C04,7,9,1,8,2,11,"  ",6,6,1,21,8,C04,120.657896,24.145309,2,66000,387130000C,(04)23289100,(04)25368667
1240,2023,03,3,21,10,臺中市,北屯區,0,0,0,8,,,50,,,,,,,,,,,,,,,23,"  ","  ","  ","  ",B03,"  ","  ",1,"  ",11,"  ","  ",23,"   ",1,21,"  ",B03,120.69835,24.186551,3,66000,387130000C,(04)23289100,(04)25368667
1241,2023,03,3,21,13,臺中市,北屯區,0,1,0,8,3,5,50,4,1,1,5,4,5,7,1,1,10,5,5,2,16,6,3,10,1,1,B03,7,5,1,8,2,1,"  ",6,6,1,21,8,B03,120.71113,24.180115,2,66000,387130000C,(04)23289100,(04)25368667
1242,2023,03,3,21,17,臺中市,潭子區,0,0,0,8,,,60,,,,,,,,,,,,,,,23,"  ","  ","  ","  ",C03,"  ","  ",1,"  ",2,"  ","  ",23,"   ",1,22,"  ",C03,120.70339,24.201661,3,66000,387130000C,(04)23289100,(04)25368667
1243,2023,03,3,21,17,臺中市,中區,0,0,0,8,,,50,,,,,,,,,,,,,,,16,"  ","  ","  ","  ",C03,"  ","  ",1,"  ",1,"  ","  ",16,"   ",1,5,"  ",C03,120.679547,24.142469,3,66000,387130000C,(04)23289100,(04)25368667
1244,2023,03,3,21,19,臺中市,太平區,0,2,0,8,3,5,50,4,1,1,5,4,5,7,1,1,5,5,5,2,16,25,2,9,1,1,C03,7,9,1,10,2,14,"  ",25,25,1,18,8,C03,120.722033,24.149278,2,66000,387130000C,(04)23289100,(04)25368667
1245,2023,03,3,21,27,臺中市,潭子區,0,1,0,8,3,5,60,3,1,1,5,4,5,7,2,1,10,5,5,2,17,26,3,10,1,1,B03,7,11,1,8,2,7,"  ",26,26,1,21,8,B03,120.702499,24.19689,2,66000,387130000C,(04)23289100,(04)25368667
1246,2023,03,3,21,33,臺中市,北區,0,0,0,8,,,50,,,,,,,,,,,,,,,7,"  ","  ","  ","  ",C03,"  ","  ",1,"  ",2,"  ","  ",7,"   ",1,5,"  ",C03,120.669121,24.155335,3,66000,387130000C,(04)23289100,(04)25368667
1247,2023,03,3,21,43,臺中市,西屯區,0,1,0,8,3,5,50,3,1,1,5,4,5,7,2,1,10,5,5,2,16,6,3,10,3,4,B03,7,5,1,8,2,5,"  ",6,6,1,22,8,B03,120.654032,24.167932,2,66000,387130000C,(04)23289100,(04)25368667
1248,2023,03,3,21,45,臺中市,西屯區,0,0,0,8,,,30,,,,,,,,,,,,,,,18,"  ","  ","  ","  ",B02,"  ","  ",3,"  ",2,"  ","  ",18,"   ",1,20,"  ",B02,120.637753,24.169276,3,66000,387130000C,(04)23289100,(04)25368667
1249,2023,03,3,21,45,臺中市,西屯區,0,1,0,8,3,5,40,14,8,1,5,4,5,7,4,4,1,5,1,2,18,13,2,9,1,1,C03,7,12,1,10,2,12,"  ",13,13,1,4,8,C03,120.641853,24.167506,2,66000,387130000C,(04)23289100,(04)25368667
1250,2023,03,3,21,46,臺中市,南屯區,0,1,0,8,3,5,50,4,1,1,5,4,5,7,1,1,10,5,5,2,16,44,3,10,1,1,B03,7,5,1,8,2,8,"  ",44,44,1,22,8,B03,120.653326,24.152313,2,66000,387130000C,(04)23289100,(04)25368667
1251,2023,03,3,21,50,臺中市,烏日區,0,0,0,8,3,5,50,3,1,1,5,4,5,7,4,4,9,5,5,2,16,9,"  ","  ","  ","  ",B03,"  ","  ",1,"  ",2,"  ","  ",9,"   ",1,22,"  ",B03,120.640085,24.103394,3,66000,387130000C,(04)23289100,(04)25368667
1252,2023,03,3,21,50,臺中市,沙鹿區,0,1,0,8,3,5,50,4,2,1,5,4,5,7,4,4,10,5,5,2,16,9,3,10,1,1,B03,7,6,1,8,2,2,"  ",9,9,1,9,8,B03,120.561585,24.233723,2,66000,387130000C,(04)23289100,(04)25368667
1253,2023,03,3,21,50,臺中市,豐原區,0,2,0,8,3,5,50,4,2,1,5,4,5,7,1,1,5,4,4,2,16,26,2,9,1,1,C03,7,5,1,10,2,11,"  ",26,26,1,22,8,C03,120.733381,24.251582,2,66000,387130000C,(04)23289100,(04)25368667
1254,2023,03,3,21,52,臺中市,西屯區,0,0,0,8,,,50,,,,,,,,,,,,,,,26,"  ","  ","  ","  ",B03,"  ","  ",1,"  ",1,"  ","  ",26,"   ",1,22,"  ",B03,120.613685,24.173053,3,66000,387130000C,(04)23289100,(04)25368667
1255,2023,03,3,21,53,臺中市,霧峰區,0,0,0,8,,,50,,,,,,,,,,,,,,,12,"  ","  ","  ","  ",B03,"  ","  ",1,"  ",2,"  ","  ",12,"   ",1,22,"  ",B03,120.69641,24.063006,3,66000,387130000C,(04)23289100,(04)25368667
1256,2023,03,3,22,12,臺中市,太平區,0,1,0,8,3,5,30,3,1,1,5,4,5,7,4,4,10,5,5,2,16,6,3,10,1,1,C03,7,5,1,9,2,14,"  ",6,6,1,22,5,C03,120.724654,24.141611,2,66000,387130000C,(04)23289100,(04)25368667
1257,2023,03,3,22,15,臺中市,霧峰區,0,0,0,8,,,40,,,,,,,,,,,,,,,23,"  ","  ","  ","  ",B03,"  ","  ",1,"  ",2,"  ","  ",23,"   ",1,22,"  ",B03,120.662729,24.066558,3,66000,387130000C,(04)23289100,(04)25368667
1258,2023,03,3,22,15,臺中市,大里區,0,1,0,8,3,5,60,4,1,1,5,4,5,7,2,1,1,4,4,1,11,25,3,10,1,1,B03,7,5,1,2,2,5,"  ",25,25,1,22,8,B03,120.674541,24.102824,2,66000,387130000C,(04)23289100,(04)25368667
1259,2023,03,3,22,16,臺中市,北區,0,0,0,8,3,5,50,3,1,1,5,4,5,7,4,4,5,4,5,2,16,10,3,10,1,1,B03,7,11,1,8,2,8,"  ",10,10,1,5,5,B03,120.683673,24.157643,3,66000,387130000C,(04)23289100,(04)25368667
1260,2023,03,3,22,30,臺中市,沙鹿區,0,2,0,8,3,5,40,3,1,1,5,4,5,7,4,4,1,4,4,1,16,6,2,9,1,1,C03,7,6,6,10,2,13,"  ",6,6,1,9,5,C03,120.610293,24.245403,2,66000,387130000C,(04)23289100,(04)25368667
1261,2023,03,3,22,36,臺中市,太平區,0,1,0,8,1,5,40,14,7,1,5,4,5,7,4,4,5,5,4,2,16,10,3,10,1,1,B03,7,11,6,8,2,7,"  ",10,10,1,22,8,B03,120.700801,24.147986,2,66000,387130000C,(04)23289100,(04)25368667
1262,2023,03,3,22,37,臺中市,烏日區,0,1,0,8,3,5,50,4,1,1,5,4,5,7,1,1,1,2,5,1,16,9,3,10,1,1,B03,7,6,1,8,2,6,"  ",9,9,1,22,8,B03,120.646375,24.110952,2,66000,387130000C,(04)23289100,(04)25368667
1263,2023,03,3,22,43,臺中市,西屯區,0,2,0,8,1,5,50,4,1,1,5,4,5,7,1,1,10,5,5,2,16,25,2,9,3,4,C03,7,9,1,10,2,11,"  ",25,25,1,22,8,C03,120.64823,24.167986,2,66000,387130000C,(04)23289100,(04)25368667
1264,2023,03,3,22,43,臺中市,太平區,0,1,0,8,3,5,50,4,1,1,5,4,5,7,4,4,10,5,5,2,16,19,3,10,1,1,C03,7,1,1,10,2,13,"  ",19,19,1,22,5,C03,120.725193,24.144179,2,66000,387130000C,(04)23289100,(04)25368667
1265,2023,03,3,23,15,臺中市,西屯區,0,1,0,8,3,5,50,4,1,1,5,4,5,7,1,1,5,4,4,2,16,6,3,10,1,1,C03,7,5,1,10,2,12,"  ",6,6,1,22,8,C03,120.645018,24.178822,2,66000,387130000C,(04)23289100,(04)25368667