序號,年,月,日,時,分,縣市,區,死亡數量,受傷數量,2-30,天候,光線,道路類別,速限_速度(公里),道路型態,事故位置,路面鋪裝,路面狀態,路面缺陷,障礙物,視距,號誌種類,號誌動作,分向設施,快車道或一般車道間,快慢車道間,路面邊線,事故類型及型態,主要肇因,受傷程度,主要傷處,保護裝備,行動電話,當事者區分,車輛用途,當事者行動狀態,駕駛資格情形,駕駛執照種類,飲酒情形,車輛撞擊部位最初,車輛撞擊部位其他,肇事因素個別,肇事因素主要,肇事逃逸,職業,旅次目的,車種,GPS座標X,GPS座標Y,事故類別,縣市別代碼,機關代碼,市話,傳真
1266,2023,03,3,23,32,臺中市,南屯區,0,0,0,8,,,40,,,,,,,,,,,,,,,23,"  ","  ","  ","  ",B03,"  ","  ",4,"  ",2,"  ","  ",23,"   ",1,22,"  ",B03,120.622944,24.145357,3,66000,387130000C,(04)23289100,(04)25368667
1267,2023,03,3,23,41,臺中市,西屯區,0,1,0,8,3,5,40,4,1,1,5,4,5,7,2,1,10,5,5,2,12,9,3,10,1,1,B02,7,6,1,8,2,2,"  ",9,9,1,22,8,B02,120.64186,24.157314,2,66000,387130000C,(04)23289100,(04)25368667
1268,2023,03,4,0,5,臺中市,大里區,0,2,0,8,3,5,50,14,9,1,5,4,5,7,3,1,3,4,4,1,17,6,2,9,1,1,C03,7,9,2,18,2,14,"  ",6,6,1,22,8,C03,120.684992,24.119144,2,66000,387130000C,(04)23289100,(04)25368667
1269,2023,03,4,0,23,臺中市,大雅區,0,1,0,8,3,5,50,4,2,1,5,4,5,7,3,1,5,4,5,1,11,6,3,10,1,1,B01,7,9,1,4,1,15,"  ",6,6,1,10,8,B01,120.657126,24.225169,2,66000,387130000C,(04)23289100,(04)25368667
1270,2023,03,4,0,44,臺中市,大雅區,0,2,0,8,3,5,50,3,1,1,5,4,5,7,1,1,10,4,5,1,16,25,2,9,1,1,C03,7,9,1,10,2,11,"  ",25,25,1,22,9,C03,120.642273,24.229109,2,66000,387130000C,(04)23289100,(04)25368667
1271,2023,03,4,1,20,臺中市,大甲區,0,0,0,8,,,50,,,,,,,,,,,,,,,42,"  ","  ","  ","  ",B12,"  ","  ",1,"  ",2,"  ","  ",42,"   ",1,21,"  ",B12,120.6229,24.34413,3,66000,387130000C,(04)23289100,(04)25368667
1272,2023,03,4,1,26,臺中市,西屯區,0,1,0,8,3,5,40,14,8,1,5,4,5,7,4,4,1,5,1,2,18,42,2,9,1,1,C03,7,9,1,10,2,12,"  ",42,42,1,22,8,C03,120.605174,24.183313,2,66000,387130000C,(04)23289100,(04)25368667
1273,2023,03,4,1,58,臺中市,南屯區,0,2,0,8,3,5,50,14,7,1,5,4,5,7,4,4,5,5,4,2,12,23,2,8,1,1,C03,7,9,1,10,2,12,"  ",23,23,1,4,8,C03,120.613037,24.1396,2,66000,387130000C,(04)23289100,(04)25368667
1274,2023,03,4,2,40,臺中市,南屯區,0,1,0,8,1,5,50,4,1,1,5,4,5,7,3,1,10,5,5,2,15,6,2,8,1,1,B03,7,9,1,8,2,4,"  ",6,6,1,22,9,B03,120.642639,24.149882,2,66000,387130000C,(04)23289100,(04)25368667
1275,2023,03,4,3,0,臺中市,潭子區,0,0,0,8,,,60,,,,,,,,,,,,,,,12,"  ","  ","  ","  ",A11,"  ","  ",1,"  ",2,"  ","  ",12,"   ",1,22,"  ",A11,120.703573,24.201911,3,66000,387130000C,(04)23289100,(04)25368667
1276,2023,03,4,3,45,臺中市,西屯區,0,2,0,8,3,5,50,14,9,1,5,4,5,7,4,4,1,4,5,2,17,23,2,7,1,1,C03,7,9,1,10,2,12,12,23,23,1,22,8,C03,120.647207,24.155765,2,66000,387130000C,(04)23289100,(04)25368667
1277,2023,03,4,4,8,臺中市,北屯區,0,1,0,8,3,5,50,14,9,1,5,4,5,7,4,4,1,4,5,1,18,23,2,9,1,1,C03,7,9,1,10,2,14,"  ",23,23,1,22,8,C03,120.687998,24.201415,2,66000,387130000C,(04)23289100,(04)25368667
1278,2023,03,4,4,10,臺中市,西屯區,0,0,0,8,,,80,,,,,,,,,,,,,,,16,"  ","  ","  ","  ",B03,"  ","  ",1,"  ",1,"  ","  ",16,"   ",1,4,"  ",B03,120.660181,24.200859,3,66000,387130000C,(04)23289100,(04)25368667
1279,2023,03,4,5,59,臺中市,西區,0,1,0,8,2,5,30,4,1,1,5,4,5,7,4,4,10,5,5,2,16,6,3,10,1,1,B03,7,6,1,8,2,7,"  ",6,6,1,21,8,B03,120.65947,24.146708,2,66000,387130000C,(04)23289100,(04)25368667
1280,2023,03,4,6,8,臺中市,北屯區,0,0,0,8,,,80,,,,,,,,,,,,,,,16,"  ","  ","  ","  ",B03,"  ","  ",1,"  ",1,"  ","  ",16,16,1,5,"  ",B03,120.722466,24.189793,3,66000,387130000C,(04)23289100,(04)25368667
1281,2023,03,4,6,20,臺中市,大里區,0,1,0,8,1,5,50,14,7,1,5,4,5,7,4,4,5,4,5,1,16,10,2,9,1,1,C03,7,11,1,10,2,14,"  ",10,10,1,22,8,C03,120.689946,24.110168,2,66000,387130000C,(04)23289100,(04)25368667
1282,2023,03,4,6,39,臺中市,北屯區,0,1,0,8,1,5,50,4,18,1,5,4,5,7,2,1,10,5,5,2,3,15,3,10,1,1,B12,7,5,1,8,2,4,"  ",15,15,1,22,8,B12,120.686505,24.193623,2,66000,387130000C,(04)23289100,(04)25368667
1283,2023,03,4,6,40,臺中市,南屯區,0,0,0,,,,60,,,,,,,,,,,,,,,23,"  ","  ","  ","  ",B02,"  ","  ",1,"  ",2,"  ","  ",23,"   ",1,4,"  ",B02,120.623573,24.135487,3,66000,387130000C,(04)23289100,(04)25368667
1284,2023,03,4,6,42,臺中市,大雅區,0,1,0,8,1,5,50,5,1,1,5,4,5,7,4,4,10,5,5,2,17,6,2,5,1,1,C03,7,6,1,10,2,14,"  ",6,6,1,22,8,C03,120.650189,24.218894,2,66000,387130000C,(04)23289100,(04)25368667
1285,2023,03,4,6,46,臺中市,龍井區,0,0,0,8,,,60,,,,,,,,,,,,,,,42,"  ","  ","  ","  ",B03,"  ","  ",1,"  ",2,"  ","  ",42,"   ",1,22,"  ",B03,120.580473,24.188778,3,66000,387130000C,(04)23289100,(04)25368667
1286,2023,03,4,7,0,臺中市,太平區,0,1,0,8,1,5,50,14,9,1,5,4,5,7,4,4,5,5,5,1,16,19,3,10,1,1,B12,7,1,5,8,2,7,"  ",19,19,1,5,8,B12,120.74767,24.126831,2,66000,387130000C,(04)23289100,(04)25368667
1287,2023,03,4,7,10,臺中市,大里區,0,0,0,8,,,30,,,,,,,,,,,,,,,42,"  ","  ","  ","  ",B03,"  ","  ",1,"  ",2,"  ","  ",42,"   ",1,22,"  ",B03,120.710894,24.082922,3,66000,387130000C,(04)23289100,(04)25368667
1288,2023,03,4,7,14,臺中市,潭子區,0,1,0,8,1,5,40,4,1,1,5,4,5,7,3,1,5,4,5,2,15,26,2,9,2,1,F01,7,9,8,20,2,16,"  ",26,26,1,22,8,F01,120.696829,24.192398,2,66000,387130000C,(04)23289100,(04)25368667
1289,2023,03,4,7,22,臺中市,沙鹿區,0,1,0,8,1,5,50,14,9,1,5,4,5,7,4,4,5,5,5,1,20,42,2,1,2,1,B03,7,9,1,8,2,5,"  ",42,42,1,22,8,B03,120.552263,24.226181,2,66000,387130000C,(04)23289100,(04)25368667
1290,2023,03,4,7,28,臺中市,東區,0,1,0,8,1,5,50,3,2,1,5,4,5,7,1,1,10,5,5,2,17,23,2,9,1,1,C03,7,9,1,10,2,14,"  ",23,23,1,21,8,C03,120.689838,24.138339,2,66000,387130000C,(04)23289100,(04)25368667
1291,2023,03,4,7,40,臺中市,大里區,0,1,0,8,1,5,50,4,1,1,5,4,5,7,2,1,5,5,5,1,12,23,2,9,1,1,C03,7,5,1,10,2,14,"  ",23,23,1,5,8,C03,120.692233,24.115663,2,66000,387130000C,(04)23289100,(04)25368667
1292,2023,03,4,7,41,臺中市,太平區,0,1,0,8,1,5,50,4,1,1,5,4,5,7,1,1,10,5,5,2,29,42,2,9,1,1,C03,7,9,1,10,2,12,"  ",42,42,1,22,8,C03,120.715297,24.108117,2,66000,387130000C,(04)23289100,(04)25368667
1293,2023,03,4,7,43,臺中市,西屯區,0,2,0,8,1,5,50,3,1,1,5,4,5,7,4,4,10,5,5,2,17,42,2,9,3,4,C03,7,9,1,10,1,15,"  ",42,42,1,22,9,C03,120.660013,24.197628,2,66000,387130000C,(04)23289100,(04)25368667
1294,2023,03,4,7,45,臺中市,東區,0,1,0,8,1,5,50,4,1,1,5,4,5,7,1,1,10,5,5,2,17,26,2,9,1,1,C03,7,5,1,10,2,11,"  ",26,26,1,3,8,C03,120.704804,24.130636,2,66000,387130000C,(04)23289100,(04)25368667
1295,2023,03,4,7,45,臺中市,后里區,0,1,0,8,1,5,50,3,1,1,5,4,5,7,1,1,10,5,5,2,16,43,2,8,1,1,C03,7,5,1,10,2,11,"  ",43,43,1,9,8,C03,120.710442,24.301269,2,66000,387130000C,(04)23289100,(04)25368667
1296,2023,03,4,7,45,臺中市,大安區,0,0,0,8,,,30,,,,,,,,,,,,,,,12,"  ","  ","  ","  ",B03,"  ","  ",1,"  ",2,"  ","  ",12,"   ",1,21,"  ",B03,120.578733,24.349331,3,66000,387130000C,(04)23289100,(04)25368667
1297,2023,03,4,7,46,臺中市,北區,0,2,0,8,1,5,50,14,9,1,5,4,5,7,4,4,5,5,5,2,16,10,2,9,1,1,C03,7,11,1,10,2,14,"  ",10,10,1,21,8,C03,120.697897,24.152949,2,66000,387130000C,(04)23289100,(04)25368667
1298,2023,03,4,7,48,臺中市,北屯區,0,0,0,8,,,50,,,,,,,,,,,,,,,23,"  ","  ","  ","  ",A11,"  ","  ",1,"  ",1,"  ","  ",23,"   ",1,21,"  ",A11,120.706067,24.195266,3,66000,387130000C,(04)23289100,(04)25368667
1299,2023,03,4,7,48,臺中市,大里區,0,1,0,8,1,5,50,4,2,1,5,4,5,7,1,1,1,4,5,1,13,16,2,9,1,1,C03,7,9,1,10,2,11,"  ",16,16,1,22,1,C03,120.682366,24.100733,2,66000,387130000C,(04)23289100,(04)25368667
1300,2023,03,4,7,50,臺中市,北屯區,0,0,0,,,,30,,,,,,,,,,,,,,,13,"  ","  ","  ","  ",C03,"  ","  ",1,"  ",2,"  ","  ",13,13,1,22,"  ",C03,120.72472,24.176146,3,66000,387130000C,(04)23289100,(04)25368667
1301,2023,03,4,8,7,臺中市,南區,0,1,0,8,1,5,50,4,1,1,5,4,5,7,2,1,10,5,5,2,16,25,2,9,1,1,C03,7,9,1,10,2,11,"  ",25,25,1,18,8,C03,120.679286,24.119037,2,66000,387130000C,(04)23289100,(04)25368667
1302,2023,03,4,8,15,臺中市,大甲區,0,1,0,8,1,5,50,3,1,1,5,4,5,7,4,4,10,5,5,2,17,23,2,9,1,1,C03,7,9,1,10,2,12,"  ",23,23,1,21,8,C03,120.627671,24.34877,2,66000,387130000C,(04)23289100,(04)25368667
1303,2023,03,4,8,15,臺中市,新社區,0,0,0,8,1,5,50,14,9,1,5,4,5,7,4,1,5,5,5,1,16,19,3,10,1,1,B03,7,1,1,8,2,8,"  ",19,19,1,20,8,B03,120.810771,24.245166,3,66000,387130000C,(04)23289100,(04)25368667
1304,2023,03,4,8,18,臺中市,大里區,0,0,0,8,,,50,,,,,,,,,,,,,,,23,"  ","  ","  ","  ",B03,"  ","  ",1,"  ",2,"  ","  ",23,"   ",1,5,"  ",B03,120.665888,24.096683,3,66000,387130000C,(04)23289100,(04)25368667
1305,2023,03,4,8,23,臺中市,西屯區,0,2,0,8,1,5,50,4,1,1,5,4,5,7,1,1,1,4,5,1,13,23,2,9,1,4,C03,7,9,1,10,2,11,"  ",23,23,1,4,8,C03,120.65263,24.166498,2,66000,387130000C,(04)23289100,(04)25368667
1306,2023,03,4,8,25,臺中市,北屯區,0,1,0,8,1,5,50,3,1,1,5,4,5,7,4,4,10,5,5,2,16,42,3,10,1,1,C02,7,15,1,9,1,12,"  ",42,42,1,22,8,C02,120.696177,24.164242,2,66000,387130000C,(04)23289100,(04)25368667
1307,2023,03,4,8,28,臺中市,南區,0,0,0,8,,,40,,,,,,,,,,,,,,,17,"  ","  ","  ","  ",C03,"  ","  ",1,"  ",2,"  ","  ",17,"   ",1,4,"  ",C03,120.683998,24.122885,3,66000,387130000C,(04)23289100,(04)25368667
1308,2023,03,4,8,28,臺中市,西屯區,0,0,0,8,,,50,,,,,,,,,,,,,,,8,"  ","  ","  ","  ",C03,"  ","  ",1,"  ",1,"  ","  ",8,"   ",1,18,"  ",C03,120.637444,24.177677,3,66000,387130000C,(04)23289100,(04)25368667
1309,2023,03,4,8,32,臺中市,西屯區,0,1,0,8,1,5,50,3,1,1,5,4,5,7,4,4,5,4,5,2,16,9,3,10,1,1,B03,7,6,1,8,2,2,"  ",9,9,1,22,9,B03,120.655356,24.165693,2,66000,387130000C,(04)23289100,(04)25368667
1310,2023,03,4,8,35,臺中市,潭子區,0,0,0,8,,,50,,,,,,,,,,,,,,,23,"  ","  ","  ","  ",B03,"  ","  ",1,"  ",1,"  ","  ",23,"   ",1,22,"  ",B03,120.722607,24.204386,3,66000,387130000C,(04)23289100,(04)25368667
1311,2023,03,4,8,35,臺中市,北屯區,0,0,0,8,,,50,,,,,,,,,,,,,,,19,"  ","  ","  ","  ",A02,"  ","  ",1,"  ",1,"  ","  ",19,"   ",1,10,"  ",A02,120.685515,24.17181,3,66000,387130000C,(04)23289100,(04)25368667
1312,2023,03,4,8,36,臺中市,北屯區,0,0,0,8,,,50,,,,,,,,,,,,,,,42,"  ","  ","  ","  ",B03,"  ","  ",1,"  ",1,"  ","  ",42,"   ",1,21,"  ",B03,120.66612,24.181606,3,66000,387130000C,(04)23289100,(04)25368667
1313,2023,03,4,8,40,臺中市,大里區,0,0,0,8,,,50,,,,,,,,,,,,,,,42,"  ","  ","  ","  ",B12,"  ","  ",1,"  ",2,"  ","  ",42,"   ",1,6,"  ",B12,120.689023,24.110125,3,66000,387130000C,(04)23289100,(04)25368667
1314,2023,03,4,8,42,臺中市,豐原區,0,2,0,8,1,5,60,14,7,1,5,4,5,7,4,4,1,4,4,2,28,21,2,9,1,1,C03,7,9,1,10,7,14,"  ",21,21,1,22,8,C03,120.726442,24.238275,2,66000,387130000C,(04)23289100,(04)25368667
1315,2023,03,4,8,46,臺中市,西區,0,0,0,8,1,5,50,14,9,1,5,4,5,7,4,4,5,4,5,2,12,7,"  ","  ","  ","  ",B03,"  ","  ",1,"  ",1,"  ","  ",7,"   ",1,22,"  ",B03,120.655558,24.146887,3,66000,387130000C,(04)23289100,(04)25368667
1316,2023,03,4,8,48,臺中市,北區,0,1,0,8,1,5,50,4,1,1,5,4,5,7,1,1,5,4,4,2,16,6,3,10,1,1,B03,7,6,1,8,2,5,"  ",6,6,1,22,8,B03,120.675613,24.159336,2,66000,387130000C,(04)23289100,(04)25368667
1317,2023,03,4,8,51,臺中市,南屯區,0,0,0,8,,,50,,,,,,,,,,,,,,,23,"  ","  ","  ","  ",C03,"  ","  ",1,"  ",1,"  ","  ",23,"   ",1,22,"  ",C03,120.637184,24.15155,3,66000,387130000C,(04)23289100,(04)25368667
1318,2023,03,4,8,53,臺中市,北屯區,0,0,0,8,,,40,,,,,,,,,,,,,,,12,"  ","  ","  ","  ",B03,"  ","  ",1,"  ",1,"  ","  ",12,"   ",1,21,"  ",B03,120.680233,24.194525,3,66000,387130000C,(04)23289100,(04)25368667
1319,2023,03,4,8,55,臺中市,大雅區,0,1,0,8,1,5,30,3,1,1,5,4,5,7,4,4,10,5,5,2,17,23,3,10,1,1,B03,7,6,1,8,9,8,"  ",23,43,1,22,8,B03,120.656985,24.2267,2,66000,387130000C,(04)23289100,(04)25368667
1320,2023,03,4,8,57,臺中市,后里區,0,1,0,8,1,5,60,4,1,1,5,4,5,7,1,1,10,5,5,2,12,23,2,9,1,1,C03,7,9,3,18,2,12,"  ",23,23,1,9,8,C03,120.678744,24.304148,2,66000,387130000C,(04)23289100,(04)25368667
1321,2023,03,4,9,0,臺中市,中區,0,2,0,8,1,5,50,4,1,1,5,4,5,7,2,1,10,5,5,2,12,7,2,9,1,1,C03,7,9,1,10,2,11,"  ",44,7,1,22,9,C03,120.684479,24.139381,2,66000,387130000C,(04)23289100,(04)25368667
1322,2023,03,4,9,8,臺中市,西屯區,0,1,0,8,1,5,50,4,1,1,5,4,5,7,1,1,5,4,5,2,16,10,2,7,3,4,C03,7,11,1,10,2,12,"  ",10,10,1,22,8,C03,120.642585,24.164718,2,66000,387130000C,(04)23289100,(04)25368667
1323,2023,03,4,9,8,臺中市,豐原區,0,2,0,8,1,5,30,11,9,1,5,4,5,3,4,4,10,5,5,2,16,8,2,7,1,1,C03,7,5,4,8,2,14,"  ",8,8,1,22,8,C03,120.738787,24.264706,2,66000,387130000C,(04)23289100,(04)25368667
1324,2023,03,4,9,10,臺中市,北區,0,0,1,8,1,5,50,14,9,1,5,4,5,7,4,4,1,5,5,2,12,7,3,10,1,1,B12,7,8,1,8,2,2,"  ",7,7,1,22,8,B12,120.680328,24.16532,2,66000,387130000C,(04)23289100,(04)25368667
1325,2023,03,4,9,13,臺中市,潭子區,0,0,0,8,,,30,,,,,,,,,,,,,,,23,"  ","  ","  ","  ",B03,"  ","  ",1,"  ",2,"  ","  ",23,"   ",1,22,"  ",B03,120.727924,24.201877,3,66000,387130000C,(04)23289100,(04)25368667
1326,2023,03,4,9,13,臺中市,潭子區,0,0,0,8,,,50,,,,,,,,,,,,,,,12,"  ","  ","  ","  ",B03,"  ","  ",1,"  ",2,"  ","  ",12,"   ",1,22,"  ",B03,120.708083,24.206882,3,66000,387130000C,(04)23289100,(04)25368667
1327,2023,03,4,9,14,臺中市,烏日區,0,4,0,8,1,5,60,4,1,1,5,4,5,7,1,1,10,5,5,2,15,25,2,9,1,1,C03,7,9,1,10,2,14,"  ",25,25,1,19,8,C03,120.64654,24.1103,2,66000,387130000C,(04)23289100,(04)25368667
1328,2023,03,4,9,17,臺中市,北屯區,0,0,0,,,,50,,,,,,,,,,,,,,,7,"  ","  ","  ","  ",B03,"  ","  ",1,"  ",1,"  ","  ",44,7,1,22,"  ",B03,120.662469,24.188557,3,66000,387130000C,(04)23289100,(04)25368667
1329,2023,03,4,9,28,臺中市,新社區,0,0,0,8,1,5,50,14,9,5,5,4,5,7,4,4,5,5,5,1,13,16,"  ","  ","  ","  ",B03,"  ","  ",1,"  ",2,"  ","  ",16,"   ",1,22,"  ",B03,120.808078,24.252164,3,66000,387130000C,(04)23289100,(04)25368667
1330,2023,03,4,9,30,臺中市,梧棲區,0,1,0,8,1,5,40,4,1,1,5,4,5,7,4,4,5,4,5,2,15,6,2,9,1,1,C03,7,9,1,10,2,11,"  ",6,6,1,4,8,C03,120.545249,24.248532,2,66000,387130000C,(04)23289100,(04)25368667
1331,2023,03,4,9,30,臺中市,后里區,0,0,0,8,,,50,,,,,,,,,,,,,,,42,"  ","  ","  ","  ",A12,"  ","  ",1,"  ",2,"  ","  ",42,"   ",1,22,"  ",A12,120.72338,24.313156,3,66000,387130000C,(04)23289100,(04)25368667
1332,2023,03,4,9,31,臺中市,北屯區,0,0,0,8,,,40,,,,,,,,,,,,,,,16,"  ","  ","  ","  ",C03,"  ","  ",1,"  ",1,"  ","  ",16,"   ",1,22,"  ",C03,120.685569,24.176998,3,66000,387130000C,(04)23289100,(04)25368667
1333,2023,03,4,9,33,臺中市,北區,0,0,0,8,,,50,,,,,,,,,,,,,,,16,"  ","  ","  ","  ",C03,"  ","  ",1,"  ",1,"  ","  ",16,"   ",1,22,"  ",C03,120.687949,24.150631,3,66000,387130000C,(04)23289100,(04)25368667
1334,2023,03,4,9,36,臺中市,后里區,0,2,0,8,1,5,50,14,9,1,5,4,5,7,4,4,5,5,5,2,16,6,2,2,1,1,B03,7,8,1,8,2,5,"  ",6,6,1,22,8,B03,120.708979,24.305473,2,66000,387130000C,(04)23289100,(04)25368667
1335,2023,03,4,9,40,臺中市,南區,0,0,0,,,,40,,,,,,,,,,,,,,,43,"  ","  ","  ","  ",B03,"  ","  ",1,"  ",11,"  ","  ",43,"   ",1,21,"  ",B03,120.661986,24.11699,3,66000,387130000C,(04)23289100,(04)25368667
1336,2023,03,4,9,41,臺中市,烏日區,0,1,0,8,1,5,50,14,9,1,5,4,5,7,4,4,5,5,5,2,16,19,3,10,1,1,B03,7,1,1,8,2,8,"  ",19,19,1,21,8,B03,120.639652,24.105143,2,66000,387130000C,(04)23289100,(04)25368667
1337,2023,03,4,9,48,臺中市,大甲區,0,1,0,8,1,5,50,14,9,1,5,4,5,7,4,4,9,5,5,1,10,4,2,9,1,1,C03,7,15,6,18,2,11,"  ",4,4,1,20,8,C03,120.657638,24.381425,2,66000,387130000C,(04)23289100,(04)25368667
1338,2023,03,4,9,52,臺中市,南屯區,0,1,0,8,1,5,50,4,1,1,5,4,5,7,1,1,10,5,5,2,17,23,2,7,1,1,C03,7,9,1,10,2,15,"  ",23,23,1,5,8,C03,120.63391,24.146069,2,66000,387130000C,(04)23289100,(04)25368667
1339,2023,03,4,9,53,臺中市,大肚區,0,1,0,8,1,5,70,5,9,1,5,4,5,7,1,1,1,4,5,1,12,23,3,10,1,1,A42,7,8,1,1,2,8,"  ",23,23,1,2,1,A42,120.548324,24.142586,2,66000,387130000C,(04)23289100,(04)25368667
1340,2023,03,4,9,57,臺中市,東區,0,2,0,8,1,5,50,3,1,1,5,4,5,7,1,1,10,5,5,2,17,23,2,8,1,1,C03,7,9,1,10,2,12,"  ",23,23,1,5,8,C03,120.692411,24.149942,2,66000,387130000C,(04)23289100,(04)25368667
1341,2023,03,4,9,58,臺中市,太平區,0,0,0,8,,,50,,,,,,,,,,,,,,,19,"  ","  ","  ","  ",B03,"  ","  ",1,"  ",11,"  ","  ",19,"   ",1,22,"  ",B03,120.725131,24.144261,3,66000,387130000C,(04)23289100,(04)25368667
1342,2023,03,4,10,1,臺中市,大里區,0,0,0,8,,,50,,,,,,,,,,,,,,,23,"  ","  ","  ","  ",B03,"  ","  ",1,"  ",2,"  ","  ",23,"   ",1,5,"  ",B03,120.691146,24.100988,3,66000,387130000C,(04)23289100,(04)25368667
1343,2023,03,4,10,8,臺中市,石岡區,0,0,0,8,1,5,50,3,9,1,5,4,5,7,1,1,5,5,5,1,13,23,"  ","  ","  ","  ",C03,"  ","  ",1,"  ",2,"  ","  ",23,"   ",1,22,"  ",C03,120.81647,24.260138,3,66000,387130000C,(04)23289100,(04)25368667
1344,2023,03,4,10,10,臺中市,東勢區,0,1,0,8,1,5,50,3,9,1,5,4,5,7,1,1,4,1,5,1,16,23,3,10,1,1,B03,7,5,1,8,2,5,"  ",23,23,1,22,9,B03,120.83071,24.25149,2,66000,387130000C,(04)23289100,(04)25368667
1345,2023,03,4,10,15,臺中市,南屯區,0,0,0,8,,,50,,,,,,,,,,,,,,,30,"  ","  ","  ","  ",C03,"  ","  ",1,10,1,"  ","  ",30,30,1,12,"  ",C03,120.633779,24.144438,3,66000,387130000C,(04)23289100,(04)25368667
1346,2023,03,4,10,18,臺中市,烏日區,0,1,0,8,1,5,30,11,9,1,5,4,5,7,4,4,10,5,5,2,11,5,2,7,1,1,C03,7,9,1,10,2,14,"  ",5,5,1,4,8,C03,120.605751,24.118816,2,66000,387130000C,(04)23289100,(04)25368667
1347,2023,03,4,10,23,臺中市,龍井區,0,0,0,8,,,70,,,,,,,,,,,,,,,7,"  ","  ","  ","  ",A31,"  ","  ",1,"  ",2,"  ","  ",7,"   ",1,10,"  ",A31,120.541395,24.214859,3,66000,387130000C,(04)23289100,(04)25368667
1348,2023,03,4,10,25,臺中市,大雅區,0,1,0,8,1,5,50,3,2,1,5,4,5,7,4,4,5,5,5,1,2,23,3,10,1,1,B12,7,9,1,6,2,5,"  ",23,23,1,22,9,B12,120.62414,24.233317,2,66000,387130000C,(04)23289100,(04)25368667
1349,2023,03,4,10,28,臺中市,太平區,0,0,0,,,,50,,,,,,,,,,,,,,,16,"  ","  ","  ","  ",C03,"  ","  ",1,"  ",2,"  ","  ",16,"   ",1,5,"  ",C03,120.720145,24.121144,3,66000,387130000C,(04)23289100,(04)25368667
1350,2023,03,4,10,31,臺中市,南區,0,2,0,8,1,5,50,4,1,1,5,4,5,7,1,1,10,5,5,2,17,40,3,10,1,1,B03,7,13,1,8,2,4,"  ",40,40,1,9,8,B03,120.666731,24.114148,2,66000,387130000C,(04)23289100,(04)25368667
1351,2023,03,4,10,33,臺中市,大里區,0,0,0,8,,,25,,,,,,,,,,,,,,,26,"  ","  ","  ","  ",B03,"  ","  ",1,"  ",2,"  ","  ",26,"   ",1,22,"  ",B03,120.697495,24.111246,3,66000,387130000C,(04)23289100,(04)25368667
1352,2023,03,4,10,35,臺中市,西屯區,0,0,0,8,,,50,,,,,,,,,,,,,,,23,"  ","  ","  ","  ",C03,"  ","  ",1,"  ",2,"  ","  ",23,"   ",1,22,"  ",C03,120.634162,24.163569,3,66000,387130000C,(04)23289100,(04)25368667
1353,2023,03,4,10,37,臺中市,南區,0,1,0,8,1,5,50,4,1,1,5,4,5,7,1,1,10,5,5,2,18,23,2,9,1,1,C03,7,9,1,10,2,14,"  ",23,23,1,22,8,C03,120.653897,24.122283,2,66000,387130000C,(04)23289100,(04)25368667
1354,2023,03,4,10,37,臺中市,龍井區,0,2,0,8,1,5,50,3,1,1,5,4,5,7,4,4,10,5,5,2,11,42,2,9,1,1,C03,7,9,1,10,2,11,"  ",42,42,1,22,8,C03,120.571774,24.177784,2,66000,387130000C,(04)23289100,(04)25368667
1355,2023,03,4,10,40,臺中市,西屯區,0,1,0,8,1,5,50,4,1,1,5,4,5,7,1,1,10,5,5,2,24,23,2,9,3,4,C03,7,9,1,10,2,11,"  ",23,23,1,22,9,C03,120.646239,24.164309,2,66000,387130000C,(04)23289100,(04)25368667
1356,2023,03,4,10,40,臺中市,神岡區,0,0,0,8,,,50,,,,,,,,,,,,,,,23,"  ","  ","  ","  ",B03,"  ","  ",1,"  ",2,"  ","  ",23,"   ",1,22,"  ",B03,120.698765,24.248635,3,66000,387130000C,(04)23289100,(04)25368667
1357,2023,03,4,10,41,臺中市,大里區,0,1,0,8,1,5,50,4,9,1,5,4,5,7,2,1,5,3,4,1,17,43,3,10,1,1,F01,7,9,8,20,2,16,"  ",43,43,1,15,8,F01,120.684621,24.096943,2,66000,387130000C,(04)23289100,(04)25368667
1358,2023,03,4,10,42,臺中市,東區,0,0,0,,,,50,,,,,,,,,,,,,,,19,"  ","  ","  ","  ",B03,"  ","  ",1,"  ",1,"  ","  ",19,"   ",1,5,"  ",B03,120.694428,24.142727,3,66000,387130000C,(04)23289100,(04)25368667
1359,2023,03,4,10,47,臺中市,大雅區,0,2,0,8,1,5,30,4,1,1,5,4,5,7,4,4,10,5,5,2,17,6,2,1,1,1,C03,7,9,1,10,2,11,"  ",6,6,1,22,8,C03,120.667101,24.217111,2,66000,387130000C,(04)23289100,(04)25368667
1360,2023,03,4,10,49,臺中市,東區,0,1,0,8,1,5,50,4,1,1,5,4,5,7,2,1,10,5,5,2,16,6,3,10,1,1,B03,7,6,1,8,2,5,"  ",6,6,1,21,8,B03,120.695607,24.141115,2,66000,387130000C,(04)23289100,(04)25368667
1361,2023,03,4,10,51,臺中市,大里區,0,1,0,8,1,5,40,4,1,1,5,4,5,7,2,1,5,5,5,1,12,17,3,10,1,1,A12,7,9,1,7,2,2,"  ",17,17,1,10,5,A12,120.70189,24.08599,2,66000,387130000C,(04)23289100,(04)25368667
1362,2023,03,4,10,53,臺中市,北屯區,0,0,0,8,,,80,,,,,,,,,,,,,,,16,"  ","  ","  ","  ",B03,"  ","  ",1,"  ",1,"  ","  ",16,"   ",1,21,"  ",B03,120.72068,24.172175,3,66000,387130000C,(04)23289100,(04)25368667