序號,年,月,日,時,分,縣市,區,死亡數量,受傷數量,2-30,天候,光線,道路類別,速限_速度(公里),道路型態,事故位置,路面鋪裝,路面狀態,路面缺陷,障礙物,視距,號誌種類,號誌動作,分向設施,快車道或一般車道間,快慢車道間,路面邊線,事故類型及型態,主要肇因,受傷程度,主要傷處,保護裝備,行動電話,當事者區分,車輛用途,當事者行動狀態,駕駛資格情形,駕駛執照種類,飲酒情形,車輛撞擊部位最初,車輛撞擊部位其他,肇事因素個別,肇事因素主要,肇事逃逸,職業,旅次目的,車種,GPS座標X,GPS座標Y,事故類別,縣市別代碼,機關代碼,市話,傳真
1363,2023,03,4,10,53,臺中市,東勢區,0,0,0,8,1,5,50,14,9,1,5,4,5,7,4,4,5,5,5,1,14,12,"  ","  ","  ","  ",B03,"  ","  ",1,"  ",1,"  ","  ",12,"   ",1,22,"  ",B03,120.825837,24.260536,3,66000,387130000C,(04)23289100,(04)25368667
1364,2023,03,4,11,0,臺中市,西屯區,0,0,0,8,,,50,,,,,,,,,,,,,,,26,"  ","  ","  ","  ",C03,"  ","  ",4,"  ",2,"  ","  ",26,"   ",1,4,"  ",C03,120.644251,24.194815,3,66000,387130000C,(04)23289100,(04)25368667
1365,2023,03,4,11,0,臺中市,清水區,0,0,0,8,,,50,,,,,,,,,,,,,,,12,"  ","  ","  ","  ",B03,"  ","  ",1,"  ",2,"  ","  ",12,"   ",1,22,"  ",B03,120.573002,24.271723,3,66000,387130000C,(04)23289100,(04)25368667
1366,2023,03,4,11,0,臺中市,神岡區,0,1,0,8,1,5,50,14,7,1,5,4,5,7,4,4,5,4,4,2,17,16,2,9,1,1,C03,7,9,1,10,2,11,"  ",16,16,1,12,8,C03,120.678529,24.249375,2,66000,387130000C,(04)23289100,(04)25368667
1367,2023,03,4,11,1,臺中市,南屯區,0,0,0,8,,,40,,,,,,,,,,,,,,,19,"  ","  ","  ","  ",B12,"  ","  ",1,"  ",1,"  ","  ",19,"   ",1,22,"  ",B12,120.613405,24.138739,3,66000,387130000C,(04)23289100,(04)25368667
1368,2023,03,4,11,2,臺中市,大里區,0,2,0,8,1,5,50,4,1,1,5,4,5,7,4,4,10,5,5,2,16,8,2,9,1,1,C03,7,5,1,10,2,11,"  ",8,8,1,22,8,C03,120.7027,24.09824,2,66000,387130000C,(04)23289100,(04)25368667
1369,2023,03,4,11,3,臺中市,北區,0,1,0,8,1,5,50,5,1,1,5,4,5,7,1,1,10,5,5,2,16,6,3,10,1,1,B03,7,5,1,8,2,8,"  ",6,6,1,22,8,B03,120.676191,24.158299,2,66000,387130000C,(04)23289100,(04)25368667
1370,2023,03,4,11,3,臺中市,北屯區,0,0,0,8,,,50,,,,,,,,,,,,,,,23,"  ","  ","  ","  ",B03,"  ","  ",1,"  ",1,"  ","  ",23,"   ",1,21,"  ",B03,120.706586,24.165524,3,66000,387130000C,(04)23289100,(04)25368667
1371,2023,03,4,11,6,臺中市,北屯區,0,2,0,8,1,5,30,14,9,1,5,4,1,7,4,4,1,4,5,2,13,23,3,10,1,1,B03,7,9,6,8,2,1,"  ",23,23,1,21,8,B03,120.666571,24.200726,2,66000,387130000C,(04)23289100,(04)25368667
1372,2023,03,4,11,10,臺中市,清水區,0,1,0,8,1,5,50,4,1,1,5,4,5,7,1,1,10,5,5,2,3,25,3,10,1,1,C03,7,9,6,10,9,11,"  ",25,25,2,21,8,C03,120.574806,24.267533,2,66000,387130000C,(04)23289100,(04)25368667
1373,2023,03,4,11,13,臺中市,豐原區,0,0,0,8,,,50,,,,,,,,,,,,,,,23,"  ","  ","  ","  ",B03,"  ","  ",1,"  ",2,"  ","  ",23,23,1,21,"  ",B03,120.719938,24.25356,3,66000,387130000C,(04)23289100,(04)25368667
1374,2023,03,4,11,14,臺中市,大里區,0,0,0,8,,,50,,,,,,,,,,,,,,,38,"  ","  ","  ","  ",B03,"  ","  ",1,"  ",9,"  ","  ",38,"   ",1,4,"  ",B03,120.693909,24.090152,3,66000,387130000C,(04)23289100,(04)25368667
1375,2023,03,4,11,19,臺中市,大里區,0,2,0,8,1,5,30,4,1,1,5,4,5,7,4,4,10,5,5,2,15,6,2,8,1,1,C03,7,9,1,10,2,11,"  ",6,6,1,22,9,C03,120.684563,24.112081,2,66000,387130000C,(04)23289100,(04)25368667
1376,2023,03,4,11,20,臺中市,清水區,0,1,0,8,1,5,40,3,1,1,5,4,5,7,1,1,1,4,1,1,16,25,2,9,1,1,C03,7,9,1,10,2,11,"  ",25,25,1,22,8,C03,120.596388,24.303892,2,66000,387130000C,(04)23289100,(04)25368667
1377,2023,03,4,11,22,臺中市,豐原區,0,0,0,8,1,5,30,15,9,1,5,4,5,7,4,4,10,5,5,2,17,16,3,10,1,1,B03,7,5,3,18,9,5,"  ",16,16,1,22,8,B03,120.710531,24.240967,3,66000,387130000C,(04)23289100,(04)25368667
1378,2023,03,4,11,23,臺中市,潭子區,0,0,0,8,,,0,,,,,,,,,,,,,,,12,"  ","  ","  ","  ",B12,"  ","  ",1,"  ",2,"  ","  ",12,"   ",1,22,"  ",B12,120.687444,24.214559,3,66000,387130000C,(04)23289100,(04)25368667
1379,2023,03,4,11,29,臺中市,南屯區,0,0,0,8,,,40,,,,,,,,,,,,,,,42,"  ","  ","  ","  ",C03,"  ","  ",1,"  ",1,"  ","  ",42,"   ",1,5,"  ",C03,120.615318,24.148403,3,66000,387130000C,(04)23289100,(04)25368667
1380,2023,03,4,11,29,臺中市,清水區,0,0,0,8,,,50,,,,,,,,,,,,,,,19,"  ","  ","  ","  ",B03,"  ","  ",1,"  ",2,"  ","  ",19,"   ",1,21,"  ",B03,120.576996,24.269706,3,66000,387130000C,(04)23289100,(04)25368667
1381,2023,03,4,11,30,臺中市,外埔區,0,0,0,8,,,50,,,,,,,,,,,,,,,18,"  ","  ","  ","  ",B03,"  ","  ",1,"  ",2,"  ","  ",18,18,1,22,"  ",B03,120.652808,24.332366,3,66000,387130000C,(04)23289100,(04)25368667
1382,2023,03,4,11,33,臺中市,北屯區,0,0,0,8,,,50,,,,,,,,,,,,,,,23,"  ","  ","  ","  ",B03,"  ","  ",1,"  ",1,"  ","  ",23,"   ",1,22,"  ",B03,120.700839,24.178389,3,66000,387130000C,(04)23289100,(04)25368667
1383,2023,03,4,11,37,臺中市,北區,0,0,0,,,,50,,,,,,,,,,,,,,,12,"  ","  ","  ","  ",B03,"  ","  ",1,"  ",1,"  ","  ",12,"   ",1,21,"  ",B03,120.663884,24.157614,3,66000,387130000C,(04)23289100,(04)25368667
1384,2023,03,4,11,37,臺中市,西屯區,0,1,0,8,1,5,50,3,9,1,5,4,5,7,4,4,1,4,5,2,16,6,3,10,3,4,B03,7,6,1,8,2,2,"  ",6,6,1,22,8,B03,120.637028,24.179191,2,66000,387130000C,(04)23289100,(04)25368667
1385,2023,03,4,11,40,臺中市,清水區,0,1,0,8,1,5,50,11,9,1,5,4,5,7,4,4,5,5,5,1,17,12,3,10,1,1,B03,7,2,1,8,2,6,"  ",12,12,1,22,8,B03,120.563472,24.305157,2,66000,387130000C,(04)23289100,(04)25368667
1386,2023,03,4,11,43,臺中市,龍井區,0,1,0,8,1,5,30,4,1,1,5,4,5,7,4,4,10,5,5,2,17,42,2,8,1,1,C03,7,5,1,10,2,12,"  ",42,42,1,22,8,C03,120.589023,24.17971,2,66000,387130000C,(04)23289100,(04)25368667
1387,2023,03,4,11,45,臺中市,北屯區,0,0,0,8,,,30,,,,,,,,,,,,,,,12,"  ","  ","  ","  ",B12,"  ","  ",1,"  ",11,"  ","  ",12,"   ",1,22,"  ",B12,120.662505,24.189538,3,66000,387130000C,(04)23289100,(04)25368667
1388,2023,03,4,11,51,臺中市,大里區,0,0,0,8,,,50,,,,,,,,,,,,,,,12,"  ","  ","  ","  ",B03,"  ","  ",1,"  ",2,"  ","  ",12,"   ",1,22,"  ",B03,120.696486,24.095834,3,66000,387130000C,(04)23289100,(04)25368667
1389,2023,03,4,11,55,臺中市,北區,0,0,0,8,,,30,,,,,,,,,,,,,,,23,"  ","  ","  ","  ",F01,"  ","  ",1,"  ",1,"  ","  ",23,"   ",1,22,"  ",F01,120.684625,24.152297,3,66000,387130000C,(04)23289100,(04)25368667
1390,2023,03,4,11,55,臺中市,霧峰區,0,0,0,8,,,40,,,,,,,,,,,,,,,12,"  ","  ","  ","  ",B03,"  ","  ",1,"  ",2,"  ","  ",12,"   ",1,4,"  ",B03,120.661826,24.069947,3,66000,387130000C,(04)23289100,(04)25368667
1391,2023,03,4,11,56,臺中市,烏日區,0,2,0,8,1,5,30,4,9,1,5,4,5,3,4,4,10,5,5,2,16,6,2,9,1,1,C03,7,9,1,10,2,11,12,6,6,1,21,8,C03,120.639988,24.104299,2,66000,387130000C,(04)23289100,(04)25368667
1392,2023,03,4,12,5,臺中市,南屯區,0,0,0,8,,,30,,,,,,,,,,,,,,,16,"  ","  ","  ","  ",C03,"  ","  ",1,10,1,"  ","  ",16,16,1,23,"  ",C03,120.61353,24.157218,3,66000,387130000C,(04)23289100,(04)25368667
1393,2023,03,4,12,5,臺中市,西屯區,0,0,0,8,,,50,,,,,,,,,,,,,,,23,"  ","  ","  ","  ",B02,"  ","  ",1,"  ",1,"  ","  ",23,"   ",1,22,"  ",B02,120.625793,24.198605,3,66000,387130000C,(04)23289100,(04)25368667
1394,2023,03,4,12,7,臺中市,梧棲區,0,1,0,8,1,5,30,14,8,1,5,4,5,7,4,4,1,4,1,1,16,19,3,10,1,1,B02,7,1,1,8,2,8,"  ",19,19,1,11,8,B02,120.544213,24.246886,2,66000,387130000C,(04)23289100,(04)25368667
1395,2023,03,4,12,8,臺中市,西屯區,0,0,0,8,,,50,,,,,,,,,,,,,,,23,"  ","  ","  ","  ",B03,"  ","  ",1,"  ",1,"  ","  ",23,"   ",1,4,"  ",B03,120.621204,24.180177,3,66000,387130000C,(04)23289100,(04)25368667
1396,2023,03,4,12,9,臺中市,大肚區,0,1,0,8,1,5,30,3,2,1,5,4,5,7,4,4,10,5,5,2,16,6,2,8,1,1,F03,7,6,8,20,2,16,"  ",6,6,1,2,8,F03,120.58581,24.115304,2,66000,387130000C,(04)23289100,(04)25368667
1397,2023,03,4,12,10,臺中市,西區,0,0,0,8,,,50,,,,,,,,,,,,,,,6,"  ","  ","  ","  ",B12,"  ","  ",1,"  ",1,"  ","  ",6,"   ",1,21,"  ",B12,120.658868,24.137379,3,66000,387130000C,(04)23289100,(04)25368667
1398,2023,03,4,12,10,臺中市,大里區,0,0,0,8,,,50,,,,,,,,,,,,,,,23,"  ","  ","  ","  ",C03,"  ","  ",1,"  ",2,"  ","  ",23,"   ",1,5,"  ",C03,120.696165,24.111573,3,66000,387130000C,(04)23289100,(04)25368667
1399,2023,03,4,12,11,臺中市,北區,0,0,0,8,,,40,,,,,,,,,,,,,,,7,"  ","  ","  ","  ",B03,"  ","  ",1,"  ",1,"  ","  ",7,"   ",1,22,"  ",B03,120.664993,24.161223,3,66000,387130000C,(04)23289100,(04)25368667
1400,2023,03,4,12,11,臺中市,太平區,0,1,0,8,1,5,50,4,1,1,5,4,5,7,4,4,10,5,5,2,15,6,3,10,1,1,C03,7,9,3,18,2,12,"  ",6,6,1,22,8,C03,120.725264,24.122588,2,66000,387130000C,(04)23289100,(04)25368667
1401,2023,03,4,12,12,臺中市,東區,0,1,0,8,1,5,50,4,1,1,5,4,5,7,1,1,10,5,5,2,17,9,3,10,1,1,B03,7,6,1,8,2,2,"  ",9,9,1,22,8,B03,120.685837,24.14315,2,66000,387130000C,(04)23289100,(04)25368667
1402,2023,03,4,12,15,臺中市,西屯區,0,0,0,8,,,50,,,,,,,,,,,,,,,23,"  ","  ","  ","  ",B03,"  ","  ",1,"  ",2,"  ","  ",23,"   ",1,22,"  ",B03,120.645635,24.191411,3,66000,387130000C,(04)23289100,(04)25368667
1403,2023,03,4,12,17,臺中市,潭子區,0,1,0,8,1,5,30,3,1,1,5,4,5,5,4,4,10,5,5,2,16,6,2,9,1,1,C03,7,6,1,10,2,14,"  ",6,6,1,22,8,C03,120.711655,24.211312,2,66000,387130000C,(04)23289100,(04)25368667
1404,2023,03,4,12,18,臺中市,西屯區,0,0,0,8,,,50,,,,,,,,,,,,,,,23,"  ","  ","  ","  ",B03,"  ","  ",1,"  ",1,"  ","  ",23,"   ",1,22,"  ",B03,120.642744,24.172394,3,66000,387130000C,(04)23289100,(04)25368667
1405,2023,03,4,12,20,臺中市,西區,0,0,0,,,,50,,,,,,,,,,,,,,,25,"  ","  ","  ","  ",B03,"  ","  ",1,"  ",2,"  ","  ",25,"   ",1,20,"  ",B03,120.666393,24.133614,3,66000,387130000C,(04)23289100,(04)25368667
1406,2023,03,4,12,23,臺中市,西區,0,1,0,8,1,5,50,4,1,1,5,4,5,7,4,4,10,5,5,2,15,6,3,10,1,1,B03,7,9,1,8,2,1,"  ",6,6,1,22,9,B03,120.667598,24.149559,2,66000,387130000C,(04)23289100,(04)25368667
1407,2023,03,4,12,24,臺中市,豐原區,0,1,0,8,1,5,50,3,1,1,5,4,5,7,3,1,10,5,5,2,12,7,2,9,1,1,C03,7,7,3,18,2,14,"  ",7,7,1,22,8,C03,120.715758,24.239365,2,66000,387130000C,(04)23289100,(04)25368667
1408,2023,03,4,12,25,臺中市,西屯區,0,0,0,8,,,50,,,,,,,,,,,,,,,19,"  ","  ","  ","  ",B03,"  ","  ",1,"  ",1,"  ","  ",19,"   ",1,4,"  ",B03,120.618236,24.188088,3,66000,387130000C,(04)23289100,(04)25368667
1409,2023,03,4,12,26,臺中市,潭子區,0,0,0,8,,,50,,,,,,,,,,,,,,,23,"  ","  ","  ","  ",B03,"  ","  ",1,"  ",9,"  ","  ",23,"   ",1,22,"  ",B03,120.702873,24.211491,3,66000,387130000C,(04)23289100,(04)25368667
1410,2023,03,4,12,26,臺中市,南區,0,0,0,8,1,5,50,14,9,1,5,4,5,7,4,4,1,4,5,2,17,23,"  ","  ","  ","  ",B03,"  ","  ",1,"  ",10,"  ","  ",23,"   ",2,5,"  ",B03,120.649957,24.115907,3,66000,387130000C,(04)23289100,(04)25368667
1411,2023,03,4,12,27,臺中市,北屯區,0,0,0,8,,,50,,,,,,,,,,,,,,,23,"  ","  ","  ","  ",B03,"  ","  ",3,"  ",1,"  ","  ",23,"   ",1,21,"  ",B03,120.672473,24.187901,3,66000,387130000C,(04)23289100,(04)25368667
1412,2023,03,4,12,29,臺中市,北區,0,0,0,,,,,,,,,,,,,,,,,,,67,"  ","  ","  ","  ","   ","  ","  ","  ","  ","  ","  ","  ",67,"   ",1,"  ","  ","   ",120.669883,24.169868,3,66000,387130000C,(04)23289100,(04)25368667
1413,2023,03,4,12,30,臺中市,大甲區,0,2,0,8,1,5,50,5,2,1,5,4,5,7,4,4,5,5,5,1,17,19,2,9,1,1,C03,7,1,3,18,2,14,"  ",19,19,1,4,8,C03,120.62578,24.348755,2,66000,387130000C,(04)23289100,(04)25368667
1414,2023,03,4,12,33,臺中市,北屯區,0,2,0,8,1,5,50,14,7,1,5,4,5,7,4,4,1,4,4,2,13,42,3,10,1,1,B03,7,9,1,8,2,1,"  ",42,42,1,21,8,B03,120.702218,24.18495,2,66000,387130000C,(04)23289100,(04)25368667
1415,2023,03,4,12,35,臺中市,大里區,0,0,0,8,,,30,,,,,,,,,,,,,,,6,"  ","  ","  ","  ",C03,"  ","  ",1,"  ",2,"  ","  ",6,6,1,22,"  ",C03,120.703853,24.097483,3,66000,387130000C,(04)23289100,(04)25368667
1416,2023,03,4,12,36,臺中市,太平區,0,2,0,8,1,5,50,3,1,1,5,4,5,7,4,4,10,5,5,2,16,6,2,9,1,1,C03,7,5,1,10,2,11,"  ",6,6,1,21,8,C03,120.713298,24.159886,2,66000,387130000C,(04)23289100,(04)25368667
1417,2023,03,4,12,38,臺中市,太平區,0,3,0,8,1,5,50,3,2,1,5,4,5,7,4,4,5,4,5,1,16,7,2,9,1,1,C03,7,7,3,18,2,14,"  ",7,7,1,17,8,C03,120.715327,24.127078,2,66000,387130000C,(04)23289100,(04)25368667
1418,2023,03,4,12,39,臺中市,北區,0,1,0,8,1,5,50,4,2,1,5,4,5,7,1,1,5,4,5,2,29,23,3,10,1,1,C03,7,7,1,10,2,15,"  ",23,23,1,22,8,C03,120.682005,24.154658,2,66000,387130000C,(04)23289100,(04)25368667
1419,2023,03,4,12,40,臺中市,大肚區,0,0,0,8,,,30,,,,,,,,,,,,,,,12,"  ","  ","  ","  ",B03,"  ","  ",1,"  ",2,"  ","  ",12,"   ",1,21,"  ",B03,120.542407,24.169217,3,66000,387130000C,(04)23289100,(04)25368667
1420,2023,03,4,12,42,臺中市,北屯區,0,0,0,8,,,50,,,,,,,,,,,,,,,23,"  ","  ","  ","  ",B03,"  ","  ",1,"  ",2,"  ","  ",23,23,1,21,"  ",B03,120.744012,24.184062,3,66000,387130000C,(04)23289100,(04)25368667
1421,2023,03,4,12,45,臺中市,南區,0,2,0,8,1,5,40,4,1,1,5,4,5,7,4,4,10,5,5,2,15,6,2,9,1,1,C03,7,9,1,10,2,12,"  ",6,6,1,22,8,C03,120.68118,24.134221,2,66000,387130000C,(04)23289100,(04)25368667
1422,2023,03,4,12,45,臺中市,南屯區,0,0,0,8,,,40,,,,,,,,,,,,,,,23,"  ","  ","  ","  ",B03,"  ","  ",1,"  ",2,"  ","  ",23,"   ",1,22,"  ",B03,120.640579,24.149879,3,66000,387130000C,(04)23289100,(04)25368667
1423,2023,03,4,12,49,臺中市,北區,0,0,0,8,,,50,,,,,,,,,,,,,,,43,"  ","  ","  ","  ",B03,"  ","  ",1,"  ",11,"  ","  ",43,"   ",1,22,"  ",B03,120.6754,24.14933,3,66000,387130000C,(04)23289100,(04)25368667
1424,2023,03,4,12,49,臺中市,烏日區,0,0,0,8,,,30,,,,,,,,,,,,,,,6,"  ","  ","  ","  ",B03,"  ","  ",1,"  ",2,"  ","  ",6,"   ",1,21,"  ",B03,120.644256,24.112747,3,66000,387130000C,(04)23289100,(04)25368667
1425,2023,03,4,12,51,臺中市,北區,0,3,0,8,1,5,50,4,1,1,5,4,5,7,1,1,10,5,5,2,16,7,2,9,1,1,C03,7,10,1,10,2,12,"  ",7,7,1,22,9,C03,120.68616,24.146227,2,66000,387130000C,(04)23289100,(04)25368667
1426,2023,03,4,12,58,臺中市,西屯區,0,1,0,8,1,5,50,3,9,1,5,4,5,7,4,4,1,4,5,2,16,6,3,10,3,4,B03,7,6,1,8,2,5,"  ",6,6,1,22,8,B03,120.638251,24.16934,2,66000,387130000C,(04)23289100,(04)25368667
1427,2023,03,4,13,0,臺中市,大里區,0,0,0,8,,,50,,,,,,,,,,,,,,,12,"  ","  ","  ","  ",B03,"  ","  ",1,"  ",2,"  ","  ",12,"   ",1,22,"  ",B03,120.679293,24.113785,3,66000,387130000C,(04)23289100,(04)25368667
1428,2023,03,4,13,3,臺中市,霧峰區,0,0,0,8,,,40,,,,,,,,,,,,,,,23,"  ","  ","  ","  ",B03,"  ","  ",1,"  ",2,"  ","  ",23,23,1,4,"  ",B03,120.672484,24.042527,3,66000,387130000C,(04)23289100,(04)25368667
1429,2023,03,4,13,4,臺中市,西區,0,0,0,8,,,50,,,,,,,,,,,,,,,12,"  ","  ","  ","  ",B02,"  ","  ",1,"  ",1,"  ","  ",44,12,1,22,"  ",B02,120.659558,24.136412,3,66000,387130000C,(04)23289100,(04)25368667
1430,2023,03,4,13,6,臺中市,豐原區,0,0,0,8,,,50,,,,,,,,,,,,,,,16,"  ","  ","  ","  ",B03,"  ","  ",1,"  ",2,"  ","  ",16,"   ",1,22,"  ",B03,120.745249,24.263121,3,66000,387130000C,(04)23289100,(04)25368667
1431,2023,03,4,13,10,臺中市,石岡區,0,0,0,8,1,5,30,14,9,1,5,4,5,7,4,4,10,5,5,1,11,17,"  ","  ","  ","  ",B03,"  ","  ",1,"  ",2,"  ","  ",17,"   ",1,22,"  ",B03,120.807654,24.26668,3,66000,387130000C,(04)23289100,(04)25368667
1432,2023,03,4,13,18,臺中市,北區,0,1,0,8,1,5,40,3,1,1,5,4,5,7,4,4,5,5,4,2,16,19,2,9,1,1,C03,7,1,1,10,2,14,"  ",19,19,1,21,8,C03,120.672719,24.169997,2,66000,387130000C,(04)23289100,(04)25368667
1433,2023,03,4,13,18,臺中市,大里區,0,0,0,8,,,50,,,,,,,,,,,,,,,44,"  ","  ","  ","  ",C03,"  ","  ",1,"  ",2,"  ","  ",44,"   ",1,22,"  ",C03,120.692538,24.090921,3,66000,387130000C,(04)23289100,(04)25368667
1434,2023,03,4,13,20,臺中市,后里區,0,1,0,8,1,5,50,14,12,1,5,4,5,7,4,4,5,5,4,1,17,30,3,10,1,1,A12,7,9,1,2,2,15,"  ",30,30,1,20,8,A12,120.718228,24.309527,2,66000,387130000C,(04)23289100,(04)25368667
1435,2023,03,4,13,21,臺中市,西區,0,1,0,8,1,5,50,4,1,1,5,4,5,7,2,1,10,5,5,2,12,7,2,9,1,1,C03,7,8,1,10,2,12,"  ",7,7,1,5,5,C03,120.661673,24.150865,2,66000,387130000C,(04)23289100,(04)25368667
1436,2023,03,4,13,21,臺中市,西區,0,1,0,8,1,5,50,4,1,1,5,4,5,7,2,1,10,5,5,2,16,6,3,10,1,1,B03,7,5,1,8,2,1,"  ",6,6,1,20,8,B03,120.661694,24.132131,2,66000,387130000C,(04)23289100,(04)25368667
1437,2023,03,4,13,23,臺中市,沙鹿區,0,1,0,8,1,5,40,4,1,1,5,4,5,7,4,4,10,5,5,2,15,6,2,9,1,1,C03,7,9,1,10,2,11,"  ",6,6,1,18,9,C03,120.569522,24.230333,2,66000,387130000C,(04)23289100,(04)25368667
1438,2023,03,4,13,24,臺中市,北屯區,0,0,0,8,,,50,,,,,,,,,,,,,,,23,"  ","  ","  ","  ",C03,"  ","  ",1,"  ",1,"  ","  ",23,"   ",1,22,"  ",C03,120.668902,24.173892,3,66000,387130000C,(04)23289100,(04)25368667
1439,2023,03,4,13,25,臺中市,大里區,0,0,0,8,,,50,,,,,,,,,,,,,,,12,"  ","  ","  ","  ",B03,"  ","  ",1,"  ",2,"  ","  ",12,"   ",1,22,"  ",B03,120.693745,24.109055,3,66000,387130000C,(04)23289100,(04)25368667
1440,2023,03,4,13,26,臺中市,大里區,0,1,0,8,1,5,50,4,9,1,5,4,5,7,2,1,5,3,4,1,16,9,3,10,1,1,B03,7,6,5,18,2,8,"  ",9,9,1,5,8,B03,120.689778,24.100963,2,66000,387130000C,(04)23289100,(04)25368667
1441,2023,03,4,13,29,臺中市,北區,0,1,0,8,1,5,50,4,1,1,5,4,5,7,4,4,10,5,5,2,15,6,3,10,1,1,B03,7,9,1,8,2,5,"  ",6,6,1,22,9,B03,120.675574,24.14859,2,66000,387130000C,(04)23289100,(04)25368667
1442,2023,03,4,13,30,臺中市,西區,0,0,0,8,,,50,,,,,,,,,,,,,,,23,"  ","  ","  ","  ",B03,"  ","  ",1,"  ",1,"  ","  ",23,"   ",1,21,"  ",B03,120.672872,24.155689,3,66000,387130000C,(04)23289100,(04)25368667
1443,2023,03,4,13,30,臺中市,北區,0,2,0,8,1,5,50,4,1,1,5,4,5,7,4,4,5,5,5,2,15,6,2,9,1,1,C03,7,1,1,10,2,12,"  ",6,19,1,22,7,C03,120.682372,24.160855,2,66000,387130000C,(04)23289100,(04)25368667
1444,2023,03,4,13,30,臺中市,沙鹿區,0,0,0,8,,,30,,,,,,,,,,,,,,,5,"  ","  ","  ","  ",B03,"  ","  ",1,"  ",2,"  ","  ",5,"   ",1,22,"  ",B03,120.577752,24.242692,3,66000,387130000C,(04)23289100,(04)25368667
1445,2023,03,4,13,30,臺中市,沙鹿區,0,3,0,8,1,5,40,5,1,1,5,4,5,7,2,1,10,5,5,2,15,42,2,9,1,1,C03,7,9,1,10,2,11,"  ",42,42,1,3,5,C03,120.563291,24.24736,2,66000,387130000C,(04)23289100,(04)25368667
1446,2023,03,4,13,34,臺中市,西屯區,0,1,0,8,1,5,50,4,1,1,5,4,5,7,1,1,10,5,5,2,16,26,2,9,1,1,C03,7,5,1,10,2,12,"  ",26,26,1,4,8,C03,120.656534,24.200007,2,66000,387130000C,(04)23289100,(04)25368667
1447,2023,03,4,13,37,臺中市,北區,0,1,0,8,1,5,30,4,1,1,5,4,3,5,4,4,10,5,5,2,15,6,3,10,1,1,B03,7,9,1,8,2,5,"  ",6,6,1,21,8,B03,120.67962,24.152935,2,66000,387130000C,(04)23289100,(04)25368667
1448,2023,03,4,13,38,臺中市,西屯區,0,1,0,8,1,5,50,14,9,1,5,4,5,7,4,4,1,4,4,2,13,42,3,10,3,4,B03,7,9,1,8,2,1,"  ",42,42,1,22,8,B03,120.668983,24.177744,2,66000,387130000C,(04)23289100,(04)25368667
1449,2023,03,4,13,39,臺中市,西屯區,0,0,0,8,,,50,,,,,,,,,,,,,,,12,"  ","  ","  ","  ",B03,"  ","  ",1,"  ",1,"  ","  ",12,"   ",1,22,"  ",B03,120.632618,24.162101,3,66000,387130000C,(04)23289100,(04)25368667
1450,2023,03,4,13,41,臺中市,太平區,0,1,0,8,1,5,50,14,8,1,5,4,5,7,4,4,5,4,4,1,26,43,2,9,1,1,C03,7,9,1,10,1,11,"  ",43,43,1,22,8,C03,120.732435,24.115555,2,66000,387130000C,(04)23289100,(04)25368667
1451,2023,03,4,13,43,臺中市,南屯區,0,2,0,8,1,5,50,4,1,1,5,4,5,7,2,1,1,4,4,2,13,23,2,7,3,4,C03,7,9,1,10,2,11,"  ",23,23,1,22,9,C03,120.651393,24.150876,2,66000,387130000C,(04)23289100,(04)25368667
1452,2023,03,4,13,43,臺中市,北屯區,0,1,0,8,1,5,50,4,1,1,5,4,5,7,1,1,10,5,5,2,15,25,3,10,1,1,B03,7,9,1,8,2,4,"  ",25,25,1,22,8,B03,120.676136,24.200773,2,66000,387130000C,(04)23289100,(04)25368667
1453,2023,03,4,13,44,臺中市,大里區,0,0,0,8,,,40,,,,,,,,,,,,,,,17,"  ","  ","  ","  ",A11,"  ","  ",1,"  ",2,"  ","  ",17,"   ",1,10,"  ",A11,120.703628,24.101394,3,66000,387130000C,(04)23289100,(04)25368667
1454,2023,03,4,13,45,臺中市,大甲區,0,0,0,8,1,6,50,14,9,1,5,4,5,7,4,4,4,5,5,1,17,43,3,10,4,5,F01,8,13,8,20,10,16,"  ",43,43,1,15,8,F01,120.653754,24.382575,3,66000,387130000C,(04)23289100,(04)25368667
1455,2023,03,4,13,50,臺中市,西屯區,0,2,0,8,1,5,50,4,1,1,5,4,5,7,4,4,8,5,5,1,3,23,2,9,1,4,B01,7,5,1,8,1,1,"  ",23,23,1,4,8,B01,120.63523,24.17419,2,66000,387130000C,(04)23289100,(04)25368667
1456,2023,03,4,13,56,臺中市,大雅區,0,1,0,8,1,5,50,3,2,1,5,4,5,7,4,4,5,5,5,1,16,6,3,10,1,1,B03,7,5,1,8,2,5,"  ",6,6,1,22,9,B03,120.644874,24.223046,2,66000,387130000C,(04)23289100,(04)25368667
1457,2023,03,4,13,58,臺中市,潭子區,0,2,0,8,1,5,60,14,8,1,5,4,5,7,4,4,1,4,4,1,13,23,3,10,1,1,B03,7,14,1,8,2,7,"  ",38,23,1,22,9,B03,120.702324,24.187287,2,66000,387130000C,(04)23289100,(04)25368667
1458,2023,03,4,14,0,臺中市,太平區,0,0,0,8,,,50,,,,,,,,,,,,,,,23,"  ","  ","  ","  ",B12,"  ","  ",1,"  ",2,"  ","  ",23,"   ",1,5,"  ",B12,120.714731,24.149158,3,66000,387130000C,(04)23289100,(04)25368667