序號,年,月,日,時,分,縣市,區,死亡數量,受傷數量,2-30,天候,光線,道路類別,速限_速度(公里),道路型態,事故位置,路面鋪裝,路面狀態,路面缺陷,障礙物,視距,號誌種類,號誌動作,分向設施,快車道或一般車道間,快慢車道間,路面邊線,事故類型及型態,主要肇因,受傷程度,主要傷處,保護裝備,行動電話,當事者區分,車輛用途,當事者行動狀態,駕駛資格情形,駕駛執照種類,飲酒情形,車輛撞擊部位最初,車輛撞擊部位其他,肇事因素個別,肇事因素主要,肇事逃逸,職業,旅次目的,車種,GPS座標X,GPS座標Y,事故類別,縣市別代碼,機關代碼,市話,傳真
1554,2023,03,4,18,4,臺中市,沙鹿區,0,1,0,8,2,5,30,4,2,1,5,4,5,7,4,4,10,5,5,2,4,54,2,8,4,5,H01,8,18,8,20,10,16,"  ",54,54,1,14,8,H01,120.567728,24.197243,2,66000,387130000C,(04)23289100,(04)25368667
1555,2023,03,4,18,5,臺中市,大里區,0,1,0,8,4,5,30,4,1,1,5,4,5,7,1,1,10,5,5,2,3,19,3,10,1,1,B03,7,1,1,8,2,1,"  ",19,19,1,20,8,B03,120.703183,24.090089,2,66000,387130000C,(04)23289100,(04)25368667
1556,2023,03,4,18,6,臺中市,北屯區,0,0,0,8,,,50,,,,,,,,,,,,,,,16,"  ","  ","  ","  ",B03,"  ","  ",1,"  ",1,"  ","  ",16,"   ",1,21,"  ",B03,120.718761,24.163413,3,66000,387130000C,(04)23289100,(04)25368667
1557,2023,03,4,18,6,臺中市,西屯區,0,1,0,8,2,5,50,14,8,1,5,4,5,7,4,4,5,4,4,2,12,6,3,10,3,4,B03,7,6,1,8,2,5,"  ",6,6,1,22,8,B03,120.655373,24.174401,2,66000,387130000C,(04)23289100,(04)25368667
1558,2023,03,4,18,9,臺中市,梧棲區,0,1,0,8,3,5,30,4,1,1,5,4,5,7,4,4,10,5,5,2,15,6,2,9,3,4,C03,7,9,1,10,2,12,"  ",6,6,1,22,8,C03,120.524962,24.248523,2,66000,387130000C,(04)23289100,(04)25368667
1559,2023,03,4,18,12,臺中市,西屯區,0,0,0,8,,,50,,,,,,,,,,,,,,,42,"  ","  ","  ","  ",B03,"  ","  ",1,"  ",1,"  ","  ",42,"   ",1,22,"  ",B03,120.641046,24.173578,3,66000,387130000C,(04)23289100,(04)25368667
1560,2023,03,4,18,12,臺中市,西屯區,0,2,0,8,1,5,50,3,2,1,5,4,5,7,2,1,1,4,1,2,15,25,3,10,1,1,B03,7,9,1,8,2,1,"  ",25,25,1,22,8,B03,120.641151,24.173411,2,66000,387130000C,(04)23289100,(04)25368667
1561,2023,03,4,18,15,臺中市,西屯區,0,0,0,8,2,5,50,3,1,1,5,4,5,7,4,4,10,5,5,2,15,23,3,10,1,1,B03,7,9,1,8,1,5,"  ",23,23,1,9,5,B03,120.66731,24.173529,3,66000,387130000C,(04)23289100,(04)25368667
1562,2023,03,4,18,20,臺中市,西區,0,2,0,8,1,5,50,4,1,1,5,4,5,7,1,1,5,4,4,1,16,9,3,10,1,1,B03,7,6,1,8,2,5,"  ",9,9,1,21,8,B03,120.665271,24.149036,2,66000,387130000C,(04)23289100,(04)25368667
1563,2023,03,4,18,21,臺中市,南區,0,0,0,8,,,50,,,,,,,,,,,,,,,43,"  ","  ","  ","  ","   ","  ","  ","  ","  ","  ","  ","  ",43,"   ",1,"  ","  ","   ",120.68142,24.13476,3,66000,387130000C,(04)23289100,(04)25368667
1564,2023,03,4,18,21,臺中市,西屯區,0,1,0,8,1,5,40,14,8,1,5,4,5,7,4,4,9,4,4,2,13,42,2,9,1,1,C03,7,9,1,10,2,12,"  ",42,42,1,12,8,C03,120.640758,24.155475,2,66000,387130000C,(04)23289100,(04)25368667
1565,2023,03,4,18,23,臺中市,北屯區,0,1,0,8,3,5,50,4,2,1,5,4,5,7,2,1,5,5,4,2,17,26,2,7,3,4,C03,7,5,1,10,2,14,"  ",26,26,1,21,8,C03,120.668545,24.178237,2,66000,387130000C,(04)23289100,(04)25368667
1566,2023,03,4,18,23,臺中市,北屯區,0,0,0,6,,,50,,,,,,,,,,,,,,,6,"  ","  ","  ","  ",B03,"  ",6,1,8,1,5,"  ",6,6,1,21,"  ",B03,120.678453,24.184269,3,66000,387130000C,(04)23289100,(04)25368667
1567,2023,03,4,18,25,臺中市,東區,0,1,0,8,3,5,50,4,1,1,5,4,5,7,1,1,10,5,5,2,16,6,3,10,1,1,B03,7,9,1,8,2,2,"  ",6,6,1,22,8,B03,120.69715,24.129606,2,66000,387130000C,(04)23289100,(04)25368667
1568,2023,03,4,18,27,臺中市,后里區,0,1,0,8,3,5,50,4,1,1,5,4,5,7,4,4,10,5,5,2,16,6,2,9,1,1,C03,7,5,1,10,2,14,"  ",6,6,1,19,8,C03,120.71958,24.307206,2,66000,387130000C,(04)23289100,(04)25368667
1569,2023,03,4,18,27,臺中市,外埔區,0,2,0,8,3,5,50,3,1,1,5,4,5,7,4,4,10,5,4,1,13,16,2,9,1,1,C03,7,9,1,10,2,11,"  ",16,16,1,22,8,C03,120.649533,24.335421,2,66000,387130000C,(04)23289100,(04)25368667
1570,2023,03,4,18,28,臺中市,南屯區,0,0,0,8,,,50,,,,,,,,,,,,,,,17,"  ","  ","  ","  ",B03,"  ","  ",1,"  ",1,"  ","  ",17,"   ",1,22,"  ",B03,120.585161,24.16632,3,66000,387130000C,(04)23289100,(04)25368667
1571,2023,03,4,18,30,臺中市,北區,0,0,0,8,,,50,,,,,,,,,,,,,,,1,"  ","  ","  ","  ",C03,"  ","  ",1,"  ",11,"  ","  ",1,"   ",1,5,"  ",C03,120.679922,24.159125,3,66000,387130000C,(04)23289100,(04)25368667
1572,2023,03,4,18,35,臺中市,清水區,0,0,0,8,,,30,,,,,,,,,,,,,,,12,"  ","  ","  ","  ",B12,"  ","  ",1,"  ",2,"  ","  ",12,"   ",1,21,"  ",B12,120.560536,24.273381,4,66000,387130000C,(04)23289100,(04)25368667
1573,2023,03,4,18,37,臺中市,大里區,0,0,0,8,,,60,,,,,,,,,,,,,,,9,"  ","  ","  ","  ",B03,"  ","  ",1,"  ",2,"  ","  ",9,"   ",1,5,"  ",B03,120.678451,24.115035,3,66000,387130000C,(04)23289100,(04)25368667
1574,2023,03,4,18,48,臺中市,南屯區,0,0,0,8,3,5,40,4,1,1,5,4,5,7,2,1,10,5,5,2,16,23,3,10,1,1,C03,7,9,1,10,1,12,"  ",23,23,1,22,8,C03,120.634977,24.152593,3,66000,387130000C,(04)23289100,(04)25368667
1575,2023,03,4,18,50,臺中市,西屯區,0,0,0,8,,,40,,,,,,,,,,,,,,,16,"  ","  ","  ","  ",B03,"  ","  ",1,"  ",1,"  ","  ",16,"   ",1,22,"  ",B03,120.638278,24.159295,3,66000,387130000C,(04)23289100,(04)25368667
1576,2023,03,4,18,50,臺中市,大甲區,0,1,0,8,1,5,50,4,1,1,5,4,5,7,4,4,10,5,5,2,15,6,3,10,1,1,B03,7,9,2,18,2,1,"  ",14,6,1,22,9,B03,120.618758,24.350165,2,66000,387130000C,(04)23289100,(04)25368667
1577,2023,03,4,18,50,臺中市,豐原區,0,1,0,8,1,5,50,4,1,1,5,4,5,7,1,1,10,5,5,2,17,6,3,10,1,1,B12,7,5,1,8,2,1,"  ",6,6,1,22,8,B12,120.721293,24.258041,2,66000,387130000C,(04)23289100,(04)25368667
1578,2023,03,4,18,51,臺中市,南區,0,0,0,8,,,50,,,,,,,,,,,,,,,23,"  ","  ","  ","  ",B01,"  ","  ",1,"  ",2,"  ","  ",23,"   ",1,5,"  ",B01,120.670077,24.114787,3,66000,387130000C,(04)23289100,(04)25368667
1579,2023,03,4,18,52,臺中市,東區,0,0,0,8,,,50,,,,,,,,,,,,,,,42,"  ","  ","  ","  ",B03,"  ","  ",1,"  ",2,"  ","  ",42,"   ",1,2,"  ",B03,120.708419,24.134347,3,66000,387130000C,(04)23289100,(04)25368667
1580,2023,03,4,18,52,臺中市,梧棲區,0,2,0,8,3,5,50,4,1,1,5,4,5,7,1,1,10,5,5,2,16,25,2,9,1,1,F03,7,5,8,20,2,16,"  ",25,25,1,9,8,F03,120.534238,24.246505,2,66000,387130000C,(04)23289100,(04)25368667
1581,2023,03,4,18,57,臺中市,西區,0,1,0,8,3,5,50,4,1,1,5,4,5,7,1,1,1,5,5,2,12,6,3,10,3,4,B12,7,6,1,8,2,2,"  ",6,6,1,21,8,B12,120.657262,24.140026,2,66000,387130000C,(04)23289100,(04)25368667
1582,2023,03,4,18,58,臺中市,南區,0,0,0,,,,50,,,,,,,,,,,,,,,1,"  ","  ","  ","  ",B03,"  ","  ",1,"  ",2,"  ","  ",1,"   ",1,22,"  ",B03,120.654453,24.12334,3,66000,387130000C,(04)23289100,(04)25368667
1583,2023,03,4,19,0,臺中市,大雅區,0,0,0,8,,,50,,,,,,,,,,,,,,,23,"  ","  ","  ","  ",C03,"  ","  ",1,"  ",2,"  ","  ",23,"   ",1,22,"  ",C03,120.643964,24.208216,4,66000,387130000C,(04)23289100,(04)25368667
1584,2023,03,4,19,0,臺中市,西屯區,0,0,0,8,,,40,,,,,,,,,,,,,,,16,"  ","  ","  ","  ",C03,"  ","  ",1,"  ",1,"  ","  ",16,"   ",1,22,"  ",C03,120.651493,24.207413,3,66000,387130000C,(04)23289100,(04)25368667
1585,2023,03,4,19,3,臺中市,龍井區,0,0,0,,,,30,,,,,,,,,,,,,,,23,"  ","  ","  ","  ",B03,"  ","  ",1,"  ",1,"  ","  ",23,"   ",1,9,"  ",B03,120.589756,24.180258,3,66000,387130000C,(04)23289100,(04)25368667
1586,2023,03,4,19,5,臺中市,烏日區,0,0,0,8,,,50,,,,,,,,,,,,,,,12,"  ","  ","  ","  ",B03,"  ","  ",1,"  ",2,"  ","  ",12,"   ",1,22,"  ",B03,120.598166,24.110036,3,66000,387130000C,(04)23289100,(04)25368667
1587,2023,03,4,19,7,臺中市,西區,0,0,0,,,,50,,,,,,,,,,,,,,,23,"  ","  ","  ","  ",B03,"  ","  ",1,"  ",1,"  ","  ",23,"   ",1,5,"  ",B03,120.65296,24.152334,3,66000,387130000C,(04)23289100,(04)25368667
1588,2023,03,4,19,9,臺中市,北區,0,1,0,8,3,5,50,14,9,1,5,4,5,7,4,4,9,4,5,2,13,23,3,10,3,4,B03,7,9,1,8,2,1,"  ",23,23,1,5,8,B03,120.681106,24.160184,2,66000,387130000C,(04)23289100,(04)25368667
1589,2023,03,4,19,9,臺中市,西屯區,0,1,0,8,3,5,50,4,2,1,5,4,5,7,4,4,9,4,5,2,16,6,2,7,1,1,C03,7,6,1,10,2,12,"  ",6,6,1,22,8,C03,120.628496,24.162718,2,66000,387130000C,(04)23289100,(04)25368667
1590,2023,03,4,19,13,臺中市,潭子區,0,0,0,8,,,50,,,,,,,,,,,,,,,23,"  ","  ","  ","  ",B03,"  ","  ",1,"  ",2,"  ","  ",23,"   ",1,21,"  ",B03,120.711118,24.235338,3,66000,387130000C,(04)23289100,(04)25368667
1591,2023,03,4,19,20,臺中市,潭子區,0,2,0,8,3,5,50,3,2,1,5,4,5,7,2,1,5,4,5,1,13,23,2,9,1,1,C03,7,9,1,10,2,11,"  ",23,23,1,22,8,C03,120.674585,24.203164,2,66000,387130000C,(04)23289100,(04)25368667
1592,2023,03,4,19,25,臺中市,東區,0,0,0,,,,50,,,,,,,,,,,,,,,18,"  ","  ","  ","  ",B12,"  ","  ",1,"  ",2,"  ","  ",18,"   ",1,22,"  ",B12,120.705072,24.130854,3,66000,387130000C,(04)23289100,(04)25368667
1593,2023,03,4,19,36,臺中市,大雅區,0,0,0,8,,,50,,,,,,,,,,,,,,,23,"  ","  ","  ","  ",B03,"  ","  ",1,"  ",2,"  ","  ",23,"   ",1,22,"  ",B03,120.65465,24.229565,3,66000,387130000C,(04)23289100,(04)25368667
1594,2023,03,4,19,43,臺中市,西屯區,0,0,0,8,,,30,,,,,,,,,,,,,,,67,"  ","  ","  ","  ","   ","  ","  ","  ","  ","  ","  ","  ",67,"   ",1,"  ","  ","   ",120.660041,24.195255,3,66000,387130000C,(04)23289100,(04)25368667
1595,2023,03,4,19,47,臺中市,豐原區,0,0,0,8,,,60,,,,,,,,,,,,,,,7,"  ","  ","  ","  ",B03,"  ","  ",1,"  ",2,"  ","  ",7,"   ",1,22,"  ",B03,120.722297,24.236677,3,66000,387130000C,(04)23289100,(04)25368667
1596,2023,03,4,19,52,臺中市,南屯區,0,2,0,8,3,5,50,14,9,1,5,4,5,7,4,4,1,4,5,2,16,7,3,10,3,4,B03,7,8,1,8,2,2,"  ",7,7,1,22,9,B03,120.639251,24.142052,2,66000,387130000C,(04)23289100,(04)25368667
1597,2023,03,4,19,56,臺中市,霧峰區,0,0,0,8,,,30,,,,,,,,,,,,,,,12,"  ","  ","  ","  ",B03,"  ","  ",1,"  ",2,"  ","  ",12,"   ",1,22,"  ",B03,120.674238,24.048857,3,66000,387130000C,(04)23289100,(04)25368667
1598,2023,03,4,20,0,臺中市,神岡區,0,0,0,8,,,30,,,,,,,,,,,,,,,12,"  ","  ","  ","  ",B03,"  ","  ",1,"  ",1,"  ","  ",12,"   ",1,22,"  ",B03,120.651722,24.275324,3,66000,387130000C,(04)23289100,(04)25368667
1599,2023,03,4,20,1,臺中市,北屯區,0,0,0,8,,,30,,,,,,,,,,,,,,,67,"  ","  ","  ","  ","   ","  ","  ","  ","  ","  ","  ","  ",67,"   ",1,"  ","  ","   ",120.695444,24.187475,3,66000,387130000C,(04)23289100,(04)25368667
1600,2023,03,4,20,8,臺中市,梧棲區,0,0,0,8,,,70,,,,,,,,,,,,,,,7,"  ","  ","  ","  ",B03,"  ","  ",1,"  ",2,"  ","  ",7,"   ",1,5,"  ",B03,120.536318,24.25037,3,66000,387130000C,(04)23289100,(04)25368667
1601,2023,03,4,20,12,臺中市,中區,0,0,0,8,,,50,,,,,,,,,,,,,,,6,"  ","  ","  ","  ",B03,"  ","  ",1,"  ",1,"  ","  ",6,"   ",1,21,"  ",B03,120.679381,24.146837,3,66000,387130000C,(04)23289100,(04)25368667
1602,2023,03,4,20,12,臺中市,東區,0,1,0,8,1,5,50,4,1,1,5,4,5,7,4,4,9,4,5,2,12,23,2,7,1,1,C03,7,9,1,10,2,14,"  ",23,23,1,5,1,C03,120.693593,24.14798,2,66000,387130000C,(04)23289100,(04)25368667
1603,2023,03,4,20,14,臺中市,大里區,0,1,0,8,3,5,50,4,1,1,5,4,5,7,4,4,5,5,4,2,16,8,3,10,1,1,C03,7,5,1,10,2,11,"  ",8,8,1,22,9,C03,120.67785,24.114238,2,66000,387130000C,(04)23289100,(04)25368667
1604,2023,03,4,20,19,臺中市,北區,0,0,0,8,,,50,,,,,,,,,,,,,,,23,"  ","  ","  ","  ",B03,"  ","  ",1,"  ",1,"  ","  ",23,"   ",1,5,"  ",B03,120.677688,24.151612,3,66000,387130000C,(04)23289100,(04)25368667
1605,2023,03,4,20,20,臺中市,西區,0,0,0,,,,50,,,,,,,,,,,,,,,23,"  ","  ","  ","  ",B03,"  ","  ",1,"  ",1,"  ","  ",23,"   ",1,20,"  ",B03,120.657511,24.152035,3,66000,387130000C,(04)23289100,(04)25368667
1606,2023,03,4,20,25,臺中市,北屯區,0,2,0,8,3,5,50,14,9,1,5,4,5,7,4,4,1,4,5,2,13,16,2,9,1,1,C03,7,9,1,10,2,11,"  ",16,16,1,21,8,C03,120.685203,24.169121,2,66000,387130000C,(04)23289100,(04)25368667
1607,2023,03,4,20,29,臺中市,后里區,0,1,0,8,3,5,50,3,1,1,5,4,5,7,1,1,10,5,5,2,12,6,3,10,1,1,B03,7,6,1,8,2,2,"  ",6,6,1,5,7,B03,120.721959,24.304985,2,66000,387130000C,(04)23289100,(04)25368667
1608,2023,03,4,20,30,臺中市,北屯區,0,0,0,8,,,50,,,,,,,,,,,,,,,12,"  ","  ","  ","  ",B03,"  ","  ",1,"  ",2,"  ","  ",12,"   ",1,21,"  ",B03,120.741015,24.179981,3,66000,387130000C,(04)23289100,(04)25368667
1609,2023,03,4,20,36,臺中市,南區,0,0,0,,,,50,,,,,,,,,,,,,,,42,"  ","  ","  ","  ",B03,"  ","  ",1,"  ",2,"  ","  ",42,"   ",1,22,"  ",B03,120.671175,24.113101,3,66000,387130000C,(04)23289100,(04)25368667
1610,2023,03,4,20,39,臺中市,西屯區,0,1,0,8,3,5,50,14,9,1,5,4,5,7,4,4,5,4,5,2,13,16,2,8,3,4,C03,7,9,1,10,1,11,"  ",16,16,1,22,8,C03,120.619878,24.187182,2,66000,387130000C,(04)23289100,(04)25368667
1611,2023,03,4,20,48,臺中市,北區,0,0,0,8,,,40,,,,,,,,,,,,,,,23,"  ","  ","  ","  ",C03,"  ","  ",1,"  ",11,"  ","  ",23,"   ",1,22,"  ",C03,120.68444,24.148436,3,66000,387130000C,(04)23289100,(04)25368667
1612,2023,03,4,20,49,臺中市,烏日區,0,1,0,8,3,5,50,14,9,1,5,4,5,7,4,4,9,3,5,1,17,23,2,9,1,1,C03,7,11,1,10,2,11,"  ",23,23,1,22,8,C03,120.640414,24.095083,2,66000,387130000C,(04)23289100,(04)25368667
1613,2023,03,4,20,51,臺中市,北區,0,0,0,8,,,50,,,,,,,,,,,,,,,42,"  ","  ","  ","  ",C03,"  ","  ",1,"  ",2,"  ","  ",42,"   ",1,5,"  ",C03,120.676911,24.150669,3,66000,387130000C,(04)23289100,(04)25368667
1614,2023,03,4,20,52,臺中市,大雅區,0,1,0,8,3,5,50,4,1,1,5,4,5,7,1,1,10,4,5,1,15,25,3,10,1,1,B03,7,9,1,8,2,1,"  ",25,25,1,22,9,B03,120.630969,24.228617,2,66000,387130000C,(04)23289100,(04)25368667
1615,2023,03,4,20,55,臺中市,東勢區,0,2,0,8,3,5,50,14,9,1,5,4,5,7,4,4,5,4,5,1,17,26,2,9,1,1,C03,7,11,4,10,2,12,"  ",26,26,1,19,8,C03,120.833999,24.251234,2,66000,387130000C,(04)23289100,(04)25368667
1616,2023,03,4,20,57,臺中市,西區,0,0,0,,,,50,,,,,,,,,,,,,,,16,"  ","  ","  ","  ",B03,"  ","  ",1,"  ",2,"  ","  ",16,"   ",1,21,"  ",B03,120.66553,24.153828,3,66000,387130000C,(04)23289100,(04)25368667
1617,2023,03,4,20,57,臺中市,大里區,0,0,0,8,1,5,60,14,9,1,5,4,5,7,4,4,1,4,5,1,13,42,"  ","  ","  ","  ",B03,"  ","  ",1,"  ",2,"  ","  ",42,"   ",1,22,"  ",B03,120.688677,24.095597,3,66000,387130000C,(04)23289100,(04)25368667
1618,2023,03,4,21,5,臺中市,潭子區,0,0,0,8,,,40,,,,,,,,,,,,,,,23,"  ","  ","  ","  ",B03,"  ","  ",1,"  ",2,"  ","  ",23,"   ",1,21,"  ",B03,120.712041,24.211763,3,66000,387130000C,(04)23289100,(04)25368667
1619,2023,03,4,21,13,臺中市,南區,0,0,0,8,,,50,,,,,,,,,,,,,,,23,"  ","  ","  ","  ",B03,"  ","  ",1,"  ",2,"  ","  ",23,"   ",1,5,"  ",B03,120.660705,24.132818,3,66000,387130000C,(04)23289100,(04)25368667
1620,2023,03,4,21,17,臺中市,北屯區,0,0,0,8,,,50,,,,,,,,,,,,,,,12,"  ","  ","  ","  ",B03,"  ","  ",1,"  ",1,"  ","  ",12,"   ",1,5,"  ",B03,120.686126,24.201448,3,66000,387130000C,(04)23289100,(04)25368667
1621,2023,03,4,21,20,臺中市,東區,0,0,0,,,,30,,,,,,,,,,,,,,,42,"  ","  ","  ","  ",C03,"  ","  ",1,"  ",2,"  ","  ",42,"   ",1,22,"  ",C03,120.700671,24.13259,3,66000,387130000C,(04)23289100,(04)25368667
1622,2023,03,4,21,27,臺中市,沙鹿區,0,1,0,8,3,5,50,4,1,1,5,4,5,7,4,4,10,5,5,2,16,6,2,9,1,1,C03,7,5,1,10,2,12,"  ",6,6,1,21,8,C03,120.561136,24.24221,2,66000,387130000C,(04)23289100,(04)25368667
1623,2023,03,4,21,30,臺中市,大里區,0,0,0,8,,,50,,,,,,,,,,,,,,,6,"  ","  ","  ","  ",F01,"  ","  ",1,"  ",2,"  ","  ",6,"   ",1,15,"  ",F01,120.679933,24.095836,3,66000,387130000C,(04)23289100,(04)25368667
1624,2023,03,4,21,30,臺中市,烏日區,0,1,0,8,3,5,50,14,8,1,5,4,5,7,4,4,1,4,5,2,17,42,3,10,1,1,B03,7,9,1,8,2,15,"  ",42,7,1,20,8,B03,120.636786,24.112755,2,66000,387130000C,(04)23289100,(04)25368667
1625,2023,03,4,21,32,臺中市,北區,0,0,0,,,,40,,,,,,,,,,,,,,,23,"  ","  ","  ","  ",B03,"  ","  ",1,"  ",2,"  ","  ",23,"   ",1,5,"  ",B03,120.684833,24.158802,3,66000,387130000C,(04)23289100,(04)25368667
1626,2023,03,4,21,42,臺中市,西區,0,0,0,8,,,50,,,,,,,,,,,,,,,16,"  ","  ","  ","  ",B03,"  ","  ",1,"  ",1,"  ","  ",16,"   ",1,4,"  ",B03,120.662222,24.155774,3,66000,387130000C,(04)23289100,(04)25368667
1627,2023,03,4,21,47,臺中市,大里區,0,0,0,8,,,30,,,,,,,,,,,,,,,17,"  ","  ","  ","  ",B03,"  ","  ",1,"  ",1,"  ","  ",17,"   ",1,5,"  ",B03,120.701523,24.109158,3,66000,387130000C,(04)23289100,(04)25368667
1628,2023,03,4,21,49,臺中市,西屯區,0,0,0,8,,,60,,,,,,,,,,,,,,,23,"  ","  ","  ","  ",B03,"  ","  ",1,"  ",2,"  ","  ",23,"   ",1,21,"  ",B03,120.648545,24.163159,3,66000,387130000C,(04)23289100,(04)25368667
1629,2023,03,4,21,59,臺中市,太平區,0,2,0,8,1,5,30,3,1,1,5,4,5,7,4,4,10,5,5,2,16,6,3,10,1,1,C03,7,5,1,10,2,14,"  ",6,6,1,22,8,C03,120.7342,24.144466,2,66000,387130000C,(04)23289100,(04)25368667
1630,2023,03,4,22,0,臺中市,龍井區,0,1,0,8,3,5,50,4,2,1,5,4,5,7,1,1,10,5,5,2,16,9,3,10,1,1,B12,7,6,1,8,2,2,"  ",9,9,1,10,1,B12,120.585002,24.18443,2,66000,387130000C,(04)23289100,(04)25368667
1631,2023,03,4,22,4,臺中市,西區,0,1,0,8,3,5,50,5,1,1,5,4,5,7,1,1,10,5,5,2,16,25,2,9,1,1,C03,7,5,1,10,2,11,"  ",25,25,1,21,8,C03,120.670492,24.153412,2,66000,387130000C,(04)23289100,(04)25368667
1632,2023,03,4,22,5,臺中市,西區,0,3,0,8,3,5,50,4,1,1,5,4,5,7,2,1,10,5,5,2,13,23,2,9,1,1,B03,7,9,1,8,2,1,"  ",23,23,1,5,5,B03,120.668339,24.139714,2,66000,387130000C,(04)23289100,(04)25368667
1633,2023,03,4,22,10,臺中市,西屯區,0,1,0,8,3,5,50,3,1,1,5,4,5,7,4,4,9,4,4,2,16,6,3,10,1,1,B03,7,5,1,8,2,1,"  ",6,6,1,12,8,B03,120.659988,24.19515,2,66000,387130000C,(04)23289100,(04)25368667
1634,2023,03,4,22,10,臺中市,后里區,0,1,0,8,1,5,60,4,1,1,5,4,1,7,1,1,10,5,5,2,28,23,2,9,1,1,C03,7,9,1,10,2,11,"  ",23,23,1,9,1,C03,120.730606,24.287991,2,66000,387130000C,(04)23289100,(04)25368667
1635,2023,03,4,22,12,臺中市,西屯區,0,0,0,8,3,5,50,14,8,1,5,4,5,7,4,4,5,5,4,2,14,12,3,10,1,1,B03,7,2,1,8,2,3,"  ",12,12,1,1,5,B03,120.639682,24.184831,3,66000,387130000C,(04)23289100,(04)25368667
1636,2023,03,4,22,17,臺中市,西區,0,1,0,8,3,5,50,4,1,1,5,4,5,7,1,1,10,5,5,2,3,15,3,10,1,1,B03,7,5,1,8,1,1,"  ",15,15,1,4,5,B03,120.652962,24.152371,2,66000,387130000C,(04)23289100,(04)25368667
1637,2023,03,4,22,23,臺中市,烏日區,0,0,0,8,3,5,50,3,1,1,5,4,5,7,4,4,9,4,5,2,14,12,"  ","  ","  ","  ",B03,"  ","  ",1,"  ",2,"  ","  ",12,"   ",1,22,"  ",B03,120.634113,24.106822,3,66000,387130000C,(04)23289100,(04)25368667
1638,2023,03,4,22,27,臺中市,西屯區,0,1,0,8,3,5,50,14,9,1,5,4,5,7,4,4,1,4,5,2,13,23,2,8,1,1,C03,7,9,1,10,2,11,"  ",23,23,1,18,8,C03,120.627446,24.18133,2,66000,387130000C,(04)23289100,(04)25368667
1639,2023,03,4,22,34,臺中市,太平區,0,0,0,8,,,30,,,,,,,,,,,,,,,5,"  ","  ","  ","  ",B03,"  ","  ",1,"  ",2,"  ","  ",5,"   ",1,9,"  ",B03,120.769083,24.138783,3,66000,387130000C,(04)23289100,(04)25368667
1640,2023,03,4,22,41,臺中市,烏日區,0,1,0,8,3,5,50,5,9,1,5,4,5,7,1,1,1,2,5,1,13,23,3,10,1,1,B03,7,9,1,8,2,1,"  ",23,23,1,22,8,B03,120.630944,24.104677,2,66000,387130000C,(04)23289100,(04)25368667
1641,2023,03,4,22,49,臺中市,大甲區,0,0,0,8,,,50,,,,,,,,,,,,,,,23,"  ","  ","  ","  ",B12,"  ","  ",1,"  ",9,"  ","  ",23,"   ",1,22,"  ",B12,120.621417,24.346541,3,66000,387130000C,(04)23289100,(04)25368667
1642,2023,03,4,22,51,臺中市,東區,0,0,0,,,,50,,,,,,,,,,,,,,,6,"  ","  ","  ","  ",B03,"  ","  ",1,"  ",2,"  ","  ",6,"   ",1,22,"  ",B03,120.70591,24.141378,3,66000,387130000C,(04)23289100,(04)25368667
1643,2023,03,4,22,55,臺中市,東區,0,2,0,8,3,5,50,14,9,1,5,4,5,6,4,4,5,4,4,2,3,23,2,9,1,1,C03,7,9,1,10,2,11,"  ",23,23,1,2,8,C03,120.702408,24.126906,2,66000,387130000C,(04)23289100,(04)25368667
1644,2023,03,4,23,9,臺中市,東區,0,1,0,8,1,5,50,4,1,1,5,4,5,7,3,3,9,4,5,2,16,6,2,9,1,1,C03,7,9,1,10,2,12,"  ",6,6,1,5,1,C03,120.704514,24.134056,2,66000,387130000C,(04)23289100,(04)25368667
1645,2023,03,4,23,21,臺中市,南區,0,1,0,7,3,5,50,14,8,1,5,4,5,7,4,4,5,4,4,2,13,23,2,9,1,1,C03,7,6,1,10,2,11,"  ",23,23,1,22,9,C03,120.657653,24.109118,2,66000,387130000C,(04)23289100,(04)25368667
1646,2023,03,4,23,52,臺中市,中區,0,0,0,8,,,50,,,,,,,,,,,,,,,6,"  ","  ","  ","  ",C03,"  ","  ",1,"  ",1,"  ","  ",6,"   ",1,21,"  ",C03,120.676898,24.141947,3,66000,387130000C,(04)23289100,(04)25368667
1647,2023,03,4,23,57,臺中市,西屯區,0,0,0,8,,,50,,,,,,,,,,,,,,,26,"  ","  ","  ","  ",B03,"  ","  ",1,"  ",2,"  ","  ",26,"   ",1,22,"  ",B03,120.646002,24.175458,3,66000,387130000C,(04)23289100,(04)25368667
1648,2023,03,5,0,10,臺中市,北區,0,1,0,8,3,5,50,5,1,1,5,4,5,7,2,1,10,5,5,2,15,25,3,10,1,1,B03,7,9,1,8,2,1,"  ",25,25,1,22,9,B03,120.688676,24.166873,2,66000,387130000C,(04)23289100,(04)25368667
1649,2023,03,5,0,40,臺中市,西屯區,0,1,0,8,3,5,40,14,8,1,5,4,5,7,2,1,1,5,1,2,12,9,3,10,1,1,B03,7,6,1,8,2,2,"  ",9,9,1,22,8,B03,120.615223,24.183325,2,66000,387130000C,(04)23289100,(04)25368667
1650,2023,03,5,1,10,臺中市,梧棲區,0,0,0,8,,,50,,,,,,,,,,,,,,,23,"  ","  ","  ","  ",B03,"  ","  ",1,"  ",2,"  ","  ",23,"   ",1,22,"  ",B03,120.538605,24.248893,3,66000,387130000C,(04)23289100,(04)25368667