序號,年,月,日,時,分,縣市,區,死亡數量,受傷數量,2-30,天候,光線,道路類別,速限_速度(公里),道路型態,事故位置,路面鋪裝,路面狀態,路面缺陷,障礙物,視距,號誌種類,號誌動作,分向設施,快車道或一般車道間,快慢車道間,路面邊線,事故類型及型態,主要肇因,受傷程度,主要傷處,保護裝備,行動電話,當事者區分,車輛用途,當事者行動狀態,駕駛資格情形,駕駛執照種類,飲酒情形,車輛撞擊部位最初,車輛撞擊部位其他,肇事因素個別,肇事因素主要,肇事逃逸,職業,旅次目的,車種,GPS座標X,GPS座標Y,事故類別,縣市別代碼,機關代碼,市話,傳真
1651,2023,03,5,1,22,臺中市,北區,0,0,0,8,,,50,,,,,,,,,,,,,,,23,"  ","  ","  ","  ",B03,"  ","  ",1,"  ",2,"  ","  ",23,"   ",1,22,"  ",B03,120.684993,24.163567,3,66000,387130000C,(04)23289100,(04)25368667
1652,2023,03,5,1,24,臺中市,豐原區,0,1,0,8,3,5,50,5,16,1,5,4,5,7,1,1,1,3,1,1,23,23,2,7,3,4,B03,7,9,1,8,2,1,"  ",23,23,1,22,5,B03,120.714046,24.237056,2,66000,387130000C,(04)23289100,(04)25368667
1653,2023,03,5,1,32,臺中市,北屯區,0,2,0,8,3,5,50,4,1,1,5,4,5,7,3,1,10,5,5,2,15,6,2,9,1,1,B03,7,9,1,8,6,1,"  ",6,6,1,5,8,B03,120.719551,24.180068,2,66000,387130000C,(04)23289100,(04)25368667
1654,2023,03,5,2,5,臺中市,南區,0,0,0,8,3,5,50,14,8,1,5,4,5,7,4,4,5,5,4,2,17,23,3,10,3,4,B01,7,9,1,4,2,5,"  ",23,23,2,10,8,B01,120.649876,24.116,3,66000,387130000C,(04)23289100,(04)25368667
1655,2023,03,5,2,6,臺中市,豐原區,0,1,0,8,3,5,30,4,1,1,5,4,5,7,3,1,8,3,4,1,15,6,2,8,3,4,C03,7,9,1,10,2,14,"  ",6,6,1,22,5,C03,120.726926,24.254865,2,66000,387130000C,(04)23289100,(04)25368667
1656,2023,03,5,2,18,臺中市,北區,0,1,0,8,3,5,50,4,1,1,5,4,5,7,4,4,10,5,5,2,15,6,2,9,1,1,C03,7,9,1,10,2,12,"  ",6,6,1,22,8,C03,120.669925,24.160382,2,66000,387130000C,(04)23289100,(04)25368667
1657,2023,03,5,3,5,臺中市,北屯區,0,2,0,8,3,5,50,4,1,1,5,4,5,7,2,1,10,5,5,2,12,9,3,10,1,1,B03,7,6,1,8,2,6,"  ",9,9,1,5,8,B03,120.681268,24.169658,2,66000,387130000C,(04)23289100,(04)25368667
1658,2023,03,5,3,36,臺中市,太平區,0,1,0,8,3,5,50,4,1,1,5,4,5,7,3,1,10,5,5,2,15,6,3,10,1,1,B02,7,9,3,18,2,1,"  ",6,6,1,22,5,B02,120.712859,24.144408,2,66000,387130000C,(04)23289100,(04)25368667
1659,2023,03,5,4,7,臺中市,太平區,0,1,0,8,3,5,50,3,1,1,5,4,5,7,3,1,10,5,5,2,16,6,2,9,3,4,B03,7,5,1,10,2,1,"  ",6,6,1,9,8,B03,120.715896,24.134858,2,66000,387130000C,(04)23289100,(04)25368667
1660,2023,03,5,4,12,臺中市,西屯區,0,0,0,8,,,50,,,,,,,,,,,,,,,23,"  ","  ","  ","  ",B03,"  ","  ",1,"  ",2,"  ","  ",23,"   ",1,22,"  ",B03,120.633895,24.161872,3,66000,387130000C,(04)23289100,(04)25368667
1661,2023,03,5,4,25,臺中市,烏日區,0,2,0,8,3,5,50,14,8,1,5,4,5,7,4,4,1,4,4,1,17,23,2,9,1,1,C03,7,9,3,18,7,11,"  ",23,23,1,22,8,C03,120.598333,24.111309,2,66000,387130000C,(04)23289100,(04)25368667
1662,2023,03,5,5,4,臺中市,清水區,0,1,0,8,3,5,50,4,1,1,5,4,5,7,3,1,10,5,5,2,15,6,3,10,1,1,B12,7,9,1,8,2,2,"  ",6,6,1,5,5,B12,120.571708,24.26372,2,66000,387130000C,(04)23289100,(04)25368667
1663,2023,03,5,5,13,臺中市,西屯區,0,0,0,8,,,50,,,,,,,,,,,,,,,23,"  ","  ","  ","  ",B03,"  ","  ",1,"  ",2,"  ","  ",23,23,1,22,"  ",B03,120.635106,24.173495,3,66000,387130000C,(04)23289100,(04)25368667
1664,2023,03,5,5,28,臺中市,西區,0,0,0,8,,,50,,,,,,,,,,,,,,,23,"  ","  ","  ","  ",B03,"  ","  ",1,"  ",1,"  ","  ",23,"   ",1,4,"  ",B03,120.659109,24.157331,3,66000,387130000C,(04)23289100,(04)25368667
1665,2023,03,5,6,0,臺中市,神岡區,0,0,0,8,,,50,,,,,,,,,,,,,,,23,"  ","  ","  ","  ",B12,"  ","  ",1,"  ",2,"  ","  ",23,"   ",1,22,"  ",B12,120.700225,24.251105,3,66000,387130000C,(04)23289100,(04)25368667
1666,2023,03,5,6,1,臺中市,北區,0,3,0,8,1,5,50,14,7,1,5,4,5,7,4,4,3,4,4,2,13,23,2,9,1,1,C03,7,14,1,10,3,11,"  ",23,23,1,22,8,C03,120.680381,24.163086,2,66000,387130000C,(04)23289100,(04)25368667
1667,2023,03,5,6,21,臺中市,西區,0,0,0,8,,,50,,,,,,,,,,,,,,,42,"  ","  ","  ","  ",B03,"  ","  ",1,"  ",2,"  ","  ",42,"   ",1,21,"  ",B03,120.681246,24.135631,3,66000,387130000C,(04)23289100,(04)25368667
1668,2023,03,5,6,44,臺中市,西屯區,0,0,0,8,,,50,,,,,,,,,,,,,,,43,"  ","  ","  ","  ",A02,"  ","  ",1,"  ",2,"  ","  ",43,"   ",1,22,"  ",A02,120.617719,24.161814,3,66000,387130000C,(04)23289100,(04)25368667
1669,2023,03,5,7,3,臺中市,南屯區,0,1,0,8,1,5,50,4,1,1,5,4,5,7,1,1,5,4,5,2,13,25,3,10,3,4,C03,7,9,1,10,2,11,"  ",25,25,1,4,9,C03,120.63354,24.141366,2,66000,387130000C,(04)23289100,(04)25368667
1670,2023,03,5,7,3,臺中市,大里區,0,1,0,8,1,5,50,4,1,1,5,4,5,7,1,1,10,5,5,2,17,7,3,10,3,4,B03,7,7,6,18,2,4,"  ",7,7,1,21,5,B03,120.698292,24.094508,2,66000,387130000C,(04)23289100,(04)25368667
1671,2023,03,5,7,18,臺中市,霧峰區,0,0,0,8,,,60,,,,,,,,,,,,,,,23,"  ","  ","  ","  ",B03,"  ","  ",1,"  ",2,"  ","  ",23,"   ",1,22,"  ",B03,120.695871,24.012356,3,66000,387130000C,(04)23289100,(04)25368667
1672,2023,03,5,7,18,臺中市,沙鹿區,0,1,0,8,1,5,50,4,1,1,5,4,5,7,1,1,10,5,5,2,16,6,3,10,1,1,B03,7,5,1,8,2,5,"  ",6,6,1,19,9,B03,120.568054,24.253934,2,66000,387130000C,(04)23289100,(04)25368667
1673,2023,03,5,7,22,臺中市,南屯區,0,2,0,8,1,5,50,14,9,1,5,4,5,7,4,4,1,4,5,2,17,16,2,9,1,1,C03,7,9,1,10,2,15,14,16,16,1,5,8,C03,120.64716,24.147378,2,66000,387130000C,(04)23289100,(04)25368667
1674,2023,03,5,7,27,臺中市,潭子區,0,1,0,8,1,5,30,4,2,1,5,4,5,7,3,1,5,4,5,1,16,6,3,10,1,1,B12,7,5,1,8,2,2,"  ",6,6,1,22,8,B12,120.69838,24.223399,2,66000,387130000C,(04)23289100,(04)25368667
1675,2023,03,5,7,37,臺中市,北屯區,0,1,0,8,1,5,50,14,9,1,5,4,5,7,4,4,9,5,5,2,16,10,3,10,1,1,B11,7,11,1,8,2,5,"  ",10,10,1,22,8,B11,120.705031,24.188833,2,66000,387130000C,(04)23289100,(04)25368667
1676,2023,03,5,7,43,臺中市,北屯區,0,1,0,8,1,5,50,14,9,1,5,4,5,7,4,4,1,4,5,2,12,7,3,10,1,1,B03,7,8,1,8,2,2,"  ",7,7,1,21,8,B03,120.710086,24.182202,2,66000,387130000C,(04)23289100,(04)25368667
1677,2023,03,5,7,43,臺中市,西屯區,0,1,0,8,1,5,50,14,9,1,5,4,5,7,4,4,1,4,5,2,13,16,2,8,1,1,C03,7,9,1,10,2,12,"  ",16,16,1,22,8,C03,120.645115,24.170902,2,66000,387130000C,(04)23289100,(04)25368667
1678,2023,03,5,8,15,臺中市,北屯區,0,1,0,8,1,5,50,4,1,1,5,4,5,7,1,1,10,5,5,2,16,6,3,10,1,1,B03,7,6,1,8,2,5,"  ",6,6,1,22,8,B03,120.699599,24.1648,2,66000,387130000C,(04)23289100,(04)25368667
1679,2023,03,5,8,19,臺中市,南屯區,0,0,0,8,,,50,,,,,,,,,,,,,,,10,"  ","  ","  ","  ",C03,"  ","  ",1,8,2,"  ","  ",10,10,1,23,"  ",C03,120.652237,24.156455,3,66000,387130000C,(04)23289100,(04)25368667
1680,2023,03,5,8,21,臺中市,沙鹿區,0,0,0,8,,,60,,,,,,,,,,,,,,,23,"  ","  ","  ","  ",B12,"  ","  ",1,"  ",2,"  ","  ",23,"   ",1,22,"  ",B12,120.614712,24.244098,3,66000,387130000C,(04)23289100,(04)25368667
1681,2023,03,5,8,25,臺中市,清水區,0,1,0,8,1,5,50,14,7,1,5,4,5,7,4,4,1,4,4,1,18,23,2,1,1,1,C03,7,9,3,18,2,11,"  ",23,23,1,5,8,C03,120.570765,24.260075,2,66000,387130000C,(04)23289100,(04)25368667
1682,2023,03,5,8,28,臺中市,大里區,0,0,0,8,,,50,,,,,,,,,,,,,,,23,"  ","  ","  ","  ",B03,"  ","  ",1,"  ",2,"  ","  ",23,"   ",1,21,"  ",B03,120.693998,24.090819,3,66000,387130000C,(04)23289100,(04)25368667
1683,2023,03,5,8,30,臺中市,烏日區,0,0,0,8,,,60,,,,,,,,,,,,,,,23,"  ","  ","  ","  ",C03,"  ","  ",1,"  ",2,"  ","  ",23,"   ",1,21,"  ",C03,120.624244,24.104204,3,66000,387130000C,(04)23289100,(04)25368667
1684,2023,03,5,8,40,臺中市,太平區,0,2,0,8,1,5,50,3,2,1,5,4,5,7,4,4,5,5,5,2,16,6,2,9,1,1,C03,7,5,1,10,2,13,"  ",6,6,1,21,8,C03,120.734274,24.14983,2,66000,387130000C,(04)23289100,(04)25368667
1685,2023,03,5,8,49,臺中市,西屯區,0,0,0,8,,,30,,,,,,,,,,,,,,,12,"  ","  ","  ","  ",B03,"  ","  ",1,"  ",2,"  ","  ",12,"   ",1,4,"  ",B03,120.665201,24.168622,3,66000,387130000C,(04)23289100,(04)25368667
1686,2023,03,5,8,55,臺中市,神岡區,0,1,0,8,1,5,1,14,13,1,5,4,5,7,4,4,5,5,5,1,13,7,2,7,3,4,C03,7,8,1,10,2,11,"  ",7,7,1,22,9,C03,120.661049,24.280511,2,66000,387130000C,(04)23289100,(04)25368667
1687,2023,03,5,9,5,臺中市,清水區,0,3,0,8,1,5,40,14,8,1,5,4,5,7,4,4,1,4,4,2,17,23,2,9,1,1,C03,7,9,1,10,2,11,"  ",23,23,1,22,8,C03,120.557642,24.269227,2,66000,387130000C,(04)23289100,(04)25368667
1688,2023,03,5,9,15,臺中市,北屯區,0,1,0,8,1,5,40,14,8,1,5,4,5,7,4,4,5,5,4,2,12,23,2,1,1,1,B03,7,8,1,8,11,5,"  ",23,23,1,22,8,B03,120.676255,24.193983,2,66000,387130000C,(04)23289100,(04)25368667
1689,2023,03,5,9,17,臺中市,神岡區,0,0,0,8,,,50,,,,,,,,,,,,,,,7,"  ","  ","  ","  ",B03,"  ","  ",1,"  ",2,"  ","  ",7,"   ",1,22,"  ",B03,120.695615,24.248466,3,66000,387130000C,(04)23289100,(04)25368667
1690,2023,03,5,9,23,臺中市,北屯區,0,0,0,8,,,50,,,,,,,,,,,,,,,23,"  ","  ","  ","  ",B03,"  ","  ",1,"  ",1,"  ","  ",23,"   ",1,21,"  ",B03,120.698026,24.170949,3,66000,387130000C,(04)23289100,(04)25368667
1691,2023,03,5,9,26,臺中市,南區,0,2,0,8,1,8,50,14,9,1,5,4,5,7,4,4,5,5,5,2,11,26,2,9,1,1,C03,7,15,1,10,2,14,"  ",26,26,1,19,8,C03,120.682271,24.131103,2,66000,387130000C,(04)23289100,(04)25368667
1692,2023,03,5,9,31,臺中市,北屯區,0,1,0,8,1,5,50,14,9,1,5,4,5,7,4,4,5,5,5,2,16,26,3,10,1,1,C03,7,7,1,10,2,11,"  ",26,26,1,22,8,C03,120.670923,24.178724,2,66000,387130000C,(04)23289100,(04)25368667
1693,2023,03,5,9,36,臺中市,北區,0,0,0,8,,,50,,,,,,,,,,,,,,,6,"  ","  ","  ","  ",B03,"  ","  ",1,"  ",1,"  ","  ",6,"   ",1,22,"  ",B03,120.684961,24.162762,3,66000,387130000C,(04)23289100,(04)25368667
1694,2023,03,5,9,40,臺中市,潭子區,0,4,0,8,1,5,40,3,9,1,5,4,5,7,4,4,1,3,5,2,13,42,2,8,1,1,C03,7,12,1,10,2,12,"  ",42,42,1,22,9,C03,120.721064,24.2226,2,66000,387130000C,(04)23289100,(04)25368667
1695,2023,03,5,9,45,臺中市,西區,0,0,0,8,,,40,,,,,,,,,,,,,,,42,"  ","  ","  ","  ",C03,"  ","  ",1,"  ",1,"  ","  ",42,"   ",1,21,"  ",C03,120.66864,24.139734,3,66000,387130000C,(04)23289100,(04)25368667
1696,2023,03,5,9,49,臺中市,太平區,0,2,0,8,1,5,50,3,2,1,5,4,5,7,1,1,5,5,5,1,16,19,2,9,1,1,C03,7,9,1,10,2,12,"  ",44,19,1,5,8,C03,120.722442,24.119187,2,66000,387130000C,(04)23289100,(04)25368667
1697,2023,03,5,9,51,臺中市,西屯區,0,0,0,8,,,50,,,,,,,,,,,,,,,23,"  ","  ","  ","  ",B12,"  ","  ",1,"  ",2,"  ","  ",23,"   ",1,22,"  ",B12,120.633454,24.173578,3,66000,387130000C,(04)23289100,(04)25368667
1698,2023,03,5,9,53,臺中市,霧峰區,0,1,0,8,1,5,50,4,1,1,5,4,5,7,1,1,10,5,5,2,16,23,3,10,1,1,C03,7,5,1,10,2,11,"  ",23,23,1,22,8,C03,120.71856,24.078626,2,66000,387130000C,(04)23289100,(04)25368667
1699,2023,03,5,9,56,臺中市,東區,0,0,0,8,,,50,,,,,,,,,,,,,,,23,"  ","  ","  ","  ",B03,"  ","  ",1,"  ",2,"  ","  ",23,"   ",1,22,"  ",B03,120.690251,24.140033,3,66000,387130000C,(04)23289100,(04)25368667
1700,2023,03,5,10,7,臺中市,潭子區,0,0,0,8,,,60,,,,,,,,,,,,,,,23,"  ","  ","  ","  ",B03,"  ","  ",1,"  ",1,"  ","  ",23,"   ",1,22,"  ",B03,120.686781,24.210318,3,66000,387130000C,(04)23289100,(04)25368667
1701,2023,03,5,10,8,臺中市,西區,0,0,0,8,1,5,50,4,1,1,5,4,5,7,1,1,10,5,5,2,12,9,"  ","  ","  ","  ",B03,"  ","  ",1,"  ",1,"  ","  ",9,"   ",1,22,"  ",B03,120.666907,24.153208,3,66000,387130000C,(04)23289100,(04)25368667
1702,2023,03,5,10,8,臺中市,大里區,0,2,0,8,1,5,30,4,1,1,5,4,5,7,4,4,10,5,5,2,15,6,2,8,1,1,C03,7,9,1,10,2,11,"  ",6,6,1,22,8,C03,120.682602,24.11438,2,66000,387130000C,(04)23289100,(04)25368667
1703,2023,03,5,10,16,臺中市,南屯區,0,1,0,8,1,8,30,4,1,1,5,4,5,7,4,4,10,5,5,2,17,6,3,10,1,1,C03,7,14,1,10,2,11,"  ",6,6,1,22,8,C03,120.639306,24.137679,2,66000,387130000C,(04)23289100,(04)25368667
1704,2023,03,5,10,18,臺中市,西屯區,0,1,0,8,1,5,50,3,4,1,5,4,5,7,1,1,5,5,4,2,16,7,3,10,1,1,C03,7,7,1,10,2,14,"  ",7,7,1,4,8,C03,120.653937,24.162519,2,66000,387130000C,(04)23289100,(04)25368667
1705,2023,03,5,10,19,臺中市,大里區,0,2,0,8,1,5,50,14,7,1,5,4,5,7,4,4,5,4,4,1,17,26,2,5,1,1,C03,7,1,1,10,2,12,"  ",26,26,1,21,5,C03,120.703603,24.09129,2,66000,387130000C,(04)23289100,(04)25368667
1706,2023,03,5,10,22,臺中市,西屯區,0,0,0,8,,,1,,,,,,,,,,,,,,,12,"  ","  ","  ","  ",B03,"  ","  ",1,"  ",1,"  ","  ",12,"   ",1,22,"  ",B03,120.639696,24.156298,3,66000,387130000C,(04)23289100,(04)25368667
1707,2023,03,5,10,28,臺中市,潭子區,0,0,0,8,,,50,,,,,,,,,,,,,,,12,"  ","  ","  ","  ",B03,"  ","  ",1,"  ",2,"  ","  ",12,"   ",1,22,"  ",B03,120.702799,24.210091,3,66000,387130000C,(04)23289100,(04)25368667
1708,2023,03,5,10,30,臺中市,西區,0,0,0,8,,,50,,,,,,,,,,,,,,,7,"  ","  ","  ","  ",B12,"  ","  ",1,"  ",3,"  ","  ",7,"   ",1,22,"  ",B12,120.661587,24.155869,3,66000,387130000C,(04)23289100,(04)25368667
1709,2023,03,5,10,35,臺中市,大里區,0,2,0,8,1,5,50,4,1,1,5,4,5,7,4,4,5,5,5,1,3,53,2,9,1,1,H01,8,16,8,20,11,16,"  ",53,53,1,5,8,H01,120.690626,24.104448,2,66000,387130000C,(04)23289100,(04)25368667
1710,2023,03,5,10,40,臺中市,西區,0,1,0,8,1,5,50,4,2,1,5,4,5,7,4,4,5,5,5,2,29,44,2,8,1,1,C03,7,9,1,10,1,14,"  ",44,44,1,22,9,C03,120.672401,24.138948,2,66000,387130000C,(04)23289100,(04)25368667
1711,2023,03,5,10,41,臺中市,西屯區,0,1,0,8,1,5,50,3,1,1,5,4,5,7,4,4,5,4,5,2,10,23,3,10,1,1,B03,7,9,1,8,2,1,"  ",23,23,1,22,9,B03,120.593154,24.180468,2,66000,387130000C,(04)23289100,(04)25368667
1712,2023,03,5,10,43,臺中市,潭子區,0,1,0,8,3,5,50,3,2,1,5,4,5,7,4,4,5,4,4,2,16,10,3,10,1,1,B03,7,11,1,8,2,1,"  ",10,6,1,22,8,B03,120.711853,24.229738,2,66000,387130000C,(04)23289100,(04)25368667
1713,2023,03,5,10,46,臺中市,南區,0,0,0,8,1,5,50,4,1,1,5,4,5,7,1,1,10,2,5,2,12,26,3,10,1,1,B12,7,8,1,8,2,5,"  ",26,26,1,5,8,B12,120.669982,24.122362,3,66000,387130000C,(04)23289100,(04)25368667
1714,2023,03,5,10,47,臺中市,西區,0,3,0,8,1,5,50,5,1,1,5,4,5,7,1,1,5,5,5,2,12,3,2,9,3,4,C03,7,5,1,10,2,12,"  ",3,3,1,21,8,C03,120.668775,24.13206,2,66000,387130000C,(04)23289100,(04)25368667
1715,2023,03,5,10,54,臺中市,霧峰區,0,2,0,8,1,5,30,5,1,1,5,4,5,7,3,1,10,5,5,2,15,6,2,8,1,1,C03,7,1,3,18,2,14,"  ",6,6,1,22,8,C03,120.697041,24.066538,2,66000,387130000C,(04)23289100,(04)25368667
1716,2023,03,5,11,2,臺中市,北區,0,0,0,,,,40,,,,,,,,,,,,,,,16,"  ","  ","  ","  ",C03,"  ","  ",1,"  ",2,"  ","  ",16,"   ",1,21,"  ",C03,120.688894,24.152943,3,66000,387130000C,(04)23289100,(04)25368667
1717,2023,03,5,11,10,臺中市,中區,0,1,0,8,1,5,50,14,9,1,5,4,5,7,4,4,5,4,5,2,13,7,3,10,1,1,C03,7,8,1,10,2,13,"  ",7,7,1,5,5,C03,120.676993,24.140837,2,66000,387130000C,(04)23289100,(04)25368667
1718,2023,03,5,11,13,臺中市,南屯區,0,0,0,,,,50,,,,,,,,,,,,,,,10,"  ","  ","  ","  ",B03,"  ","  ",1,"  ",1,"  ","  ",10,"   ",1,4,"  ",B03,120.6231,24.135573,3,66000,387130000C,(04)23289100,(04)25368667
1719,2023,03,5,11,20,臺中市,北區,0,3,0,8,1,5,40,4,1,1,5,4,5,7,1,1,5,4,4,2,9,52,2,9,1,1,H01,8,20,8,20,2,16,"  ",52,52,1,22,8,H01,120.678672,24.159266,2,66000,387130000C,(04)23289100,(04)25368667
1720,2023,03,5,11,25,臺中市,南區,0,0,0,,,,50,,,,,,,,,,,,,,,8,"  ","  ","  ","  ",B03,"  ","  ",1,"  ",2,"  ","  ",8,"   ",1,5,"  ",B03,120.67393,24.129147,3,66000,387130000C,(04)23289100,(04)25368667
1721,2023,03,5,11,25,臺中市,沙鹿區,0,0,0,8,1,5,50,14,9,1,5,4,5,7,4,4,1,3,4,1,12,23,"  ","  ","  ","  ",B03,"  ","  ",1,"  ",2,"  ","  ",23,"   ",1,22,"  ",B03,120.561267,24.243218,3,66000,387130000C,(04)23289100,(04)25368667
1722,2023,03,5,11,38,臺中市,南屯區,0,0,0,8,,,30,,,,,,,,,,,,,,,26,"  ","  ","  ","  ",B03,"  ","  ",1,"  ",2,"  ","  ",26,"   ",1,5,"  ",B03,120.64736,24.132198,3,66000,387130000C,(04)23289100,(04)25368667
1723,2023,03,5,11,49,臺中市,南區,0,0,0,8,,,50,,,,,,,,,,,,,,,67,"  ","  ","  ","  ","   ","  ","  ","  ","  ","  ","  ","  ",67,"   ",1,"  ","  ","   ",120.656213,24.132621,3,66000,387130000C,(04)23289100,(04)25368667
1724,2023,03,5,11,50,臺中市,東區,0,1,0,8,1,5,50,4,1,1,5,4,5,7,1,1,10,5,5,2,18,23,2,9,1,1,C03,7,9,1,10,2,14,"  ",23,23,1,21,8,C03,120.699663,24.144684,2,66000,387130000C,(04)23289100,(04)25368667
1725,2023,03,5,11,55,臺中市,后里區,0,0,0,8,1,5,30,13,9,1,5,4,5,7,4,4,10,5,5,2,11,17,"  ","  ","  ","  ",B03,"  ","  ",1,"  ",1,"  ","  ",17,"   ",1,22,"  ",B03,120.748779,24.322824,3,66000,387130000C,(04)23289100,(04)25368667
1726,2023,03,5,11,58,臺中市,大雅區,0,0,0,8,,,30,,,,,,,,,,,,,,,12,"  ","  ","  ","  ",B03,"  ","  ",1,"  ",9,"  ","  ",12,"   ",1,22,"  ",B03,120.647805,24.229842,3,66000,387130000C,(04)23289100,(04)25368667
1727,2023,03,5,12,3,臺中市,西區,0,1,0,8,1,5,50,14,9,1,5,4,5,7,4,4,5,5,5,1,16,22,3,10,1,1,B03,7,15,1,8,2,8,"  ",22,22,1,21,8,B03,120.672931,24.138675,2,66000,387130000C,(04)23289100,(04)25368667
1728,2023,03,5,12,8,臺中市,北區,0,2,0,8,1,5,50,4,1,1,5,4,5,7,4,4,10,5,5,2,15,6,2,9,1,1,C03,7,9,1,10,2,12,"  ",6,6,1,22,8,C03,120.680996,24.153491,2,66000,387130000C,(04)23289100,(04)25368667
1729,2023,03,5,12,10,臺中市,太平區,0,0,0,8,,,80,,,,,,,,,,,,,,,17,"  ","  ","  ","  ",B03,"  ","  ",1,"  ",1,"  ","  ",17,"   ",1,21,"  ",B03,120.707336,24.131799,3,66000,387130000C,(04)23289100,(04)25368667
1730,2023,03,5,12,15,臺中市,南區,0,1,0,8,1,5,50,14,7,1,5,4,5,7,4,4,1,4,5,2,17,7,2,9,1,1,C02,7,7,1,9,2,14,"  ",7,7,1,5,8,C02,120.669862,24.122813,2,66000,387130000C,(04)23289100,(04)25368667
1731,2023,03,5,12,17,臺中市,北屯區,0,0,0,8,,,50,,,,,,,,,,,,,,,23,"  ","  ","  ","  ",B03,"  ","  ",1,"  ",2,"  ","  ",23,"   ",1,21,"  ",B03,120.708621,24.167327,3,66000,387130000C,(04)23289100,(04)25368667
1732,2023,03,5,12,20,臺中市,南區,0,2,0,8,1,5,50,3,4,1,5,4,5,7,1,1,10,5,5,2,13,16,2,9,1,1,C03,7,9,1,10,2,11,"  ",16,16,1,5,8,C03,120.645502,24.111993,2,66000,387130000C,(04)23289100,(04)25368667
1733,2023,03,5,12,21,臺中市,西屯區,0,0,0,8,,,30,,,,,,,,,,,,,,,12,"  ","  ","  ","  ",B12,"  ","  ",1,"  ",2,"  ","  ",12,"   ",1,22,"  ",B12,120.613397,24.185549,3,66000,387130000C,(04)23289100,(04)25368667
1734,2023,03,5,12,26,臺中市,南區,0,0,0,,,,50,,,,,,,,,,,,,,,23,"  ","  ","  ","  ",B03,"  ","  ",1,"  ",2,"  ","  ",23,"   ",1,5,"  ",B03,120.657928,24.117377,3,66000,387130000C,(04)23289100,(04)25368667
1735,2023,03,5,12,34,臺中市,北區,0,1,0,8,1,5,50,3,2,1,5,4,5,7,4,4,5,4,5,2,16,19,3,10,1,1,B03,7,1,1,8,2,8,"  ",19,19,1,21,8,B03,120.688697,24.152433,2,66000,387130000C,(04)23289100,(04)25368667
1736,2023,03,5,12,34,臺中市,南屯區,0,0,0,,,,50,,,,,,,,,,,,,,,7,"  ","  ","  ","  ",B03,"  ","  ",1,"  ",1,"  ","  ",7,"   ",1,4,"  ",B03,120.643795,24.148393,3,66000,387130000C,(04)23289100,(04)25368667
1737,2023,03,5,12,36,臺中市,南屯區,0,0,0,8,,,50,,,,,,,,,,,,,,,23,"  ","  ","  ","  ",B03,"  ","  ",1,4,2,"  ","  ",23,23,1,12,"  ",B03,120.635452,24.149944,3,66000,387130000C,(04)23289100,(04)25368667
1738,2023,03,5,12,39,臺中市,大肚區,0,0,0,,,,30,,,,,,,,,,,,,,,6,"  ","  ","  ","  ",B03,"  ","  ",1,"  ",2,"  ","  ",6,"   ",1,22,"  ",B03,120.541545,24.13339,3,66000,387130000C,(04)23289100,(04)25368667
1739,2023,03,5,12,43,臺中市,大里區,0,0,0,8,,,60,,,,,,,,,,,,,,,23,"  ","  ","  ","  ",C03,"  ","  ",1,"  ",2,"  ","  ",23,"   ",1,22,"  ",C03,120.667196,24.105336,3,66000,387130000C,(04)23289100,(04)25368667
1740,2023,03,5,12,49,臺中市,西屯區,0,1,0,8,1,5,50,3,1,1,5,4,5,7,1,1,10,5,5,2,16,9,3,10,3,4,B03,7,6,1,8,2,6,"  ",9,9,1,22,8,B03,120.657211,24.162453,2,66000,387130000C,(04)23289100,(04)25368667
1741,2023,03,5,12,51,臺中市,北區,0,1,0,8,1,5,40,3,1,1,5,4,5,7,1,1,5,4,4,2,16,10,3,10,1,1,A02,7,11,1,2,2,4,"  ",10,10,1,22,8,A02,120.688469,24.156508,2,66000,387130000C,(04)23289100,(04)25368667
1742,2023,03,5,12,57,臺中市,北區,0,0,0,,,,40,,,,,,,,,,,,,,,42,"  ","  ","  ","  ",C03,"  ","  ",1,"  ",2,"  ","  ",42,"   ",1,21,"  ",C03,120.676364,24.150682,3,66000,387130000C,(04)23289100,(04)25368667
1743,2023,03,5,12,59,臺中市,南屯區,0,0,0,,,,50,,,,,,,,,,,,,,,7,"  ","  ","  ","  ",C03,"  ","  ",1,"  ",1,"  ","  ",7,"   ",1,22,"  ",C03,120.651858,24.139902,3,66000,387130000C,(04)23289100,(04)25368667
1744,2023,03,5,12,59,臺中市,霧峰區,0,0,0,8,,,30,,,,,,,,,,,,,,,23,"  ","  ","  ","  ",B03,"  ","  ",1,"  ",11,"  ","  ",23,23,2,21,"  ",B03,120.697494,24.063004,3,66000,387130000C,(04)23289100,(04)25368667
1745,2023,03,5,13,4,臺中市,豐原區,0,0,0,8,,,30,,,,,,,,,,,,,,,23,"  ","  ","  ","  ",B03,"  ","  ",1,"  ",2,"  ","  ",23,"   ",1,21,"  ",B03,120.741741,24.250925,3,66000,387130000C,(04)23289100,(04)25368667
1746,2023,03,5,13,7,臺中市,大里區,0,0,0,8,,,50,,,,,,,,,,,,,,,26,"  ","  ","  ","  ",B03,"  ","  ",1,"  ",2,"  ","  ",26,"   ",1,5,"  ",B03,120.688193,24.1015,3,66000,387130000C,(04)23289100,(04)25368667