序號,年,月,日,時,分,縣市,區,死亡數量,受傷數量,2-30,天候,光線,道路類別,速限_速度(公里),道路型態,事故位置,路面鋪裝,路面狀態,路面缺陷,障礙物,視距,號誌種類,號誌動作,分向設施,快車道或一般車道間,快慢車道間,路面邊線,事故類型及型態,主要肇因,受傷程度,主要傷處,保護裝備,行動電話,當事者區分,車輛用途,當事者行動狀態,駕駛資格情形,駕駛執照種類,飲酒情形,車輛撞擊部位最初,車輛撞擊部位其他,肇事因素個別,肇事因素主要,肇事逃逸,職業,旅次目的,車種,GPS座標X,GPS座標Y,事故類別,縣市別代碼,機關代碼,市話,傳真
1747,2023,03,5,13,8,臺中市,北區,0,0,0,8,,,50,,,,,,,,,,,,,,,7,"  ","  ","  ","  ",B03,"  ","  ",1,"  ",1,"  ","  ",7,"   ",1,22,"  ",B03,120.67561,24.149738,3,66000,387130000C,(04)23289100,(04)25368667
1748,2023,03,5,13,9,臺中市,霧峰區,0,0,0,8,,,40,,,,,,,,,,,,,,,23,"  ","  ","  ","  ",B03,"  ","  ",1,"  ",1,"  ","  ",23,"   ",1,21,"  ",B03,120.691455,24.066183,3,66000,387130000C,(04)23289100,(04)25368667
1749,2023,03,5,13,12,臺中市,西屯區,0,0,0,8,,,50,,,,,,,,,,,,,,,23,"  ","  ","  ","  ",A02,"  ","  ",1,"  ",1,"  ","  ",23,"   ",1,10,"  ",A02,120.616101,24.18903,3,66000,387130000C,(04)23289100,(04)25368667
1750,2023,03,5,13,16,臺中市,大里區,0,2,0,8,1,5,30,3,1,1,5,4,5,7,3,1,5,4,4,2,17,8,2,9,1,1,C03,7,5,4,11,2,11,"  ",8,8,1,22,8,C03,120.692824,24.10733,2,66000,387130000C,(04)23289100,(04)25368667
1751,2023,03,5,13,16,臺中市,豐原區,0,0,0,8,,,40,,,,,,,,,,,,,,,19,"  ","  ","  ","  ",B03,"  ","  ",1,"  ",2,"  ","  ",19,"   ",1,22,"  ",B03,120.711329,24.239433,3,66000,387130000C,(04)23289100,(04)25368667
1752,2023,03,5,13,19,臺中市,豐原區,0,0,0,8,,,50,,,,,,,,,,,,,,,23,"  ","  ","  ","  ",B03,"  ","  ",1,"  ",2,"  ","  ",44,23,1,22,"  ",B03,120.719947,24.261808,3,66000,387130000C,(04)23289100,(04)25368667
1753,2023,03,5,13,20,臺中市,南屯區,0,0,0,8,,,50,,,,,,,,,,,,,,,7,"  ","  ","  ","  ",B03,"  ","  ",1,"  ",1,"  ","  ",7,"   ",1,22,"  ",B03,120.652968,24.149932,3,66000,387130000C,(04)23289100,(04)25368667
1754,2023,03,5,13,20,臺中市,西屯區,0,0,0,8,,,30,,,,,,,,,,,,,,,12,"  ","  ","  ","  ",B03,"  ","  ",1,"  ",1,"  ","  ",12,"   ",1,4,"  ",B03,120.638035,24.171548,3,66000,387130000C,(04)23289100,(04)25368667
1755,2023,03,5,13,23,臺中市,北屯區,0,1,0,8,1,5,50,14,9,1,5,4,5,7,1,1,10,5,5,2,16,7,3,10,1,1,B03,7,7,1,8,2,8,"  ",7,7,1,22,8,B03,120.707837,24.180086,2,66000,387130000C,(04)23289100,(04)25368667
1756,2023,03,5,13,25,臺中市,大里區,0,0,0,8,,,50,,,,,,,,,,,,,,,18,"  ","  ","  ","  ",B03,"  ","  ",1,"  ",2,"  ","  ",18,"   ",1,5,"  ",B03,120.67458,24.097948,3,66000,387130000C,(04)23289100,(04)25368667
1757,2023,03,5,13,25,臺中市,豐原區,0,2,0,8,1,5,50,4,1,1,5,4,5,7,1,1,5,5,4,2,11,6,3,10,1,1,C03,7,5,1,10,2,13,"  ",6,6,1,21,8,C03,120.718759,24.253437,2,66000,387130000C,(04)23289100,(04)25368667
1758,2023,03,5,13,26,臺中市,西區,0,0,0,8,,,60,,,,,,,,,,,,,,,23,"  ","  ","  ","  ",B03,"  ","  ",1,"  ",1,"  ","  ",23,"   ",1,5,"  ",B03,120.662609,24.155678,3,66000,387130000C,(04)23289100,(04)25368667
1759,2023,03,5,13,26,臺中市,豐原區,0,1,0,8,1,5,50,4,4,1,5,4,5,7,2,1,5,4,5,2,12,6,2,9,1,1,C03,7,9,1,10,2,12,"  ",23,6,1,22,8,C03,120.720613,24.251627,2,66000,387130000C,(04)23289100,(04)25368667
1760,2023,03,5,13,34,臺中市,大雅區,0,1,0,8,1,5,60,5,1,1,5,4,5,7,1,1,3,4,4,1,12,26,3,10,1,1,B03,7,8,1,8,2,2,"  ",26,6,1,22,9,B03,120.648941,24.218022,2,66000,387130000C,(04)23289100,(04)25368667
1761,2023,03,5,13,35,臺中市,西屯區,0,0,0,8,,,50,,,,,,,,,,,,,,,16,"  ","  ","  ","  ",B03,"  ","  ",1,"  ",1,"  ","  ",16,"   ",1,4,"  ",B03,120.646488,24.17516,3,66000,387130000C,(04)23289100,(04)25368667
1762,2023,03,5,13,39,臺中市,西屯區,0,1,0,8,1,5,25,4,1,4,5,4,5,7,4,4,10,5,5,2,16,10,3,10,1,1,C03,7,11,1,10,2,11,"  ",10,10,1,22,8,C03,120.645734,24.178821,2,66000,387130000C,(04)23289100,(04)25368667
1763,2023,03,5,13,43,臺中市,豐原區,0,0,0,8,,,50,,,,,,,,,,,,,,,23,"  ","  ","  ","  ",B03,"  ","  ",1,"  ",2,"  ","  ",23,"   ",1,22,"  ",B03,120.722144,24.236686,3,66000,387130000C,(04)23289100,(04)25368667
1764,2023,03,5,13,45,臺中市,后里區,0,0,0,8,1,5,50,4,1,1,5,4,5,7,4,4,10,5,5,2,15,23,"  ","  ","  ","  ",C03,"  ","  ",1,"  ",1,"  ","  ",23,23,1,4,"  ",C03,120.712002,24.305646,3,66000,387130000C,(04)23289100,(04)25368667
1765,2023,03,5,13,51,臺中市,西屯區,0,0,0,8,1,5,50,14,8,1,5,4,5,7,4,4,5,5,4,2,17,42,3,10,3,4,B02,7,9,1,4,11,1,"  ",42,42,1,10,1,B02,120.662736,24.170579,3,66000,387130000C,(04)23289100,(04)25368667
1766,2023,03,5,13,52,臺中市,南屯區,0,1,0,8,1,5,50,4,1,1,5,4,5,7,1,1,10,5,5,2,13,23,3,10,1,1,B03,7,9,1,8,2,1,"  ",23,23,1,5,8,B03,120.628758,24.151307,2,66000,387130000C,(04)23289100,(04)25368667
1767,2023,03,5,13,59,臺中市,大里區,0,1,0,8,1,5,50,3,1,1,5,4,5,7,3,1,5,4,5,1,17,8,3,10,1,1,B12,7,5,1,8,2,4,"  ",8,8,1,22,8,B12,120.687632,24.099637,2,66000,387130000C,(04)23289100,(04)25368667
1768,2023,03,5,14,3,臺中市,西區,0,1,0,8,1,5,50,4,1,1,5,4,5,7,4,4,10,5,5,2,15,6,2,9,1,1,C03,7,9,1,10,1,11,"  ",6,6,1,5,5,C03,120.668195,24.150238,2,66000,387130000C,(04)23289100,(04)25368667
1769,2023,03,5,14,4,臺中市,北區,0,1,0,8,1,5,50,3,1,1,5,4,5,7,4,4,5,5,5,2,16,10,3,10,1,1,B03,7,11,1,1,2,8,"  ",10,10,1,22,8,B03,120.674461,24.160405,2,66000,387130000C,(04)23289100,(04)25368667
1770,2023,03,5,14,4,臺中市,西屯區,0,0,0,8,,,50,,,,,,,,,,,,,,,6,"  ","  ","  ","  ",B03,"  ","  ",1,"  ",1,"  ","  ",6,"   ",1,22,"  ",B03,120.656921,24.201066,3,66000,387130000C,(04)23289100,(04)25368667
1771,2023,03,5,14,5,臺中市,太平區,0,0,0,8,,,40,,,,,,,,,,,,,,,42,"  ","  ","  ","  ",B03,"  ","  ",1,"  ",9,"  ","  ",42,"   ",1,22,"  ",B03,120.70986,24.13477,3,66000,387130000C,(04)23289100,(04)25368667
1772,2023,03,5,14,8,臺中市,大里區,0,1,0,8,1,5,50,14,9,1,5,4,5,7,4,4,10,5,5,1,17,42,2,9,1,1,C03,7,9,1,10,2,13,"  ",42,42,1,22,8,C03,120.693461,24.090673,2,66000,387130000C,(04)23289100,(04)25368667
1773,2023,03,5,14,10,臺中市,大雅區,0,0,0,8,,,30,,,,,,,,,,,,,,,5,"  ","  ","  ","  ",B03,"  ","  ",1,"  ",2,"  ","  ",5,5,1,22,"  ",B03,120.664784,24.214044,3,66000,387130000C,(04)23289100,(04)25368667
1774,2023,03,5,14,10,臺中市,沙鹿區,0,0,0,8,,,60,,,,,,,,,,,,,,,23,"  ","  ","  ","  ",B03,"  ","  ",1,"  ",2,"  ","  ",23,"   ",1,4,"  ",B03,120.570052,24.237022,3,66000,387130000C,(04)23289100,(04)25368667
1775,2023,03,5,14,16,臺中市,太平區,0,0,0,8,,,40,,,,,,,,,,,,,,,9,"  ","  ","  ","  ",B03,"  ","  ",1,"  ",2,"  ","  ",9,"   ",1,21,"  ",B03,120.776887,24.10635,3,66000,387130000C,(04)23289100,(04)25368667
1776,2023,03,5,14,17,臺中市,北區,0,0,0,,,,50,,,,,,,,,,,,,,,43,"  ","  ","  ","  ",B03,"  ","  ",1,"  ",11,"  ","  ",43,"   ",1,22,"  ",B03,120.688893,24.153521,3,66000,387130000C,(04)23289100,(04)25368667
1777,2023,03,5,14,18,臺中市,大甲區,0,1,0,8,1,5,60,5,1,1,5,4,5,7,1,1,10,5,5,2,16,10,3,10,1,1,B03,7,11,1,8,2,5,"  ",10,10,1,4,8,B03,120.618131,24.339063,2,66000,387130000C,(04)23289100,(04)25368667
1778,2023,03,5,14,20,臺中市,南屯區,0,0,0,8,1,5,50,14,7,1,5,4,5,7,1,1,1,2,4,2,13,23,"  ","  ","  ","  ",B03,"  ","  ",1,"  ",1,"  ","  ",23,"   ",1,5,"  ",B03,120.628758,24.151307,3,66000,387130000C,(04)23289100,(04)25368667
1779,2023,03,5,14,20,臺中市,烏日區,0,1,0,8,1,5,50,14,8,1,5,4,5,7,4,4,5,4,4,2,17,23,2,9,1,1,B03,7,9,6,18,6,1,"  ",23,23,1,5,8,B03,120.634568,24.105516,2,66000,387130000C,(04)23289100,(04)25368667
1780,2023,03,5,14,20,臺中市,和平區,0,0,0,8,,,50,,,,,,,,,,,,,,,12,"  ","  ","  ","  ",B03,"  ","  ",1,"  ",2,"  ","  ",12,12,1,4,"  ",B03,120.924588,24.183417,3,66000,387130000C,(04)23289100,(04)25368667
1781,2023,03,5,14,25,臺中市,西屯區,0,0,0,8,,,50,,,,,,,,,,,,,,,42,"  ","  ","  ","  ",C03,"  ","  ",1,"  ",1,"  ","  ",42,"   ",1,4,"  ",C03,120.616591,24.18292,3,66000,387130000C,(04)23289100,(04)25368667
1782,2023,03,5,14,26,臺中市,大里區,0,1,0,8,1,5,50,4,1,1,5,4,5,7,2,1,1,4,4,1,16,9,3,10,1,1,B03,7,6,1,8,2,2,"  ",9,9,1,5,8,B03,120.679278,24.113663,2,66000,387130000C,(04)23289100,(04)25368667
1783,2023,03,5,14,26,臺中市,大甲區,0,1,0,8,1,5,30,4,1,1,5,4,5,7,4,4,10,5,5,2,11,8,3,10,1,1,B03,7,5,1,8,2,8,"  ",8,8,1,4,8,B03,120.624095,24.354771,2,66000,387130000C,(04)23289100,(04)25368667
1784,2023,03,5,14,28,臺中市,西屯區,0,0,0,8,,,60,,,,,,,,,,,,,,,16,"  ","  ","  ","  ",B03,"  ","  ",1,"  ",1,"  ","  ",16,"   ",1,22,"  ",B03,120.634048,24.172988,3,66000,387130000C,(04)23289100,(04)25368667
1785,2023,03,5,14,30,臺中市,東區,0,2,0,8,1,5,50,4,1,1,5,4,5,7,2,1,10,5,5,2,16,6,3,10,1,1,B03,7,5,1,8,2,2,"  ",6,6,1,21,8,B03,120.694449,24.14635,2,66000,387130000C,(04)23289100,(04)25368667
1786,2023,03,5,14,33,臺中市,北區,0,1,0,8,1,5,50,4,1,1,5,4,5,7,4,4,10,5,5,2,15,6,2,9,1,1,C03,7,9,1,10,2,12,"  ",6,6,1,20,8,C03,120.671739,24.168767,2,66000,387130000C,(04)23289100,(04)25368667
1787,2023,03,5,14,35,臺中市,外埔區,0,2,0,8,1,5,50,5,1,1,5,4,5,7,1,1,10,5,5,1,11,8,2,9,1,1,C03,7,5,1,10,4,11,"  ",8,8,1,22,8,C03,120.655809,24.332343,2,66000,387130000C,(04)23289100,(04)25368667
1788,2023,03,5,14,42,臺中市,南屯區,0,0,0,,,,50,,,,,,,,,,,,,,,7,"  ","  ","  ","  ",B03,"  ","  ",1,"  ",2,"  ","  ",7,"   ",1,22,"  ",B03,120.646733,24.138842,3,66000,387130000C,(04)23289100,(04)25368667
1789,2023,03,5,14,44,臺中市,南屯區,0,0,0,8,,,50,,,,,,,,,,,,,,,23,"  ","  ","  ","  ",B03,"  ","  ",1,"  ",1,"  ","  ",23,"   ",1,22,"  ",B03,120.646492,24.140496,3,66000,387130000C,(04)23289100,(04)25368667
1790,2023,03,5,14,45,臺中市,南屯區,0,0,0,8,,,50,,,,,,,,,,,,,,,23,"  ","  ","  ","  ",B03,"  ","  ",1,"  ",1,"  ","  ",23,"   ",1,5,"  ",B03,120.638938,24.142192,3,66000,387130000C,(04)23289100,(04)25368667
1791,2023,03,5,14,45,臺中市,西屯區,0,1,0,8,1,5,50,4,1,1,5,4,5,7,1,1,1,3,5,1,18,14,2,9,1,4,C03,7,9,1,10,2,12,"  ",14,14,1,4,8,C03,120.614388,24.186588,2,66000,387130000C,(04)23289100,(04)25368667
1792,2023,03,5,14,49,臺中市,西區,0,1,0,8,1,5,50,4,1,1,5,4,5,7,1,1,4,2,1,1,13,16,3,10,1,1,C03,7,9,1,10,2,11,"  ",16,16,1,21,8,C03,120.657348,24.13381,2,66000,387130000C,(04)23289100,(04)25368667
1793,2023,03,5,14,51,臺中市,大雅區,0,1,0,8,1,5,50,4,1,1,5,4,5,7,1,1,10,4,5,1,16,8,3,10,1,1,B03,7,5,1,8,2,2,"  ",8,8,1,22,9,B03,120.645429,24.221915,2,66000,387130000C,(04)23289100,(04)25368667
1794,2023,03,5,15,2,臺中市,南屯區,0,1,0,8,1,5,50,14,9,1,5,4,5,7,4,4,5,5,4,2,16,6,3,10,1,1,B03,7,5,1,8,2,7,"  ",6,6,1,5,8,B03,120.642674,24.153675,2,66000,387130000C,(04)23289100,(04)25368667
1795,2023,03,5,15,5,臺中市,西屯區,0,0,0,8,,,30,,,,,,,,,,,,,,,6,"  ","  ","  ","  ",B03,"  ","  ",1,"  ",2,"  ","  ",6,"   ",1,22,"  ",B03,120.65289,24.168107,3,66000,387130000C,(04)23289100,(04)25368667
1796,2023,03,5,15,8,臺中市,南區,0,1,0,8,1,5,50,4,2,1,5,4,5,7,4,4,10,5,5,2,3,23,3,10,1,1,C03,7,9,1,10,11,11,"  ",23,23,1,18,8,C03,120.675116,24.124977,2,66000,387130000C,(04)23289100,(04)25368667
1797,2023,03,5,15,10,臺中市,南區,0,0,0,,,,50,,,,,,,,,,,,,,,42,"  ","  ","  ","  ",B03,"  ","  ",1,"  ",2,"  ","  ",42,"   ",1,5,"  ",B03,120.66622,24.124623,3,66000,387130000C,(04)23289100,(04)25368667
1798,2023,03,5,15,11,臺中市,西屯區,0,1,0,8,1,5,50,4,1,1,5,4,5,7,1,1,9,4,1,2,16,6,3,10,1,1,B01,7,5,1,8,2,1,"  ",6,6,1,12,8,B01,120.627964,24.184065,2,66000,387130000C,(04)23289100,(04)25368667
1799,2023,03,5,15,12,臺中市,北屯區,0,0,0,8,,,50,,,,,,,,,,,,,,,7,"  ","  ","  ","  ",B03,"  ","  ",1,"  ",1,"  ","  ",7,"   ",1,21,"  ",B03,120.701425,24.18008,3,66000,387130000C,(04)23289100,(04)25368667
1800,2023,03,5,15,13,臺中市,烏日區,0,0,0,8,,,50,,,,,,,,,,,,,,,23,"  ","  ","  ","  ",B03,"  ","  ",1,"  ",2,"  ","  ",23,23,1,21,"  ",B03,120.628014,24.112689,3,66000,387130000C,(04)23289100,(04)25368667
1801,2023,03,5,15,14,臺中市,大甲區,0,0,0,,,,50,,,,,,,,,,,,,,,23,"  ","  ","  ","  ",B03,"  ","  ",1,"  ",1,"  ","  ",23,23,1,22,"  ",B03,120.634493,24.3444,3,66000,387130000C,(04)23289100,(04)25368667
1802,2023,03,5,15,15,臺中市,潭子區,0,0,0,8,,,50,,,,,,,,,,,,,,,23,"  ","  ","  ","  ",B12,"  ","  ",1,"  ",2,"  ","  ",23,"   ",1,21,"  ",B12,120.707094,24.200399,3,66000,387130000C,(04)23289100,(04)25368667
1803,2023,03,5,15,18,臺中市,清水區,0,0,0,8,,,50,,,,,,,,,,,,,,,23,"  ","  ","  ","  ",B03,"  ","  ",1,"  ",9,"  ","  ",23,"   ",1,21,"  ",B03,120.579,24.270819,3,66000,387130000C,(04)23289100,(04)25368667
1804,2023,03,5,15,25,臺中市,北屯區,0,0,0,,,,50,,,,,,,,,,,,,,,43,"  ","  ","  ","  ",B03,"  ","  ",1,"  ",11,"  ","  ",43,43,1,22,"  ",B03,120.68769,24.18861,3,66000,387130000C,(04)23289100,(04)25368667
1805,2023,03,5,15,29,臺中市,太平區,0,2,0,8,1,5,30,11,9,1,5,4,5,7,4,4,5,5,5,1,11,26,2,6,1,1,C03,7,11,1,10,2,11,"  ",26,26,1,16,8,C03,120.774613,24.105315,2,66000,387130000C,(04)23289100,(04)25368667
1806,2023,03,5,15,30,臺中市,西屯區,0,0,0,8,,,30,,,,,,,,,,,,,,,6,"  ","  ","  ","  ",B03,"  ","  ",1,"  ",1,"  ","  ",6,"   ",1,22,"  ",B03,120.653719,24.161233,3,66000,387130000C,(04)23289100,(04)25368667
1807,2023,03,5,15,34,臺中市,豐原區,0,1,0,8,1,5,50,4,1,1,5,4,5,7,2,1,5,4,4,1,16,4,2,9,1,1,C03,7,5,1,8,2,12,"  ",4,4,1,22,8,C03,120.719867,24.253543,2,66000,387130000C,(04)23289100,(04)25368667
1808,2023,03,5,15,36,臺中市,南區,0,0,0,,,,50,,,,,,,,,,,,,,,19,"  ","  ","  ","  ",C03,"  ","  ",1,"  ",2,"  ","  ",19,"   ",1,22,"  ",C03,120.679398,24.124068,3,66000,387130000C,(04)23289100,(04)25368667
1809,2023,03,5,15,39,臺中市,太平區,0,1,0,8,1,5,50,3,1,1,5,4,5,7,1,1,10,5,5,2,16,6,3,10,1,1,B03,7,5,1,8,2,2,"  ",6,6,1,22,8,B03,120.73368,24.156994,2,66000,387130000C,(04)23289100,(04)25368667
1810,2023,03,5,15,45,臺中市,北區,0,1,0,8,1,5,50,3,22,1,5,4,5,7,4,4,1,4,4,2,17,9,3,10,1,1,B12,7,6,1,8,2,6,"  ",9,9,1,22,9,B12,120.686788,24.154393,2,66000,387130000C,(04)23289100,(04)25368667
1811,2023,03,5,15,45,臺中市,豐原區,0,0,0,8,,,30,,,,,,,,,,,,,,,17,"  ","  ","  ","  ",B12,"  ","  ",1,"  ",2,"  ","  ",17,"   ",1,22,"  ",B12,120.706016,24.239966,3,66000,387130000C,(04)23289100,(04)25368667
1812,2023,03,5,15,46,臺中市,新社區,0,0,0,8,1,5,50,14,9,1,5,4,5,7,4,4,5,5,5,1,11,17,"  ","  ","  ","  ",B03,"  ","  ",1,"  ",2,"  ","  ",17,"   ",1,22,"  ",B03,120.821046,24.180262,3,66000,387130000C,(04)23289100,(04)25368667
1813,2023,03,5,15,57,臺中市,大里區,0,0,0,8,,,50,,,,,,,,,,,,,,,6,"  ","  ","  ","  ",B03,"  ","  ",1,"  ",2,"  ","  ",6,"   ",1,5,"  ",B03,120.699548,24.110029,3,66000,387130000C,(04)23289100,(04)25368667
1814,2023,03,5,15,57,臺中市,大甲區,0,0,0,,,,50,,,,,,,,,,,,,,,19,"  ","  ","  ","  ",C04,"  ","  ",1,"  ",2,"  ","  ",19,19,1,3,"  ",C04,120.640318,24.405005,3,66000,387130000C,(04)23289100,(04)25368667
1815,2023,03,5,15,58,臺中市,西區,0,0,0,8,,,50,,,,,,,,,,,,,,,42,"  ","  ","  ","  ","   ","  ","  ","  ","  ","  ","  ","  ",42,"   ",1,"  ","  ","   ",120.658725,24.138514,3,66000,387130000C,(04)23289100,(04)25368667
1816,2023,03,5,16,0,臺中市,外埔區,0,1,0,8,1,5,30,12,9,1,5,4,5,7,4,4,10,5,5,1,11,23,2,9,1,1,C03,7,9,1,10,2,14,"  ",23,23,1,22,8,C03,120.654432,24.333369,2,66000,387130000C,(04)23289100,(04)25368667
1817,2023,03,5,16,1,臺中市,清水區,0,0,0,8,,,60,,,,,,,,,,,,,,,45,"  ","  ","  ","  ",B03,"  ","  ",1,"  ",1,"  ","  ",45,"   ",1,21,"  ",B03,120.549791,24.285255,3,66000,387130000C,(04)23289100,(04)25368667
1818,2023,03,5,16,2,臺中市,大里區,0,0,0,8,1,5,50,14,9,1,5,4,5,7,4,4,5,5,5,2,14,12,"  ","  ","  ","  ",B03,"  ","  ",1,"  ",2,"  ","  ",12,"   ",1,22,"  ",B03,120.681971,24.112039,3,66000,387130000C,(04)23289100,(04)25368667
1819,2023,03,5,16,4,臺中市,太平區,0,1,0,8,1,5,40,14,9,1,5,4,5,7,4,4,5,5,5,2,18,23,2,9,1,1,C02,7,9,1,9,2,12,"  ",23,23,1,21,8,C02,120.808065,24.095749,2,66000,387130000C,(04)23289100,(04)25368667
1820,2023,03,5,16,7,臺中市,霧峰區,0,0,0,8,,,60,,,,,,,,,,,,,,,23,"  ","  ","  ","  ",C03,"  ","  ",1,"  ",2,"  ","  ",23,"   ",1,3,"  ",C03,120.695576,24.062094,3,66000,387130000C,(04)23289100,(04)25368667
1821,2023,03,5,16,8,臺中市,大里區,0,1,0,8,1,5,50,14,7,1,5,4,5,7,4,4,9,5,4,1,13,16,3,10,1,1,B03,7,9,1,8,2,1,"  ",16,16,1,5,8,B03,120.67177,24.097348,2,66000,387130000C,(04)23289100,(04)25368667
1822,2023,03,5,16,9,臺中市,大甲區,0,0,0,8,,,50,,,,,,,,,,,,,,,23,"  ","  ","  ","  ",C03,"  ","  ",1,"  ",2,"  ","  ",23,"   ",1,4,"  ",C03,120.620743,24.345848,3,66000,387130000C,(04)23289100,(04)25368667
1823,2023,03,5,16,14,臺中市,太平區,0,0,0,8,,,80,,,,,,,,,,,,,,,7,"  ","  ","  ","  ",B03,"  ","  ",1,"  ",2,"  ","  ",7,"   ",1,21,"  ",B03,120.716875,24.154274,3,66000,387130000C,(04)23289100,(04)25368667
1824,2023,03,5,16,15,臺中市,豐原區,0,0,0,8,,,40,,,,,,,,,,,,,,,26,"  ","  ","  ","  ",B03,"  ","  ",1,"  ",2,"  ","  ",26,"   ",1,22,"  ",B03,120.753083,24.258628,3,66000,387130000C,(04)23289100,(04)25368667
1825,2023,03,5,16,17,臺中市,西屯區,0,2,0,8,1,5,50,3,1,1,5,4,5,7,4,4,5,5,5,1,17,19,2,9,1,1,C03,7,1,1,10,2,14,"  ",19,19,1,1,9,C03,120.649182,24.168332,2,66000,387130000C,(04)23289100,(04)25368667
1826,2023,03,5,16,19,臺中市,北區,0,2,0,8,1,5,50,4,1,1,5,4,5,7,4,4,5,4,5,2,16,6,2,9,1,1,C03,7,9,1,10,2,12,"  ",6,6,1,5,5,C03,120.678817,24.158193,2,66000,387130000C,(04)23289100,(04)25368667
1827,2023,03,5,16,20,臺中市,龍井區,0,1,0,8,1,5,40,4,1,1,5,4,5,7,2,1,3,5,5,2,17,7,2,8,1,1,C03,7,9,1,10,2,12,"  ",44,7,1,3,9,C03,120.592952,24.182892,2,66000,387130000C,(04)23289100,(04)25368667
1828,2023,03,5,16,25,臺中市,西屯區,0,2,0,8,1,5,50,14,9,1,5,4,5,7,4,4,5,4,5,2,16,6,2,9,3,4,C03,7,5,1,10,2,12,"  ",6,6,1,22,8,C03,120.620991,24.184946,2,66000,387130000C,(04)23289100,(04)25368667
1829,2023,03,5,16,27,臺中市,北屯區,0,1,0,8,1,5,50,4,1,1,5,4,5,7,1,1,10,5,5,2,17,6,3,10,1,1,B02,7,6,3,18,2,2,"  ",6,6,1,21,8,B02,120.694259,24.16491,2,66000,387130000C,(04)23289100,(04)25368667
1830,2023,03,5,16,29,臺中市,南屯區,0,0,0,8,,,50,,,,,,,,,,,,,,,38,"  ","  ","  ","  ",B03,"  ","  ",1,"  ",9,"  ","  ",38,"   ",1,22,"  ",B03,120.630095,24.152011,3,66000,387130000C,(04)23289100,(04)25368667
1831,2023,03,5,16,33,臺中市,大甲區,0,0,0,8,1,4,40,14,9,1,5,4,5,7,4,3,8,5,5,1,16,10,3,10,3,4,B12,7,11,1,8,1,2,"  ",10,10,1,20,9,B12,120.648982,24.360452,3,66000,387130000C,(04)23289100,(04)25368667
1832,2023,03,5,16,34,臺中市,北區,0,1,0,8,1,5,40,14,8,1,5,4,5,7,4,4,1,4,4,2,17,23,2,8,1,1,C03,7,9,1,10,2,11,"  ",23,23,1,21,8,C03,120.677466,24.152144,2,66000,387130000C,(04)23289100,(04)25368667
1833,2023,03,5,16,36,臺中市,西屯區,0,0,0,8,,,40,,,,,,,,,,,,,,,23,"  ","  ","  ","  ",B03,"  ","  ",1,"  ",1,"  ","  ",23,"   ",1,22,"  ",B03,120.632189,24.170548,3,66000,387130000C,(04)23289100,(04)25368667
1834,2023,03,5,16,40,臺中市,南屯區,0,1,0,8,1,5,40,3,2,1,5,4,5,7,4,4,9,5,5,2,17,27,3,10,1,1,B03,7,8,1,8,2,2,"  ",27,27,1,22,8,B03,120.628864,24.122896,2,66000,387130000C,(04)23289100,(04)25368667
1835,2023,03,5,16,43,臺中市,豐原區,0,2,0,8,1,5,50,5,1,2,5,4,5,7,3,1,5,5,5,2,16,19,2,8,1,1,C03,7,1,1,10,2,11,"  ",19,19,1,21,8,C03,120.730238,24.248418,2,66000,387130000C,(04)23289100,(04)25368667
1836,2023,03,5,16,45,臺中市,東區,0,1,0,8,1,5,50,4,1,1,5,4,5,7,1,1,1,4,4,2,12,7,3,10,1,1,B03,7,8,1,8,2,6,"  ",7,7,1,5,8,B03,120.694313,24.146688,2,66000,387130000C,(04)23289100,(04)25368667
1837,2023,03,5,16,45,臺中市,神岡區,0,1,0,8,1,5,30,3,2,1,5,4,5,7,4,4,5,5,5,1,17,6,3,10,1,4,B03,7,5,1,8,2,1,"  ",6,6,1,22,9,B03,120.667509,24.254346,2,66000,387130000C,(04)23289100,(04)25368667
1838,2023,03,5,16,49,臺中市,大里區,0,0,0,8,1,5,50,4,2,1,5,4,5,7,1,1,5,4,5,1,17,10,"  ","  ","  ","  ",B03,"  ","  ",1,"  ",2,"  ","  ",10,"   ",1,22,"  ",B03,120.689778,24.115573,3,66000,387130000C,(04)23289100,(04)25368667
1839,2023,03,5,16,51,臺中市,太平區,0,0,0,8,,,30,,,,,,,,,,,,,,,12,"  ","  ","  ","  ",B03,"  ","  ",1,"  ",9,"  ","  ",12,"   ",1,22,"  ",B03,120.714325,24.136513,3,66000,387130000C,(04)23289100,(04)25368667
1840,2023,03,5,16,51,臺中市,烏日區,0,2,0,8,1,5,30,4,1,1,5,4,5,7,4,4,10,5,5,2,15,6,2,9,1,1,C03,7,9,1,10,2,11,"  ",6,6,1,5,8,C03,120.635105,24.11042,2,66000,387130000C,(04)23289100,(04)25368667
1841,2023,03,5,16,52,臺中市,北區,0,1,0,8,1,5,50,3,2,1,5,4,5,7,4,4,7,5,5,2,17,9,2,8,3,4,C03,7,6,1,10,2,12,"  ",9,9,1,22,9,C03,120.67272,24.164884,2,66000,387130000C,(04)23289100,(04)25368667
1842,2023,03,5,16,53,臺中市,北區,0,1,0,8,1,5,40,4,1,1,5,4,5,7,1,1,10,5,5,2,17,16,3,10,1,1,C03,7,12,1,10,2,11,"  ",16,16,1,22,9,C03,120.688403,24.163156,2,66000,387130000C,(04)23289100,(04)25368667