序號,年,月,日,時,分,縣市,區,死亡數量,受傷數量,2-30,天候,光線,道路類別,速限_速度(公里),道路型態,事故位置,路面鋪裝,路面狀態,路面缺陷,障礙物,視距,號誌種類,號誌動作,分向設施,快車道或一般車道間,快慢車道間,路面邊線,事故類型及型態,主要肇因,受傷程度,主要傷處,保護裝備,行動電話,當事者區分,車輛用途,當事者行動狀態,駕駛資格情形,駕駛執照種類,飲酒情形,車輛撞擊部位最初,車輛撞擊部位其他,肇事因素個別,肇事因素主要,肇事逃逸,職業,旅次目的,車種,GPS座標X,GPS座標Y,事故類別,縣市別代碼,機關代碼,市話,傳真
1843,2023,03,5,16,53,臺中市,東區,0,2,0,8,1,5,50,11,7,1,5,4,5,7,4,4,5,4,5,2,16,7,2,9,1,1,C03,7,7,1,10,2,14,"  ",7,7,1,22,8,C03,120.685447,24.130123,2,66000,387130000C,(04)23289100,(04)25368667
1844,2023,03,5,16,53,臺中市,南區,0,2,0,8,1,5,50,5,1,1,5,4,5,7,4,4,10,5,5,2,16,1,2,9,1,1,C03,7,5,1,10,2,12,"  ",44,1,1,22,8,C03,120.656988,24.123327,2,66000,387130000C,(04)23289100,(04)25368667
1845,2023,03,5,16,54,臺中市,東區,0,2,0,8,1,5,50,4,1,1,5,4,5,7,1,1,9,4,5,2,18,43,2,9,1,1,C03,7,9,1,10,2,12,"  ",43,43,1,5,1,C03,120.68295,24.134424,2,66000,387130000C,(04)23289100,(04)25368667
1846,2023,03,5,17,5,臺中市,東區,0,1,0,8,1,5,50,4,1,1,5,4,5,7,1,1,10,5,5,2,17,38,3,10,1,1,C03,7,14,1,10,2,15,"  ",38,38,1,22,9,C03,120.679421,24.123688,2,66000,387130000C,(04)23289100,(04)25368667
1847,2023,03,5,17,5,臺中市,太平區,1,0,0,8,1,5,30,11,9,1,5,4,5,7,4,4,9,4,5,1,18,42,1,9,1,1,C03,7,9,1,10,9,14,"  ",42,42,1,22,8,C03,120.808065,24.095749,1,66000,387130000C,(04)23289100,(04)25368667
1848,2023,03,5,17,7,臺中市,太平區,0,0,0,8,,,50,,,,,,,,,,,,,,,7,"  ","  ","  ","  ",B03,"  ","  ",1,"  ",1,"  ","  ",7,"   ",1,22,"  ",B03,120.71318,24.146936,3,66000,387130000C,(04)23289100,(04)25368667
1849,2023,03,5,17,16,臺中市,南屯區,0,0,0,8,,,50,,,,,,,,,,,,,,,23,"  ","  ","  ","  ",F01,"  ","  ",8,"  ",1,"  ","  ",23,"   ",1,22,"  ",F01,120.649221,24.130778,3,66000,387130000C,(04)23289100,(04)25368667
1850,2023,03,5,17,22,臺中市,南屯區,0,1,0,8,2,5,50,4,18,1,5,4,5,7,1,1,10,5,5,2,3,15,3,10,1,1,B03,7,5,1,8,2,5,"  ",15,15,1,5,8,B03,120.649761,24.153599,2,66000,387130000C,(04)23289100,(04)25368667
1851,2023,03,5,17,23,臺中市,東區,0,1,0,8,1,5,50,3,1,1,5,4,5,7,1,1,4,5,5,2,12,26,3,10,1,1,B03,7,6,1,8,2,2,"  ",26,26,1,9,8,B03,120.689898,24.138328,2,66000,387130000C,(04)23289100,(04)25368667
1852,2023,03,5,17,24,臺中市,南區,0,1,0,8,1,5,50,4,1,1,5,4,5,7,1,1,10,5,5,2,18,23,2,9,1,1,C03,7,9,1,10,2,11,"  ",23,23,1,22,8,C03,120.656848,24.120757,2,66000,387130000C,(04)23289100,(04)25368667
1853,2023,03,5,17,24,臺中市,大甲區,0,1,0,8,1,5,50,14,9,1,5,4,5,7,4,4,9,5,5,2,3,23,3,10,1,1,B03,7,9,1,8,2,1,"  ",23,23,1,4,1,B03,120.616803,24.415113,2,66000,387130000C,(04)23289100,(04)25368667
1854,2023,03,5,17,26,臺中市,南屯區,0,0,0,8,1,5,50,14,9,1,5,4,5,7,4,4,5,5,5,2,14,12,"  ","  ","  ","  ",B03,"  ","  ",1,"  ",2,"  ","  ",12,"   ",1,5,"  ",B03,120.64247,24.128882,3,66000,387130000C,(04)23289100,(04)25368667
1855,2023,03,5,17,28,臺中市,大雅區,0,2,0,8,1,5,50,14,9,1,5,4,5,7,4,4,5,4,5,1,16,26,2,9,1,1,C04,7,5,1,11,2,12,"  ",26,26,1,22,9,C04,120.652871,24.247702,2,66000,387130000C,(04)23289100,(04)25368667
1856,2023,03,5,17,28,臺中市,沙鹿區,0,0,0,8,,,60,,,,,,,,,,,,,,,42,"  ","  ","  ","  ",B03,"  ","  ",1,"  ",2,"  ","  ",42,"   ",1,21,"  ",B03,120.569563,24.237414,3,66000,387130000C,(04)23289100,(04)25368667
1857,2023,03,5,17,31,臺中市,大安區,0,0,0,8,1,5,60,14,9,1,5,4,5,7,4,4,5,4,4,2,17,23,3,10,1,1,B03,7,9,1,8,2,5,"  ",23,23,1,9,8,B03,120.60133,24.371477,3,66000,387130000C,(04)23289100,(04)25368667
1858,2023,03,5,17,32,臺中市,南區,0,0,0,,,,50,,,,,,,,,,,,,,,23,"  ","  ","  ","  ",B01,"  ","  ",1,"  ",2,"  ","  ",23,"   ",1,22,"  ",B01,120.656655,24.124613,3,66000,387130000C,(04)23289100,(04)25368667
1859,2023,03,5,17,35,臺中市,豐原區,0,0,0,8,,,50,,,,,,,,,,,,,,,6,"  ","  ","  ","  ",B03,"  ","  ",1,"  ",2,"  ","  ",6,"   ",1,22,"  ",B03,120.728997,24.256983,3,66000,387130000C,(04)23289100,(04)25368667
1860,2023,03,5,17,37,臺中市,南區,0,0,0,8,,,50,,,,,,,,,,,,,,,6,"  ","  ","  ","  ",B03,"  ","  ",1,"  ",2,"  ","  ",6,6,1,5,"  ",B03,120.663394,24.119716,3,66000,387130000C,(04)23289100,(04)25368667
1861,2023,03,5,17,39,臺中市,霧峰區,0,1,0,8,1,5,50,5,1,1,5,4,5,7,1,1,10,5,5,2,13,25,2,7,1,1,C03,7,9,1,10,2,11,"  ",25,23,1,20,8,C03,120.700834,24.075794,2,66000,387130000C,(04)23289100,(04)25368667
1862,2023,03,5,17,47,臺中市,西屯區,0,1,0,8,2,5,50,14,9,1,5,4,5,7,3,1,5,5,5,2,16,26,3,10,1,1,B03,7,11,1,8,2,4,8,26,26,1,1,2,B03,120.6405,24.179214,2,66000,387130000C,(04)23289100,(04)25368667
1863,2023,03,5,17,48,臺中市,北區,0,1,0,8,1,5,50,5,1,1,5,4,5,7,1,1,1,2,4,2,16,6,3,10,1,1,B03,7,5,1,8,2,8,"  ",6,6,1,21,8,B03,120.686295,24.154714,2,66000,387130000C,(04)23289100,(04)25368667
1864,2023,03,5,17,50,臺中市,南屯區,0,0,0,,,,40,,,,,,,,,,,,,,,6,"  ","  ","  ","  ",B03,"  ","  ",1,"  ",1,"  ","  ",6,6,1,22,"  ",B03,120.64291,24.136901,3,66000,387130000C,(04)23289100,(04)25368667
1865,2023,03,5,17,52,臺中市,東區,0,2,0,7,2,5,50,4,1,1,5,4,5,7,4,4,10,5,5,2,15,6,2,9,1,1,C03,7,9,1,10,2,11,"  ",6,6,1,22,9,C03,120.709495,24.146798,2,66000,387130000C,(04)23289100,(04)25368667
1866,2023,03,5,17,53,臺中市,大里區,0,2,0,8,2,5,50,4,2,1,5,4,5,7,1,1,10,5,5,1,17,25,2,7,1,1,B03,7,5,1,8,2,1,"  ",25,25,1,22,9,B03,120.695544,24.082558,2,66000,387130000C,(04)23289100,(04)25368667
1867,2023,03,5,18,9,臺中市,西區,0,0,0,8,,,50,,,,,,,,,,,,,,,23,"  ","  ","  ","  ",B03,"  ","  ",1,"  ",1,"  ","  ",23,"   ",1,5,"  ",B03,120.663726,24.137327,3,66000,387130000C,(04)23289100,(04)25368667
1868,2023,03,5,18,10,臺中市,清水區,0,0,0,8,,,60,,,,,,,,,,,,,,,23,"  ","  ","  ","  ",B02,"  ","  ",1,"  ",2,"  ","  ",23,"   ",1,21,"  ",B02,120.5895,24.304089,3,66000,387130000C,(04)23289100,(04)25368667
1869,2023,03,5,18,12,臺中市,西屯區,0,0,0,8,,,50,,,,,,,,,,,,,,,19,"  ","  ","  ","  ",B03,"  ","  ",1,"  ",1,"  ","  ",19,"   ",1,1,"  ",B03,120.615468,24.189164,3,66000,387130000C,(04)23289100,(04)25368667
1870,2023,03,5,18,15,臺中市,西區,0,0,0,,,,50,,,,,,,,,,,,,,,23,"  ","  ","  ","  ",C03,"  ","  ",1,"  ",2,"  ","  ",23,"   ",1,5,"  ",C03,120.658389,24.146922,3,66000,387130000C,(04)23289100,(04)25368667
1871,2023,03,5,18,15,臺中市,北區,0,1,0,8,3,5,50,4,2,1,5,4,5,7,3,1,5,4,5,2,16,6,2,9,3,4,C03,7,9,1,10,2,12,"  ",6,6,1,22,9,C03,120.689788,24.161476,2,66000,387130000C,(04)23289100,(04)25368667
1872,2023,03,5,18,17,臺中市,南屯區,0,0,0,8,,,30,,,,,,,,,,,,,,,12,"  ","  ","  ","  ",A05,"  ","  ",1,"  ",11,"  ","  ",12,"   ",2,22,"  ",A05,120.622883,24.146393,3,66000,387130000C,(04)23289100,(04)25368667
1873,2023,03,5,18,22,臺中市,西屯區,0,0,0,8,,,50,,,,,,,,,,,,,,,23,"  ","  ","  ","  ",B03,"  ","  ",1,"  ",2,"  ","  ",23,"   ",1,22,"  ",B03,120.63418,24.16772,3,66000,387130000C,(04)23289100,(04)25368667
1874,2023,03,5,18,24,臺中市,北屯區,0,0,0,8,,,50,,,,,,,,,,,,,,,17,"  ","  ","  ","  ",B03,"  ","  ",1,8,1,"  ","  ",17,17,1,21,"  ",B03,120.715149,24.164191,3,66000,387130000C,(04)23289100,(04)25368667
1875,2023,03,5,18,24,臺中市,大里區,0,2,0,8,4,5,40,14,9,1,5,4,5,7,4,4,9,5,5,2,16,26,2,8,1,1,C03,7,5,1,10,2,13,"  ",26,26,1,20,8,C03,120.6977,24.084595,2,66000,387130000C,(04)23289100,(04)25368667
1876,2023,03,5,18,26,臺中市,南屯區,0,0,0,8,,,50,,,,,,,,,,,,,,,23,"  ","  ","  ","  ",B03,"  ","  ",1,"  ",1,"  ","  ",23,"   ",1,22,"  ",B03,120.650531,24.140112,3,66000,387130000C,(04)23289100,(04)25368667
1877,2023,03,5,18,26,臺中市,北屯區,0,1,0,8,3,5,50,4,1,1,5,4,5,7,2,1,10,5,5,2,16,6,3,10,1,1,B03,7,5,1,8,2,1,"  ",6,6,1,21,8,B03,120.713151,24.180143,2,66000,387130000C,(04)23289100,(04)25368667
1878,2023,03,5,18,27,臺中市,龍井區,0,2,0,8,3,5,70,14,7,1,5,4,5,7,4,4,3,4,3,1,17,42,2,9,1,1,C03,7,15,3,18,2,13,"  ",42,42,1,16,6,C03,120.50477,24.205205,2,66000,387130000C,(04)23289100,(04)25368667
1879,2023,03,5,18,28,臺中市,烏日區,0,4,0,7,3,5,50,3,1,1,5,4,5,7,4,4,5,5,4,1,16,26,2,9,1,1,C03,7,5,3,18,2,11,14,26,26,1,21,8,C03,120.629469,24.109934,2,66000,387130000C,(04)23289100,(04)25368667
1880,2023,03,5,18,30,臺中市,豐原區,0,0,0,,,,50,,,,,,,,,,,,,,,12,"  ","  ","  ","  ",B02,"  ","  ",1,"  ",2,"  ","  ",12,12,1,22,"  ",B02,120.719479,24.263144,3,66000,387130000C,(04)23289100,(04)25368667
1881,2023,03,5,18,38,臺中市,南屯區,0,1,0,8,2,5,50,14,9,1,5,4,5,7,4,4,5,5,5,2,12,26,3,10,1,1,B03,7,9,1,8,2,2,"  ",26,26,1,5,8,B03,120.64372,24.135628,2,66000,387130000C,(04)23289100,(04)25368667
1882,2023,03,5,18,41,臺中市,烏日區,0,2,0,8,2,5,50,4,1,1,5,4,5,7,4,4,10,5,5,2,15,6,2,1,1,1,B03,7,9,1,8,2,8,"  ",6,6,1,5,8,B03,120.602661,24.108996,2,66000,387130000C,(04)23289100,(04)25368667
1883,2023,03,5,18,42,臺中市,西屯區,0,0,0,8,,,30,,,,,,,,,,,,,,,23,"  ","  ","  ","  ",B03,"  ","  ",1,"  ",1,"  ","  ",23,"   ",1,22,"  ",B03,120.643325,24.181448,3,66000,387130000C,(04)23289100,(04)25368667
1884,2023,03,5,18,45,臺中市,大里區,0,2,0,8,3,5,50,4,1,1,5,4,5,7,4,4,10,5,5,2,15,6,2,9,1,1,C03,7,9,1,10,2,11,"  ",6,6,1,19,8,C03,120.700487,24.090482,2,66000,387130000C,(04)23289100,(04)25368667
1885,2023,03,5,18,45,臺中市,沙鹿區,0,0,0,8,,,50,,,,,,,,,,,,,,,7,"  ","  ","  ","  ",C03,"  ","  ",1,"  ",2,"  ","  ",7,"   ",1,18,"  ",C03,120.566085,24.233484,3,66000,387130000C,(04)23289100,(04)25368667
1886,2023,03,5,18,55,臺中市,沙鹿區,0,0,0,8,,,50,,,,,,,,,,,,,,,1,"  ","  ","  ","  ",B12,"  ","  ",1,"  ",2,"  ","  ",1,"   ",1,4,"  ",B12,120.561319,24.242653,3,66000,387130000C,(04)23289100,(04)25368667
1887,2023,03,5,18,55,臺中市,后里區,0,1,0,7,3,5,60,4,4,1,5,4,5,7,2,1,1,4,4,1,13,23,2,8,1,1,C03,7,9,1,10,2,11,"  ",23,23,1,5,1,C03,120.730655,24.287869,2,66000,387130000C,(04)23289100,(04)25368667
1888,2023,03,5,18,57,臺中市,西屯區,0,0,0,8,,,50,,,,,,,,,,,,,,,23,"  ","  ","  ","  ",C03,"  ","  ",1,"  ",1,"  ","  ",23,"   ",1,22,"  ",C03,120.637617,24.178262,3,66000,387130000C,(04)23289100,(04)25368667
1889,2023,03,5,18,59,臺中市,大里區,0,0,0,8,,,50,,,,,,,,,,,,,,,23,"  ","  ","  ","  ",B12,"  ","  ",1,"  ",1,"  ","  ",23,"   ",1,5,"  ",B12,120.66975,24.096893,3,66000,387130000C,(04)23289100,(04)25368667
1890,2023,03,5,19,0,臺中市,南屯區,0,0,0,8,3,5,50,14,9,1,5,4,5,7,1,1,1,2,5,2,12,17,"  ","  ","  ","  ",B03,"  ","  ",1,"  ",1,"  ","  ",17,"   ",1,5,"  ",B03,120.635711,24.143383,3,66000,387130000C,(04)23289100,(04)25368667
1891,2023,03,5,19,5,臺中市,西屯區,0,0,0,8,,,50,,,,,,,,,,,,,,,23,"  ","  ","  ","  ",C03,"  ","  ",1,"  ",1,"  ","  ",23,"   ",1,12,"  ",C03,120.640391,24.158563,3,66000,387130000C,(04)23289100,(04)25368667
1892,2023,03,5,19,10,臺中市,太平區,0,1,0,8,3,5,50,4,1,1,5,4,5,7,1,1,10,5,5,2,3,23,3,10,1,1,B03,7,5,1,8,2,1,"  ",23,23,1,22,5,B03,120.712198,24.141064,2,66000,387130000C,(04)23289100,(04)25368667
1893,2023,03,5,19,11,臺中市,西屯區,0,0,0,8,,,50,,,,,,,,,,,,,,,42,"  ","  ","  ","  ",B02,"  ","  ",1,"  ",2,"  ","  ",42,42,1,22,"  ",B02,120.63874,24.159396,3,66000,387130000C,(04)23289100,(04)25368667
1894,2023,03,5,19,12,臺中市,梧棲區,0,3,0,8,4,5,40,14,8,1,5,4,5,7,4,4,1,4,4,1,13,23,2,9,1,1,C03,7,9,1,10,2,11,"  ",23,23,1,9,8,C03,120.52655,24.258946,2,66000,387130000C,(04)23289100,(04)25368667
1895,2023,03,5,19,16,臺中市,北屯區,0,2,0,8,3,5,50,3,2,1,5,4,5,7,4,4,5,4,5,2,3,51,2,9,4,5,H01,8,16,8,20,1,16,"  ",51,51,1,20,8,H01,120.71105,24.171953,2,66000,387130000C,(04)23289100,(04)25368667
1896,2023,03,5,19,21,臺中市,太平區,0,2,0,8,1,5,50,8,7,1,5,4,5,7,4,4,5,4,4,1,13,16,2,9,1,1,C03,7,9,1,10,2,11,"  ",16,16,1,22,5,C03,120.723807,24.1495,2,66000,387130000C,(04)23289100,(04)25368667
1897,2023,03,5,19,24,臺中市,大里區,0,0,0,,,,50,,,,,,,,,,,,,,,23,"  ","  ","  ","  ",B03,"  ","  ",1,"  ",2,"  ","  ",23,"   ",1,22,"  ",B03,120.700677,24.096309,3,66000,387130000C,(04)23289100,(04)25368667
1898,2023,03,5,19,24,臺中市,大里區,0,0,0,8,3,5,50,14,9,1,5,4,5,7,4,4,5,5,4,2,14,12,"  ","  ","  ","  ",B03,"  ","  ",1,"  ",2,"  ","  ",12,"   ",1,22,"  ",B03,120.676206,24.116277,3,66000,387130000C,(04)23289100,(04)25368667
1899,2023,03,5,19,25,臺中市,霧峰區,0,3,0,8,4,5,30,3,1,1,5,4,5,7,4,4,10,5,5,2,16,23,2,8,1,1,C03,7,9,1,10,2,12,"  ",23,23,1,18,8,C03,120.666924,24.070115,2,66000,387130000C,(04)23289100,(04)25368667
1900,2023,03,5,19,29,臺中市,西屯區,0,0,0,8,1,5,50,14,7,1,5,4,5,7,4,4,9,5,4,2,13,23,3,10,1,1,B03,7,9,1,8,1,1,"  ",23,23,1,8,1,B03,120.637564,24.174956,3,66000,387130000C,(04)23289100,(04)25368667
1901,2023,03,5,19,33,臺中市,北屯區,0,1,0,8,3,5,50,14,7,1,5,4,5,7,4,4,1,4,4,2,13,16,2,8,3,4,C03,7,9,1,10,2,11,"  ",16,16,1,21,8,C03,120.660853,24.191118,2,66000,387130000C,(04)23289100,(04)25368667
1902,2023,03,5,19,37,臺中市,西區,0,0,0,8,,,50,,,,,,,,,,,,,,,23,"  ","  ","  ","  ",B03,"  ","  ",1,"  ",1,"  ","  ",23,"   ",1,5,"  ",B03,120.667305,24.140607,3,66000,387130000C,(04)23289100,(04)25368667
1903,2023,03,5,19,37,臺中市,霧峰區,0,1,0,8,3,5,40,14,13,1,5,4,5,7,4,4,5,5,5,1,20,23,2,9,1,1,C03,7,9,1,10,2,11,"  ",23,23,1,22,8,C03,120.678028,24.073679,2,66000,387130000C,(04)23289100,(04)25368667
1904,2023,03,5,19,51,臺中市,北區,0,1,0,8,1,5,50,4,1,1,5,4,5,7,1,1,10,5,5,2,16,6,3,10,1,1,B03,7,5,1,8,2,1,"  ",6,6,1,20,8,B03,120.69432,24.156811,2,66000,387130000C,(04)23289100,(04)25368667
1905,2023,03,5,19,57,臺中市,西屯區,0,0,0,8,,,30,,,,,,,,,,,,,,,42,"  ","  ","  ","  ",C03,"  ","  ",1,"  ",1,"  ","  ",42,"   ",1,1,"  ",C03,120.620802,24.186891,3,66000,387130000C,(04)23289100,(04)25368667
1906,2023,03,5,19,58,臺中市,北區,0,2,0,8,3,5,40,14,8,1,5,4,5,7,4,4,1,4,4,2,17,16,2,8,1,1,C03,7,9,1,10,2,11,"  ",16,23,1,22,9,C03,120.671801,24.170933,2,66000,387130000C,(04)23289100,(04)25368667
1907,2023,03,5,19,58,臺中市,豐原區,0,0,0,8,,,50,,,,,,,,,,,,,,,23,"  ","  ","  ","  ",B03,"  ","  ",1,"  ",2,"  ","  ",23,"   ",1,22,"  ",B03,120.725046,24.240901,3,66000,387130000C,(04)23289100,(04)25368667
1908,2023,03,5,20,0,臺中市,西區,0,1,0,8,3,5,50,14,7,1,5,4,5,7,4,4,5,4,4,2,17,40,3,10,1,1,B03,7,13,1,8,2,4,"  ",40,40,1,5,7,B03,120.654998,24.151476,2,66000,387130000C,(04)23289100,(04)25368667
1909,2023,03,5,20,1,臺中市,北屯區,0,2,0,8,3,5,50,4,1,1,5,4,1,7,1,1,10,5,5,2,16,43,2,9,1,1,C03,7,15,1,10,2,12,"  ",43,43,1,21,8,C03,120.700663,24.167585,2,66000,387130000C,(04)23289100,(04)25368667
1910,2023,03,5,20,9,臺中市,東區,0,3,0,7,3,5,50,14,9,1,5,4,5,7,4,4,5,4,5,2,13,23,2,9,1,1,C03,7,9,1,10,2,11,"  ",23,23,1,22,8,C03,120.701638,24.1321,2,66000,387130000C,(04)23289100,(04)25368667
1911,2023,03,5,20,10,臺中市,大甲區,0,1,0,8,3,5,50,4,1,1,5,4,5,7,4,4,10,5,5,2,3,15,3,10,1,1,B03,7,6,1,8,2,5,"  ",15,15,1,22,9,B03,120.61823,24.348904,2,66000,387130000C,(04)23289100,(04)25368667
1912,2023,03,5,20,11,臺中市,北屯區,0,0,0,8,,,50,,,,,,,,,,,,,,,42,"  ","  ","  ","  ",B03,"  ","  ",1,8,1,"  ","  ",42,42,1,21,"  ",B03,120.70203,24.16989,3,66000,387130000C,(04)23289100,(04)25368667
1913,2023,03,5,20,16,臺中市,西屯區,0,1,0,8,3,5,50,4,1,1,5,4,5,7,2,1,10,5,5,2,16,9,3,10,3,4,B03,7,6,1,8,2,2,"  ",9,9,1,22,8,B03,120.632671,24.1703,2,66000,387130000C,(04)23289100,(04)25368667
1914,2023,03,5,20,19,臺中市,北屯區,0,0,0,8,,,50,,,,,,,,,,,,,,,23,"  ","  ","  ","  ",B03,"  ","  ",1,"  ",1,"  ","  ",23,"   ",1,21,"  ",B03,120.685494,24.173358,3,66000,387130000C,(04)23289100,(04)25368667
1915,2023,03,5,20,20,臺中市,大肚區,0,1,0,8,3,5,50,3,1,1,5,4,5,7,4,4,10,5,5,2,16,6,2,7,1,1,C03,7,5,1,10,2,14,"  ",6,6,1,20,9,C03,120.575703,24.17463,2,66000,387130000C,(04)23289100,(04)25368667
1916,2023,03,5,20,26,臺中市,豐原區,0,0,0,8,,,60,,,,,,,,,,,,,,,23,"  ","  ","  ","  ",B03,"  ","  ",1,"  ",2,"  ","  ",23,"   ",1,22,"  ",B03,120.722502,24.26415,3,66000,387130000C,(04)23289100,(04)25368667
1917,2023,03,5,20,34,臺中市,西屯區,0,0,0,8,,,40,,,,,,,,,,,,,,,12,"  ","  ","  ","  ",B01,"  ","  ",1,"  ",1,"  ","  ",12,"   ",1,22,"  ",B01,120.644019,24.173134,3,66000,387130000C,(04)23289100,(04)25368667
1918,2023,03,5,20,37,臺中市,南屯區,0,0,0,8,3,5,30,4,1,1,5,4,5,7,2,1,10,5,5,2,17,8,3,10,1,1,C03,7,5,1,10,2,12,"  ",8,8,1,22,9,C03,120.620854,24.139979,3,66000,387130000C,(04)23289100,(04)25368667
1919,2023,03,5,20,41,臺中市,霧峰區,0,0,0,8,,,60,,,,,,,,,,,,,,,12,"  ","  ","  ","  ",B03,"  ","  ",1,"  ",2,"  ","  ",12,"   ",1,22,"  ",B03,120.693863,24.064562,3,66000,387130000C,(04)23289100,(04)25368667
1920,2023,03,5,20,47,臺中市,北屯區,0,1,0,8,3,5,50,3,1,1,5,4,5,7,1,1,10,4,5,2,16,6,3,10,3,4,A12,7,6,1,2,2,5,"  ",6,6,1,21,8,A12,120.69672,24.164883,2,66000,387130000C,(04)23289100,(04)25368667
1921,2023,03,5,20,57,臺中市,西屯區,0,2,0,8,3,5,50,4,1,1,5,4,5,7,1,1,9,4,4,2,16,25,3,10,1,1,B02,7,9,1,8,2,2,"  ",25,25,1,12,8,B02,120.610891,24.191073,2,66000,387130000C,(04)23289100,(04)25368667
1922,2023,03,5,21,0,臺中市,烏日區,0,2,0,8,3,5,50,4,1,1,5,4,5,7,2,1,5,4,5,1,17,23,3,10,1,1,B03,7,9,1,8,2,8,"  ",23,23,1,21,8,B03,120.615563,24.105859,2,66000,387130000C,(04)23289100,(04)25368667
1923,2023,03,5,21,1,臺中市,大甲區,0,1,0,8,1,5,50,4,1,1,5,4,5,7,4,4,10,5,5,2,15,6,2,9,1,1,C03,7,9,1,10,2,11,"  ",6,6,1,22,9,C03,120.620856,24.346079,2,66000,387130000C,(04)23289100,(04)25368667
1924,2023,03,5,21,3,臺中市,大里區,0,0,0,8,,,50,,,,,,,,,,,,,,,23,"  ","  ","  ","  ",C03,"  ","  ",1,"  ",2,"  ","  ",23,"   ",1,5,"  ",C03,120.698901,24.109898,3,66000,387130000C,(04)23289100,(04)25368667
1925,2023,03,5,21,8,臺中市,大里區,0,2,0,8,1,5,50,4,1,1,5,4,5,7,1,1,5,5,4,2,12,8,2,9,1,1,C03,7,5,1,10,2,14,"  ",8,8,1,22,9,C03,120.694774,24.111463,2,66000,387130000C,(04)23289100,(04)25368667
1926,2023,03,5,21,9,臺中市,南屯區,0,1,0,8,3,5,50,4,1,1,5,4,5,7,1,1,5,2,5,2,12,6,3,10,3,4,B03,7,6,1,8,2,5,"  ",6,6,1,22,8,B03,120.64785,24.146919,2,66000,387130000C,(04)23289100,(04)25368667
1927,2023,03,5,21,21,臺中市,西屯區,0,1,0,8,3,5,50,14,9,1,5,4,5,7,4,4,5,2,5,2,16,26,3,10,3,4,B02,7,8,1,8,2,2,"  ",26,7,1,22,8,B02,120.648078,24.1745,2,66000,387130000C,(04)23289100,(04)25368667
1928,2023,03,5,21,23,臺中市,太平區,0,1,0,8,1,5,50,4,1,1,5,4,5,7,3,1,10,5,5,2,16,10,3,10,1,1,B03,7,11,1,5,2,4,"  ",10,10,1,9,2,B03,120.727632,24.150037,2,66000,387130000C,(04)23289100,(04)25368667
1929,2023,03,5,21,30,臺中市,西屯區,0,0,0,8,,,40,,,,,,,,,,,,,,,12,"  ","  ","  ","  ",B01,"  ","  ",1,"  ",1,"  ","  ",12,"   ",1,1,"  ",B01,120.644986,24.195586,3,66000,387130000C,(04)23289100,(04)25368667
1930,2023,03,5,21,43,臺中市,豐原區,0,1,0,8,3,5,50,14,8,1,5,4,5,7,3,1,4,5,4,1,17,26,3,10,1,1,B02,7,5,1,8,2,1,"  ",26,26,1,4,5,B02,120.725005,24.25238,2,66000,387130000C,(04)23289100,(04)25368667
1931,2023,03,5,21,59,臺中市,霧峰區,0,2,0,8,4,5,30,15,9,1,5,4,5,7,4,4,10,5,5,1,17,5,3,10,3,4,B03,7,9,3,18,2,15,"  ",5,5,1,3,8,B03,120.687013,24.05105,2,66000,387130000C,(04)23289100,(04)25368667
1932,2023,03,5,22,0,臺中市,南屯區,0,1,0,8,3,5,50,3,1,1,5,4,5,7,1,1,10,5,5,2,17,22,2,9,1,1,C03,7,9,1,10,2,11,"  ",22,22,1,4,8,C03,120.635711,24.143383,2,66000,387130000C,(04)23289100,(04)25368667
1933,2023,03,5,22,9,臺中市,大里區,0,2,0,8,3,5,50,14,9,1,5,4,5,7,4,4,5,5,5,1,16,26,2,8,1,1,C03,7,9,1,10,2,12,"  ",23,7,1,16,8,C03,120.703261,24.09607,2,66000,387130000C,(04)23289100,(04)25368667
1934,2023,03,5,22,12,臺中市,北屯區,0,1,0,8,3,5,50,4,1,1,5,4,5,7,2,1,10,5,5,2,27,66,"  ","  ","  ","  ","   ","  ","  ","  ","  ","  ","  ","  ",66,66,1,"  ","  ","   ",120.719273,24.163548,2,66000,387130000C,(04)23289100,(04)25368667
1935,2023,03,5,22,27,臺中市,東勢區,0,0,0,8,,,50,,,,,,,,,,,,,,,23,"  ","  ","  ","  ",B03,"  ","  ",1,"  ",1,"  ","  ",23,"   ",1,21,"  ",B03,120.822599,24.261509,3,66000,387130000C,(04)23289100,(04)25368667
1936,2023,03,5,22,28,臺中市,北屯區,0,0,0,8,,,40,,,,,,,,,,,,,,,16,"  ","  ","  ","  ",B03,"  ","  ",1,"  ",2,"  ","  ",16,"   ",1,21,"  ",B03,120.690014,24.201224,3,66000,387130000C,(04)23289100,(04)25368667
1937,2023,03,5,22,29,臺中市,南屯區,0,4,0,8,3,5,50,14,9,1,5,4,5,7,4,4,5,5,5,2,2,43,2,9,3,4,C03,7,9,1,10,2,11,"  ",43,43,1,22,8,C03,120.653136,24.133688,2,66000,387130000C,(04)23289100,(04)25368667
1938,2023,03,5,22,39,臺中市,霧峰區,0,1,0,8,3,5,60,14,13,1,5,4,5,7,4,4,9,4,4,1,16,23,2,9,1,1,B03,7,9,1,8,2,5,"  ",23,23,1,22,9,B03,120.694602,24.050946,2,66000,387130000C,(04)23289100,(04)25368667
1939,2023,03,5,22,40,臺中市,北區,0,3,0,8,3,5,50,4,4,1,5,4,5,7,2,1,3,4,5,2,13,23,2,8,1,1,C03,7,9,1,10,2,11,"  ",23,23,1,22,8,C03,120.68616,24.146227,2,66000,387130000C,(04)23289100,(04)25368667