序號,年,月,日,時,分,縣市,區,死亡數量,受傷數量,2-30,天候,光線,道路類別,速限_速度(公里),道路型態,事故位置,路面鋪裝,路面狀態,路面缺陷,障礙物,視距,號誌種類,號誌動作,分向設施,快車道或一般車道間,快慢車道間,路面邊線,事故類型及型態,主要肇因,受傷程度,主要傷處,保護裝備,行動電話,當事者區分,車輛用途,當事者行動狀態,駕駛資格情形,駕駛執照種類,飲酒情形,車輛撞擊部位最初,車輛撞擊部位其他,肇事因素個別,肇事因素主要,肇事逃逸,職業,旅次目的,車種,GPS座標X,GPS座標Y,事故類別,縣市別代碼,機關代碼,市話,傳真
1940,2023,03,5,22,42,臺中市,大雅區,0,1,0,8,1,5,30,4,1,1,5,4,5,7,4,4,5,5,5,1,16,6,2,9,1,1,C03,7,9,1,9,2,11,"  ",6,6,1,22,9,C03,120.651162,24.245128,2,66000,387130000C,(04)23289100,(04)25368667
1941,2023,03,5,23,13,臺中市,大里區,0,3,0,8,3,5,30,4,1,1,5,4,5,7,3,1,10,4,4,1,15,6,2,9,1,1,C03,7,9,1,10,2,14,"  ",6,6,1,4,8,C03,120.687633,24.08581,2,66000,387130000C,(04)23289100,(04)25368667
1942,2023,03,5,23,21,臺中市,大肚區,0,1,0,8,3,5,50,11,9,1,5,4,5,7,4,4,9,4,5,1,18,42,2,9,1,1,C03,7,5,1,10,2,14,"  ",42,42,1,18,8,C03,120.57404,24.151213,2,66000,387130000C,(04)23289100,(04)25368667
1943,2023,03,5,23,45,臺中市,南區,0,1,0,8,3,5,50,4,1,1,5,4,5,7,2,1,10,5,5,2,3,23,3,10,1,1,B03,7,5,1,8,2,5,"  ",23,23,1,22,8,B03,120.681463,24.129658,2,66000,387130000C,(04)23289100,(04)25368667
1944,2023,03,5,23,52,臺中市,西屯區,0,0,0,8,,,50,,,,,,,,,,,,,,,43,"  ","  ","  ","  ","   ","  ","  ","  ","  ","  ","  ","  ",43,"   ",1,"  ","  ","   ",120.61829,24.186704,3,66000,387130000C,(04)23289100,(04)25368667
1945,2023,03,6,0,29,臺中市,豐原區,0,1,0,8,3,5,30,3,1,1,5,4,5,7,4,4,10,5,5,2,18,42,2,8,1,1,C03,7,6,1,10,2,15,"  ",42,42,1,22,8,C03,120.72127,24.250591,2,66000,387130000C,(04)23289100,(04)25368667
1946,2023,03,6,0,58,臺中市,潭子區,0,0,0,8,,,50,,,,,,,,,,,,,,,23,"  ","  ","  ","  ",A12,"  ","  ",1,"  ",2,"  ","  ",23,"   ",1,22,"  ",A12,120.703542,24.210847,3,66000,387130000C,(04)23289100,(04)25368667
1947,2023,03,6,1,10,臺中市,北屯區,0,4,0,8,3,5,50,4,1,1,5,4,5,7,3,1,10,5,5,2,15,6,2,9,1,1,B03,7,9,1,8,2,1,"  ",6,6,1,5,8,B03,120.68378,24.177656,2,66000,387130000C,(04)23289100,(04)25368667
1948,2023,03,6,1,21,臺中市,北區,0,2,0,8,3,5,50,4,1,1,5,4,5,7,1,1,10,5,5,2,11,6,2,9,3,4,C03,7,5,2,18,2,12,"  ",6,6,1,5,8,C03,120.684453,24.147933,2,66000,387130000C,(04)23289100,(04)25368667
1949,2023,03,6,1,52,臺中市,東區,0,0,0,8,,,50,,,,,,,,,,,,,,,23,"  ","  ","  ","  ",B03,"  ","  ",1,8,2,"  ","  ",23,23,1,5,"  ",B03,120.690066,24.135671,3,66000,387130000C,(04)23289100,(04)25368667
1950,2023,03,6,1,52,臺中市,沙鹿區,0,0,0,8,3,5,60,14,7,1,5,4,5,7,4,4,1,4,4,1,18,23,2,9,1,1,C03,7,9,1,10,2,12,"  ",23,23,1,4,8,C03,120.606112,24.247484,3,66000,387130000C,(04)23289100,(04)25368667
1951,2023,03,6,3,41,臺中市,大里區,0,0,0,8,1,5,30,14,9,1,5,4,5,7,4,4,10,5,5,2,16,23,"  ","  ","  ","  ",B12,"  ","  ",1,"  ",11,"  ","  ",23,"   ",1,18,"  ",B12,120.708553,24.086303,3,66000,387130000C,(04)23289100,(04)25368667
1952,2023,03,6,6,17,臺中市,太平區,0,1,0,8,1,5,50,3,1,1,5,4,5,7,2,1,10,5,5,2,18,23,2,9,1,1,C03,7,9,1,10,2,14,"  ",23,23,1,9,1,C03,120.71788,24.128801,2,66000,387130000C,(04)23289100,(04)25368667
1953,2023,03,6,6,24,臺中市,南屯區,0,4,0,8,2,5,40,4,1,1,5,4,5,7,2,1,1,2,1,2,16,25,2,9,1,1,B12,7,5,1,8,2,8,4,25,25,1,18,8,B12,120.623141,24.145201,2,66000,387130000C,(04)23289100,(04)25368667
1954,2023,03,6,6,29,臺中市,南屯區,0,2,0,8,1,5,50,4,1,1,5,4,5,7,1,1,5,2,5,2,16,25,3,10,3,4,B03,7,9,1,8,2,8,"  ",25,25,1,22,8,B03,120.636283,24.146702,2,66000,387130000C,(04)23289100,(04)25368667
1955,2023,03,6,6,29,臺中市,大甲區,0,1,0,8,1,5,30,4,1,1,5,4,5,7,1,1,10,5,5,2,15,25,3,10,1,1,B03,7,9,1,8,2,4,"  ",25,25,1,9,8,B03,120.619597,24.345994,2,66000,387130000C,(04)23289100,(04)25368667
1956,2023,03,6,6,37,臺中市,北屯區,0,2,0,8,1,5,50,4,1,1,5,4,5,7,2,1,10,5,5,2,15,25,2,9,1,1,C03,7,9,1,10,2,12,14,25,25,1,5,8,C03,120.681436,24.17635,2,66000,387130000C,(04)23289100,(04)25368667
1957,2023,03,6,6,47,臺中市,豐原區,0,0,0,8,,,50,,,,,,,,,,,,,,,23,"  ","  ","  ","  ",B02,"  ","  ",1,"  ",2,"  ","  ",23,23,1,4,"  ",B02,120.711363,24.250466,3,66000,387130000C,(04)23289100,(04)25368667
1958,2023,03,6,7,3,臺中市,大里區,0,3,0,8,1,5,30,3,1,1,5,4,5,7,4,4,5,4,4,1,16,6,2,9,1,1,C03,7,5,1,10,2,14,"  ",6,6,1,5,8,C03,120.696475,24.106221,2,66000,387130000C,(04)23289100,(04)25368667
1959,2023,03,6,7,3,臺中市,太平區,0,0,0,8,,,50,,,,,,,,,,,,,,,23,"  ","  ","  ","  ",C03,"  ","  ",1,"  ",1,"  ","  ",23,"   ",1,22,"  ",C03,120.71683,24.151376,3,66000,387130000C,(04)23289100,(04)25368667
1960,2023,03,6,7,3,臺中市,大甲區,0,0,0,8,2,5,50,4,1,1,5,4,5,7,4,4,4,3,5,1,15,6,3,10,1,1,B03,7,9,1,8,2,1,"  ",6,6,1,4,1,B03,120.615104,24.347831,3,66000,387130000C,(04)23289100,(04)25368667
1961,2023,03,6,7,8,臺中市,烏日區,0,0,0,8,,,50,,,,,,,,,,,,,,,7,"  ","  ","  ","  ",A41,"  ","  ",1,"  ",2,"  ","  ",7,"   ",1,21,"  ",A41,120.62036,24.102093,3,66000,387130000C,(04)23289100,(04)25368667
1962,2023,03,6,7,8,臺中市,清水區,0,2,0,8,1,5,50,14,9,1,5,4,5,7,4,4,5,4,4,1,12,23,2,8,1,1,C03,7,9,1,10,2,13,12,23,23,1,5,1,C03,120.57217,24.262611,2,66000,387130000C,(04)23289100,(04)25368667
1963,2023,03,6,7,9,臺中市,龍井區,0,2,0,8,1,5,50,14,9,1,5,4,5,7,4,4,5,5,5,2,12,16,2,8,1,1,C03,7,9,1,10,2,11,"  ",16,16,1,22,8,C03,120.592796,24.182387,2,66000,387130000C,(04)23289100,(04)25368667
1964,2023,03,6,7,12,臺中市,霧峰區,0,2,0,8,1,5,60,4,1,1,5,4,5,7,1,1,1,4,1,1,16,9,3,10,1,1,C03,7,6,2,18,2,12,"  ",9,9,1,16,9,C03,120.699021,24.077975,2,66000,387130000C,(04)23289100,(04)25368667
1965,2023,03,6,7,13,臺中市,北屯區,0,0,0,8,,,50,,,,,,,,,,,,,,,7,"  ","  ","  ","  ",B03,"  ","  ",1,"  ",1,"  ","  ",7,"   ",1,22,"  ",B03,120.72165,24.179578,3,66000,387130000C,(04)23289100,(04)25368667
1966,2023,03,6,7,13,臺中市,大里區,0,1,0,8,1,5,40,14,9,1,5,4,5,7,4,4,5,5,5,1,17,19,3,10,1,1,B03,7,1,1,8,2,7,"  ",19,19,1,21,1,B03,120.695659,24.109657,2,66000,387130000C,(04)23289100,(04)25368667
1967,2023,03,6,7,13,臺中市,烏日區,0,2,0,8,1,5,50,3,1,1,5,4,5,7,3,1,5,5,5,1,16,8,2,9,1,4,C03,7,5,1,10,2,11,"  ",8,8,1,21,1,C03,120.617969,24.10636,2,66000,387130000C,(04)23289100,(04)25368667
1968,2023,03,6,7,15,臺中市,東區,0,1,0,8,1,5,50,4,1,1,5,4,5,7,1,1,10,5,5,2,16,26,2,8,1,1,F03,7,5,8,20,2,16,"  ",26,26,1,5,8,F03,120.706117,24.12978,2,66000,387130000C,(04)23289100,(04)25368667
1969,2023,03,6,7,15,臺中市,西屯區,0,2,0,8,1,5,1,14,8,1,5,4,5,7,1,1,1,4,1,2,16,19,2,7,1,1,C03,7,1,1,10,2,14,"  ",19,19,1,22,8,C03,120.632123,24.205268,2,66000,387130000C,(04)23289100,(04)25368667
1970,2023,03,6,7,17,臺中市,南屯區,0,1,0,8,1,5,50,3,1,1,5,4,5,7,4,4,10,5,5,2,13,23,3,10,3,4,B03,7,9,1,8,2,5,"  ",23,23,1,4,9,B03,120.634203,24.144793,2,66000,387130000C,(04)23289100,(04)25368667
1971,2023,03,6,7,18,臺中市,西屯區,0,1,0,8,1,5,50,3,1,1,5,4,5,7,4,4,1,4,5,2,17,6,3,10,3,4,B03,7,6,1,8,2,5,"  ",6,6,1,22,9,B03,120.652399,24.198515,2,66000,387130000C,(04)23289100,(04)25368667
1972,2023,03,6,7,19,臺中市,西區,0,1,0,8,1,5,50,4,1,1,5,4,5,7,2,1,10,5,5,2,17,23,3,10,1,1,B03,7,5,1,8,2,8,"  ",23,23,1,21,8,B03,120.667664,24.130461,2,66000,387130000C,(04)23289100,(04)25368667
1973,2023,03,6,7,20,臺中市,東區,0,0,0,8,,,50,,,,,,,,,,,,,,,23,"  ","  ","  ","  ",B03,"  ","  ",1,"  ",2,"  ","  ",23,"   ",1,22,"  ",B03,120.709955,24.149631,3,66000,387130000C,(04)23289100,(04)25368667
1974,2023,03,6,7,21,臺中市,太平區,0,1,0,8,1,5,50,4,1,1,5,4,5,7,4,4,5,5,5,2,17,19,3,10,1,1,B03,7,1,1,8,2,8,"  ",19,19,1,21,8,B03,120.721233,24.15772,2,66000,387130000C,(04)23289100,(04)25368667
1975,2023,03,6,7,24,臺中市,烏日區,0,0,0,8,,,60,,,,,,,,,,,,,,,16,"  ","  ","  ","  ",B03,"  ","  ",1,"  ",2,"  ","  ",16,"   ",1,21,"  ",B03,120.641168,24.108903,3,66000,387130000C,(04)23289100,(04)25368667
1976,2023,03,6,7,25,臺中市,大肚區,0,0,0,8,,,40,,,,,,,,,,,,,,,23,"  ","  ","  ","  ",C03,"  ","  ",1,"  ",11,"  ","  ",23,"   ",1,2,"  ",C03,120.5536,24.133296,3,66000,387130000C,(04)23289100,(04)25368667
1977,2023,03,6,7,25,臺中市,清水區,0,0,0,8,,,30,,,,,,,,,,,,,,,6,"  ","  ","  ","  ",B03,"  ","  ",1,"  ",2,"  ","  ",6,"   ",1,22,"  ",B03,120.560437,24.258279,3,66000,387130000C,(04)23289100,(04)25368667
1978,2023,03,6,7,26,臺中市,大甲區,0,1,0,8,1,5,50,3,1,1,5,4,5,7,4,4,9,5,5,1,13,16,2,8,1,1,C03,7,9,1,10,2,11,"  ",16,16,1,4,1,C03,120.621794,24.354317,2,66000,387130000C,(04)23289100,(04)25368667
1979,2023,03,6,7,27,臺中市,潭子區,0,0,0,8,,,30,,,,,,,,,,,,,,,23,"  ","  ","  ","  ",B03,"  ","  ",1,"  ",2,"  ","  ",23,"   ",1,22,"  ",B03,120.705058,24.215066,3,66000,387130000C,(04)23289100,(04)25368667
1980,2023,03,6,7,28,臺中市,北屯區,0,1,0,8,1,5,50,14,9,1,5,4,5,7,4,4,3,4,5,2,12,16,3,10,1,1,C03,7,9,1,10,2,11,"  ",16,16,1,22,8,C03,120.662875,24.188121,2,66000,387130000C,(04)23289100,(04)25368667
1981,2023,03,6,7,29,臺中市,北區,0,1,0,8,1,5,50,4,1,1,5,4,5,7,2,1,10,5,5,2,18,43,2,9,1,1,C03,7,9,1,10,2,15,"  ",43,43,1,21,8,C03,120.665689,24.153931,2,66000,387130000C,(04)23289100,(04)25368667
1982,2023,03,6,7,29,臺中市,大里區,0,2,0,8,1,5,50,4,1,1,5,4,5,7,1,1,10,5,5,2,13,23,2,9,1,1,C03,7,9,1,10,2,11,"  ",23,23,1,22,8,C03,120.701655,24.096238,2,66000,387130000C,(04)23289100,(04)25368667
1983,2023,03,6,7,30,臺中市,霧峰區,0,2,0,8,1,5,30,5,1,1,5,4,5,7,4,4,5,4,4,2,17,19,2,9,1,1,C03,7,1,1,10,2,11,"  ",19,19,1,21,5,C03,120.688529,24.043415,2,66000,387130000C,(04)23289100,(04)25368667
1984,2023,03,6,7,33,臺中市,烏日區,0,0,0,8,1,5,50,14,13,1,5,4,5,7,4,4,1,4,4,1,12,17,3,10,3,4,B03,7,6,1,8,2,6,"  ",17,17,1,21,9,B03,120.634867,24.106932,3,66000,387130000C,(04)23289100,(04)25368667
1985,2023,03,6,7,35,臺中市,西區,0,1,0,8,1,5,30,14,9,1,5,4,5,7,4,4,10,5,5,2,17,19,3,10,3,4,B03,7,1,1,8,2,1,"  ",19,19,1,21,8,B03,120.66086,24.133478,2,66000,387130000C,(04)23289100,(04)25368667
1986,2023,03,6,7,35,臺中市,南屯區,0,0,0,8,,,40,,,,,,,,,,,,,,,19,"  ","  ","  ","  ",B12,"  ","  ",1,"  ",1,"  ","  ",19,"   ",1,22,"  ",B12,120.637207,24.137039,3,66000,387130000C,(04)23289100,(04)25368667
1987,2023,03,6,7,35,臺中市,沙鹿區,0,0,0,8,1,5,60,14,9,1,5,4,5,7,4,4,1,3,4,1,13,16,"  ","  ","  ","  ",B12,"  ","  ",1,"  ",2,"  ","  ",16,"   ",1,22,"  ",B12,120.601382,24.249322,3,66000,387130000C,(04)23289100,(04)25368667
1988,2023,03,6,7,39,臺中市,西屯區,0,1,0,8,1,5,50,14,9,1,5,4,5,7,4,4,1,4,5,1,16,17,3,10,1,4,B03,7,9,1,8,2,4,"  ",17,17,1,4,8,B03,120.646369,24.158173,2,66000,387130000C,(04)23289100,(04)25368667
1989,2023,03,6,7,39,臺中市,大里區,0,0,0,8,,,50,,,,,,,,,,,,,,,7,"  ","  ","  ","  ",C03,"  ","  ",1,"  ",2,"  ","  ",7,"   ",1,3,"  ",C03,120.691888,24.094375,3,66000,387130000C,(04)23289100,(04)25368667
1990,2023,03,6,7,40,臺中市,西屯區,0,0,0,8,,,50,,,,,,,,,,,,,,,16,"  ","  ","  ","  ",C03,"  ","  ",1,"  ",1,"  ","  ",16,"   ",1,22,"  ",C03,120.608258,24.169159,3,66000,387130000C,(04)23289100,(04)25368667
1991,2023,03,6,7,40,臺中市,大里區,0,0,0,8,,,30,,,,,,,,,,,,,,,12,"  ","  ","  ","  ",A11,"  ","  ",1,"  ",2,"  ","  ",12,"   ",1,10,"  ",A11,120.696411,24.106086,3,66000,387130000C,(04)23289100,(04)25368667
1992,2023,03,6,7,41,臺中市,大里區,0,0,0,8,,,30,,,,,,,,,,,,,,,67,"  ","  ","  ","  ","   ","  ","  ","  ","  ","  ","  ","  ",67,"   ",1,"  ","  ","   ",120.704131,24.097891,3,66000,387130000C,(04)23289100,(04)25368667
1993,2023,03,6,7,41,臺中市,大肚區,0,0,0,,,,50,,,,,,,,,,,,,,,8,"  ","  ","  ","  ",C03,"  ","  ",1,"  ",2,"  ","  ",8,"   ",1,22,"  ",C03,120.548806,24.152039,3,66000,387130000C,(04)23289100,(04)25368667
1994,2023,03,6,7,42,臺中市,北屯區,0,2,0,8,1,5,30,3,2,1,5,4,5,7,4,4,5,5,5,2,16,6,2,9,1,1,F01,7,6,8,20,2,16,"  ",6,6,1,15,8,F01,120.670545,24.178826,2,66000,387130000C,(04)23289100,(04)25368667
1995,2023,03,6,7,42,臺中市,大里區,0,1,0,8,1,8,50,14,20,1,5,4,5,7,4,4,1,4,5,1,17,42,3,10,1,1,C03,7,15,1,10,2,11,"  ",42,42,1,21,1,C03,120.685754,24.095977,2,66000,387130000C,(04)23289100,(04)25368667
1996,2023,03,6,7,44,臺中市,北屯區,0,0,0,8,,,50,,,,,,,,,,,,,,,7,"  ","  ","  ","  ",B12,"  ","  ",3,"  ",1,"  ","  ",7,7,1,22,"  ",B12,120.719467,24.178215,3,66000,387130000C,(04)23289100,(04)25368667
1997,2023,03,6,7,44,臺中市,北屯區,0,1,0,8,1,5,50,4,1,1,5,4,5,7,4,4,10,5,5,2,15,6,3,10,1,1,B03,7,9,1,8,2,4,"  ",6,6,1,4,8,B03,120.695618,24.180313,2,66000,387130000C,(04)23289100,(04)25368667
1998,2023,03,6,7,44,臺中市,梧棲區,0,0,0,8,,,60,,,,,,,,,,,,,,,17,"  ","  ","  ","  ",A31,"  ","  ",1,"  ",1,"  ","  ",17,"   ",1,10,"  ",A31,120.534307,24.246292,4,66000,387130000C,(04)23289100,(04)25368667
1999,2023,03,6,7,44,臺中市,梧棲區,0,0,0,8,,,60,,,,,,,,,,,,,,,7,"  ","  ","  ","  ",B03,"  ","  ",1,"  ",1,"  ","  ",44,7,1,3,"  ",B03,120.537418,24.253209,3,66000,387130000C,(04)23289100,(04)25368667
2000,2023,03,6,7,45,臺中市,大肚區,0,0,0,8,,,50,,,,,,,,,,,,,,,23,"  ","  ","  ","  ",B03,"  ","  ",1,"  ",1,"  ","  ",23,"   ",1,2,"  ",B03,120.551076,24.137853,3,66000,387130000C,(04)23289100,(04)25368667
2001,2023,03,6,7,47,臺中市,霧峰區,0,2,0,8,1,5,40,14,8,1,5,4,5,7,4,4,1,4,4,1,17,17,2,9,1,1,C03,7,9,1,10,2,14,"  ",17,17,1,21,5,C03,120.700162,24.074683,2,66000,387130000C,(04)23289100,(04)25368667
2002,2023,03,6,7,47,臺中市,后里區,0,2,0,8,1,5,50,14,9,1,5,4,5,7,4,4,5,3,5,2,13,23,2,9,1,1,C03,7,9,1,10,2,11,"  ",23,23,1,4,8,C03,120.713577,24.328928,2,66000,387130000C,(04)23289100,(04)25368667
2003,2023,03,6,7,49,臺中市,西屯區,0,2,0,8,1,5,50,4,1,1,5,4,5,7,1,1,10,5,5,2,17,43,2,9,1,1,C03,7,9,1,10,2,15,"  ",43,43,1,21,8,C03,120.608883,24.155873,2,66000,387130000C,(04)23289100,(04)25368667
2004,2023,03,6,7,50,臺中市,大雅區,0,2,0,8,1,5,30,3,9,1,5,4,5,7,3,1,10,5,5,2,17,6,2,9,1,1,C03,7,5,1,10,2,14,"  ",6,6,1,22,9,C03,120.673121,24.231264,2,66000,387130000C,(04)23289100,(04)25368667
2005,2023,03,6,7,50,臺中市,西區,0,1,0,8,1,5,50,14,9,1,5,4,5,7,4,4,10,5,5,2,16,19,2,7,1,1,C03,7,9,1,10,2,12,"  ",44,19,1,20,8,C03,120.651801,24.147958,2,66000,387130000C,(04)23289100,(04)25368667
2006,2023,03,6,7,50,臺中市,西屯區,0,0,0,8,,,40,,,,,,,,,,,,,,,2,"  ","  ","  ","  ",B03,"  ","  ",1,"  ",1,"  ","  ",2,"   ",1,22,"  ",B03,120.647626,24.196566,3,66000,387130000C,(04)23289100,(04)25368667
2007,2023,03,6,7,50,臺中市,龍井區,0,1,0,8,1,5,40,14,8,1,5,4,5,7,4,4,3,4,3,1,23,23,2,1,3,1,C03,7,9,4,8,8,14,"  ",23,23,1,21,1,C03,120.544076,24.217895,2,66000,387130000C,(04)23289100,(04)25368667
2008,2023,03,6,7,51,臺中市,龍井區,0,2,0,8,1,5,40,14,8,1,5,4,5,7,4,4,3,4,3,1,13,23,2,9,1,1,C03,7,9,1,10,2,11,"  ",23,23,1,4,1,C03,120.542975,24.218038,2,66000,387130000C,(04)23289100,(04)25368667
2009,2023,03,6,7,52,臺中市,北屯區,0,3,0,8,1,5,50,4,2,1,5,4,5,7,4,4,10,5,5,2,16,6,2,8,1,1,C03,7,9,1,10,2,11,"  ",6,6,1,22,8,C03,120.692736,24.167017,2,66000,387130000C,(04)23289100,(04)25368667
2010,2023,03,6,7,53,臺中市,神岡區,0,2,0,8,1,5,50,14,9,1,5,4,5,7,4,4,5,5,5,1,13,16,2,9,1,1,C03,7,9,1,10,2,11,"  ",16,16,1,22,1,C03,120.685616,24.271653,2,66000,387130000C,(04)23289100,(04)25368667
2011,2023,03,6,7,55,臺中市,大里區,0,1,0,8,1,5,40,14,8,1,5,4,5,7,4,4,10,4,4,1,12,23,2,8,1,1,C03,7,9,1,10,9,11,"  ",23,23,2,23,1,C03,120.664099,24.087957,2,66000,387130000C,(04)23289100,(04)25368667
2012,2023,03,6,7,59,臺中市,太平區,0,1,0,8,1,5,30,3,1,1,5,4,5,7,4,4,5,5,4,1,16,6,3,10,1,1,B03,7,5,1,8,2,8,"  ",6,6,1,21,8,B03,120.732047,24.113889,2,66000,387130000C,(04)23289100,(04)25368667
2013,2023,03,6,8,0,臺中市,西屯區,0,0,0,8,,,50,,,,,,,,,,,,,,,17,"  ","  ","  ","  ",B03,"  ","  ",1,"  ",1,"  ","  ",17,"   ",1,22,"  ",B03,120.647052,24.174581,3,66000,387130000C,(04)23289100,(04)25368667
2014,2023,03,6,8,0,臺中市,清水區,0,1,0,8,1,5,50,14,9,1,5,4,5,7,4,4,5,4,4,1,11,6,3,10,1,1,B03,7,8,1,8,2,5,"  ",6,6,1,5,5,B03,120.55919,24.266856,2,66000,387130000C,(04)23289100,(04)25368667
2015,2023,03,6,8,1,臺中市,北區,0,1,0,8,1,5,40,14,8,1,5,4,5,7,4,4,5,4,4,2,9,23,3,10,1,1,B03,7,9,1,8,2,2,"  ",23,23,1,22,8,B03,120.681049,24.159136,2,66000,387130000C,(04)23289100,(04)25368667
2016,2023,03,6,8,1,臺中市,烏日區,0,0,0,,,,60,,,,,,,,,,,,,,,16,"  ","  ","  ","  ",B03,"  ","  ",1,"  ",2,"  ","  ",16,"   ",1,21,"  ",B03,120.642524,24.109334,3,66000,387130000C,(04)23289100,(04)25368667
2017,2023,03,6,8,2,臺中市,西屯區,0,0,0,8,,,50,,,,,,,,,,,,,,,23,"  ","  ","  ","  ",C03,"  ","  ",1,"  ",1,"  ","  ",23,"   ",1,20,"  ",C03,120.639069,24.168932,3,66000,387130000C,(04)23289100,(04)25368667
2018,2023,03,6,8,3,臺中市,潭子區,0,1,0,8,1,5,30,4,1,1,5,4,5,7,4,4,10,5,5,2,17,6,2,7,1,1,C03,7,6,1,10,2,14,"  ",6,6,1,22,8,C03,120.706192,24.210122,2,66000,387130000C,(04)23289100,(04)25368667
2019,2023,03,6,8,5,臺中市,西屯區,0,0,0,8,,,50,,,,,,,,,,,,,,,44,"  ","  ","  ","  ",B03,"  ","  ",1,"  ",2,"  ","  ",44,"   ",1,4,"  ",B03,120.625274,24.184905,3,66000,387130000C,(04)23289100,(04)25368667
2020,2023,03,6,8,5,臺中市,沙鹿區,0,0,0,8,,,50,,,,,,,,,,,,,,,23,"  ","  ","  ","  ",A11,"  ","  ",1,"  ",1,"  ","  ",23,"   ",1,10,"  ",A11,120.566241,24.251249,3,66000,387130000C,(04)23289100,(04)25368667
2021,2023,03,6,8,5,臺中市,東勢區,0,1,0,8,1,5,50,3,1,1,5,4,5,7,4,4,10,5,5,2,17,6,3,10,1,1,B12,7,5,1,7,2,6,"  ",6,6,1,22,8,B12,120.831071,24.258165,2,66000,387130000C,(04)23289100,(04)25368667
2022,2023,03,6,8,6,臺中市,南屯區,0,2,0,8,1,5,50,14,9,1,5,4,5,7,4,4,9,5,5,2,17,27,2,9,1,1,C03,7,5,1,10,2,14,"  ",27,27,1,5,1,C03,120.634853,24.139586,2,66000,387130000C,(04)23289100,(04)25368667
2023,2023,03,6,8,6,臺中市,北屯區,0,0,0,8,,,50,,,,,,,,,,,,,,,7,"  ","  ","  ","  ",B03,"  ","  ",1,"  ",1,"  ","  ",7,"   ",1,4,"  ",B03,120.664396,24.185418,3,66000,387130000C,(04)23289100,(04)25368667
2024,2023,03,6,8,7,臺中市,梧棲區,0,1,0,8,1,5,50,3,1,1,5,4,5,7,4,4,5,5,5,1,16,19,3,10,1,1,B03,7,1,1,8,2,8,"  ",19,19,1,4,8,B03,120.531689,24.228009,2,66000,387130000C,(04)23289100,(04)25368667
2025,2023,03,6,8,9,臺中市,大雅區,0,2,0,8,1,5,50,5,1,1,5,4,5,7,1,1,3,4,4,1,12,23,2,8,1,1,C03,7,9,1,10,2,14,"  ",23,23,1,22,9,C03,120.667636,24.21573,2,66000,387130000C,(04)23289100,(04)25368667
2026,2023,03,6,8,9,臺中市,太平區,0,1,0,8,1,5,50,14,9,1,5,4,5,7,4,4,5,4,5,1,16,26,3,10,1,1,B03,7,5,1,8,2,3,"  ",26,26,1,22,8,B03,120.73133,24.134534,2,66000,387130000C,(04)23289100,(04)25368667
2027,2023,03,6,8,10,臺中市,清水區,0,0,0,8,,,50,,,,,,,,,,,,,,,17,"  ","  ","  ","  ",B03,"  ","  ",1,"  ",2,"  ","  ",17,"   ",1,22,"  ",B03,120.547855,24.264022,3,66000,387130000C,(04)23289100,(04)25368667
2028,2023,03,6,8,10,臺中市,豐原區,0,0,0,8,,,50,,,,,,,,,,,,,,,17,"  ","  ","  ","  ",A12,"  ","  ",1,"  ",2,"  ","  ",17,"   ",1,22,"  ",A12,120.724074,24.249424,3,66000,387130000C,(04)23289100,(04)25368667
2029,2023,03,6,8,13,臺中市,南區,0,2,0,8,1,5,50,14,7,1,5,4,5,7,2,1,3,4,4,2,17,6,3,10,1,1,B03,7,6,1,8,2,1,"  ",6,6,1,20,8,B03,120.650594,24.111535,2,66000,387130000C,(04)23289100,(04)25368667
2030,2023,03,6,8,14,臺中市,霧峰區,0,2,0,8,1,5,50,4,1,1,5,4,5,7,1,1,9,4,5,1,13,23,2,8,1,1,C03,7,9,1,10,2,11,"  ",23,23,1,3,9,C03,120.696799,24.070158,2,66000,387130000C,(04)23289100,(04)25368667
2031,2023,03,6,8,14,臺中市,太平區,0,2,0,8,1,5,50,14,9,1,5,4,5,7,4,4,5,5,5,2,12,17,2,9,1,1,C03,7,9,1,10,2,12,"  ",17,17,1,21,8,C03,120.709012,24.127792,2,66000,387130000C,(04)23289100,(04)25368667
2032,2023,03,6,8,17,臺中市,南屯區,0,2,0,8,1,5,50,4,1,1,5,4,5,7,2,1,5,4,5,2,16,8,2,9,3,4,C03,7,5,1,10,2,12,"  ",8,8,1,4,9,C03,120.653005,24.135752,2,66000,387130000C,(04)23289100,(04)25368667
2033,2023,03,6,8,17,臺中市,西屯區,0,2,0,8,1,5,40,4,4,1,5,4,5,7,2,1,1,1,1,2,13,23,2,9,1,1,C03,7,9,1,10,2,11,"  ",23,23,1,22,8,C03,120.634597,24.179689,2,66000,387130000C,(04)23289100,(04)25368667
2034,2023,03,6,8,18,臺中市,潭子區,0,0,0,8,,,40,,,,,,,,,,,,,,,16,"  ","  ","  ","  ",B03,"  ","  ",1,"  ",2,"  ","  ",16,"   ",1,22,"  ",B03,120.710811,24.204388,3,66000,387130000C,(04)23289100,(04)25368667
2035,2023,03,6,8,24,臺中市,太平區,0,2,0,8,1,5,40,3,1,1,5,4,5,7,4,4,5,5,5,2,16,6,2,9,1,1,C03,7,5,1,10,2,12,"  ",6,6,1,21,8,C03,120.706097,24.127388,2,66000,387130000C,(04)23289100,(04)25368667
2036,2023,03,6,8,25,臺中市,東區,0,2,0,8,1,5,50,5,1,1,5,4,5,7,1,1,5,5,4,2,17,16,2,8,1,1,C03,7,9,1,10,2,11,"  ",16,16,1,22,8,C03,120.696951,24.142767,2,66000,387130000C,(04)23289100,(04)25368667
2037,2023,03,6,8,27,臺中市,大雅區,0,0,0,8,,,50,,,,,,,,,,,,,,,23,"  ","  ","  ","  ",B12,"  ","  ",1,"  ",2,"  ","  ",23,"   ",1,22,"  ",B12,120.640187,24.230467,3,66000,387130000C,(04)23289100,(04)25368667