序號,年,月,日,時,分,縣市,區,死亡數量,受傷數量,2-30,天候,光線,道路類別,速限_速度(公里),道路型態,事故位置,路面鋪裝,路面狀態,路面缺陷,障礙物,視距,號誌種類,號誌動作,分向設施,快車道或一般車道間,快慢車道間,路面邊線,事故類型及型態,主要肇因,受傷程度,主要傷處,保護裝備,行動電話,當事者區分,車輛用途,當事者行動狀態,駕駛資格情形,駕駛執照種類,飲酒情形,車輛撞擊部位最初,車輛撞擊部位其他,肇事因素個別,肇事因素主要,肇事逃逸,職業,旅次目的,車種,GPS座標X,GPS座標Y,事故類別,縣市別代碼,機關代碼,市話,傳真
2038,2023,03,6,8,28,臺中市,西屯區,0,2,0,8,1,5,40,14,8,1,5,4,5,7,4,4,1,5,1,2,17,43,2,9,1,1,C03,7,9,1,10,2,15,"  ",43,43,1,21,8,C03,120.587718,24.185603,2,66000,387130000C,(04)23289100,(04)25368667
2039,2023,03,6,8,29,臺中市,北區,0,2,0,8,1,5,50,4,1,1,5,4,5,7,1,1,5,5,5,2,16,8,2,9,1,1,C03,7,5,1,10,2,11,"  ",8,8,1,21,8,C03,120.67192,24.171681,2,66000,387130000C,(04)23289100,(04)25368667
2040,2023,03,6,8,30,臺中市,潭子區,0,0,0,8,,,50,,,,,,,,,,,,,,,1,"  ","  ","  ","  ",B03,"  ","  ",1,"  ",2,"  ","  ",1,"   ",1,22,"  ",B03,120.678408,24.203281,3,66000,387130000C,(04)23289100,(04)25368667
2041,2023,03,6,8,30,臺中市,大雅區,0,0,0,8,,,30,,,,,,,,,,,,,,,23,"  ","  ","  ","  ",B03,"  ","  ",1,"  ",1,"  ","  ",23,"   ",1,22,"  ",B03,120.646065,24.224111,3,66000,387130000C,(04)23289100,(04)25368667
2042,2023,03,6,8,32,臺中市,南屯區,0,0,0,8,,,30,,,,,,,,,,,,,,,23,"  ","  ","  ","  ",B03,"  ","  ",1,"  ",9,"  ","  ",23,"   ",1,22,"  ",B03,120.630992,24.156697,3,66000,387130000C,(04)23289100,(04)25368667
2043,2023,03,6,8,40,臺中市,大雅區,0,1,0,8,1,5,50,14,8,1,5,4,5,7,4,4,9,4,4,1,17,6,3,10,1,1,B12,7,6,1,8,2,2,"  ",6,6,1,22,9,B12,120.640437,24.231427,2,66000,387130000C,(04)23289100,(04)25368667
2044,2023,03,6,8,42,臺中市,霧峰區,0,2,0,8,1,5,40,14,9,1,5,4,5,7,4,4,5,5,5,1,17,23,2,1,2,1,B03,7,9,1,8,2,1,"  ",23,23,1,22,8,B03,120.677763,24.064593,2,66000,387130000C,(04)23289100,(04)25368667
2045,2023,03,6,8,43,臺中市,龍井區,0,1,0,8,1,5,40,3,1,1,5,4,5,7,4,4,1,4,1,2,13,16,2,9,1,1,C03,7,9,1,10,2,11,"  ",16,16,1,22,8,C03,120.590653,24.183856,2,66000,387130000C,(04)23289100,(04)25368667
2046,2023,03,6,8,44,臺中市,東區,0,0,0,,,,50,,,,,,,,,,,,,,,12,"  ","  ","  ","  ",B03,"  ","  ",1,"  ",2,"  ","  ",12,"   ",1,5,"  ",B03,120.699106,24.129326,3,66000,387130000C,(04)23289100,(04)25368667
2047,2023,03,6,8,46,臺中市,西屯區,0,2,0,8,1,5,40,4,1,1,5,4,5,7,2,1,10,5,5,2,16,8,2,7,1,1,F01,7,5,8,20,2,16,"  ",8,8,1,18,8,F01,120.639512,24.174659,2,66000,387130000C,(04)23289100,(04)25368667
2048,2023,03,6,8,47,臺中市,梧棲區,0,0,0,8,,,50,,,,,,,,,,,,,,,6,"  ","  ","  ","  ",B03,"  ","  ",1,"  ",1,"  ","  ",6,"   ",1,3,"  ",B03,120.529466,24.261311,3,66000,387130000C,(04)23289100,(04)25368667
2049,2023,03,6,8,48,臺中市,北屯區,0,0,0,8,,,50,,,,,,,,,,,,,,,2,"  ","  ","  ","  ",B03,"  ","  ",1,"  ",2,"  ","  ",2,"   ",1,21,"  ",B03,120.697874,24.17036,3,66000,387130000C,(04)23289100,(04)25368667
2050,2023,03,6,8,49,臺中市,南區,0,1,0,8,1,5,30,3,1,1,5,4,5,7,4,4,5,5,4,2,16,6,2,1,1,1,C03,7,5,1,10,2,11,"  ",6,6,1,5,8,C03,120.663376,24.112277,2,66000,387130000C,(04)23289100,(04)25368667
2051,2023,03,6,8,49,臺中市,南屯區,0,1,0,8,1,5,50,4,1,1,5,4,5,7,1,1,10,5,5,2,18,42,2,9,1,1,C03,7,15,1,10,2,14,"  ",42,42,1,5,1,C03,120.653403,24.127281,2,66000,387130000C,(04)23289100,(04)25368667
2052,2023,03,6,8,50,臺中市,北屯區,0,2,0,8,1,5,50,14,9,1,5,4,5,7,4,4,1,4,5,2,16,19,2,9,1,1,C03,7,1,1,10,2,15,"  ",19,19,1,22,8,C03,120.694013,24.183084,2,66000,387130000C,(04)23289100,(04)25368667
2053,2023,03,6,8,50,臺中市,西屯區,0,1,0,8,1,5,50,4,1,1,5,4,5,7,1,1,10,5,5,2,17,6,3,10,3,4,C03,7,6,1,10,2,12,"  ",6,6,1,22,9,C03,120.656588,24.163604,2,66000,387130000C,(04)23289100,(04)25368667
2054,2023,03,6,8,51,臺中市,大里區,0,2,0,8,1,5,50,4,1,1,5,4,5,7,1,1,5,4,4,2,12,23,2,9,1,1,C03,7,9,1,10,2,12,"  ",23,23,1,21,1,C03,120.676496,24.110842,2,66000,387130000C,(04)23289100,(04)25368667
2055,2023,03,6,8,52,臺中市,烏日區,0,0,0,8,1,5,30,3,1,1,5,4,5,7,4,4,10,5,5,1,14,12,3,10,3,4,B03,7,2,1,8,2,3,"  ",12,12,1,21,9,B03,120.612035,24.117688,3,66000,387130000C,(04)23289100,(04)25368667
2056,2023,03,6,8,54,臺中市,大甲區,0,1,0,8,1,5,30,4,1,1,5,4,5,7,4,4,10,5,5,2,15,6,2,1,1,1,C03,7,9,1,10,2,11,12,6,6,1,4,1,C03,120.628701,24.353491,2,66000,387130000C,(04)23289100,(04)25368667
2057,2023,03,6,8,56,臺中市,北屯區,0,0,0,8,,,50,,,,,,,,,,,,,,,23,"  ","  ","  ","  ",B03,"  ","  ",1,"  ",1,"  ","  ",23,"   ",1,22,"  ",B03,120.69224,24.165856,3,66000,387130000C,(04)23289100,(04)25368667
2058,2023,03,6,8,58,臺中市,霧峰區,0,2,0,8,1,5,40,14,9,1,5,4,5,7,4,4,9,4,5,1,11,9,3,10,1,1,B03,7,6,1,8,2,6,"  ",9,9,1,20,9,B03,120.687413,24.046265,2,66000,387130000C,(04)23289100,(04)25368667
2059,2023,03,6,9,2,臺中市,西屯區,0,0,0,8,,,50,,,,,,,,,,,,,,,16,"  ","  ","  ","  ",B03,"  ","  ",1,"  ",1,"  ","  ",16,"   ",1,4,"  ",B03,120.641076,24.167898,3,66000,387130000C,(04)23289100,(04)25368667
2060,2023,03,6,9,3,臺中市,北屯區,0,0,0,8,,,50,,,,,,,,,,,,,,,7,"  ","  ","  ","  ",B03,"  ","  ",1,"  ",1,"  ","  ",7,"   ",1,22,"  ",B03,120.71395,24.164315,3,66000,387130000C,(04)23289100,(04)25368667
2061,2023,03,6,9,3,臺中市,沙鹿區,0,2,0,8,1,5,70,3,1,1,5,4,5,7,1,1,10,5,5,2,16,25,2,9,1,1,C03,7,9,1,10,2,11,"  ",25,25,1,22,8,C03,120.600718,24.249725,2,66000,387130000C,(04)23289100,(04)25368667
2062,2023,03,6,9,5,臺中市,西屯區,0,2,0,8,1,5,50,14,9,1,5,4,5,7,4,4,2,3,5,2,13,16,2,9,1,1,C03,7,9,1,10,2,11,"  ",16,16,1,22,8,C03,120.637637,24.161985,2,66000,387130000C,(04)23289100,(04)25368667
2063,2023,03,6,9,6,臺中市,東區,0,1,0,8,1,5,50,14,9,1,5,4,5,7,4,4,5,5,5,2,16,26,3,10,1,1,B03,7,11,1,8,2,4,"  ",26,26,1,21,8,B03,120.701506,24.141543,2,66000,387130000C,(04)23289100,(04)25368667
2064,2023,03,6,9,10,臺中市,北區,0,0,0,8,,,50,,,,,,,,,,,,,,,7,"  ","  ","  ","  ",B03,"  ","  ",1,"  ",2,"  ","  ",7,"   ",1,22,"  ",B03,120.676627,24.157511,3,66000,387130000C,(04)23289100,(04)25368667
2065,2023,03,6,9,10,臺中市,西屯區,0,0,0,8,,,40,,,,,,,,,,,,,,,16,"  ","  ","  ","  ",C03,"  ","  ",1,"  ",1,"  ","  ",16,"   ",1,22,"  ",C03,120.649333,24.162519,3,66000,387130000C,(04)23289100,(04)25368667
2066,2023,03,6,9,22,臺中市,大里區,0,1,0,8,1,5,50,3,1,1,5,4,5,7,4,4,1,5,5,2,16,4,2,9,1,1,C03,7,9,1,10,2,11,"  ",4,4,1,5,8,C03,120.690095,24.124325,2,66000,387130000C,(04)23289100,(04)25368667
2067,2023,03,6,9,23,臺中市,梧棲區,0,0,0,8,,,30,,,,,,,,,,,,,,,43,"  ","  ","  ","  ",B03,"  ","  ",1,"  ",2,"  ","  ",43,"   ",1,3,"  ",B03,120.557747,24.258475,3,66000,387130000C,(04)23289100,(04)25368667
2068,2023,03,6,9,25,臺中市,大里區,0,1,0,8,1,5,50,14,13,1,5,4,5,7,4,4,5,4,5,1,17,23,2,9,1,1,C03,7,9,4,10,2,11,"  ",23,23,1,22,8,C03,120.674787,24.105222,2,66000,387130000C,(04)23289100,(04)25368667
2069,2023,03,6,9,32,臺中市,北區,0,1,0,8,1,5,50,15,9,1,5,4,5,7,4,4,4,1,5,2,12,17,3,10,1,1,B12,7,9,1,8,2,2,"  ",17,17,1,9,8,B12,120.682226,24.163391,2,66000,387130000C,(04)23289100,(04)25368667
2070,2023,03,6,9,32,臺中市,南區,0,0,0,8,,,50,,,,,,,,,,,,,,,42,"  ","  ","  ","  ",B03,"  ","  ",1,"  ",2,"  ","  ",42,"   ",1,22,"  ",B03,120.645502,24.111993,3,66000,387130000C,(04)23289100,(04)25368667
2071,2023,03,6,9,33,臺中市,霧峰區,0,1,0,8,1,5,50,3,1,1,5,4,5,7,3,2,10,5,5,2,17,42,2,9,1,1,C03,7,9,1,10,2,14,"  ",42,42,1,21,5,C03,120.702072,24.071057,2,66000,387130000C,(04)23289100,(04)25368667
2072,2023,03,6,9,34,臺中市,太平區,0,1,0,8,1,5,50,14,7,1,5,4,5,7,4,4,5,5,4,2,16,23,2,9,1,1,C03,7,9,1,10,2,11,"  ",23,23,1,22,8,C03,120.720891,24.107287,2,66000,387130000C,(04)23289100,(04)25368667
2073,2023,03,6,9,36,臺中市,南屯區,0,1,0,8,1,5,50,4,1,1,5,4,5,7,4,4,5,4,4,2,15,26,2,9,3,4,C03,7,9,1,10,2,12,"  ",26,26,1,4,9,C03,120.653834,24.137843,2,66000,387130000C,(04)23289100,(04)25368667
2074,2023,03,6,9,40,臺中市,烏日區,0,0,0,8,,,50,,,,,,,,,,,,,,,16,"  ","  ","  ","  ",B12,"  ","  ",1,"  ",2,"  ","  ",16,"   ",1,21,"  ",B12,120.631272,24.09958,3,66000,387130000C,(04)23289100,(04)25368667
2075,2023,03,6,9,41,臺中市,大里區,0,0,0,8,,,0,,,,,,,,,,,,,,,12,"  ","  ","  ","  ",B03,"  ","  ",1,"  ",2,"  ","  ",12,"   ",1,22,"  ",B03,120.715068,24.099478,3,66000,387130000C,(04)23289100,(04)25368667
2076,2023,03,6,9,44,臺中市,南屯區,0,2,0,8,1,5,50,3,1,1,5,4,5,7,1,1,10,5,5,2,16,6,2,9,1,4,C03,7,9,1,10,2,12,"  ",13,6,1,22,8,C03,120.612053,24.137124,2,66000,387130000C,(04)23289100,(04)25368667
2077,2023,03,6,9,45,臺中市,北屯區,0,0,0,8,,,50,,,,,,,,,,,,,,,16,"  ","  ","  ","  ",C03,"  ","  ",1,"  ",1,"  ","  ",16,"   ",1,21,"  ",C03,120.719228,24.175857,3,66000,387130000C,(04)23289100,(04)25368667
2078,2023,03,6,9,48,臺中市,豐原區,0,1,0,8,1,5,30,3,1,1,5,4,5,7,4,4,10,5,5,2,29,21,2,9,1,1,C03,7,9,3,18,6,14,"  ",21,21,1,22,8,C03,120.730044,24.23629,2,66000,387130000C,(04)23289100,(04)25368667
2079,2023,03,6,9,50,臺中市,北區,0,1,0,8,1,5,50,4,1,1,5,4,5,7,1,1,10,5,5,2,15,25,2,9,1,1,C03,7,9,4,8,2,11,"  ",25,25,1,22,8,C03,120.680967,24.160363,2,66000,387130000C,(04)23289100,(04)25368667
2080,2023,03,6,9,56,臺中市,北區,0,0,0,,,,50,,,,,,,,,,,,,,,26,"  ","  ","  ","  ",B12,"  ","  ",1,"  ",1,"  ","  ",26,"   ",1,21,"  ",B12,120.682335,24.153988,3,66000,387130000C,(04)23289100,(04)25368667
2081,2023,03,6,10,2,臺中市,大甲區,0,1,0,8,1,5,50,4,1,1,5,4,5,7,1,1,10,5,5,2,16,26,2,5,1,1,C03,7,6,1,10,2,14,"  ",26,26,1,4,8,C03,120.617224,24.351671,2,66000,387130000C,(04)23289100,(04)25368667
2082,2023,03,6,10,4,臺中市,西屯區,0,1,0,8,1,5,30,4,2,1,5,4,5,7,4,4,10,5,5,2,9,23,3,10,1,1,C03,7,9,1,10,1,12,"  ",23,23,1,21,8,C03,120.646298,24.181696,2,66000,387130000C,(04)23289100,(04)25368667
2083,2023,03,6,10,5,臺中市,南區,0,0,0,,,,50,,,,,,,,,,,,,,,40,"  ","  ","  ","  ",B01,"  ","  ",1,"  ",2,"  ","  ",40,"   ",1,5,"  ",B01,120.64986,24.121104,3,66000,387130000C,(04)23289100,(04)25368667
2084,2023,03,6,10,8,臺中市,東區,0,0,0,,,,50,,,,,,,,,,,,,,,16,"  ","  ","  ","  ",B12,"  ","  ",1,"  ",2,"  ","  ",16,"   ",1,5,"  ",B12,120.696269,24.139332,3,66000,387130000C,(04)23289100,(04)25368667
2085,2023,03,6,10,8,臺中市,南屯區,0,2,0,8,1,5,50,4,1,1,5,4,5,7,1,1,10,5,5,2,17,23,2,8,1,1,B12,7,9,1,8,2,8,"  ",23,23,1,10,4,B12,120.649996,24.15243,2,66000,387130000C,(04)23289100,(04)25368667
2086,2023,03,6,10,10,臺中市,豐原區,0,1,0,8,1,5,40,3,2,1,5,4,5,7,1,1,5,5,4,2,18,42,2,9,1,1,C04,7,9,1,10,2,15,"  ",42,42,1,22,8,C04,120.704508,24.23968,2,66000,387130000C,(04)23289100,(04)25368667
2087,2023,03,6,10,11,臺中市,西屯區,0,0,0,8,,,50,,,,,,,,,,,,,,,23,"  ","  ","  ","  ",B12,"  ","  ",1,"  ",1,"  ","  ",23,"   ",1,22,"  ",B12,120.656283,24.17497,3,66000,387130000C,(04)23289100,(04)25368667
2088,2023,03,6,10,13,臺中市,南屯區,0,0,0,,,,50,,,,,,,,,,,,,,,34,"  ","  ","  ","  ",B12,"  ","  ",1,"  ",1,"  ","  ",34,"   ",1,4,"  ",B12,120.64908,24.154635,3,66000,387130000C,(04)23289100,(04)25368667
2089,2023,03,6,10,15,臺中市,大里區,0,1,0,8,1,5,50,3,1,1,5,4,5,7,3,1,10,5,5,2,16,4,2,9,1,1,C03,7,5,1,10,2,11,"  ",4,4,1,21,1,C03,120.689483,24.117376,2,66000,387130000C,(04)23289100,(04)25368667
2090,2023,03,6,10,16,臺中市,太平區,0,1,0,8,1,5,30,4,1,1,5,4,5,7,4,4,5,5,5,2,15,6,2,9,1,1,C03,7,9,1,10,2,11,"  ",6,6,1,21,8,C03,120.705731,24.124838,2,66000,387130000C,(04)23289100,(04)25368667
2091,2023,03,6,10,20,臺中市,大雅區,0,0,0,8,,,60,,,,,,,,,,,,,,,23,"  ","  ","  ","  ",B03,"  ","  ",1,"  ",2,"  ","  ",23,"   ",1,22,"  ",B03,120.647639,24.220527,3,66000,387130000C,(04)23289100,(04)25368667
2092,2023,03,6,10,20,臺中市,清水區,0,1,0,8,1,5,50,4,2,1,5,4,5,7,1,1,10,4,4,1,12,23,2,9,1,1,C03,7,9,1,10,2,11,"  ",23,23,1,5,5,C03,120.576748,24.272608,2,66000,387130000C,(04)23289100,(04)25368667
2093,2023,03,6,10,21,臺中市,霧峰區,0,1,0,8,1,5,50,3,1,1,5,4,5,7,3,1,9,4,5,1,15,19,3,10,1,1,B03,7,1,1,8,2,5,"  ",19,19,1,1,9,B03,120.664085,24.079652,2,66000,387130000C,(04)23289100,(04)25368667
2094,2023,03,6,10,25,臺中市,東區,0,1,0,8,1,5,30,4,1,1,5,4,5,7,4,4,10,5,5,2,15,6,3,10,1,1,C03,7,9,1,10,2,11,"  ",6,6,1,21,8,C03,120.6889,24.1362,2,66000,387130000C,(04)23289100,(04)25368667
2095,2023,03,6,10,30,臺中市,大雅區,0,0,0,8,,,50,,,,,,,,,,,,,,,23,"  ","  ","  ","  ",B03,"  ","  ",1,"  ",2,"  ","  ",23,"   ",1,22,"  ",B03,120.654952,24.2297,4,66000,387130000C,(04)23289100,(04)25368667
2096,2023,03,6,10,35,臺中市,清水區,0,0,0,,,,30,,,,,,,,,,,,,,,17,"  ","  ","  ","  ",A31,"  ","  ",1,"  ",1,"  ","  ",17,"   ",1,22,"  ",A31,120.549115,24.281433,3,66000,387130000C,(04)23289100,(04)25368667
2097,2023,03,6,10,38,臺中市,大里區,0,1,0,8,1,5,50,4,1,1,5,4,5,7,2,1,1,3,4,1,12,17,3,10,1,1,B03,7,6,1,8,2,2,"  ",17,17,1,5,8,B03,120.690153,24.124416,2,66000,387130000C,(04)23289100,(04)25368667
2098,2023,03,6,10,40,臺中市,北區,0,1,0,8,1,5,30,4,2,1,5,4,5,7,4,4,1,5,5,2,16,26,3,10,1,1,C03,7,5,1,10,2,11,"  ",26,26,1,22,8,C03,120.678269,24.148886,2,66000,387130000C,(04)23289100,(04)25368667
2099,2023,03,6,10,45,臺中市,北屯區,0,2,0,8,1,5,50,4,1,1,5,4,5,7,4,4,10,5,5,2,15,6,2,9,1,1,C03,7,9,1,10,2,11,"  ",6,6,1,4,8,C03,120.699203,24.186005,2,66000,387130000C,(04)23289100,(04)25368667
2100,2023,03,6,10,46,臺中市,北屯區,0,0,0,8,,,40,,,,,,,,,,,,,,,18,"  ","  ","  ","  ",B03,"  ","  ",1,"  ",2,"  ","  ",18,"   ",1,22,"  ",B03,120.720211,24.17248,3,66000,387130000C,(04)23289100,(04)25368667
2101,2023,03,6,10,53,臺中市,北屯區,0,0,0,8,,,50,,,,,,,,,,,,,,,23,"  ","  ","  ","  ",B12,"  ","  ",1,"  ",2,"  ","  ",23,"   ",1,21,"  ",B12,120.733894,24.159579,3,66000,387130000C,(04)23289100,(04)25368667
2102,2023,03,6,10,53,臺中市,北屯區,0,0,0,8,,,50,,,,,,,,,,,,,,,26,"  ","  ","  ","  ",C03,"  ","  ",1,"  ",1,"  ","  ",26,"   ",1,22,"  ",C03,120.711869,24.182278,3,66000,387130000C,(04)23289100,(04)25368667
2103,2023,03,6,10,53,臺中市,清水區,0,2,0,8,1,5,30,4,1,1,5,4,5,7,4,4,10,5,5,2,16,23,2,9,1,1,C03,7,9,1,10,2,12,"  ",23,23,1,21,8,C03,120.583124,24.310365,2,66000,387130000C,(04)23289100,(04)25368667
2104,2023,03,6,11,0,臺中市,南屯區,0,0,0,8,,,50,,,,,,,,,,,,,,,12,"  ","  ","  ","  ",A11,"  ","  ",1,"  ",1,"  ","  ",12,"   ",1,22,"  ",A11,120.594852,24.15265,3,66000,387130000C,(04)23289100,(04)25368667
2105,2023,03,6,11,3,臺中市,西屯區,0,1,0,8,1,5,50,4,1,1,5,4,5,7,1,1,8,4,4,1,13,6,3,10,1,4,C03,7,5,1,10,2,13,"  ",6,6,1,4,8,C03,120.66228,24.163255,2,66000,387130000C,(04)23289100,(04)25368667
2106,2023,03,6,11,7,臺中市,南區,0,2,0,8,1,5,50,4,2,1,5,4,5,7,1,1,5,4,4,2,13,16,2,9,1,1,C03,7,9,1,10,2,11,"  ",16,16,1,21,8,C03,120.67777,24.129335,2,66000,387130000C,(04)23289100,(04)25368667
2107,2023,03,6,11,10,臺中市,北屯區,0,0,0,8,,,50,,,,,,,,,,,,,,,12,"  ","  ","  ","  ",B03,"  ","  ",1,"  ",1,"  ","  ",12,"   ",1,22,"  ",B03,120.677666,24.185382,3,66000,387130000C,(04)23289100,(04)25368667
2108,2023,03,6,11,10,臺中市,西屯區,0,0,0,8,,,50,,,,,,,,,,,,,,,2,"  ","  ","  ","  ",B03,"  ","  ",1,"  ",1,"  ","  ",2,"   ",1,22,"  ",B03,120.637124,24.171009,3,66000,387130000C,(04)23289100,(04)25368667
2109,2023,03,6,11,13,臺中市,南區,0,0,0,8,,,50,,,,,,,,,,,,,,,17,"  ","  ","  ","  ",C03,"  ","  ",1,"  ",2,"  ","  ",17,"   ",1,22,"  ",C03,120.651301,24.121379,3,66000,387130000C,(04)23289100,(04)25368667
2110,2023,03,6,11,15,臺中市,西區,0,0,0,8,1,5,50,4,2,1,5,4,5,7,1,1,5,4,5,2,12,7,"  ","  ","  ","  ",B01,"  ","  ",1,"  ",2,"  ","  ",7,"   ",1,22,"  ",B01,120.675763,24.138754,3,66000,387130000C,(04)23289100,(04)25368667
2111,2023,03,6,11,18,臺中市,南屯區,0,0,0,8,,,50,,,,,,,,,,,,,,,23,"  ","  ","  ","  ",B12,"  ","  ",1,"  ",2,"  ","  ",23,"   ",1,22,"  ",B12,120.635711,24.143383,3,66000,387130000C,(04)23289100,(04)25368667
2112,2023,03,6,11,20,臺中市,大里區,0,1,0,8,1,5,60,4,2,1,5,4,5,7,1,1,1,4,4,1,12,9,3,10,1,1,B12,7,6,1,8,2,5,"  ",9,9,1,22,3,B12,120.674201,24.10244,2,66000,387130000C,(04)23289100,(04)25368667
2113,2023,03,6,11,22,臺中市,豐原區,0,1,0,8,1,5,50,14,8,1,5,4,5,7,4,4,1,4,4,2,13,23,2,9,1,1,C03,7,9,1,10,2,11,"  ",23,23,1,22,8,C03,120.716265,24.244512,2,66000,387130000C,(04)23289100,(04)25368667
2114,2023,03,6,11,23,臺中市,東區,0,1,0,8,1,5,30,3,1,1,5,4,5,7,4,4,10,5,5,2,17,6,2,9,1,1,F01,7,5,8,20,2,16,"  ",6,6,1,5,8,F01,120.68725,24.133983,2,66000,387130000C,(04)23289100,(04)25368667
2115,2023,03,6,11,23,臺中市,西屯區,0,1,0,8,1,5,50,4,1,1,5,4,5,7,2,1,10,5,5,2,16,6,3,10,1,1,B03,7,6,1,8,2,5,"  ",6,6,1,22,8,B03,120.661208,24.171543,2,66000,387130000C,(04)23289100,(04)25368667
2116,2023,03,6,11,23,臺中市,大里區,0,0,0,8,,,50,,,,,,,,,,,,,,,44,"  ","  ","  ","  ",B03,"  ","  ",1,"  ",2,"  ","  ",44,44,1,5,"  ",B03,120.680318,24.109758,3,66000,387130000C,(04)23289100,(04)25368667
2117,2023,03,6,11,24,臺中市,北區,0,1,0,8,1,5,50,4,1,1,5,4,5,7,3,1,10,5,5,2,18,42,2,9,1,1,C03,7,9,1,10,2,14,"  ",42,42,1,22,8,C03,120.697351,24.155613,2,66000,387130000C,(04)23289100,(04)25368667
2118,2023,03,6,11,26,臺中市,北區,0,0,0,,,,50,,,,,,,,,,,,,,,19,"  ","  ","  ","  ",B11,"  ","  ",1,"  ",1,"  ","  ",19,"   ",1,21,"  ",B11,120.686111,24.15334,3,66000,387130000C,(04)23289100,(04)25368667
2119,2023,03,6,11,27,臺中市,太平區,0,1,0,8,1,5,50,14,7,1,5,4,5,7,4,4,5,5,4,2,17,19,2,9,1,1,C04,7,1,3,18,2,14,"  ",19,19,1,19,8,C04,120.712558,24.149759,2,66000,387130000C,(04)23289100,(04)25368667
2120,2023,03,6,11,28,臺中市,南區,0,1,0,8,1,5,40,3,2,1,5,4,5,7,3,1,5,5,4,2,14,12,3,10,1,1,B03,7,2,1,8,2,7,"  ",12,12,1,5,8,B03,120.666339,24.112553,2,66000,387130000C,(04)23289100,(04)25368667
2121,2023,03,6,11,31,臺中市,南屯區,0,1,0,8,1,5,50,4,1,1,5,4,5,7,1,1,10,5,5,2,12,17,3,10,1,1,B03,7,9,1,8,2,2,"  ",17,17,1,19,8,B03,120.636288,24.156115,2,66000,387130000C,(04)23289100,(04)25368667
2122,2023,03,6,11,33,臺中市,西區,0,1,0,8,1,5,50,4,1,1,5,4,5,7,2,1,10,5,5,2,13,23,2,8,1,1,C03,7,9,1,10,2,11,"  ",23,23,1,18,7,C03,120.669414,24.138753,2,66000,387130000C,(04)23289100,(04)25368667
2123,2023,03,6,11,34,臺中市,龍井區,0,0,0,8,,,50,,,,,,,,,,,,,,,33,"  ","  ","  ","  ",A31,"  ","  ",1,"  ",2,"  ","  ",33,"   ",1,10,"  ",A31,120.52,24.22,3,66000,387130000C,(04)23289100,(04)25368667
2124,2023,03,6,11,37,臺中市,西屯區,0,2,0,8,1,5,40,4,1,1,5,4,5,7,2,1,10,5,5,2,18,42,2,9,1,1,C03,7,9,1,10,2,14,"  ",42,42,1,22,8,C03,120.646478,24.164569,2,66000,387130000C,(04)23289100,(04)25368667
2125,2023,03,6,11,40,臺中市,西屯區,0,0,0,8,,,50,,,,,,,,,,,,,,,6,"  ","  ","  ","  ",B01,"  ","  ",1,"  ",1,"  ","  ",6,"   ",1,22,"  ",B01,120.644986,24.180481,3,66000,387130000C,(04)23289100,(04)25368667
2126,2023,03,6,11,41,臺中市,烏日區,0,2,0,8,1,5,50,3,1,1,5,4,5,7,4,4,5,5,4,2,16,10,2,9,3,4,C03,7,11,1,10,2,12,"  ",10,10,1,21,9,C03,120.650457,24.107937,2,66000,387130000C,(04)23289100,(04)25368667
2127,2023,03,6,11,43,臺中市,潭子區,0,0,0,8,,,50,,,,,,,,,,,,,,,23,"  ","  ","  ","  ",A11,"  ","  ",1,"  ",2,"  ","  ",23,"   ",1,22,"  ",A11,120.699738,24.216776,3,66000,387130000C,(04)23289100,(04)25368667
2128,2023,03,6,11,43,臺中市,東區,0,0,0,,,,80,,,,,,,,,,,,,,,35,"  ","  ","  ","  ",A12,"  ","  ",1,"  ",2,"  ","  ",35,"   ",1,21,"  ",A12,120.708419,24.134347,3,66000,387130000C,(04)23289100,(04)25368667
2129,2023,03,6,11,46,臺中市,東區,0,0,0,8,,,50,,,,,,,,,,,,,,,12,"  ","  ","  ","  ",B03,"  ","  ",1,"  ",1,"  ","  ",12,"   ",1,22,"  ",B03,120.705877,24.135039,3,66000,387130000C,(04)23289100,(04)25368667
2130,2023,03,6,11,46,臺中市,西屯區,0,0,0,8,,,30,,,,,,,,,,,,,,,23,"  ","  ","  ","  ",B03,"  ","  ",1,"  ",2,"  ","  ",23,"   ",1,4,"  ",B03,120.643223,24.181373,3,66000,387130000C,(04)23289100,(04)25368667
2131,2023,03,6,11,48,臺中市,烏日區,0,2,0,8,1,5,60,4,18,1,5,4,5,7,2,1,10,5,5,2,3,15,3,10,1,1,B03,7,5,1,8,2,8,"  ",15,15,1,21,8,B03,120.634166,24.106398,2,66000,387130000C,(04)23289100,(04)25368667
2132,2023,03,6,11,50,臺中市,后里區,0,0,0,8,1,5,50,14,2,1,5,4,5,7,4,4,4,4,5,2,16,23,3,10,1,1,C03,7,9,1,10,2,11,"  ",23,23,1,4,8,C03,120.712432,24.304058,3,66000,387130000C,(04)23289100,(04)25368667
2133,2023,03,6,11,51,臺中市,西區,0,1,0,8,1,5,50,4,1,1,5,4,5,7,1,1,10,5,5,2,16,7,3,10,1,1,B03,7,8,1,8,2,5,"  ",7,7,1,5,5,B03,120.657345,24.137987,2,66000,387130000C,(04)23289100,(04)25368667
2134,2023,03,6,11,54,臺中市,豐原區,0,1,0,8,1,5,50,14,7,1,5,4,5,7,4,4,5,5,4,2,17,6,2,9,3,4,F01,7,7,8,20,2,16,"  ",6,6,1,22,8,F01,120.713241,24.247955,2,66000,387130000C,(04)23289100,(04)25368667