序號,年,月,日,時,分,縣市,區,死亡數量,受傷數量,2-30,天候,光線,道路類別,速限_速度(公里),道路型態,事故位置,路面鋪裝,路面狀態,路面缺陷,障礙物,視距,號誌種類,號誌動作,分向設施,快車道或一般車道間,快慢車道間,路面邊線,事故類型及型態,主要肇因,受傷程度,主要傷處,保護裝備,行動電話,當事者區分,車輛用途,當事者行動狀態,駕駛資格情形,駕駛執照種類,飲酒情形,車輛撞擊部位最初,車輛撞擊部位其他,肇事因素個別,肇事因素主要,肇事逃逸,職業,旅次目的,車種,GPS座標X,GPS座標Y,事故類別,縣市別代碼,機關代碼,市話,傳真
2135,2023,03,6,11,55,臺中市,西屯區,0,0,0,8,,,50,,,,,,,,,,,,,,,9,"  ","  ","  ","  ",B03,"  ","  ",1,"  ",1,"  ","  ",9,"   ",1,22,"  ",B03,120.664697,24.178159,3,66000,387130000C,(04)23289100,(04)25368667
2136,2023,03,6,12,0,臺中市,西區,0,0,0,8,,,50,,,,,,,,,,,,,,,6,"  ","  ","  ","  ",B03,"  ","  ",1,"  ",1,"  ","  ",6,6,1,23,"  ",B03,120.667486,24.151974,3,66000,387130000C,(04)23289100,(04)25368667
2137,2023,03,6,12,0,臺中市,霧峰區,0,2,0,8,1,5,60,4,1,1,5,4,5,7,1,1,10,5,5,2,17,6,2,9,3,4,B03,7,5,1,8,2,5,"  ",6,6,1,21,5,B03,120.691951,24.041142,2,66000,387130000C,(04)23289100,(04)25368667
2138,2023,03,6,12,5,臺中市,南屯區,0,1,0,8,1,5,50,14,9,1,5,4,5,7,4,4,1,4,5,2,14,12,3,10,3,4,B03,7,2,1,8,2,7,"  ",12,12,1,4,9,B03,120.623231,24.137032,2,66000,387130000C,(04)23289100,(04)25368667
2139,2023,03,6,12,6,臺中市,太平區,0,1,0,8,1,5,50,4,1,1,5,4,5,7,3,1,10,5,5,2,15,6,3,10,1,1,B03,7,9,1,8,2,8,"  ",6,23,1,22,8,B03,120.716157,24.147091,2,66000,387130000C,(04)23289100,(04)25368667
2140,2023,03,6,12,7,臺中市,太平區,0,1,0,8,1,5,50,4,1,1,5,4,5,7,4,4,5,5,5,2,16,6,3,10,1,1,C03,7,5,1,10,2,11,"  ",6,6,1,18,8,C03,120.724863,24.142596,2,66000,387130000C,(04)23289100,(04)25368667
2141,2023,03,6,12,9,臺中市,西區,0,0,0,8,,,50,,,,,,,,,,,,,,,7,"  ","  ","  ","  ",B01,"  ","  ",1,"  ",2,"  ","  ",7,7,1,10,"  ",B01,120.673858,24.134921,3,66000,387130000C,(04)23289100,(04)25368667
2142,2023,03,6,12,13,臺中市,梧棲區,0,0,0,8,,,50,,,,,,,,,,,,,,,16,"  ","  ","  ","  ",B03,"  ","  ",1,"  ",1,"  ","  ",16,"   ",1,3,"  ",B03,120.539684,24.243174,3,66000,387130000C,(04)23289100,(04)25368667
2143,2023,03,6,12,14,臺中市,大里區,0,1,0,8,1,5,30,5,1,1,5,4,5,7,4,4,10,5,5,2,11,17,2,7,3,1,F01,7,9,8,20,2,16,"  ",17,17,1,22,8,F01,120.687946,24.113871,2,66000,387130000C,(04)23289100,(04)25368667
2144,2023,03,6,12,18,臺中市,大雅區,0,1,0,8,1,5,50,4,1,1,5,4,5,7,1,1,10,4,5,1,16,26,3,10,1,1,B03,7,6,1,8,2,2,"  ",26,26,1,22,9,B03,120.660933,24.215429,2,66000,387130000C,(04)23289100,(04)25368667
2145,2023,03,6,12,18,臺中市,西屯區,0,0,0,8,,,50,,,,,,,,,,,,,,,17,"  ","  ","  ","  ",B03,"  ","  ",1,"  ",1,"  ","  ",17,"   ",1,22,"  ",B03,120.644161,24.175485,3,66000,387130000C,(04)23289100,(04)25368667
2146,2023,03,6,12,37,臺中市,北屯區,0,0,0,8,,,40,,,,,,,,,,,,,,,23,"  ","  ","  ","  ",B03,"  ","  ",1,"  ",11,"  ","  ",23,23,1,22,"  ",B03,120.68305,24.16304,3,66000,387130000C,(04)23289100,(04)25368667
2147,2023,03,6,12,38,臺中市,西區,0,0,0,8,1,5,50,5,1,1,5,4,5,7,1,1,10,5,5,2,12,9,"  ","  ","  ","  ",B03,"  ","  ",1,"  ",2,"  ","  ",9,"   ",1,22,"  ",B03,120.668527,24.132092,3,66000,387130000C,(04)23289100,(04)25368667
2148,2023,03,6,12,45,臺中市,南屯區,0,0,0,8,,,50,,,,,,,,,,,,,,,12,"  ","  ","  ","  ",B12,"  ","  ",1,"  ",1,"  ","  ",12,"   ",1,22,"  ",B12,120.613006,24.148987,3,66000,387130000C,(04)23289100,(04)25368667
2149,2023,03,6,12,45,臺中市,北屯區,0,0,0,8,,,50,,,,,,,,,,,,,,,23,"  ","  ","  ","  ",B03,"  ","  ",1,"  ",1,"  ","  ",23,"   ",1,5,"  ",B03,120.718386,24.163511,3,66000,387130000C,(04)23289100,(04)25368667
2150,2023,03,6,12,50,臺中市,大雅區,0,0,0,8,,,50,,,,,,,,,,,,,,,23,"  ","  ","  ","  ",B03,"  ","  ",1,"  ",2,"  ","  ",23,"   ",1,22,"  ",B03,120.649128,24.224972,3,66000,387130000C,(04)23289100,(04)25368667
2151,2023,03,6,13,2,臺中市,豐原區,0,0,0,8,,,50,,,,,,,,,,,,,,,18,"  ","  ","  ","  ",B12,"  ","  ",1,"  ",2,"  ","  ",18,"   ",1,22,"  ",B12,120.718796,24.252424,3,66000,387130000C,(04)23289100,(04)25368667
2152,2023,03,6,13,3,臺中市,北屯區,0,1,0,8,1,5,50,4,1,1,5,4,5,7,2,1,10,5,5,2,16,25,2,3,1,1,B03,7,5,1,8,1,6,"  ",25,25,1,21,8,B03,120.721811,24.181854,2,66000,387130000C,(04)23289100,(04)25368667
2153,2023,03,6,13,3,臺中市,大甲區,0,2,0,8,1,5,50,14,9,1,5,4,5,7,4,4,5,5,4,1,17,26,2,9,1,1,C03,7,11,3,18,2,14,"  ",26,26,1,22,8,C03,120.631679,24.355025,2,66000,387130000C,(04)23289100,(04)25368667
2154,2023,03,6,13,5,臺中市,北區,0,0,0,8,,,50,,,,,,,,,,,,,,,23,"  ","  ","  ","  ",B12,"  ","  ",1,"  ",11,"  ","  ",23,"   ",1,22,"  ",B12,120.667027,24.166608,3,66000,387130000C,(04)23289100,(04)25368667
2155,2023,03,6,13,6,臺中市,龍井區,0,1,0,8,1,5,60,3,1,1,5,4,5,7,2,1,10,5,5,2,16,9,3,10,1,1,B03,7,6,1,7,2,5,"  ",9,9,1,22,8,B03,120.579896,24.188959,2,66000,387130000C,(04)23289100,(04)25368667
2156,2023,03,6,13,10,臺中市,北屯區,0,1,0,8,1,5,50,4,2,1,5,4,5,7,1,1,5,4,5,2,17,43,2,8,1,1,C03,7,9,1,10,2,11,"  ",43,43,1,22,8,C03,120.719208,24.175849,2,66000,387130000C,(04)23289100,(04)25368667
2157,2023,03,6,13,12,臺中市,西屯區,0,2,0,8,1,5,50,4,1,1,5,4,5,7,4,4,10,5,5,2,16,6,3,10,1,1,B12,7,5,1,8,2,1,"  ",6,6,1,22,8,B12,120.650806,24.173546,2,66000,387130000C,(04)23289100,(04)25368667
2158,2023,03,6,13,15,臺中市,大雅區,0,2,0,8,1,5,50,14,9,1,5,4,5,7,4,4,5,4,5,1,13,16,2,9,1,1,C03,7,9,1,10,2,11,"  ",16,16,1,22,9,C03,120.651871,24.227723,2,66000,387130000C,(04)23289100,(04)25368667
2159,2023,03,6,13,23,臺中市,西屯區,0,0,0,8,,,50,,,,,,,,,,,,,,,6,"  ","  ","  ","  ",B03,"  ","  ",1,"  ",1,"  ","  ",6,"   ",1,22,"  ",B03,120.636347,24.170794,3,66000,387130000C,(04)23289100,(04)25368667
2160,2023,03,6,13,25,臺中市,南屯區,0,2,0,8,1,5,40,3,1,1,5,4,5,7,4,4,3,4,4,2,17,6,2,9,1,1,B03,7,6,1,8,2,2,"  ",6,6,1,22,8,B03,120.637394,24.150245,2,66000,387130000C,(04)23289100,(04)25368667
2161,2023,03,6,13,26,臺中市,西屯區,0,0,0,8,,,50,,,,,,,,,,,,,,,12,"  ","  ","  ","  ",B03,"  ","  ",1,"  ",1,"  ","  ",12,"   ",1,4,"  ",B03,120.646286,24.162541,3,66000,387130000C,(04)23289100,(04)25368667
2162,2023,03,6,13,28,臺中市,北區,0,2,0,8,1,5,50,14,9,1,5,4,5,7,4,4,10,5,5,2,16,6,2,9,1,1,C03,7,5,1,10,2,14,"  ",6,6,1,22,8,C03,120.689844,24.15046,2,66000,387130000C,(04)23289100,(04)25368667
2163,2023,03,6,13,30,臺中市,北屯區,0,1,0,8,1,5,50,14,7,1,5,4,5,7,4,4,1,4,4,2,13,16,2,8,1,1,B12,7,9,1,8,2,1,"  ",16,16,1,5,8,B12,120.6681,24.179021,2,66000,387130000C,(04)23289100,(04)25368667
2164,2023,03,6,13,30,臺中市,北屯區,0,1,0,8,1,5,50,14,7,1,5,4,5,7,1,1,1,4,4,2,12,23,2,9,1,1,C03,7,8,1,10,2,11,"  ",23,23,1,22,8,C03,120.714796,24.182148,2,66000,387130000C,(04)23289100,(04)25368667
2165,2023,03,6,13,31,臺中市,南屯區,0,0,0,8,,,50,,,,,,,,,,,,,,,3,"  ","  ","  ","  ",C03,"  ","  ",1,"  ",1,"  ","  ",3,3,1,22,"  ",C03,120.649761,24.153599,3,66000,387130000C,(04)23289100,(04)25368667
2166,2023,03,6,13,35,臺中市,豐原區,0,1,0,8,1,5,50,4,1,1,5,4,5,7,3,1,5,4,4,1,15,6,3,10,1,1,B03,7,9,1,8,2,2,"  ",6,6,1,22,8,B03,120.711816,24.242491,2,66000,387130000C,(04)23289100,(04)25368667
2167,2023,03,6,13,37,臺中市,東區,0,0,0,,,,50,,,,,,,,,,,,,,,23,"  ","  ","  ","  ",B02,"  ","  ",1,"  ",2,"  ","  ",23,"   ",1,5,"  ",B02,120.688301,24.136355,3,66000,387130000C,(04)23289100,(04)25368667
2168,2023,03,6,13,37,臺中市,霧峰區,0,2,0,8,1,5,50,14,9,1,5,4,5,7,4,4,5,5,5,1,17,42,2,8,1,1,C04,7,15,1,10,2,13,"  ",42,42,1,22,8,C04,120.699715,24.064273,2,66000,387130000C,(04)23289100,(04)25368667
2169,2023,03,6,13,38,臺中市,南屯區,0,0,0,8,,,1,,,,,,,,,,,,,,,12,"  ","  ","  ","  ",B12,"  ","  ",1,"  ",1,"  ","  ",12,"   ",1,5,"  ",B12,120.64673,24.13138,3,66000,387130000C,(04)23289100,(04)25368667
2170,2023,03,6,13,45,臺中市,豐原區,0,0,0,8,,,60,,,,,,,,,,,,,,,23,"  ","  ","  ","  ",B03,"  ","  ",1,"  ",2,"  ","  ",23,"   ",1,22,"  ",B03,120.735427,24.261811,3,66000,387130000C,(04)23289100,(04)25368667
2171,2023,03,6,13,47,臺中市,烏日區,0,1,0,8,1,5,50,4,1,1,5,4,5,7,2,1,1,2,5,1,16,6,3,10,3,4,B03,7,6,1,8,2,6,"  ",6,6,1,21,9,B03,120.614085,24.106776,2,66000,387130000C,(04)23289100,(04)25368667
2172,2023,03,6,13,48,臺中市,太平區,0,1,0,8,1,5,50,3,1,1,5,4,5,7,4,4,10,5,5,2,16,9,3,10,1,1,B12,7,6,1,8,2,7,"  ",9,9,1,21,8,B12,120.721389,24.149192,2,66000,387130000C,(04)23289100,(04)25368667
2173,2023,03,6,13,52,臺中市,西屯區,0,0,0,8,,,50,,,,,,,,,,,,,,,17,"  ","  ","  ","  ",B03,"  ","  ",1,"  ",2,"  ","  ",17,"   ",1,22,"  ",B03,120.642438,24.162414,3,66000,387130000C,(04)23289100,(04)25368667
2174,2023,03,6,13,55,臺中市,西區,0,1,0,8,1,5,50,4,1,1,5,4,5,7,1,1,10,5,5,2,15,25,3,10,1,1,B03,7,9,1,8,2,4,"  ",25,25,1,5,7,B03,120.670384,24.131951,2,66000,387130000C,(04)23289100,(04)25368667
2175,2023,03,6,13,55,臺中市,東區,0,0,0,8,,,50,,,,,,,,,,,,,,,23,"  ","  ","  ","  ",B03,"  ","  ",1,"  ",2,"  ","  ",23,"   ",1,22,"  ",B03,120.693761,24.133266,3,66000,387130000C,(04)23289100,(04)25368667
2176,2023,03,6,13,57,臺中市,北區,0,1,0,8,1,5,50,4,1,1,5,4,5,7,1,1,1,4,5,2,18,23,2,9,1,1,C03,7,9,1,10,2,12,"  ",23,23,1,21,8,C03,120.68616,24.146227,2,66000,387130000C,(04)23289100,(04)25368667
2177,2023,03,6,13,59,臺中市,大里區,0,2,0,8,1,5,50,4,1,1,5,4,5,7,4,4,9,4,5,1,16,8,2,2,1,1,C03,7,5,1,10,2,12,"  ",8,8,1,4,9,C03,120.695645,24.096994,2,66000,387130000C,(04)23289100,(04)25368667
2178,2023,03,6,14,0,臺中市,大里區,0,3,0,8,1,5,50,14,9,1,5,4,5,7,4,4,1,5,5,1,17,16,2,9,1,1,C03,7,9,1,10,2,11,"  ",16,16,1,21,5,C03,120.692112,24.09086,2,66000,387130000C,(04)23289100,(04)25368667
2179,2023,03,6,14,6,臺中市,西屯區,0,1,0,8,1,5,50,14,7,1,5,4,5,7,4,4,5,5,4,2,17,40,2,9,1,1,B12,7,15,1,4,2,4,"  ",40,40,1,21,8,B12,120.663058,24.165831,2,66000,387130000C,(04)23289100,(04)25368667
2180,2023,03,6,14,8,臺中市,北區,0,2,0,8,1,5,50,3,1,1,5,4,5,7,4,4,9,5,5,2,16,1,2,9,1,1,C03,7,4,1,10,2,12,"  ",1,1,1,5,5,C03,120.685954,24.151468,2,66000,387130000C,(04)23289100,(04)25368667
2181,2023,03,6,14,12,臺中市,東區,0,2,0,8,1,5,50,4,1,1,5,4,5,7,1,1,10,5,5,2,17,42,2,9,1,1,C03,7,15,1,10,2,12,"  ",42,42,1,21,8,C03,120.688896,24.137093,2,66000,387130000C,(04)23289100,(04)25368667
2182,2023,03,6,14,12,臺中市,西屯區,0,0,0,8,,,50,,,,,,,,,,,,,,,12,"  ","  ","  ","  ",B03,"  ","  ",1,"  ",2,"  ","  ",12,"   ",1,22,"  ",B03,120.648093,24.169713,3,66000,387130000C,(04)23289100,(04)25368667
2183,2023,03,6,14,14,臺中市,龍井區,0,1,0,8,1,5,60,4,1,1,5,4,5,7,1,1,10,5,5,2,17,25,2,1,1,1,B03,7,5,1,8,2,2,"  ",25,25,1,21,3,B03,120.52,24.21,2,66000,387130000C,(04)23289100,(04)25368667
2184,2023,03,6,14,15,臺中市,東區,0,0,0,,,,50,,,,,,,,,,,,,,,26,"  ","  ","  ","  ",C03,"  ","  ",1,"  ",2,"  ","  ",26,"   ",1,5,"  ",C03,120.686867,24.136083,3,66000,387130000C,(04)23289100,(04)25368667
2185,2023,03,6,14,22,臺中市,西區,0,1,0,8,1,5,50,4,1,1,5,4,5,7,2,1,10,5,5,2,16,6,3,10,1,1,B03,7,6,1,8,2,5,"  ",6,6,1,5,5,B03,120.665268,24.146718,2,66000,387130000C,(04)23289100,(04)25368667
2186,2023,03,6,14,28,臺中市,北屯區,0,0,0,8,,,30,,,,,,,,,,,,,,,5,"  ","  ","  ","  ",B03,"  ","  ",6,"  ",2,"  ","  ",5,"   ",1,21,"  ",B03,120.67025,24.17965,3,66000,387130000C,(04)23289100,(04)25368667
2187,2023,03,6,14,30,臺中市,龍井區,0,0,0,,,,60,,,,,,,,,,,,,,,42,"  ","  ","  ","  ",B03,"  ","  ",6,"  ",2,"  ","  ",42,"   ",1,22,"  ",B03,120.573936,24.184564,3,66000,387130000C,(04)23289100,(04)25368667
2188,2023,03,6,14,36,臺中市,北屯區,0,1,0,8,1,5,50,4,2,1,5,4,5,7,1,1,3,4,5,1,16,19,2,7,1,1,F03,7,1,8,20,2,16,"  ",19,19,1,22,8,F03,120.685498,24.172177,2,66000,387130000C,(04)23289100,(04)25368667
2189,2023,03,6,14,37,臺中市,大里區,0,1,0,8,1,5,50,14,7,1,5,4,5,7,4,4,5,5,4,2,17,19,3,10,1,1,B03,7,1,1,8,2,8,"  ",19,19,1,22,8,B03,120.712185,24.10326,2,66000,387130000C,(04)23289100,(04)25368667
2190,2023,03,6,14,39,臺中市,大里區,0,1,0,8,1,5,50,4,1,1,5,4,5,7,1,1,8,4,5,1,15,25,3,10,1,1,B12,7,9,1,8,2,6,"  ",25,25,1,10,9,B12,120.695645,24.096994,2,66000,387130000C,(04)23289100,(04)25368667
2191,2023,03,6,14,50,臺中市,北區,0,1,0,8,1,5,50,3,2,1,5,4,5,7,4,4,5,4,4,1,16,19,3,10,3,4,B03,7,1,1,8,2,4,"  ",19,19,1,22,9,B03,120.66988,24.161009,2,66000,387130000C,(04)23289100,(04)25368667
2192,2023,03,6,14,50,臺中市,梧棲區,0,0,0,8,,,50,,,,,,,,,,,,,,,19,"  ","  ","  ","  ",B12,"  ","  ",1,"  ",1,"  ","  ",19,"   ",1,9,"  ",B12,120.538647,24.247423,4,66000,387130000C,(04)23289100,(04)25368667
2193,2023,03,6,14,55,臺中市,大肚區,0,0,0,8,,,50,,,,,,,,,,,,,,,16,"  ","  ","  ","  ",B03,"  ","  ",1,"  ",2,"  ","  ",16,"   ",1,4,"  ",B03,120.568222,24.122097,3,66000,387130000C,(04)23289100,(04)25368667
2194,2023,03,6,14,56,臺中市,西區,0,2,0,8,1,5,40,4,1,1,5,4,5,7,1,1,10,5,5,2,17,42,2,8,3,4,C03,7,9,1,9,2,12,"  ",42,42,1,21,8,C03,120.659687,24.157317,2,66000,387130000C,(04)23289100,(04)25368667
2195,2023,03,6,14,59,臺中市,南屯區,0,0,0,8,,,50,,,,,,,,,,,,,,,7,"  ","  ","  ","  ",B12,"  ","  ",1,"  ",1,"  ","  ",7,7,1,22,"  ",B12,120.634263,24.144405,3,66000,387130000C,(04)23289100,(04)25368667
2196,2023,03,6,15,0,臺中市,西區,0,0,0,8,,,40,,,,,,,,,,,,,,,12,"  ","  ","  ","  ",B03,"  ","  ",1,8,1,"  ","  ",12,12,1,22,"  ",B03,120.666071,24.148612,3,66000,387130000C,(04)23289100,(04)25368667
2197,2023,03,6,15,8,臺中市,西屯區,0,0,0,8,,,50,,,,,,,,,,,,,,,17,"  ","  ","  ","  ",B03,"  ","  ",1,"  ",1,"  ","  ",17,"   ",1,22,"  ",B03,120.634031,24.172776,3,66000,387130000C,(04)23289100,(04)25368667
2198,2023,03,6,15,10,臺中市,霧峰區,0,0,0,8,,,50,,,,,,,,,,,,,,,27,"  ","  ","  ","  ",B03,"  ","  ",1,"  ",2,"  ","  ",27,"   ",1,12,"  ",B03,120.700475,24.063948,3,66000,387130000C,(04)23289100,(04)25368667
2199,2023,03,6,15,10,臺中市,豐原區,0,1,0,8,1,5,50,4,1,1,5,4,5,7,1,1,10,5,5,2,16,25,3,10,1,1,B12,7,5,1,7,2,2,"  ",25,25,1,22,8,B12,120.720597,24.258917,2,66000,387130000C,(04)23289100,(04)25368667
2200,2023,03,6,15,12,臺中市,烏日區,0,1,0,8,1,5,30,5,1,1,5,4,5,7,4,4,5,5,5,1,15,6,3,10,2,1,G06,7,9,7,19,2,5,"  ",6,6,1,21,8,G06,120.630393,24.080372,2,66000,387130000C,(04)23289100,(04)25368667
2201,2023,03,6,15,17,臺中市,東區,0,1,0,8,1,5,50,14,9,1,5,4,5,7,4,4,9,4,5,2,3,51,2,9,1,1,H01,8,16,8,20,10,16,"  ",51,51,1,22,9,H01,120.697661,24.150184,2,66000,387130000C,(04)23289100,(04)25368667
2202,2023,03,6,15,20,臺中市,南屯區,0,0,0,,,,50,,,,,,,,,,,,,,,6,"  ","  ","  ","  ",C03,"  ","  ",1,"  ",2,"  ","  ",6,"   ",2,22,"  ",C03,120.648198,24.12951,3,66000,387130000C,(04)23289100,(04)25368667
2203,2023,03,6,15,25,臺中市,大里區,0,0,0,8,1,5,30,3,1,1,5,4,5,7,4,4,10,5,5,2,14,42,"  ","  ","  ","  ",B03,"  ","  ",1,"  ",2,"  ","  ",42,"   ",1,22,"  ",B03,120.688465,24.109682,3,66000,387130000C,(04)23289100,(04)25368667
2204,2023,03,6,15,26,臺中市,南屯區,0,1,0,8,1,5,50,4,1,1,5,4,5,7,2,1,1,4,4,2,17,6,3,10,3,4,B03,7,6,1,8,2,15,"  ",6,6,1,22,9,B03,120.625818,24.140633,2,66000,387130000C,(04)23289100,(04)25368667
2205,2023,03,6,15,26,臺中市,西屯區,0,0,0,8,,,40,,,,,,,,,,,,,,,10,"  ","  ","  ","  ",B12,"  ","  ",1,"  ",1,"  ","  ",10,"   ",1,22,"  ",B12,120.640298,24.186481,3,66000,387130000C,(04)23289100,(04)25368667
2206,2023,03,6,15,28,臺中市,龍井區,0,1,0,8,1,5,50,4,1,1,5,4,5,7,2,1,10,5,5,2,16,9,2,8,1,1,F03,7,6,8,20,2,16,"  ",9,9,1,20,8,F03,120.546474,24.196656,2,66000,387130000C,(04)23289100,(04)25368667
2207,2023,03,6,15,31,臺中市,北屯區,0,2,0,8,1,5,50,9,9,1,5,4,5,7,4,4,10,5,5,2,20,23,2,9,1,1,B12,7,9,1,8,2,9,"  ",23,23,1,21,8,B12,120.700307,24.169468,2,66000,387130000C,(04)23289100,(04)25368667
2208,2023,03,6,15,40,臺中市,西屯區,0,1,0,8,3,5,30,4,1,1,5,4,5,7,4,4,9,5,5,2,16,6,3,10,1,1,C04,7,9,1,10,2,11,"  ",6,6,1,12,8,C04,120.63904,24.180608,2,66000,387130000C,(04)23289100,(04)25368667
2209,2023,03,6,15,40,臺中市,神岡區,0,1,0,8,1,5,50,4,1,1,5,4,5,7,4,4,10,5,5,2,16,1,2,9,1,1,C03,7,4,1,10,2,12,"  ",1,1,1,22,9,C03,120.684697,24.248807,2,66000,387130000C,(04)23289100,(04)25368667
2210,2023,03,6,15,46,臺中市,南屯區,0,1,0,8,1,5,50,14,9,1,5,4,5,7,4,4,5,2,5,2,12,23,2,7,1,1,C03,7,9,1,10,1,11,"  ",23,23,1,18,8,C03,120.654353,24.134877,2,66000,387130000C,(04)23289100,(04)25368667
2211,2023,03,6,15,48,臺中市,北區,0,1,0,8,1,5,50,4,1,1,5,4,5,7,1,1,10,5,5,2,16,8,2,7,1,1,C03,7,5,1,10,2,14,"  ",8,8,1,22,9,C03,120.679922,24.159125,2,66000,387130000C,(04)23289100,(04)25368667
2212,2023,03,6,15,50,臺中市,西區,0,0,0,8,,,30,,,,,,,,,,,,,,,12,"  ","  ","  ","  ",B03,"  ","  ",1,"  ",1,"  ","  ",12,"   ",1,5,"  ",B03,120.659805,24.142553,3,66000,387130000C,(04)23289100,(04)25368667
2213,2023,03,6,15,51,臺中市,大里區,0,1,0,8,1,5,30,4,1,1,5,4,5,7,4,4,10,5,5,2,16,6,3,10,1,1,B03,7,6,1,8,2,8,"  ",6,6,1,22,9,B03,120.680037,24.101077,2,66000,387130000C,(04)23289100,(04)25368667
2214,2023,03,6,15,52,臺中市,南區,0,0,0,8,,,50,,,,,,,,,,,,,,,23,"  ","  ","  ","  ",B03,"  ","  ",1,4,2,"  ","  ",23,23,1,21,"  ",B03,120.661477,24.121478,3,66000,387130000C,(04)23289100,(04)25368667
2215,2023,03,6,15,52,臺中市,烏日區,0,2,0,8,1,5,50,3,7,1,5,4,5,7,4,4,5,4,5,1,16,44,3,10,1,1,B03,7,9,1,8,2,5,"  ",44,44,1,21,8,B03,120.627712,24.103499,2,66000,387130000C,(04)23289100,(04)25368667
2216,2023,03,6,15,59,臺中市,大雅區,0,1,0,8,1,5,50,3,1,1,5,4,5,7,4,4,1,4,4,1,16,6,3,10,1,1,B12,7,6,1,7,2,2,"  ",6,6,1,22,9,B12,120.631328,24.240014,2,66000,387130000C,(04)23289100,(04)25368667
2217,2023,03,6,16,0,臺中市,南區,0,1,0,8,1,5,50,8,8,1,5,4,5,7,4,4,1,5,4,2,17,7,2,9,1,1,C03,7,9,1,10,2,12,"  ",43,7,1,22,8,C03,120.67948,24.117886,2,66000,387130000C,(04)23289100,(04)25368667
2218,2023,03,6,16,1,臺中市,北屯區,0,1,0,8,1,5,50,4,1,1,5,4,5,7,1,1,10,5,5,2,16,6,3,10,1,1,B03,7,5,1,8,2,8,"  ",6,6,1,21,8,B03,120.681436,24.17635,2,66000,387130000C,(04)23289100,(04)25368667
2219,2023,03,6,16,5,臺中市,西屯區,0,1,0,8,1,5,50,14,9,1,5,4,5,7,4,4,9,5,5,2,16,10,3,10,1,1,B03,7,11,1,8,2,5,"  ",10,10,1,4,1,B03,120.639475,24.159844,2,66000,387130000C,(04)23289100,(04)25368667
2220,2023,03,6,16,7,臺中市,大雅區,0,1,0,8,1,5,50,4,1,1,5,4,5,7,1,1,10,4,5,1,3,23,3,10,1,1,B03,7,5,1,8,2,1,"  ",23,23,1,22,9,B03,120.647435,24.229275,2,66000,387130000C,(04)23289100,(04)25368667
2221,2023,03,6,16,9,臺中市,北屯區,0,2,0,8,1,5,30,3,2,1,5,4,5,7,4,4,10,5,5,2,11,17,2,9,3,4,C03,7,9,1,10,2,11,"  ",17,17,1,21,8,C03,120.710002,24.170449,2,66000,387130000C,(04)23289100,(04)25368667
2222,2023,03,6,16,11,臺中市,大里區,0,0,0,8,,,40,,,,,,,,,,,,,,,23,"  ","  ","  ","  ",B03,"  ","  ",1,"  ",2,"  ","  ",23,"   ",1,3,"  ",B03,120.700292,24.088866,3,66000,387130000C,(04)23289100,(04)25368667
2223,2023,03,6,16,13,臺中市,北區,0,0,0,8,,,50,,,,,,,,,,,,,,,42,"  ","  ","  ","  ",A02,"  ","  ",1,"  ",2,"  ","  ",42,"   ",1,10,"  ",A02,120.683683,24.149638,3,66000,387130000C,(04)23289100,(04)25368667
2224,2023,03,6,16,14,臺中市,大雅區,0,0,0,8,,,30,,,,,,,,,,,,,,,6,"  ","  ","  ","  ",B12,"  ","  ",1,"  ",9,"  ","  ",6,"   ",1,22,"  ",B12,120.649531,24.214435,3,66000,387130000C,(04)23289100,(04)25368667
2225,2023,03,6,16,22,臺中市,潭子區,0,1,0,8,1,5,50,3,1,1,5,4,5,7,1,1,10,5,5,2,16,23,2,9,1,1,C03,7,9,3,18,2,11,"  ",23,23,1,22,8,C03,120.710655,24.227215,2,66000,387130000C,(04)23289100,(04)25368667
2226,2023,03,6,16,23,臺中市,東區,0,1,0,8,1,5,50,3,1,1,5,4,5,7,4,4,10,5,5,2,17,19,3,10,1,1,B03,7,1,1,8,2,8,"  ",19,19,1,3,9,B03,120.697645,24.150261,2,66000,387130000C,(04)23289100,(04)25368667
2227,2023,03,6,16,23,臺中市,北屯區,0,0,0,8,,,50,,,,,,,,,,,,,,,23,"  ","  ","  ","  ",B03,"  ","  ",1,"  ",2,"  ","  ",23,"   ",1,21,"  ",B03,120.727566,24.164213,3,66000,387130000C,(04)23289100,(04)25368667
2228,2023,03,6,16,28,臺中市,南屯區,0,0,0,8,,,50,,,,,,,,,,,,,,,18,"  ","  ","  ","  ",B03,"  ","  ",1,"  ",2,"  ","  ",18,18,1,22,"  ",B03,120.650359,24.141028,3,66000,387130000C,(04)23289100,(04)25368667
2229,2023,03,6,16,30,臺中市,清水區,0,0,0,8,,,50,,,,,,,,,,,,,,,23,"  ","  ","  ","  ",A04,"  ","  ",1,"  ",2,"  ","  ",23,"   ",1,10,"  ",A04,120.558452,24.273266,3,66000,387130000C,(04)23289100,(04)25368667
2230,2023,03,6,16,34,臺中市,北屯區,0,0,0,8,,,40,,,,,,,,,,,,,,,23,"  ","  ","  ","  ",B12,"  ","  ",1,"  ",1,"  ","  ",23,"   ",1,10,"  ",B12,120.683568,24.17404,3,66000,387130000C,(04)23289100,(04)25368667
2231,2023,03,6,16,41,臺中市,神岡區,0,1,0,8,1,5,50,15,9,1,5,4,5,7,2,1,1,4,5,2,17,42,2,9,1,1,C03,7,15,1,10,5,14,"  ",42,42,2,22,8,C03,120.695353,24.248486,2,66000,387130000C,(04)23289100,(04)25368667