序號,年,月,日,時,分,縣市,區,死亡數量,受傷數量,2-30,天候,光線,道路類別,速限_速度(公里),道路型態,事故位置,路面鋪裝,路面狀態,路面缺陷,障礙物,視距,號誌種類,號誌動作,分向設施,快車道或一般車道間,快慢車道間,路面邊線,事故類型及型態,主要肇因,受傷程度,主要傷處,保護裝備,行動電話,當事者區分,車輛用途,當事者行動狀態,駕駛資格情形,駕駛執照種類,飲酒情形,車輛撞擊部位最初,車輛撞擊部位其他,肇事因素個別,肇事因素主要,肇事逃逸,職業,旅次目的,車種,GPS座標X,GPS座標Y,事故類別,縣市別代碼,機關代碼,市話,傳真
2232,2023,03,6,16,44,臺中市,大里區,0,1,0,8,1,5,50,3,1,1,5,4,5,7,4,4,5,5,5,1,17,6,3,10,3,4,B03,7,6,1,8,2,2,"  ",6,6,1,12,8,B03,120.728198,24.090815,2,66000,387130000C,(04)23289100,(04)25368667
2233,2023,03,6,16,45,臺中市,西屯區,0,1,0,8,1,5,50,4,1,1,5,4,5,7,1,1,10,5,5,2,16,6,3,10,3,4,B03,7,6,1,8,2,5,"  ",6,6,1,22,8,B03,120.645351,24.19248,2,66000,387130000C,(04)23289100,(04)25368667
2234,2023,03,6,16,47,臺中市,西區,0,1,0,8,1,5,50,4,1,1,5,4,5,7,2,1,10,5,5,2,16,6,3,10,1,1,B01,7,6,1,4,1,5,"  ",6,6,1,5,5,B01,120.657395,24.142945,2,66000,387130000C,(04)23289100,(04)25368667
2235,2023,03,6,16,47,臺中市,西屯區,0,1,0,8,1,5,40,4,1,1,5,4,5,7,2,1,1,4,1,1,17,23,2,9,1,1,C03,7,9,1,10,2,15,"  ",23,23,1,1,9,C03,120.641076,24.167898,2,66000,387130000C,(04)23289100,(04)25368667
2236,2023,03,6,16,48,臺中市,大肚區,0,0,0,,,,40,,,,,,,,,,,,,,,23,"  ","  ","  ","  ",A11,"  ","  ",1,"  ",2,"  ","  ",23,23,1,10,"  ",A11,120.582564,24.168308,3,66000,387130000C,(04)23289100,(04)25368667
2237,2023,03,6,16,49,臺中市,西區,0,2,0,8,1,5,50,4,1,1,5,4,5,7,4,4,10,5,5,2,16,6,2,9,1,1,C03,7,9,1,10,2,12,"  ",6,6,1,21,8,C03,120.662126,24.154801,2,66000,387130000C,(04)23289100,(04)25368667
2238,2023,03,6,16,50,臺中市,大里區,0,1,0,8,1,5,40,4,1,1,5,4,5,7,4,4,10,5,5,2,16,6,3,10,1,1,C03,7,5,1,10,2,11,"  ",6,6,1,3,8,C03,120.702731,24.088258,2,66000,387130000C,(04)23289100,(04)25368667
2239,2023,03,6,16,50,臺中市,太平區,0,1,0,8,1,5,50,14,9,1,5,4,5,7,4,4,10,5,5,2,18,23,2,7,1,1,C03,7,9,1,10,2,11,"  ",23,23,1,22,5,C03,120.725022,24.10679,2,66000,387130000C,(04)23289100,(04)25368667
2240,2023,03,6,16,54,臺中市,東勢區,0,0,0,8,1,5,40,3,9,1,5,4,1,7,4,4,10,5,5,2,29,23,"  ","  ","  ","  ",B03,"  ","  ",1,"  ",1,"  ","  ",23,"   ",1,22,"  ",B03,120.827495,24.258091,3,66000,387130000C,(04)23289100,(04)25368667
2241,2023,03,6,16,55,臺中市,后里區,1,0,0,8,1,5,50,14,9,1,5,4,5,7,4,4,5,4,5,1,12,7,3,10,1,1,A32,7,8,1,5,2,2,"  ",7,7,1,10,8,A32,120.705239,24.311749,1,66000,387130000C,(04)23289100,(04)25368667
2242,2023,03,6,16,58,臺中市,西區,0,0,0,8,,,50,,,,,,,,,,,,,,,23,"  ","  ","  ","  ",B03,"  ","  ",1,"  ",2,"  ","  ",23,"   ",2,22,"  ",B03,120.677707,24.136011,3,66000,387130000C,(04)23289100,(04)25368667
2243,2023,03,6,17,0,臺中市,南屯區,0,0,0,8,,,1,,,,,,,,,,,,,,,12,"  ","  ","  ","  ",B03,"  ","  ",1,"  ",1,"  ","  ",12,"   ",1,5,"  ",B03,120.648782,24.154356,3,66000,387130000C,(04)23289100,(04)25368667
2244,2023,03,6,17,0,臺中市,北屯區,0,1,0,8,1,5,50,5,1,1,5,4,5,7,1,1,10,5,5,2,13,16,2,9,1,1,C03,7,9,1,10,2,11,"  ",16,16,1,21,8,C03,120.697745,24.170349,2,66000,387130000C,(04)23289100,(04)25368667
2245,2023,03,6,17,0,臺中市,西屯區,0,0,0,8,,,50,,,,,,,,,,,,,,,16,"  ","  ","  ","  ",B03,"  ","  ",1,"  ",1,"  ","  ",16,"   ",1,22,"  ",B03,120.631948,24.183113,3,66000,387130000C,(04)23289100,(04)25368667
2246,2023,03,6,17,0,臺中市,梧棲區,0,0,0,8,,,70,,,,,,,,,,,,,,,23,"  ","  ","  ","  ",B12,"  ","  ",1,"  ",2,"  ","  ",23,"   ",1,9,"  ",B12,120.546577,24.246142,3,66000,387130000C,(04)23289100,(04)25368667
2247,2023,03,6,17,2,臺中市,南屯區,0,1,0,8,2,5,50,4,1,1,5,4,5,7,1,1,5,4,5,2,17,7,2,9,1,1,C03,7,7,1,10,2,14,"  ",7,7,1,22,8,C03,120.64663,24.143728,2,66000,387130000C,(04)23289100,(04)25368667
2248,2023,03,6,17,2,臺中市,沙鹿區,0,0,0,8,,,60,,,,,,,,,,,,,,,7,"  ","  ","  ","  ",A12,"  ","  ",1,"  ",2,"  ","  ",7,"   ",1,10,"  ",A12,120.566846,24.203623,3,66000,387130000C,(04)23289100,(04)25368667
2249,2023,03,6,17,3,臺中市,大里區,0,1,0,8,1,5,50,4,1,1,5,4,5,7,1,1,5,2,5,1,16,8,3,10,1,1,C03,7,5,4,8,2,13,"  ",8,8,1,22,9,C03,120.68827,24.101832,2,66000,387130000C,(04)23289100,(04)25368667
2250,2023,03,6,17,3,臺中市,大里區,0,1,0,8,1,5,50,3,9,1,5,4,5,7,4,4,5,4,5,1,16,8,2,9,2,1,F01,7,5,8,20,2,16,"  ",8,8,1,15,8,F01,120.688475,24.120371,2,66000,387130000C,(04)23289100,(04)25368667
2251,2023,03,6,17,5,臺中市,南屯區,0,0,0,8,,,50,,,,,,,,,,,,,,,17,"  ","  ","  ","  ",B03,"  ","  ",1,"  ",2,"  ","  ",38,17,1,22,"  ",B03,120.632426,24.155839,3,66000,387130000C,(04)23289100,(04)25368667
2252,2023,03,6,17,5,臺中市,大里區,0,1,0,8,1,5,60,11,9,1,5,4,5,7,4,4,1,4,4,1,16,23,2,8,1,1,C03,7,9,1,10,2,12,"  ",23,23,1,22,1,C03,120.673175,24.101978,2,66000,387130000C,(04)23289100,(04)25368667
2253,2023,03,6,17,10,臺中市,神岡區,0,2,0,8,1,5,30,3,1,1,5,4,5,7,4,4,10,5,5,2,17,6,2,9,1,1,C03,7,5,1,10,2,14,"  ",6,6,1,12,8,C03,120.662869,24.24747,2,66000,387130000C,(04)23289100,(04)25368667
2254,2023,03,6,17,11,臺中市,梧棲區,0,0,0,8,,,60,,,,,,,,,,,,,,,17,"  ","  ","  ","  ",A11,"  ","  ",1,"  ",2,"  ","  ",17,"   ",1,10,"  ",A11,120.525914,24.225494,3,66000,387130000C,(04)23289100,(04)25368667
2255,2023,03,6,17,13,臺中市,大甲區,0,2,0,8,1,5,30,3,1,1,5,4,5,7,4,4,10,5,5,2,3,51,2,8,4,1,H01,8,18,8,20,10,16,"  ",51,53,1,22,9,H01,120.62621,24.350076,2,66000,387130000C,(04)23289100,(04)25368667
2256,2023,03,6,17,14,臺中市,大雅區,0,0,0,8,,,30,,,,,,,,,,,,,,,5,"  ","  ","  ","  ",B12,"  ","  ",1,"  ",2,"  ","  ",5,"   ",1,22,"  ",B12,120.641382,24.208966,3,66000,387130000C,(04)23289100,(04)25368667
2257,2023,03,6,17,14,臺中市,沙鹿區,0,2,0,8,1,5,50,3,1,1,5,4,5,7,4,4,10,5,5,2,16,8,2,9,1,1,C03,7,5,3,18,2,14,"  ",8,8,1,21,8,C03,120.561441,24.232232,2,66000,387130000C,(04)23289100,(04)25368667
2258,2023,03,6,17,19,臺中市,梧棲區,0,1,0,8,1,5,30,14,9,1,5,4,5,7,4,4,10,5,5,1,19,43,2,9,2,1,F01,7,9,8,20,2,16,"  ",43,43,1,16,2,F01,120.53812,24.229643,2,66000,387130000C,(04)23289100,(04)25368667
2259,2023,03,6,17,20,臺中市,清水區,0,0,0,8,,,70,,,,,,,,,,,,,,,16,"  ","  ","  ","  ",B12,"  ","  ",1,"  ",2,"  ","  ",16,"   ",1,21,"  ",B12,120.589104,24.303983,3,66000,387130000C,(04)23289100,(04)25368667
2260,2023,03,6,17,21,臺中市,東區,0,0,0,,,,50,,,,,,,,,,,,,,,19,"  ","  ","  ","  ",B03,"  ","  ",3,"  ",2,"  ","  ",19,"   ",1,22,"  ",B03,120.703116,24.131486,3,66000,387130000C,(04)23289100,(04)25368667
2261,2023,03,6,17,21,臺中市,北屯區,0,1,0,8,1,5,50,3,1,1,5,4,5,7,1,1,10,5,5,2,3,15,3,10,3,4,B03,7,9,1,8,2,8,"  ",15,15,1,21,8,B03,120.727393,24.165153,2,66000,387130000C,(04)23289100,(04)25368667
2262,2023,03,6,17,21,臺中市,霧峰區,0,0,0,8,,,30,,,,,,,,,,,,,,,18,"  ","  ","  ","  ",B03,"  ","  ",1,"  ",2,"  ","  ",18,"   ",1,12,"  ",B03,120.665279,24.036792,3,66000,387130000C,(04)23289100,(04)25368667
2263,2023,03,6,17,21,臺中市,豐原區,0,2,0,8,1,5,50,14,9,1,5,4,5,7,4,4,9,5,5,1,3,23,2,9,3,4,H01,8,16,8,20,10,16,"  ",51,23,1,22,8,H01,120.7136,24.25165,2,66000,387130000C,(04)23289100,(04)25368667
2264,2023,03,6,17,22,臺中市,東區,0,0,0,,,,50,,,,,,,,,,,,,,,43,"  ","  ","  ","  ",B03,"  ","  ",1,"  ",11,"  ","  ",43,"   ",1,22,"  ",B03,120.70268,24.139081,3,66000,387130000C,(04)23289100,(04)25368667
2265,2023,03,6,17,22,臺中市,南區,0,1,0,8,2,5,50,4,1,1,5,4,5,7,2,1,5,4,4,2,16,6,3,10,1,1,B03,7,5,1,8,2,1,"  ",6,6,1,5,5,B03,120.665686,24.116846,2,66000,387130000C,(04)23289100,(04)25368667
2266,2023,03,6,17,27,臺中市,北屯區,0,2,0,8,1,5,50,14,9,1,5,4,5,7,4,4,5,4,5,2,13,16,2,9,1,1,C03,7,9,1,10,2,11,"  ",16,16,1,21,8,C03,120.727571,24.164299,2,66000,387130000C,(04)23289100,(04)25368667
2267,2023,03,6,17,28,臺中市,東區,0,1,0,8,1,5,50,4,1,1,5,4,5,7,2,1,10,5,5,2,12,7,3,10,1,1,C03,7,7,1,10,2,15,"  ",7,7,1,21,8,C03,120.687674,24.138815,2,66000,387130000C,(04)23289100,(04)25368667
2268,2023,03,6,17,28,臺中市,大里區,0,0,0,8,1,5,50,3,1,1,5,4,5,7,4,4,5,5,4,2,16,6,"  ","  ","  ","  ",B03,"  ","  ",1,"  ",2,"  ","  ",6,"   ",1,22,"  ",B03,120.675317,24.105896,3,66000,387130000C,(04)23289100,(04)25368667
2269,2023,03,6,17,30,臺中市,北區,0,1,0,8,1,5,50,4,9,1,5,4,5,7,4,4,5,4,5,2,18,42,2,9,3,4,C03,7,9,1,10,2,12,"  ",42,42,1,22,9,C03,120.680098,24.153916,2,66000,387130000C,(04)23289100,(04)25368667
2270,2023,03,6,17,30,臺中市,新社區,0,0,0,8,1,5,40,14,9,1,5,4,5,7,4,4,5,5,5,1,17,23,"  ","  ","  ","  ",B12,"  ","  ",1,"  ",2,"  ","  ",7,23,1,22,"  ",B12,120.797125,24.225744,3,66000,387130000C,(04)23289100,(04)25368667
2271,2023,03,6,17,32,臺中市,烏日區,0,0,0,8,,,50,,,,,,,,,,,,,,,23,"  ","  ","  ","  ",B03,"  ","  ",1,"  ",2,"  ","  ",23,"   ",1,19,"  ",B03,120.626386,24.1059,3,66000,387130000C,(04)23289100,(04)25368667
2272,2023,03,6,17,35,臺中市,大雅區,0,2,0,8,1,5,50,4,1,1,5,4,5,7,1,1,5,4,4,1,11,6,2,8,1,1,C03,7,5,1,10,2,12,"  ",6,8,1,21,8,C03,120.645429,24.221915,2,66000,387130000C,(04)23289100,(04)25368667
2273,2023,03,6,17,35,臺中市,太平區,0,1,0,8,1,5,30,4,1,1,5,4,5,7,4,4,10,5,5,2,15,6,3,10,1,1,B03,7,9,1,8,2,5,"  ",6,6,1,21,8,B03,120.720561,24.150101,2,66000,387130000C,(04)23289100,(04)25368667
2274,2023,03,6,17,37,臺中市,大里區,0,3,0,8,2,5,50,4,1,1,5,4,5,7,4,4,10,5,5,2,15,6,2,8,1,1,B03,7,9,1,8,2,2,"  ",6,6,1,22,1,B03,120.67625,24.102676,2,66000,387130000C,(04)23289100,(04)25368667
2275,2023,03,6,17,38,臺中市,北屯區,0,1,0,8,1,5,50,4,2,1,5,4,5,7,1,1,10,5,5,2,18,23,2,9,1,1,C03,7,9,1,10,2,14,"  ",23,23,1,22,1,C03,120.683685,24.173931,2,66000,387130000C,(04)23289100,(04)25368667
2276,2023,03,6,17,40,臺中市,南屯區,0,0,0,,,,40,,,,,,,,,,,,,,,23,"  ","  ","  ","  ",C03,"  ","  ",1,"  ",1,"  ","  ",23,"   ",1,22,"  ",C03,120.610026,24.151214,3,66000,387130000C,(04)23289100,(04)25368667
2277,2023,03,6,17,40,臺中市,北屯區,0,2,0,8,1,5,50,5,1,1,5,4,5,7,1,1,10,5,5,2,16,23,2,9,1,1,C03,7,5,1,10,2,14,"  ",23,23,1,21,8,C03,120.712815,24.169076,2,66000,387130000C,(04)23289100,(04)25368667
2278,2023,03,6,17,41,臺中市,龍井區,0,1,0,8,2,5,40,4,1,1,5,4,5,7,2,1,3,5,5,2,13,23,3,10,1,1,B03,7,6,1,8,2,3,"  ",44,23,1,22,1,B03,120.583477,24.187279,2,66000,387130000C,(04)23289100,(04)25368667
2279,2023,03,6,17,43,臺中市,大雅區,0,0,0,8,,,30,,,,,,,,,,,,,,,17,"  ","  ","  ","  ",B03,"  ","  ",1,"  ",2,"  ","  ",17,17,1,22,"  ",B03,120.634685,24.219166,3,66000,387130000C,(04)23289100,(04)25368667
2280,2023,03,6,17,45,臺中市,西區,0,2,0,8,1,5,50,14,9,1,5,4,5,7,4,4,5,4,5,2,13,23,2,8,1,1,C03,7,9,1,10,2,11,"  ",23,23,1,5,1,C03,120.661374,24.151019,2,66000,387130000C,(04)23289100,(04)25368667
2281,2023,03,6,17,45,臺中市,太平區,0,1,0,8,1,5,50,4,1,1,5,4,5,7,1,1,10,5,5,2,16,6,3,10,1,1,B12,7,11,1,8,2,5,"  ",6,6,1,22,5,B12,120.722216,24.145913,2,66000,387130000C,(04)23289100,(04)25368667
2282,2023,03,6,17,49,臺中市,北屯區,0,0,0,8,,,30,,,,,,,,,,,,,,,23,"  ","  ","  ","  ",B03,"  ","  ",1,"  ",11,"  ","  ",23,23,1,22,"  ",B03,120.721927,24.176645,3,66000,387130000C,(04)23289100,(04)25368667
2283,2023,03,6,17,50,臺中市,大肚區,0,1,0,8,2,5,50,14,9,1,5,4,5,7,4,4,5,4,5,1,12,17,3,10,1,1,B03,7,4,1,8,2,2,"  ",17,17,1,4,8,B03,120.547407,24.144269,2,66000,387130000C,(04)23289100,(04)25368667
2284,2023,03,6,17,50,臺中市,梧棲區,0,0,0,8,,,60,,,,,,,,,,,,,,,23,"  ","  ","  ","  ",B03,"  ","  ",1,"  ",1,"  ","  ",23,"   ",1,9,"  ",B03,120.53045,24.237225,3,66000,387130000C,(04)23289100,(04)25368667
2285,2023,03,6,17,57,臺中市,潭子區,0,1,0,8,2,5,60,3,2,1,5,4,5,7,2,1,10,5,5,2,13,26,3,10,1,1,B03,7,5,1,8,2,5,"  ",44,26,1,22,8,B03,120.70392,24.202416,2,66000,387130000C,(04)23289100,(04)25368667
2286,2023,03,6,17,57,臺中市,大雅區,0,0,0,8,,,50,,,,,,,,,,,,,,,23,"  ","  ","  ","  ",B03,"  ","  ",1,"  ",2,"  ","  ",23,"   ",1,22,"  ",B03,120.642638,24.203313,3,66000,387130000C,(04)23289100,(04)25368667
2287,2023,03,6,17,57,臺中市,太平區,0,1,0,8,2,5,50,14,9,1,5,4,5,7,4,4,5,4,4,2,17,23,2,9,1,1,C03,7,9,1,10,2,14,"  ",23,23,1,21,8,C03,120.710691,24.126806,2,66000,387130000C,(04)23289100,(04)25368667
2288,2023,03,6,18,1,臺中市,霧峰區,0,1,0,8,2,5,40,3,1,1,5,4,5,7,4,4,10,5,5,2,16,6,3,10,3,4,B03,7,5,1,8,2,1,"  ",6,6,1,3,8,B03,120.716457,24.075644,2,66000,387130000C,(04)23289100,(04)25368667
2289,2023,03,6,18,5,臺中市,南區,0,1,0,8,1,5,50,14,9,1,5,4,5,7,4,4,1,4,5,2,18,43,2,9,1,1,C03,7,9,1,10,2,12,"  ",43,43,1,22,8,C03,120.65473,24.120524,2,66000,387130000C,(04)23289100,(04)25368667
2290,2023,03,6,18,5,臺中市,外埔區,0,0,0,8,3,5,50,3,1,1,5,4,5,7,4,4,9,5,5,1,2,6,"  ","  ","  ","  ",B03,"  ","  ",1,"  ",2,"  ","  ",6,"   ",1,21,"  ",B03,120.654715,24.332034,3,66000,387130000C,(04)23289100,(04)25368667
2291,2023,03,6,18,10,臺中市,南區,0,2,0,7,3,5,50,14,9,1,5,4,5,7,4,4,5,4,4,2,16,19,2,9,1,1,C03,7,1,1,10,2,14,"  ",19,19,1,22,9,C03,120.663546,24.113535,2,66000,387130000C,(04)23289100,(04)25368667
2292,2023,03,6,18,15,臺中市,烏日區,0,1,0,8,3,5,50,4,1,1,5,4,5,7,1,1,5,4,5,1,16,8,3,10,3,4,B03,7,5,1,7,2,8,"  ",8,8,1,21,9,B03,120.642427,24.069549,2,66000,387130000C,(04)23289100,(04)25368667
2293,2023,03,6,18,15,臺中市,沙鹿區,0,1,0,8,3,5,50,4,1,1,5,4,5,7,1,1,1,4,4,1,17,25,3,10,1,1,B03,7,9,1,8,2,1,"  ",25,25,1,4,8,B03,120.597591,24.249998,2,66000,387130000C,(04)23289100,(04)25368667
2294,2023,03,6,18,18,臺中市,南屯區,0,1,0,8,2,5,40,4,1,1,5,4,5,7,1,1,10,5,5,2,12,1,3,10,1,1,C03,7,4,1,10,2,13,"  ",1,1,1,5,8,C03,120.634752,24.153877,2,66000,387130000C,(04)23289100,(04)25368667
2295,2023,03,6,18,19,臺中市,西區,0,0,0,8,,,50,,,,,,,,,,,,,,,23,"  ","  ","  ","  ",B12,"  ","  ",1,"  ",9,"  ","  ",23,"   ",1,5,"  ",B12,120.656182,24.150237,3,66000,387130000C,(04)23289100,(04)25368667
2296,2023,03,6,18,20,臺中市,潭子區,0,3,0,8,3,5,80,14,9,1,5,4,5,7,4,4,3,4,5,1,13,16,3,10,1,1,B03,7,9,1,7,2,1,"  ",16,16,1,22,9,B03,120.722433,24.190516,2,66000,387130000C,(04)23289100,(04)25368667
2297,2023,03,6,18,20,臺中市,北區,0,5,0,8,3,5,50,14,9,1,5,4,5,7,4,4,1,4,5,2,13,7,3,10,1,1,C03,7,7,1,10,2,15,"  ",7,7,1,22,9,C03,120.67662,24.173245,2,66000,387130000C,(04)23289100,(04)25368667
2298,2023,03,6,18,20,臺中市,西屯區,0,0,0,8,,,50,,,,,,,,,,,,,,,16,"  ","  ","  ","  ",B03,"  ","  ",1,"  ",2,"  ","  ",16,"   ",1,22,"  ",B03,120.662032,24.163735,3,66000,387130000C,(04)23289100,(04)25368667
2299,2023,03,6,18,24,臺中市,北區,0,1,0,8,3,5,50,14,9,1,5,4,5,7,4,4,9,4,4,2,16,6,3,10,1,1,B03,7,5,1,8,2,1,"  ",6,6,1,21,8,B03,120.68628,24.165866,2,66000,387130000C,(04)23289100,(04)25368667
2300,2023,03,6,18,25,臺中市,大甲區,0,2,0,8,3,5,50,4,18,1,5,4,5,7,1,1,10,5,5,2,3,23,2,9,4,1,H01,8,16,8,20,10,15,"  ",67,23,1,22,9,H01,120.617271,24.349316,2,66000,387130000C,(04)23289100,(04)25368667
2301,2023,03,6,18,27,臺中市,大甲區,0,1,0,8,3,5,50,4,18,1,5,4,5,7,1,1,1,5,5,2,2,23,3,10,1,1,B03,7,5,1,8,2,8,"  ",23,23,1,22,9,B03,120.60804,24.326358,2,66000,387130000C,(04)23289100,(04)25368667
2302,2023,03,6,18,28,臺中市,大里區,0,2,0,8,3,5,50,3,1,1,5,4,5,7,4,4,10,5,5,2,13,23,2,9,1,1,C03,7,9,1,10,2,11,"  ",23,23,1,18,8,C03,120.7053,24.085337,2,66000,387130000C,(04)23289100,(04)25368667
2303,2023,03,6,18,29,臺中市,南屯區,0,0,0,,,,40,,,,,,,,,,,,,,,23,"  ","  ","  ","  ",C03,"  ","  ",1,"  ",1,"  ","  ",23,"   ",1,4,"  ",C03,120.626818,24.140396,3,66000,387130000C,(04)23289100,(04)25368667
2304,2023,03,6,18,30,臺中市,大雅區,0,0,0,8,,,50,,,,,,,,,,,,,,,12,"  ","  ","  ","  ",B03,"  ","  ",1,"  ",2,"  ","  ",12,"   ",1,22,"  ",B03,120.669287,24.221202,3,66000,387130000C,(04)23289100,(04)25368667
2305,2023,03,6,18,30,臺中市,北屯區,0,0,0,8,,,80,,,,,,,,,,,,,,,16,"  ","  ","  ","  ",B03,"  ","  ",1,"  ",1,"  ","  ",16,"   ",1,22,"  ",B03,120.722543,24.189923,3,66000,387130000C,(04)23289100,(04)25368667
2306,2023,03,6,18,31,臺中市,西區,0,0,0,,,,50,,,,,,,,,,,,,,,23,"  ","  ","  ","  ",B03,"  ","  ",1,"  ",2,"  ","  ",23,"   ",1,5,"  ",B03,120.659687,24.157317,3,66000,387130000C,(04)23289100,(04)25368667
2307,2023,03,6,18,34,臺中市,潭子區,0,2,0,8,3,5,60,14,8,1,5,4,5,7,4,4,1,4,4,1,13,16,2,9,1,1,C03,7,9,1,10,2,11,"  ",16,16,1,22,8,C03,120.702334,24.189368,2,66000,387130000C,(04)23289100,(04)25368667
2308,2023,03,6,18,34,臺中市,北屯區,0,0,0,8,,,50,,,,,,,,,,,,,,,23,"  ","  ","  ","  ",B03,"  ","  ",1,"  ",1,"  ","  ",23,"   ",1,21,"  ",B03,120.668466,24.175345,3,66000,387130000C,(04)23289100,(04)25368667
2309,2023,03,6,18,38,臺中市,南區,0,1,0,8,3,5,50,4,1,1,5,4,5,7,2,1,1,4,4,2,15,25,2,9,1,1,C03,7,9,1,9,2,12,"  ",25,25,1,5,5,C03,120.657782,24.12901,2,66000,387130000C,(04)23289100,(04)25368667
2310,2023,03,6,18,40,臺中市,西屯區,0,0,0,8,,,50,,,,,,,,,,,,,,,12,"  ","  ","  ","  ",B03,"  ","  ",1,"  ",2,"  ","  ",12,"   ",1,22,"  ",B03,120.653041,24.165198,3,66000,387130000C,(04)23289100,(04)25368667
2311,2023,03,6,18,42,臺中市,豐原區,0,1,0,8,3,5,50,3,1,1,5,4,5,7,4,4,5,5,4,2,3,60,3,10,4,5,H03,8,20,8,20,10,16,"  ",60,60,1,22,8,H03,120.736379,24.249729,2,66000,387130000C,(04)23289100,(04)25368667
2312,2023,03,6,18,43,臺中市,西區,0,0,0,8,,,30,,,,,,,,,,,,,,,23,"  ","  ","  ","  ",B03,"  ","  ",1,"  ",1,"  ","  ",23,"   ",1,21,"  ",B03,120.661693,24.139613,3,66000,387130000C,(04)23289100,(04)25368667
2313,2023,03,6,18,43,臺中市,豐原區,0,1,0,8,3,5,50,3,1,1,5,4,5,7,1,1,5,5,4,2,13,23,3,10,1,1,B12,7,9,1,8,2,8,"  ",23,16,1,22,8,B12,120.697827,24.244611,2,66000,387130000C,(04)23289100,(04)25368667
2314,2023,03,6,18,44,臺中市,北區,0,0,0,8,1,5,50,14,9,1,5,4,5,7,4,4,1,4,5,2,13,26,3,10,1,1,B03,7,8,1,8,2,6,"  ",26,26,1,5,5,B03,120.684984,24.159415,3,66000,387130000C,(04)23289100,(04)25368667
2315,2023,03,6,18,45,臺中市,霧峰區,0,0,0,8,,,50,,,,,,,,,,,,,,,18,"  ","  ","  ","  ",C03,"  ","  ",1,"  ",2,"  ","  ",18,"   ",1,18,"  ",C03,120.698555,24.063776,3,66000,387130000C,(04)23289100,(04)25368667
2316,2023,03,6,18,47,臺中市,西屯區,0,0,0,8,,,50,,,,,,,,,,,,,,,42,"  ","  ","  ","  ",B03,"  ","  ",1,"  ",1,"  ","  ",42,"   ",1,12,"  ",B03,120.643763,24.200623,3,66000,387130000C,(04)23289100,(04)25368667
2317,2023,03,6,18,50,臺中市,中區,0,1,0,8,1,5,50,4,1,1,5,4,5,7,1,1,10,5,5,2,16,6,3,10,1,1,B03,7,6,1,8,2,5,"  ",6,6,1,22,9,B03,120.679547,24.142469,2,66000,387130000C,(04)23289100,(04)25368667
2318,2023,03,6,18,50,臺中市,豐原區,0,3,0,8,3,5,50,14,9,1,5,4,5,7,2,1,1,5,5,1,13,23,3,10,1,1,B03,7,9,1,8,2,8,"  ",23,23,1,22,8,B03,120.722816,24.264293,2,66000,387130000C,(04)23289100,(04)25368667
2319,2023,03,6,18,51,臺中市,豐原區,0,1,0,8,3,5,50,4,1,1,5,4,5,7,2,1,4,5,4,2,17,25,3,10,1,1,B03,7,9,1,8,2,1,"  ",25,25,1,4,5,B03,120.715661,24.251461,2,66000,387130000C,(04)23289100,(04)25368667
2320,2023,03,6,18,53,臺中市,太平區,0,1,0,8,1,5,50,4,1,1,5,4,5,7,1,1,10,5,5,2,16,8,3,10,1,1,C03,7,5,1,10,2,13,"  ",8,8,1,22,5,C03,120.715333,24.11964,2,66000,387130000C,(04)23289100,(04)25368667
2321,2023,03,6,19,4,臺中市,沙鹿區,0,2,0,8,3,5,50,4,1,1,5,4,5,7,4,4,10,5,5,2,16,6,3,10,1,1,C03,7,5,1,10,2,14,"  ",6,6,1,21,8,C03,120.579971,24.214494,2,66000,387130000C,(04)23289100,(04)25368667
2322,2023,03,6,19,5,臺中市,沙鹿區,0,0,0,8,,,50,,,,,,,,,,,,,,,12,"  ","  ","  ","  ",B03,"  ","  ",1,"  ",2,"  ","  ",12,"   ",1,19,"  ",B03,120.56024,24.240183,3,66000,387130000C,(04)23289100,(04)25368667
2323,2023,03,6,19,14,臺中市,龍井區,0,0,0,8,,,50,,,,,,,,,,,,,,,23,"  ","  ","  ","  ",B03,"  ","  ",1,"  ",2,"  ","  ",23,"   ",1,5,"  ",B03,120.530529,24.190758,3,66000,387130000C,(04)23289100,(04)25368667
2324,2023,03,6,19,14,臺中市,東勢區,0,0,0,8,1,5,50,14,9,1,5,4,5,7,4,4,5,5,5,1,17,23,"  ","  ","  ","  ",B03,"  ","  ",1,"  ",2,"  ","  ",23,23,1,22,"  ",B03,120.831619,24.24816,3,66000,387130000C,(04)23289100,(04)25368667
2325,2023,03,6,19,20,臺中市,沙鹿區,0,1,0,8,3,5,60,3,2,1,5,4,5,7,1,1,1,2,4,1,12,44,3,10,1,1,B12,7,9,1,8,2,5,"  ",44,44,1,4,8,B12,120.56183,24.208285,2,66000,387130000C,(04)23289100,(04)25368667
2326,2023,03,6,19,27,臺中市,大雅區,0,0,0,8,,,30,,,,,,,,,,,,,,,23,"  ","  ","  ","  ",B03,"  ","  ",1,"  ",1,"  ","  ",23,"   ",1,21,"  ",B03,120.650966,24.22144,3,66000,387130000C,(04)23289100,(04)25368667
2327,2023,03,6,19,28,臺中市,烏日區,0,1,0,8,3,5,40,14,8,1,5,4,5,7,4,4,1,5,1,2,18,42,2,9,1,1,C03,7,9,1,10,2,12,"  ",42,42,1,22,9,C03,120.648387,24.087049,2,66000,387130000C,(04)23289100,(04)25368667