序號,年,月,日,時,分,縣市,區,死亡數量,受傷數量,2-30,天候,光線,道路類別,速限_速度(公里),道路型態,事故位置,路面鋪裝,路面狀態,路面缺陷,障礙物,視距,號誌種類,號誌動作,分向設施,快車道或一般車道間,快慢車道間,路面邊線,事故類型及型態,主要肇因,受傷程度,主要傷處,保護裝備,行動電話,當事者區分,車輛用途,當事者行動狀態,駕駛資格情形,駕駛執照種類,飲酒情形,車輛撞擊部位最初,車輛撞擊部位其他,肇事因素個別,肇事因素主要,肇事逃逸,職業,旅次目的,車種,GPS座標X,GPS座標Y,事故類別,縣市別代碼,機關代碼,市話,傳真
2328,2023,03,6,19,29,臺中市,豐原區,0,0,0,8,,,50,,,,,,,,,,,,,,,16,"  ","  ","  ","  ",A11,"  ","  ",1,"  ",2,"  ","  ",16,"   ",1,22,"  ",A11,120.749545,24.268486,3,66000,387130000C,(04)23289100,(04)25368667
2329,2023,03,6,19,30,臺中市,南屯區,0,0,0,,,,30,,,,,,,,,,,,,,,23,"  ","  ","  ","  ",B03,"  ","  ",1,"  ",11,"  ","  ",23,"   ",2,22,"  ",B03,120.610958,24.138556,3,66000,387130000C,(04)23289100,(04)25368667
2330,2023,03,6,19,30,臺中市,西屯區,0,1,0,8,3,5,50,4,8,1,5,4,5,7,4,4,5,4,4,1,27,66,"  ","  ","  ","  ","   ","  ","  ","  ","  ","  ","  ","  ",66,66,1,"  ","  ","   ",120.622599,24.174955,2,66000,387130000C,(04)23289100,(04)25368667
2331,2023,03,6,19,34,臺中市,太平區,0,0,0,8,,,50,,,,,,,,,,,,,,,16,"  ","  ","  ","  ",B03,"  ","  ",1,"  ",1,"  ","  ",16,"   ",1,9,"  ",B03,120.714225,24.138435,3,66000,387130000C,(04)23289100,(04)25368667
2332,2023,03,6,19,35,臺中市,北屯區,0,1,0,8,3,5,50,5,18,1,5,4,5,7,1,1,10,5,5,2,3,15,3,10,3,4,B12,7,5,1,8,2,8,"  ",15,15,1,21,8,B12,120.697885,24.17069,2,66000,387130000C,(04)23289100,(04)25368667
2333,2023,03,6,19,50,臺中市,北區,0,0,0,,,,50,,,,,,,,,,,,,,,6,"  ","  ","  ","  ",C03,"  ","  ",1,"  ",11,"  ","  ",13,6,1,22,"  ",C03,120.672266,24.17165,3,66000,387130000C,(04)23289100,(04)25368667
2334,2023,03,6,19,54,臺中市,潭子區,0,1,0,8,3,5,40,4,1,1,5,4,5,7,4,4,5,4,4,2,16,6,3,10,1,1,B03,7,5,1,10,2,8,"  ",6,6,1,22,8,B03,120.691993,24.219315,2,66000,387130000C,(04)23289100,(04)25368667
2335,2023,03,6,19,55,臺中市,東區,0,2,0,8,3,5,50,3,1,1,5,4,5,7,4,4,10,5,5,2,17,43,2,9,1,1,C03,7,9,1,10,2,12,"  ",43,43,1,22,8,C03,120.689369,24.141536,2,66000,387130000C,(04)23289100,(04)25368667
2336,2023,03,6,19,57,臺中市,西屯區,0,0,0,8,,,50,,,,,,,,,,,,,,,26,"  ","  ","  ","  ",B03,"  ","  ",6,"  ",2,"  ","  ",26,"   ",1,22,"  ",B03,120.652485,24.16573,3,66000,387130000C,(04)23289100,(04)25368667
2337,2023,03,6,20,2,臺中市,南區,0,0,0,,,,50,,,,,,,,,,,,,,,23,"  ","  ","  ","  ",C03,"  ","  ",1,"  ",2,"  ","  ",23,"   ",1,22,"  ",C03,120.657421,24.116651,3,66000,387130000C,(04)23289100,(04)25368667
2338,2023,03,6,20,3,臺中市,大里區,0,2,0,8,3,5,50,3,1,1,5,4,5,7,4,4,5,5,4,2,16,6,2,9,1,1,C03,7,5,1,10,2,12,"  ",6,6,1,22,9,C03,120.692174,24.11032,2,66000,387130000C,(04)23289100,(04)25368667
2339,2023,03,6,20,8,臺中市,北屯區,0,1,0,8,3,5,50,14,9,1,5,4,5,7,4,4,5,4,5,2,12,7,3,10,1,1,B03,7,7,1,8,9,7,"  ",7,7,2,22,8,B03,120.729271,24.171321,2,66000,387130000C,(04)23289100,(04)25368667
2340,2023,03,6,20,9,臺中市,北屯區,0,1,0,8,3,5,50,4,1,1,5,4,5,7,2,1,10,5,5,2,16,6,3,10,1,1,C03,7,5,1,10,2,14,"  ",6,6,1,21,8,C03,120.679635,24.173075,2,66000,387130000C,(04)23289100,(04)25368667
2341,2023,03,6,20,19,臺中市,烏日區,0,1,0,8,3,5,50,14,7,1,5,4,5,7,4,4,5,5,4,2,29,43,2,9,1,1,C03,7,9,1,10,2,12,"  ",43,43,1,21,8,C03,120.63427,24.108962,2,66000,387130000C,(04)23289100,(04)25368667
2342,2023,03,6,20,20,臺中市,南區,0,0,0,8,,,30,,,,,,,,,,,,,,,6,"  ","  ","  ","  ",F01,"  ","  ",8,20,2,"  ","  ",6,6,1,16,"  ",F01,120.656293,24.115443,3,66000,387130000C,(04)23289100,(04)25368667
2343,2023,03,6,20,20,臺中市,霧峰區,0,1,0,8,4,5,30,14,9,1,5,4,5,7,4,4,10,5,5,2,29,23,2,9,1,1,C03,7,9,1,10,2,15,"  ",23,23,1,18,8,C03,120.69861,24.05056,2,66000,387130000C,(04)23289100,(04)25368667
2344,2023,03,6,20,24,臺中市,北區,0,0,0,8,,,50,,,,,,,,,,,,,,,6,"  ","  ","  ","  ",C03,"  ","  ",1,"  ",2,"  ","  ",6,"   ",1,20,"  ",C03,120.688411,24.151722,3,66000,387130000C,(04)23289100,(04)25368667
2345,2023,03,6,20,30,臺中市,太平區,0,2,0,8,3,5,50,4,1,1,5,4,5,7,4,4,10,5,5,2,15,6,2,9,1,1,C03,7,9,1,10,2,14,"  ",6,6,1,21,8,C03,120.719672,24.116314,2,66000,387130000C,(04)23289100,(04)25368667
2346,2023,03,6,20,38,臺中市,烏日區,0,0,0,8,,,50,,,,,,,,,,,,,,,25,"  ","  ","  ","  ",B03,"  ","  ",1,"  ",2,"  ","  ",25,"   ",1,21,"  ",B03,120.625741,24.110485,3,66000,387130000C,(04)23289100,(04)25368667
2347,2023,03,6,20,42,臺中市,大里區,0,2,0,8,3,5,50,4,1,1,5,4,5,7,1,1,10,5,5,1,16,8,2,9,1,1,C03,7,5,1,10,2,13,"  ",8,8,1,5,8,C03,120.691177,24.114502,2,66000,387130000C,(04)23289100,(04)25368667
2348,2023,03,6,20,42,臺中市,豐原區,0,3,0,8,3,5,50,14,9,1,5,4,5,7,4,4,1,4,5,2,13,23,2,9,3,4,B03,7,9,1,8,2,1,"  ",23,23,1,22,8,B03,120.702173,24.249393,2,66000,387130000C,(04)23289100,(04)25368667
2349,2023,03,6,20,58,臺中市,西屯區,0,0,0,8,,,50,,,,,,,,,,,,,,,42,"  ","  ","  ","  ",A11,"  ","  ",1,"  ",2,"  ","  ",42,"   ",1,22,"  ",A11,120.637554,24.17981,3,66000,387130000C,(04)23289100,(04)25368667
2350,2023,03,6,21,0,臺中市,東區,0,1,0,8,3,5,50,4,1,1,5,4,5,7,2,1,10,5,5,2,16,6,3,10,1,1,B12,7,5,5,18,2,1,"  ",6,6,1,22,8,B12,120.708686,24.142747,2,66000,387130000C,(04)23289100,(04)25368667
2351,2023,03,6,21,0,臺中市,烏日區,0,1,0,8,3,5,30,3,9,1,5,4,5,7,4,4,10,5,4,1,17,23,2,9,1,1,F02,7,9,8,20,2,16,"  ",23,7,1,21,8,F02,120.648194,24.069965,2,66000,387130000C,(04)23289100,(04)25368667
2352,2023,03,6,21,1,臺中市,北屯區,0,0,0,8,3,5,50,4,9,1,5,4,5,7,1,1,5,5,5,2,12,7,3,10,1,1,B02,7,15,1,8,3,8,"  ",7,7,1,20,8,B02,120.703353,24.169711,3,66000,387130000C,(04)23289100,(04)25368667
2353,2023,03,6,21,23,臺中市,梧棲區,0,0,0,8,,,60,,,,,,,,,,,,,,,23,"  ","  ","  ","  ",B01,"  ","  ",1,"  ",2,"  ","  ",23,"   ",1,22,"  ",B01,120.537271,24.252081,3,66000,387130000C,(04)23289100,(04)25368667
2354,2023,03,6,21,30,臺中市,霧峰區,0,1,0,8,3,5,40,14,9,1,5,4,5,7,4,4,5,5,5,1,13,16,3,10,3,4,C03,7,9,1,10,2,11,13,16,16,1,18,8,C03,120.693206,24.063051,2,66000,387130000C,(04)23289100,(04)25368667
2355,2023,03,6,21,34,臺中市,南區,0,1,0,7,3,5,50,3,1,1,5,4,5,7,4,4,10,5,5,2,16,6,2,9,1,1,C03,7,5,1,10,2,12,"  ",6,6,1,22,9,C03,120.674376,24.128718,2,66000,387130000C,(04)23289100,(04)25368667
2356,2023,03,6,21,44,臺中市,西區,0,2,0,8,3,5,50,4,1,1,5,4,5,7,2,1,10,5,5,2,16,6,2,8,1,1,C03,7,5,1,10,2,11,"  ",6,6,1,18,8,C03,120.669792,24.143996,2,66000,387130000C,(04)23289100,(04)25368667
2357,2023,03,6,21,45,臺中市,西屯區,0,1,0,8,3,5,40,5,1,1,5,4,5,7,1,1,10,5,5,2,12,43,3,10,1,1,C03,7,6,1,10,2,12,"  ",43,43,1,22,8,C03,120.657382,24.163162,2,66000,387130000C,(04)23289100,(04)25368667
2358,2023,03,6,21,52,臺中市,東區,0,1,0,8,3,5,50,4,2,1,5,4,5,7,2,1,10,5,5,2,12,7,2,9,1,1,C03,7,7,1,10,2,11,"  ",7,7,1,21,8,C03,120.69766,24.150632,2,66000,387130000C,(04)23289100,(04)25368667
2359,2023,03,6,21,55,臺中市,大雅區,0,0,0,8,,,50,,,,,,,,,,,,,,,6,"  ","  ","  ","  ",B03,"  ","  ",1,"  ",2,"  ","  ",6,6,1,21,"  ",B03,120.648923,24.21804,3,66000,387130000C,(04)23289100,(04)25368667
2360,2023,03,6,22,0,臺中市,沙鹿區,0,1,0,8,3,5,40,14,8,1,5,4,5,7,4,4,1,4,1,1,17,23,2,9,1,1,C03,7,9,1,10,2,11,"  ",23,23,1,4,8,C03,120.580926,24.211221,2,66000,387130000C,(04)23289100,(04)25368667
2361,2023,03,6,22,1,臺中市,東區,0,1,0,8,3,5,50,4,1,1,5,4,5,7,2,1,10,5,5,2,17,9,3,10,1,1,B03,7,6,1,8,11,15,"  ",9,9,1,22,8,B03,120.700233,24.139022,2,66000,387130000C,(04)23289100,(04)25368667
2362,2023,03,6,22,4,臺中市,霧峰區,0,2,0,8,3,5,30,4,1,1,5,4,5,7,1,1,10,5,5,2,16,1,2,9,1,1,C03,7,9,1,10,2,12,"  ",1,1,1,18,8,C03,120.695205,24.05961,2,66000,387130000C,(04)23289100,(04)25368667
2363,2023,03,6,22,7,臺中市,太平區,0,0,0,8,,,50,,,,,,,,,,,,,,,16,"  ","  ","  ","  ",C03,"  ","  ",1,"  ",2,"  ","  ",16,"   ",1,18,"  ",C03,120.731611,24.140187,3,66000,387130000C,(04)23289100,(04)25368667
2364,2023,03,6,22,9,臺中市,北屯區,0,0,0,8,,,50,,,,,,,,,,,,,,,12,"  ","  ","  ","  ",C03,"  ","  ",1,"  ",1,"  ","  ",12,"   ",1,22,"  ",C03,120.723526,24.175036,3,66000,387130000C,(04)23289100,(04)25368667
2365,2023,03,6,22,13,臺中市,大里區,0,0,0,8,,,40,,,,,,,,,,,,,,,23,"  ","  ","  ","  ",B02,"  ","  ",1,"  ",2,"  ","  ",23,"   ",1,3,"  ",B02,120.695773,24.096526,3,66000,387130000C,(04)23289100,(04)25368667
2366,2023,03,6,22,13,臺中市,沙鹿區,0,1,0,8,1,5,50,4,7,1,5,4,5,7,2,1,4,5,4,2,17,26,3,10,1,1,C03,7,15,1,10,11,15,"  ",26,26,2,8,5,C03,120.57522,24.226725,2,66000,387130000C,(04)23289100,(04)25368667
2367,2023,03,6,22,17,臺中市,潭子區,0,1,0,8,3,5,40,3,2,1,5,4,5,7,4,4,5,5,5,1,17,14,3,10,1,1,B12,7,6,1,8,2,15,"  ",6,14,1,22,8,B12,120.699336,24.223104,2,66000,387130000C,(04)23289100,(04)25368667
2368,2023,03,6,22,24,臺中市,大里區,0,0,0,8,1,5,50,14,9,1,5,4,5,7,1,1,5,2,5,2,13,23,"  ","  ","  ","  ",B03,"  ","  ",1,"  ",2,"  ","  ",23,"   ",1,22,"  ",B03,120.696329,24.11111,3,66000,387130000C,(04)23289100,(04)25368667
2369,2023,03,6,22,24,臺中市,大里區,0,1,0,8,3,5,50,4,2,1,5,4,5,7,1,1,10,5,5,1,17,8,3,10,1,1,C03,7,5,1,10,2,15,"  ",8,8,1,5,8,C03,120.687211,24.102591,2,66000,387130000C,(04)23289100,(04)25368667
2370,2023,03,6,22,50,臺中市,西區,0,2,0,8,3,5,50,4,1,1,5,4,5,7,2,1,10,5,5,2,15,25,2,9,1,1,C03,7,9,1,10,2,12,"  ",25,25,1,18,9,C03,120.666736,24.141067,2,66000,387130000C,(04)23289100,(04)25368667
2371,2023,03,6,22,52,臺中市,西屯區,0,0,0,8,,,50,,,,,,,,,,,,,,,23,"  ","  ","  ","  ",B03,"  ","  ",1,"  ",2,"  ","  ",23,"   ",1,12,"  ",B03,120.653776,24.176121,3,66000,387130000C,(04)23289100,(04)25368667
2372,2023,03,6,23,9,臺中市,南屯區,0,1,0,8,3,5,50,4,1,1,5,4,5,7,1,1,1,2,1,2,18,43,2,9,3,4,C03,7,9,1,10,2,14,"  ",43,43,1,22,8,C03,120.623122,24.149711,2,66000,387130000C,(04)23289100,(04)25368667
2373,2023,03,6,23,25,臺中市,南屯區,0,1,0,8,3,5,30,14,9,1,5,4,5,7,4,4,10,5,5,2,13,16,2,8,1,1,C03,7,9,1,10,2,11,"  ",16,16,1,4,8,C03,120.620237,24.137862,2,66000,387130000C,(04)23289100,(04)25368667
2374,2023,03,6,23,25,臺中市,梧棲區,0,1,0,8,3,5,50,14,8,1,5,4,5,7,4,4,1,4,4,2,16,9,3,10,3,4,B03,7,6,1,8,2,5,"  ",9,9,1,22,8,B03,120.538397,24.258225,2,66000,387130000C,(04)23289100,(04)25368667
2375,2023,03,6,23,31,臺中市,沙鹿區,0,1,1,8,3,5,40,14,8,1,5,4,5,7,4,4,1,4,4,2,2,23,5,9,4,5,H01,8,16,8,20,10,16,"  ",60,23,1,20,9,H01,120.576539,24.226473,2,66000,387130000C,(04)23289100,(04)25368667
2376,2023,03,7,0,2,臺中市,沙鹿區,0,0,0,8,,,50,,,,,,,,,,,,,,,23,"  ","  ","  ","  ",C03,"  ","  ",1,"  ",3,"  ","  ",23,"   ",1,18,"  ",C03,120.582157,24.222492,3,66000,387130000C,(04)23289100,(04)25368667
2377,2023,03,7,0,35,臺中市,沙鹿區,0,0,0,8,,,40,,,,,,,,,,,,,,,18,"  ","  ","  ","  ",B03,"  ","  ",1,"  ",2,"  ","  ",18,"   ",1,4,"  ",B03,120.56136,24.242898,3,66000,387130000C,(04)23289100,(04)25368667
2378,2023,03,7,1,30,臺中市,大甲區,0,0,0,8,,,30,,,,,,,,,,,,,,,12,"  ","  ","  ","  ",B12,"  ","  ",1,"  ",2,"  ","  ",12,"   ",1,9,"  ",B12,120.644423,24.400176,3,66000,387130000C,(04)23289100,(04)25368667
2379,2023,03,7,1,30,臺中市,豐原區,0,1,0,8,3,5,50,4,1,1,5,4,5,7,3,1,1,3,4,1,15,6,2,1,1,1,B03,7,9,1,8,2,4,"  ",6,6,1,22,8,B03,120.715278,24.256103,2,66000,387130000C,(04)23289100,(04)25368667
2380,2023,03,7,1,54,臺中市,西屯區,0,1,0,8,3,5,50,3,1,1,5,4,5,7,2,1,10,5,5,2,16,19,3,10,1,1,B03,7,1,1,8,5,8,"  ",19,19,1,22,8,B03,120.648846,24.168942,2,66000,387130000C,(04)23289100,(04)25368667
2381,2023,03,7,2,4,臺中市,大肚區,0,3,0,8,3,5,50,3,2,1,5,4,5,7,1,1,5,4,5,2,19,23,2,9,1,1,B03,7,9,3,18,2,5,"  ",23,23,1,21,8,B03,120.54302,24.163155,2,66000,387130000C,(04)23289100,(04)25368667
2382,2023,03,7,3,3,臺中市,北區,0,3,0,8,3,5,50,4,1,1,5,4,5,7,1,1,5,5,4,2,16,25,2,8,1,1,C03,7,5,1,10,2,11,"  ",25,25,1,21,8,C03,120.684453,24.147933,2,66000,387130000C,(04)23289100,(04)25368667
2383,2023,03,7,4,12,臺中市,西屯區,0,0,0,8,,,50,,,,,,,,,,,,,,,23,"  ","  ","  ","  ",B03,"  ","  ",1,"  ",11,"  ","  ",23,"   ",1,22,"  ",B03,120.645639,24.163678,3,66000,387130000C,(04)23289100,(04)25368667
2384,2023,03,7,5,0,臺中市,北屯區,0,1,0,8,3,5,50,5,1,1,5,4,5,7,2,1,10,5,5,2,16,6,3,10,1,1,B03,7,6,1,8,2,6,"  ",6,6,1,5,8,B03,120.674173,24.173653,2,66000,387130000C,(04)23289100,(04)25368667
2385,2023,03,7,5,42,臺中市,東區,0,1,0,7,3,5,50,4,1,1,5,4,5,7,3,1,10,5,5,2,16,6,2,9,1,1,C03,7,9,1,10,2,11,"  ",6,6,1,22,8,C03,120.690653,24.13471,2,66000,387130000C,(04)23289100,(04)25368667
2386,2023,03,7,5,55,臺中市,北區,0,0,0,,,,50,,,,,,,,,,,,,,,16,"  ","  ","  ","  ",C03,"  ","  ",1,"  ",2,"  ","  ",16,"   ",1,5,"  ",C03,120.679288,24.149794,3,66000,387130000C,(04)23289100,(04)25368667
2387,2023,03,7,6,15,臺中市,大雅區,0,1,0,8,1,5,50,14,9,1,5,4,5,7,4,4,10,4,4,2,18,42,2,9,1,1,C03,7,9,1,10,2,14,"  ",42,42,1,22,9,C03,120.650838,24.218423,2,66000,387130000C,(04)23289100,(04)25368667
2388,2023,03,7,6,15,臺中市,西屯區,0,1,0,8,1,5,30,4,2,1,5,4,5,7,2,1,8,3,5,1,17,40,3,10,1,1,B03,7,13,1,8,2,4,"  ",40,40,1,22,8,B03,120.638759,24.179949,2,66000,387130000C,(04)23289100,(04)25368667
2389,2023,03,7,6,21,臺中市,西屯區,0,0,0,8,,,30,,,,,,,,,,,,,,,43,"  ","  ","  ","  ",B03,"  ","  ",1,"  ",1,"  ","  ",43,"   ",1,22,"  ",B03,120.644641,24.175906,3,66000,387130000C,(04)23289100,(04)25368667
2390,2023,03,7,6,43,臺中市,太平區,0,1,0,8,1,5,30,3,1,1,5,4,5,7,4,4,10,5,5,2,16,6,3,10,1,1,B12,7,11,1,8,2,5,"  ",6,6,1,4,5,B12,120.712111,24.157678,2,66000,387130000C,(04)23289100,(04)25368667
2391,2023,03,7,6,55,臺中市,豐原區,0,1,0,8,1,5,50,3,1,1,5,4,5,7,4,4,4,3,5,2,15,6,3,10,1,1,B03,7,1,1,8,2,1,"  ",6,6,1,22,8,B03,120.706114,24.246749,2,66000,387130000C,(04)23289100,(04)25368667
2392,2023,03,7,7,2,臺中市,西屯區,0,1,0,8,1,5,50,15,8,1,5,4,5,7,4,4,8,3,4,1,17,23,2,9,1,1,C03,7,9,1,10,2,14,"  ",23,23,1,22,8,C03,120.64574,24.172401,2,66000,387130000C,(04)23289100,(04)25368667
2393,2023,03,7,7,3,臺中市,西區,0,0,0,8,1,5,50,14,9,1,5,4,5,7,4,4,10,5,5,2,17,23,"  ","  ","  ","  ",B03,"  ","  ",1,"  ",1,"  ","  ",23,"   ",1,5,"  ",B03,120.656445,24.151254,3,66000,387130000C,(04)23289100,(04)25368667
2394,2023,03,7,7,3,臺中市,龍井區,0,0,0,,,,60,,,,,,,,,,,,,,,23,"  ","  ","  ","  ",C03,"  ","  ",1,"  ",2,"  ","  ",23,"   ",1,5,"  ",C03,120.574167,24.181148,3,66000,387130000C,(04)23289100,(04)25368667
2395,2023,03,7,7,6,臺中市,大甲區,0,1,0,8,1,5,50,3,1,1,5,4,5,7,4,4,10,5,5,2,13,26,2,5,1,1,C03,7,9,1,10,2,11,"  ",26,26,1,4,1,C03,120.626065,24.350147,2,66000,387130000C,(04)23289100,(04)25368667
2396,2023,03,7,7,9,臺中市,梧棲區,0,1,0,8,1,5,50,3,1,1,5,4,5,7,4,4,10,5,5,1,16,6,2,1,1,1,C03,7,5,3,18,2,12,"  ",6,6,1,20,8,C03,120.532978,24.252129,2,66000,387130000C,(04)23289100,(04)25368667
2397,2023,03,7,7,12,臺中市,大甲區,0,0,0,,,,50,,,,,,,,,,,,,,,42,"  ","  ","  ","  ",C03,"  ","  ",1,"  ",1,"  ","  ",42,18,1,21,"  ",C03,120.623188,24.352236,3,66000,387130000C,(04)23289100,(04)25368667
2398,2023,03,7,7,13,臺中市,豐原區,0,1,0,8,1,5,50,14,9,1,5,4,5,7,4,4,5,5,5,2,17,17,3,10,1,1,B03,7,9,1,8,2,2,"  ",17,17,1,22,8,B03,120.746535,24.254457,2,66000,387130000C,(04)23289100,(04)25368667
2399,2023,03,7,7,16,臺中市,北屯區,0,0,0,8,,,50,,,,,,,,,,,,,,,23,"  ","  ","  ","  ",B12,"  ","  ",1,"  ",1,"  ","  ",23,"   ",1,21,"  ",B12,120.719585,24.178584,3,66000,387130000C,(04)23289100,(04)25368667
2400,2023,03,7,7,20,臺中市,東區,0,1,0,8,1,5,50,5,1,1,5,4,5,7,1,1,10,4,5,2,13,16,2,9,1,1,C03,7,9,1,10,11,11,"  ",16,16,1,22,8,C03,120.69315,24.132824,2,66000,387130000C,(04)23289100,(04)25368667
2401,2023,03,7,7,29,臺中市,烏日區,0,0,0,,,,60,,,,,,,,,,,,,,,26,"  ","  ","  ","  ",B03,"  ","  ",1,"  ",2,"  ","  ",26,"   ",1,21,"  ",B03,120.646375,24.110952,3,66000,387130000C,(04)23289100,(04)25368667
2402,2023,03,7,7,29,臺中市,豐原區,0,1,0,8,1,5,30,3,1,1,5,4,1,3,4,4,10,5,5,1,16,6,3,10,1,1,B03,7,5,1,8,2,5,"  ",6,6,1,22,8,B03,120.729452,24.234187,2,66000,387130000C,(04)23289100,(04)25368667
2403,2023,03,7,7,30,臺中市,西屯區,0,1,0,8,1,5,50,14,9,1,5,4,5,7,4,4,7,5,5,2,11,6,3,10,1,1,B03,7,5,1,8,2,8,"  ",6,6,1,22,8,B03,120.603021,24.161634,2,66000,387130000C,(04)23289100,(04)25368667
2404,2023,03,7,7,32,臺中市,北屯區,0,1,0,8,1,5,50,14,9,1,5,4,5,7,1,1,3,4,5,2,16,17,3,10,1,1,D03,7,9,1,8,2,2,"  ",17,17,1,22,8,D03,120.662768,24.188316,2,66000,387130000C,(04)23289100,(04)25368667
2405,2023,03,7,7,32,臺中市,霧峰區,0,2,0,8,1,5,30,11,9,1,5,4,5,7,4,4,10,5,5,1,10,17,2,8,3,4,C03,7,9,3,18,1,14,"  ",17,17,1,22,8,C03,120.709419,24.076088,2,66000,387130000C,(04)23289100,(04)25368667
2406,2023,03,7,7,35,臺中市,太平區,0,1,0,8,1,5,50,4,1,1,5,4,5,7,3,1,5,5,4,1,13,16,2,9,1,1,C03,7,9,1,10,2,11,"  ",16,16,1,21,8,C03,120.727022,24.148951,2,66000,387130000C,(04)23289100,(04)25368667
2407,2023,03,7,7,35,臺中市,大肚區,0,1,0,8,1,5,50,3,1,1,5,4,5,7,3,1,5,4,5,1,16,1,2,7,1,1,C03,7,4,1,10,2,11,"  ",1,1,1,21,8,C03,120.534216,24.162232,2,66000,387130000C,(04)23289100,(04)25368667
2408,2023,03,7,7,37,臺中市,太平區,0,0,0,8,,,50,,,,,,,,,,,,,,,23,"  ","  ","  ","  ",C03,"  ","  ",1,"  ",2,"  ","  ",23,"   ",1,22,"  ",C03,120.712182,24.144435,3,66000,387130000C,(04)23289100,(04)25368667
2409,2023,03,7,7,37,臺中市,烏日區,0,0,0,8,1,5,50,14,9,1,5,4,5,7,4,4,9,5,5,1,13,23,"  ","  ","  ","  ",C03,"  ","  ",1,"  ",2,"  ","  ",23,"   ",1,22,"  ",C03,120.624481,24.102852,3,66000,387130000C,(04)23289100,(04)25368667
2410,2023,03,7,7,40,臺中市,西屯區,0,0,0,8,,,30,,,,,,,,,,,,,,,12,"  ","  ","  ","  ",B03,"  ","  ",3,"  ",2,"  ","  ",12,"   ",1,21,"  ",B03,120.594564,24.185138,3,66000,387130000C,(04)23289100,(04)25368667
2411,2023,03,7,7,40,臺中市,豐原區,0,0,0,,,,50,,,,,,,,,,,,,,,16,"  ","  ","  ","  ",C03,"  ","  ",1,"  ",2,"  ","  ",16,"   ",1,2,"  ",C03,120.747312,24.269686,3,66000,387130000C,(04)23289100,(04)25368667
2412,2023,03,7,7,42,臺中市,北屯區,0,1,0,8,1,8,50,14,9,1,5,4,5,7,4,4,5,5,5,2,12,23,2,7,1,1,C03,7,9,1,10,2,11,"  ",23,23,1,22,8,C03,120.68371,24.173215,2,66000,387130000C,(04)23289100,(04)25368667
2413,2023,03,7,7,42,臺中市,神岡區,0,0,0,8,,,50,,,,,,,,,,,,,,,8,"  ","  ","  ","  ",C03,"  ","  ",1,"  ",1,"  ","  ",8,"   ",1,21,"  ",C03,120.695403,24.236606,3,66000,387130000C,(04)23289100,(04)25368667
2414,2023,03,7,7,43,臺中市,西屯區,0,2,0,8,1,5,50,4,1,1,5,4,5,7,2,1,10,5,5,2,13,23,2,9,1,1,C03,7,9,1,10,2,12,"  ",23,23,1,8,8,C03,120.651964,24.165828,2,66000,387130000C,(04)23289100,(04)25368667
2415,2023,03,7,7,44,臺中市,豐原區,0,0,0,8,,,50,,,,,,,,,,,,,,,18,"  ","  ","  ","  ",B03,"  ","  ",1,"  ",2,"  ","  ",18,"   ",1,22,"  ",B03,120.760315,24.277073,3,66000,387130000C,(04)23289100,(04)25368667
2416,2023,03,7,7,45,臺中市,南屯區,0,3,0,8,1,5,50,4,1,1,5,4,5,7,2,1,1,2,4,2,16,9,2,9,3,4,C03,7,6,1,10,2,12,"  ",9,9,1,4,9,C03,120.631782,24.125659,2,66000,387130000C,(04)23289100,(04)25368667
2417,2023,03,7,7,45,臺中市,西屯區,0,0,0,8,,,40,,,,,,,,,,,,,,,23,"  ","  ","  ","  ",B03,"  ","  ",1,"  ",1,"  ","  ",23,"   ",1,22,"  ",B03,120.630942,24.161973,3,66000,387130000C,(04)23289100,(04)25368667
2418,2023,03,7,7,45,臺中市,大里區,0,2,0,8,1,5,50,14,9,1,5,4,5,7,4,4,9,4,5,1,16,8,2,8,1,1,F01,7,5,8,20,10,16,"  ",8,8,1,22,9,F01,120.7128,24.088311,2,66000,387130000C,(04)23289100,(04)25368667
2419,2023,03,7,7,47,臺中市,龍井區,0,2,0,8,1,5,50,14,9,1,5,4,5,7,4,4,5,4,5,2,3,52,2,8,4,1,H01,8,16,8,20,10,16,"  ",52,52,1,3,1,H01,120.586311,24.18149,2,66000,387130000C,(04)23289100,(04)25368667
2420,2023,03,7,7,47,臺中市,神岡區,0,2,0,8,1,5,30,15,9,1,5,4,5,7,4,4,5,5,4,2,17,6,2,8,1,1,C03,7,9,1,10,2,11,"  ",6,6,1,22,8,C03,120.657308,24.25582,2,66000,387130000C,(04)23289100,(04)25368667
2421,2023,03,7,7,48,臺中市,豐原區,0,1,0,8,1,5,40,14,8,1,5,4,5,7,4,4,1,4,4,2,12,23,3,10,1,1,C03,7,9,1,10,2,15,"  ",23,1,1,22,8,C03,120.727674,24.239172,2,66000,387130000C,(04)23289100,(04)25368667
2422,2023,03,7,7,50,臺中市,北區,0,0,0,8,,,50,,,,,,,,,,,,,,,4,"  ","  ","  ","  ",C03,"  ","  ",1,"  ",1,"  ","  ",4,"   ",1,22,"  ",C03,120.669204,24.161613,3,66000,387130000C,(04)23289100,(04)25368667
2423,2023,03,7,7,50,臺中市,外埔區,0,2,0,8,1,5,50,3,1,1,5,4,5,7,4,4,10,5,5,2,11,23,2,7,1,1,C03,7,6,1,10,2,11,"  ",23,23,1,21,1,C03,120.632295,24.332661,2,66000,387130000C,(04)23289100,(04)25368667
2424,2023,03,7,7,50,臺中市,大甲區,0,2,0,8,1,5,40,4,1,1,5,4,5,7,4,4,10,5,5,2,15,6,2,8,1,1,C03,7,9,1,10,2,11,"  ",6,6,1,4,1,C03,120.647921,24.401854,2,66000,387130000C,(04)23289100,(04)25368667