序號,年,月,日,時,分,縣市,區,死亡數量,受傷數量,2-30,天候,光線,道路類別,速限_速度(公里),道路型態,事故位置,路面鋪裝,路面狀態,路面缺陷,障礙物,視距,號誌種類,號誌動作,分向設施,快車道或一般車道間,快慢車道間,路面邊線,事故類型及型態,主要肇因,受傷程度,主要傷處,保護裝備,行動電話,當事者區分,車輛用途,當事者行動狀態,駕駛資格情形,駕駛執照種類,飲酒情形,車輛撞擊部位最初,車輛撞擊部位其他,肇事因素個別,肇事因素主要,肇事逃逸,職業,旅次目的,車種,GPS座標X,GPS座標Y,事故類別,縣市別代碼,機關代碼,市話,傳真
2522,2023,03,7,11,16,臺中市,大里區,0,0,0,8,,,50,,,,,,,,,,,,,,,8,"  ","  ","  ","  ",A01,"  ","  ",1,"  ",2,"  ","  ",8,"   ",1,10,"  ",A01,120.70878,24.08672,3,66000,387130000C,(04)23289100,(04)25368667
2523,2023,03,7,11,16,臺中市,大安區,0,1,0,8,1,5,60,14,9,1,5,4,5,7,3,1,5,4,4,1,13,23,3,10,1,1,B12,7,9,1,8,2,1,"  ",23,23,1,22,1,B12,120.602507,24.365365,2,66000,387130000C,(04)23289100,(04)25368667
2524,2023,03,7,11,18,臺中市,西屯區,0,1,0,8,1,5,50,14,9,1,5,4,5,7,4,4,5,5,5,2,13,18,2,4,3,4,C03,7,3,1,10,2,13,"  ",18,18,1,22,8,C03,120.608664,24.185496,2,66000,387130000C,(04)23289100,(04)25368667
2525,2023,03,7,11,20,臺中市,神岡區,0,0,0,8,,,30,,,,,,,,,,,,,,,17,"  ","  ","  ","  ",B03,"  ","  ",1,"  ",2,"  ","  ",17,"   ",1,21,"  ",B03,120.64264,24.245245,3,66000,387130000C,(04)23289100,(04)25368667
2526,2023,03,7,11,22,臺中市,南屯區,0,0,0,,,,50,,,,,,,,,,,,,,,12,"  ","  ","  ","  ",B03,"  ","  ",1,"  ",1,"  ","  ",12,12,1,4,"  ",B03,120.634086,24.144945,3,66000,387130000C,(04)23289100,(04)25368667
2527,2023,03,7,11,25,臺中市,潭子區,0,0,0,8,,,50,,,,,,,,,,,,,,,5,"  ","  ","  ","  ",A12,"  ","  ",1,"  ",2,"  ","  ",5,"   ",1,22,"  ",A12,120.70189,24.222913,3,66000,387130000C,(04)23289100,(04)25368667
2528,2023,03,7,11,30,臺中市,西區,0,0,0,8,,,50,,,,,,,,,,,,,,,12,"  ","  ","  ","  ",A41,"  ","  ",1,2,2,"  ","  ",12,12,1,22,"  ",A41,120.671813,24.144999,3,66000,387130000C,(04)23289100,(04)25368667
2529,2023,03,7,11,30,臺中市,北屯區,0,1,0,8,1,5,50,14,9,1,5,4,5,7,4,4,5,5,5,1,14,12,3,10,1,1,B12,7,2,1,8,2,3,"  ",12,12,1,4,8,B12,120.674583,24.203436,2,66000,387130000C,(04)23289100,(04)25368667
2530,2023,03,7,11,33,臺中市,北屯區,0,1,0,8,1,5,50,14,9,1,5,4,5,7,1,1,5,4,5,2,13,23,3,10,1,1,B03,7,9,3,18,3,1,"  ",23,23,1,22,8,B03,120.733286,24.168905,2,66000,387130000C,(04)23289100,(04)25368667
2531,2023,03,7,11,35,臺中市,西區,0,0,0,8,,,50,,,,,,,,,,,,,,,23,"  ","  ","  ","  ",B03,"  ","  ",1,"  ",1,"  ","  ",23,"   ",1,5,"  ",B03,120.667101,24.132158,3,66000,387130000C,(04)23289100,(04)25368667
2532,2023,03,7,11,50,臺中市,西屯區,0,0,0,,,,50,,,,,,,,,,,,,,,23,"  ","  ","  ","  ",B12,"  ","  ",1,"  ",1,"  ","  ",23,"   ",1,22,"  ",B12,120.644933,24.181792,3,66000,387130000C,(04)23289100,(04)25368667
2533,2023,03,7,11,50,臺中市,后里區,0,1,0,8,1,5,40,14,8,1,5,4,5,7,4,4,9,5,4,1,13,16,2,9,1,1,C03,7,9,1,10,2,11,"  ",16,16,1,21,1,C03,120.709387,24.311002,2,66000,387130000C,(04)23289100,(04)25368667
2534,2023,03,7,11,51,臺中市,西屯區,0,0,0,8,,,50,,,,,,,,,,,,,,,17,"  ","  ","  ","  ",B12,"  ","  ",1,"  ",2,"  ","  ",17,"   ",1,22,"  ",B12,120.66804,24.174638,3,66000,387130000C,(04)23289100,(04)25368667
2535,2023,03,7,11,53,臺中市,大里區,0,1,0,8,1,5,50,11,9,1,5,4,5,7,4,4,5,5,5,1,18,44,2,9,1,1,C03,7,9,1,10,2,12,"  ",44,44,1,5,8,C03,120.691889,24.11215,2,66000,387130000C,(04)23289100,(04)25368667
2536,2023,03,7,11,55,臺中市,豐原區,0,1,0,8,1,5,30,4,1,1,5,4,5,7,4,4,10,5,5,2,17,6,2,9,3,4,C03,7,9,1,10,2,12,"  ",6,6,1,22,8,C03,120.724777,24.239758,2,66000,387130000C,(04)23289100,(04)25368667
2537,2023,03,7,11,56,臺中市,南區,0,0,0,,,,50,,,,,,,,,,,,,,,12,"  ","  ","  ","  ",C03,"  ","  ",1,"  ",2,"  ","  ",12,"   ",1,21,"  ",C03,120.66039,24.11609,3,66000,387130000C,(04)23289100,(04)25368667
2538,2023,03,7,11,59,臺中市,沙鹿區,0,1,0,8,1,5,40,14,8,1,5,4,5,7,4,4,1,4,3,2,17,23,2,9,1,1,C03,7,9,1,10,2,11,"  ",23,23,1,18,9,C03,120.578477,24.223393,2,66000,387130000C,(04)23289100,(04)25368667
2539,2023,03,7,12,0,臺中市,大里區,0,1,0,8,1,5,40,14,9,1,5,4,5,7,4,4,1,4,5,1,17,23,2,9,1,1,C03,7,9,3,18,2,14,"  ",23,23,1,12,1,C03,120.69127,24.099925,2,66000,387130000C,(04)23289100,(04)25368667
2540,2023,03,7,12,6,臺中市,西屯區,0,1,0,8,1,5,50,14,9,1,5,4,5,7,4,4,1,4,5,2,17,43,3,10,1,1,B12,7,9,1,8,2,15,"  ",43,43,1,22,8,B12,120.654613,24.168928,2,66000,387130000C,(04)23289100,(04)25368667
2541,2023,03,7,12,6,臺中市,霧峰區,0,1,0,8,1,5,50,14,9,1,5,4,5,7,4,4,5,5,5,1,18,43,2,9,3,4,C03,7,9,1,10,2,15,"  ",43,43,1,22,8,C03,120.699613,24.068969,2,66000,387130000C,(04)23289100,(04)25368667
2542,2023,03,7,12,8,臺中市,東勢區,0,1,0,8,1,5,50,14,9,1,5,4,5,7,4,4,5,5,5,1,18,23,2,9,3,4,C03,7,9,4,8,5,15,"  ",23,23,1,22,8,C03,120.82699,24.255003,2,66000,387130000C,(04)23289100,(04)25368667
2543,2023,03,7,12,9,臺中市,北區,0,0,0,,,,50,,,,,,,,,,,,,,,12,"  ","  ","  ","  ",B12,"  ","  ",3,"  ",11,"  ","  ",12,"   ",1,21,"  ",B12,120.688113,24.151003,3,66000,387130000C,(04)23289100,(04)25368667
2544,2023,03,7,12,10,臺中市,南屯區,0,0,0,8,,,50,,,,,,,,,,,,,,,43,"  ","  ","  ","  ",B03,"  ","  ",1,"  ",2,"  ","  ",43,43,1,22,"  ",B03,120.644512,24.139366,3,66000,387130000C,(04)23289100,(04)25368667
2545,2023,03,7,12,12,臺中市,北屯區,0,1,0,8,1,5,50,3,2,1,5,4,5,7,4,4,5,5,4,2,13,16,3,10,1,1,C03,7,9,1,10,2,11,"  ",16,16,1,21,8,C03,120.690485,24.177617,2,66000,387130000C,(04)23289100,(04)25368667
2546,2023,03,7,12,13,臺中市,中區,0,1,0,8,1,5,50,14,9,1,5,4,5,7,4,4,10,5,5,2,3,23,3,10,2,1,F01,7,9,8,20,2,16,"  ",23,23,1,4,6,F01,120.679874,24.147029,2,66000,387130000C,(04)23289100,(04)25368667
2547,2023,03,7,12,13,臺中市,梧棲區,0,0,0,8,,,70,,,,,,,,,,,,,,,23,"  ","  ","  ","  ",A42,"  ","  ",1,"  ",2,"  ","  ",23,23,1,10,"  ",A42,120.549645,24.239423,3,66000,387130000C,(04)23289100,(04)25368667
2548,2023,03,7,12,17,臺中市,南屯區,0,0,0,8,,,50,,,,,,,,,,,,,,,12,"  ","  ","  ","  ",B03,"  ","  ",1,"  ",2,"  ","  ",12,"   ",1,22,"  ",B03,120.624084,24.147503,3,66000,387130000C,(04)23289100,(04)25368667
2549,2023,03,7,12,19,臺中市,西區,0,2,0,8,1,5,50,4,1,1,5,4,5,7,2,1,10,5,5,2,17,26,3,10,1,1,B12,7,6,1,8,2,2,"  ",26,26,1,21,8,B12,120.666907,24.153208,2,66000,387130000C,(04)23289100,(04)25368667
2550,2023,03,7,12,27,臺中市,神岡區,0,1,0,8,1,5,30,15,9,1,5,4,5,7,4,4,9,5,5,1,17,6,3,10,1,1,B03,7,6,1,8,2,3,"  ",6,6,1,22,8,B03,120.679881,24.240028,2,66000,387130000C,(04)23289100,(04)25368667
2551,2023,03,7,12,30,臺中市,南區,0,0,0,8,1,5,50,14,7,1,5,4,5,7,1,1,1,4,5,2,13,23,3,10,1,1,B03,7,9,1,8,2,1,"  ",23,23,1,22,8,B03,120.670095,24.119043,3,66000,387130000C,(04)23289100,(04)25368667
2552,2023,03,7,12,30,臺中市,清水區,0,0,0,8,,,50,,,,,,,,,,,,,,,23,"  ","  ","  ","  ",B03,"  ","  ",1,"  ",1,"  ","  ",23,"   ",1,21,"  ",B03,120.578411,24.271676,3,66000,387130000C,(04)23289100,(04)25368667
2553,2023,03,7,12,31,臺中市,西屯區,0,1,0,8,1,5,30,14,9,1,5,4,5,7,4,4,1,5,5,2,13,16,2,9,1,1,C03,7,9,1,10,2,11,"  ",16,16,1,5,8,C03,120.641628,24.174246,2,66000,387130000C,(04)23289100,(04)25368667
2554,2023,03,7,12,32,臺中市,南屯區,0,0,0,8,,,50,,,,,,,,,,,,,,,42,"  ","  ","  ","  ",B12,"  ","  ",1,"  ",1,"  ","  ",42,"   ",1,10,"  ",B12,120.616458,24.153626,3,66000,387130000C,(04)23289100,(04)25368667
2555,2023,03,7,12,35,臺中市,大肚區,0,1,0,8,1,5,50,14,9,1,5,4,5,7,4,4,5,5,5,1,29,66,"  ","  ","  ","  ","   ","  ","  ","  ","  ","  ","  ","  ",66,66,1,"  ","  ","   ",120.543969,24.151439,2,66000,387130000C,(04)23289100,(04)25368667
2556,2023,03,7,12,35,臺中市,沙鹿區,0,2,0,8,1,5,30,11,9,1,5,4,5,7,4,4,5,5,5,2,12,23,2,8,1,1,C03,7,6,1,10,2,14,"  ",23,23,1,22,8,C03,120.576141,24.223899,2,66000,387130000C,(04)23289100,(04)25368667
2557,2023,03,7,12,38,臺中市,太平區,0,1,0,8,1,5,40,8,9,1,5,4,5,7,4,4,1,5,5,1,23,23,2,9,1,1,B03,7,9,1,8,2,8,"  ",23,23,1,21,8,B03,120.798898,24.120732,2,66000,387130000C,(04)23289100,(04)25368667
2558,2023,03,7,12,40,臺中市,大雅區,0,0,0,8,,,50,,,,,,,,,,,,,,,16,"  ","  ","  ","  ",B12,"  ","  ",1,"  ",2,"  ","  ",16,"   ",1,22,"  ",B12,120.641781,24.229957,3,66000,387130000C,(04)23289100,(04)25368667
2559,2023,03,7,12,43,臺中市,南屯區,0,0,0,,,,50,,,,,,,,,,,,,,,23,"  ","  ","  ","  ",B03,"  ","  ",1,"  ",2,"  ","  ",23,"   ",1,4,"  ",B03,120.646469,24.126548,3,66000,387130000C,(04)23289100,(04)25368667
2560,2023,03,7,12,49,臺中市,沙鹿區,0,1,0,8,1,5,50,4,1,1,5,4,5,7,4,4,10,5,5,2,15,6,3,10,1,1,B12,7,9,1,8,2,8,"  ",6,6,1,22,9,B12,120.572558,24.211313,2,66000,387130000C,(04)23289100,(04)25368667
2561,2023,03,7,12,50,臺中市,大雅區,0,0,0,8,,,50,,,,,,,,,,,,,,,23,"  ","  ","  ","  ",C03,"  ","  ",1,"  ",2,"  ","  ",23,"   ",1,22,"  ",C03,120.614888,24.217555,4,66000,387130000C,(04)23289100,(04)25368667
2562,2023,03,7,12,50,臺中市,烏日區,0,1,0,8,1,5,50,3,2,1,5,4,5,7,4,4,5,4,4,1,12,23,2,9,3,4,F03,7,9,8,20,2,16,"  ",23,23,1,21,8,F03,120.622439,24.10511,2,66000,387130000C,(04)23289100,(04)25368667
2563,2023,03,7,12,51,臺中市,南屯區,0,0,0,8,,,50,,,,,,,,,,,,,,,12,"  ","  ","  ","  ",B03,"  ","  ",1,8,1,"  ","  ",12,12,1,22,"  ",B03,120.652955,24.150062,3,66000,387130000C,(04)23289100,(04)25368667
2564,2023,03,7,12,52,臺中市,南屯區,0,0,0,8,,,50,,,,,,,,,,,,,,,12,"  ","  ","  ","  ",B03,"  ","  ",1,"  ",1,"  ","  ",12,"   ",1,22,"  ",B03,120.652586,24.1523,3,66000,387130000C,(04)23289100,(04)25368667
2565,2023,03,7,12,54,臺中市,太平區,0,1,0,8,1,5,50,4,1,1,5,4,5,7,4,4,10,5,5,2,13,23,2,8,1,1,C03,7,9,1,10,2,11,"  ",23,23,1,22,8,C03,120.723166,24.149422,2,66000,387130000C,(04)23289100,(04)25368667
2566,2023,03,7,12,55,臺中市,霧峰區,0,0,0,8,,,60,,,,,,,,,,,,,,,25,"  ","  ","  ","  ",C03,"  ","  ",1,"  ",2,"  ","  ",25,"   ",1,21,"  ",C03,120.694319,24.049887,3,66000,387130000C,(04)23289100,(04)25368667
2567,2023,03,7,12,58,臺中市,大里區,0,1,0,8,1,5,50,11,9,1,5,4,5,7,4,4,5,4,5,1,18,23,2,9,1,1,C03,7,9,1,10,2,12,"  ",23,23,1,5,8,C03,120.693911,24.09958,2,66000,387130000C,(04)23289100,(04)25368667
2568,2023,03,7,12,58,臺中市,龍井區,0,0,0,,,,50,,,,,,,,,,,,,,,12,"  ","  ","  ","  ",B03,"  ","  ",1,"  ",1,"  ","  ",12,"   ",1,4,"  ",B03,120.575642,24.179394,3,66000,387130000C,(04)23289100,(04)25368667
2569,2023,03,7,13,0,臺中市,西屯區,0,0,0,8,,,40,,,,,,,,,,,,,,,26,"  ","  ","  ","  ",C03,"  ","  ",1,"  ",1,"  ","  ",26,"   ",1,22,"  ",C03,120.596533,24.181816,3,66000,387130000C,(04)23289100,(04)25368667
2570,2023,03,7,13,0,臺中市,霧峰區,0,0,0,8,,,30,,,,,,,,,,,,,,,18,"  ","  ","  ","  ",B03,"  ","  ",1,"  ",2,"  ","  ",18,18,1,21,"  ",B03,120.698591,24.064845,3,66000,387130000C,(04)23289100,(04)25368667
2571,2023,03,7,13,4,臺中市,西區,0,1,0,8,1,5,50,4,1,1,5,4,5,7,1,1,10,5,5,2,15,6,2,9,1,1,C03,7,9,1,10,2,11,"  ",6,6,1,22,9,C03,120.673517,24.147762,2,66000,387130000C,(04)23289100,(04)25368667
2572,2023,03,7,13,7,臺中市,新社區,0,0,0,8,,,50,,,,,,,,,,,,,,,5,"  ","  ","  ","  ",B03,"  ","  ",1,"  ",2,"  ","  ",5,"   ",1,7,"  ",B03,120.796339,24.218982,3,66000,387130000C,(04)23289100,(04)25368667
2573,2023,03,7,13,11,臺中市,西區,0,2,0,8,1,5,30,4,1,1,5,4,5,7,4,4,10,5,5,2,15,6,2,9,1,1,C03,7,9,1,10,2,11,"  ",6,6,1,5,1,C03,120.66093,24.150149,2,66000,387130000C,(04)23289100,(04)25368667
2574,2023,03,7,13,12,臺中市,南屯區,0,0,0,8,,,50,,,,,,,,,,,,,,,12,"  ","  ","  ","  ",B12,"  ","  ",1,"  ",9,"  ","  ",12,"   ",2,22,"  ",B12,120.633259,24.149741,3,66000,387130000C,(04)23289100,(04)25368667
2575,2023,03,7,13,17,臺中市,南屯區,0,0,0,8,,,50,,,,,,,,,,,,,,,66,"  ","  ","  ","  ","   ","  ","  ","  ","  ","  ","  ","  ",66,"   ",1,"  ","  ","   ",120.63112,24.120803,4,66000,387130000C,(04)23289100,(04)25368667
2576,2023,03,7,13,17,臺中市,大里區,0,0,0,8,,,50,,,,,,,,,,,,,,,23,"  ","  ","  ","  ",B12,"  ","  ",1,"  ",2,"  ","  ",23,"   ",1,12,"  ",B12,120.694646,24.110848,3,66000,387130000C,(04)23289100,(04)25368667
2577,2023,03,7,13,18,臺中市,西屯區,0,0,0,8,,,50,,,,,,,,,,,,,,,16,"  ","  ","  ","  ",C03,"  ","  ",1,"  ",2,"  ","  ",16,"   ",1,22,"  ",C03,120.62768,24.180997,3,66000,387130000C,(04)23289100,(04)25368667
2578,2023,03,7,13,22,臺中市,西區,0,0,0,8,1,5,50,4,1,1,5,4,5,7,1,1,10,5,5,2,13,23,"  ","  ","  ","  ",B02,"  ","  ",1,"  ",1,"  ","  ",23,"   ",1,4,"  ",B02,120.67729,24.145711,3,66000,387130000C,(04)23289100,(04)25368667
2579,2023,03,7,13,29,臺中市,梧棲區,0,1,0,8,1,5,40,4,1,1,5,4,5,7,1,1,10,5,5,2,15,25,2,8,1,1,C03,7,9,1,10,2,11,"  ",25,25,1,11,1,C03,120.533596,24.243237,2,66000,387130000C,(04)23289100,(04)25368667
2580,2023,03,7,13,30,臺中市,北屯區,0,1,0,8,1,5,40,14,8,1,5,4,5,7,4,4,5,5,4,2,17,23,2,9,1,1,C04,7,9,1,10,2,11,12,23,23,1,22,8,C04,120.680585,24.197571,2,66000,387130000C,(04)23289100,(04)25368667
2581,2023,03,7,13,30,臺中市,梧棲區,0,1,0,8,1,5,70,14,7,1,5,4,5,7,4,4,1,4,5,2,12,7,3,10,1,1,A12,7,8,1,7,2,5,"  ",7,7,1,9,8,A12,120.558186,24.241988,2,66000,387130000C,(04)23289100,(04)25368667
2582,2023,03,7,13,31,臺中市,西屯區,0,0,0,8,,,1,,,,,,,,,,,,,,,12,"  ","  ","  ","  ",B12,"  ","  ",1,"  ",1,"  ","  ",12,"   ",1,22,"  ",B12,120.620438,24.18613,3,66000,387130000C,(04)23289100,(04)25368667
2583,2023,03,7,13,32,臺中市,西屯區,0,1,0,8,1,5,50,3,1,1,5,4,5,7,2,1,10,5,5,2,16,9,3,10,1,1,B03,7,6,1,8,1,5,"  ",9,9,1,22,8,B03,120.647085,"	24.165630",2,66000,387130000C,(04)23289100,(04)25368667
2584,2023,03,7,13,33,臺中市,南區,0,0,0,,,,,,,,,,,,,,,,,,,43,"  ","  ","  ","  ","   ","  ","  ","  ","  ","  ","  ","  ",43,"   ",1,"  ","  ","   ",120.681893,24.121829,3,66000,387130000C,(04)23289100,(04)25368667
2585,2023,03,7,13,41,臺中市,龍井區,0,0,0,8,,,30,,,,,,,,,,,,,,,5,"  ","  ","  ","  ",B03,"  ","  ",1,"  ",2,"  ","  ",5,"   ",1,12,"  ",B03,120.499005,24.214328,3,66000,387130000C,(04)23289100,(04)25368667
2586,2023,03,7,13,43,臺中市,南屯區,0,1,0,8,1,5,50,14,9,1,5,4,5,7,4,4,5,4,5,2,16,7,3,10,1,1,B03,7,8,1,8,2,5,"  ",7,7,1,22,8,B03,120.64963,24.154259,2,66000,387130000C,(04)23289100,(04)25368667
2587,2023,03,7,13,47,臺中市,西屯區,0,0,0,8,,,30,,,,,,,,,,,,,,,6,"  ","  ","  ","  ",C03,"  ","  ",1,"  ",2,"  ","  ",6,"   ",1,22,"  ",C03,120.648149,24.182959,3,66000,387130000C,(04)23289100,(04)25368667
2588,2023,03,7,13,47,臺中市,豐原區,0,1,0,8,1,5,50,4,1,1,5,1,5,7,2,1,5,4,5,2,16,6,3,10,1,1,B03,7,6,1,8,2,5,"  ",6,6,1,22,8,B03,120.712954,24.255633,2,66000,387130000C,(04)23289100,(04)25368667
2589,2023,03,7,13,49,臺中市,北屯區,0,1,0,8,1,5,50,3,1,1,5,4,5,7,2,1,10,5,5,2,16,19,2,8,1,1,C03,7,1,1,10,2,14,"  ",19,19,1,21,8,C03,120.66827,24.199533,2,66000,387130000C,(04)23289100,(04)25368667
2590,2023,03,7,13,50,臺中市,北屯區,0,1,0,8,1,5,50,4,2,1,5,4,5,7,1,1,3,4,5,2,16,7,3,10,1,1,B03,7,10,1,8,2,2,"  ",7,7,1,22,8,B03,120.669954,24.176559,2,66000,387130000C,(04)23289100,(04)25368667
2591,2023,03,7,13,57,臺中市,西屯區,0,1,0,8,1,5,50,14,9,1,5,4,5,7,4,4,5,5,5,2,17,7,3,10,1,1,B12,7,8,1,8,1,5,"  ",7,7,2,21,8,B12,120.657865,24.163443,2,66000,387130000C,(04)23289100,(04)25368667
2592,2023,03,7,14,1,臺中市,西屯區,0,1,0,8,1,5,40,14,8,1,5,4,5,7,4,4,1,5,1,2,13,23,3,10,3,4,C03,7,9,1,10,2,11,"  ",23,23,1,22,8,C03,120.612614,24.184195,2,66000,387130000C,(04)23289100,(04)25368667
2593,2023,03,7,14,4,臺中市,大雅區,0,1,0,8,1,5,30,11,9,1,5,4,5,7,4,4,10,5,5,2,17,23,3,10,1,1,C03,7,5,3,18,2,11,"  ",23,23,1,22,9,C03,120.648822,24.228085,2,66000,387130000C,(04)23289100,(04)25368667
2594,2023,03,7,14,5,臺中市,清水區,0,0,0,8,,,70,,,,,,,,,,,,,,,42,"  ","  ","  ","  ",B03,"  ","  ",1,"  ",2,"  ","  ",42,42,1,21,"  ",B03,120.588563,24.292967,3,66000,387130000C,(04)23289100,(04)25368667
2595,2023,03,7,14,7,臺中市,西屯區,0,0,0,8,,,40,,,,,,,,,,,,,,,8,"  ","  ","  ","  ",C03,"  ","  ",1,"  ",1,"  ","  ",8,"   ",1,22,"  ",C03,120.648181,24.16504,3,66000,387130000C,(04)23289100,(04)25368667
2596,2023,03,7,14,8,臺中市,北區,0,2,0,8,1,5,50,3,1,1,5,4,5,7,4,4,9,5,5,2,16,6,2,8,1,1,C03,7,5,1,10,2,12,"  ",6,6,1,5,5,C03,120.698395,24.156279,2,66000,387130000C,(04)23289100,(04)25368667
2597,2023,03,7,14,18,臺中市,東區,0,0,0,8,,,50,,,,,,,,,,,,,,,23,"  ","  ","  ","  ",B03,"  ","  ",1,"  ",2,"  ","  ",23,"   ",1,22,"  ",B03,120.691775,24.14264,3,66000,387130000C,(04)23289100,(04)25368667
2598,2023,03,7,14,21,臺中市,北屯區,0,0,0,8,,,80,,,,,,,,,,,,,,,23,"  ","  ","  ","  ",B02,"  ","  ",1,"  ",2,"  ","  ",23,"   ",1,22,"  ",B02,120.68847,24.201012,3,66000,387130000C,(04)23289100,(04)25368667
2599,2023,03,7,14,26,臺中市,大里區,0,1,0,8,1,5,50,14,9,1,5,4,5,7,4,4,5,4,5,1,16,8,2,9,1,1,C03,7,5,1,10,2,14,"  ",8,8,1,5,8,C03,120.69,24.109003,2,66000,387130000C,(04)23289100,(04)25368667
2600,2023,03,7,14,27,臺中市,東區,0,1,0,8,1,5,50,14,9,1,5,4,5,7,4,4,5,4,5,2,17,42,3,10,1,1,B03,7,15,1,8,2,6,"  ",42,42,1,21,8,B03,120.682946,24.135192,2,66000,387130000C,(04)23289100,(04)25368667
2601,2023,03,7,14,27,臺中市,大里區,0,0,0,8,,,50,,,,,,,,,,,,,,,17,"  ","  ","  ","  ",A12,"  ","  ",1,"  ",9,"  ","  ",17,"   ",1,22,"  ",A12,120.697171,24.101551,3,66000,387130000C,(04)23289100,(04)25368667
2602,2023,03,7,14,28,臺中市,西區,0,0,0,8,,,60,,,,,,,,,,,,,,,6,"  ","  ","  ","  ",B03,"  ","  ",1,"  ",1,"  ","  ",6,"   ",1,5,"  ",B03,120.67239,24.148957,3,66000,387130000C,(04)23289100,(04)25368667
2603,2023,03,7,14,29,臺中市,西屯區,0,0,0,8,,,40,,,,,,,,,,,,,,,43,"  ","  ","  ","  ",C03,"  ","  ",1,"  ",2,"  ","  ",43,"   ",1,22,"  ",C03,120.61249,24.184171,3,66000,387130000C,(04)23289100,(04)25368667
2604,2023,03,7,14,32,臺中市,西區,0,1,0,8,1,5,50,4,1,1,5,4,5,7,1,1,10,5,5,2,9,15,3,10,1,1,B03,7,5,1,8,2,1,"  ",15,15,1,4,7,B03,120.655144,24.146707,2,66000,387130000C,(04)23289100,(04)25368667
2605,2023,03,7,14,33,臺中市,烏日區,0,0,0,8,,,30,,,,,,,,,,,,,,,40,"  ","  ","  ","  ",B03,"  ","  ",1,"  ",2,"  ","  ",40,"   ",1,21,"  ",B03,120.623323,24.105531,3,66000,387130000C,(04)23289100,(04)25368667
2606,2023,03,7,14,35,臺中市,北區,0,1,0,8,1,5,50,3,1,1,5,4,5,7,1,1,10,5,5,2,13,23,2,2,1,1,B03,7,9,1,8,2,1,"  ",23,23,1,22,8,B03,120.681667,24.148916,2,66000,387130000C,(04)23289100,(04)25368667
2607,2023,03,7,14,40,臺中市,大里區,0,0,0,8,,,50,,,,,,,,,,,,,,,7,"  ","  ","  ","  ",B03,"  ","  ",1,"  ",2,"  ","  ",7,7,1,5,"  ",B03,120.6793,24.114753,3,66000,387130000C,(04)23289100,(04)25368667
2608,2023,03,7,14,48,臺中市,東區,0,1,0,8,1,5,50,4,1,1,5,4,5,7,4,4,10,5,5,2,15,6,3,10,1,1,B03,7,9,1,2,2,5,"  ",6,6,1,5,8,B03,120.706973,24.142151,2,66000,387130000C,(04)23289100,(04)25368667
2609,2023,03,7,14,55,臺中市,南屯區,0,1,0,8,1,5,50,4,2,1,5,4,5,7,1,1,8,3,4,2,17,6,3,10,1,1,B03,7,6,1,8,2,2,"  ",6,6,1,22,9,B03,120.654356,24.147602,2,66000,387130000C,(04)23289100,(04)25368667
2610,2023,03,7,14,55,臺中市,西屯區,0,0,0,8,,,60,,,,,,,,,,,,,,,8,"  ","  ","  ","  ",B03,"  ","  ",1,"  ",1,"  ","  ",8,"   ",1,22,"  ",B03,120.628456,24.162833,3,66000,387130000C,(04)23289100,(04)25368667
2611,2023,03,7,14,57,臺中市,大雅區,0,0,0,8,,,30,,,,,,,,,,,,,,,23,"  ","  ","  ","  ",B03,"  ","  ",1,"  ",2,"  ","  ",23,"   ",1,21,"  ",B03,120.647128,24.222145,3,66000,387130000C,(04)23289100,(04)25368667
2612,2023,03,7,14,57,臺中市,烏日區,0,1,0,8,1,5,50,14,9,1,5,4,5,7,4,4,5,5,5,2,13,16,2,8,1,1,C03,7,9,1,10,2,11,"  ",16,16,1,21,8,C03,120.626776,24.104957,2,66000,387130000C,(04)23289100,(04)25368667
2613,2023,03,7,14,59,臺中市,大肚區,0,0,0,8,,,30,,,,,,,,,,,,,,,17,"  ","  ","  ","  ",B03,"  ","  ",1,"  ",2,"  ","  ",17,"   ",1,19,"  ",B03,120.561639,24.118318,3,66000,387130000C,(04)23289100,(04)25368667
2614,2023,03,7,15,0,臺中市,東區,0,0,0,8,,,50,,,,,,,,,,,,,,,10,"  ","  ","  ","  ",C03,"  ","  ",1,"  ",2,"  ","  ",10,"   ",1,5,"  ",C03,120.708951,24.14902,3,66000,387130000C,(04)23289100,(04)25368667
2615,2023,03,7,15,0,臺中市,西屯區,0,2,0,8,1,5,30,3,1,1,5,4,5,7,4,4,10,5,5,2,17,44,2,9,1,1,B03,7,5,1,8,2,8,"  ",44,44,1,22,8,B03,120.643188,24.175035,2,66000,387130000C,(04)23289100,(04)25368667
2616,2023,03,7,15,0,臺中市,西屯區,0,0,0,8,,,,,,,,,,,,,,,,,,67,"  ","  ","  ","  ","   ","  ","  ","  ","  ","  ","  ","  ",67,"   ",1,"  ","  ","   ",120.642728,24.178121,3,66000,387130000C,(04)23289100,(04)25368667
2617,2023,03,7,15,0,臺中市,大里區,0,0,0,8,,,50,,,,,,,,,,,,,,,7,"  ","  ","  ","  ",B12,"  ","  ",1,"  ",2,"  ","  ",7,7,1,22,"  ",B12,120.692743,24.103786,3,66000,387130000C,(04)23289100,(04)25368667