序號,年,月,日,時,分,縣市,區,死亡數量,受傷數量,2-30,天候,光線,道路類別,速限_速度(公里),道路型態,事故位置,路面鋪裝,路面狀態,路面缺陷,障礙物,視距,號誌種類,號誌動作,分向設施,快車道或一般車道間,快慢車道間,路面邊線,事故類型及型態,主要肇因,受傷程度,主要傷處,保護裝備,行動電話,當事者區分,車輛用途,當事者行動狀態,駕駛資格情形,駕駛執照種類,飲酒情形,車輛撞擊部位最初,車輛撞擊部位其他,肇事因素個別,肇事因素主要,肇事逃逸,職業,旅次目的,車種,GPS座標X,GPS座標Y,事故類別,縣市別代碼,機關代碼,市話,傳真
2618,2023,03,7,15,1,臺中市,潭子區,0,0,0,8,,,60,,,,,,,,,,,,,,,12,"  ","  ","  ","  ",A12,"  ","  ",1,"  ",2,"  ","  ",12,"   ",1,22,"  ",A12,120.687215,24.213688,3,66000,387130000C,(04)23289100,(04)25368667
2619,2023,03,7,15,5,臺中市,中區,0,0,0,8,,,40,,,,,,,,,,,,,,,60,"  ","  ","  ","  ",H01,"  ","  ",8,20,10,"  ","  ",60,60,1,22,"  ",H01,120.676225,24.144456,3,66000,387130000C,(04)23289100,(04)25368667
2620,2023,03,7,15,7,臺中市,南屯區,0,0,0,8,,,50,,,,,,,,,,,,,,,23,"  ","  ","  ","  ",B03,"  ","  ",1,"  ",1,"  ","  ",23,"   ",1,22,"  ",B03,120.649946,24.133333,3,66000,387130000C,(04)23289100,(04)25368667
2621,2023,03,7,15,10,臺中市,清水區,0,2,0,8,1,5,50,4,1,1,5,4,5,7,4,4,5,4,4,2,15,6,2,9,1,1,C03,7,9,1,10,2,12,"  ",6,6,1,21,8,C03,120.576943,24.26895,2,66000,387130000C,(04)23289100,(04)25368667
2622,2023,03,7,15,10,臺中市,沙鹿區,0,0,0,8,,,70,,,,,,,,,,,,,,,16,"  ","  ","  ","  ",B03,"  ","  ",1,"  ",2,"  ","  ",44,16,1,21,"  ",B03,120.604631,24.248144,3,66000,387130000C,(04)23289100,(04)25368667
2623,2023,03,7,15,14,臺中市,西區,0,1,0,8,1,5,50,14,9,1,5,4,5,7,4,4,1,4,5,2,17,6,3,10,1,1,B03,7,6,1,8,2,5,"  ",6,6,1,5,7,B03,120.661991,24.139792,2,66000,387130000C,(04)23289100,(04)25368667
2624,2023,03,7,15,30,臺中市,大雅區,0,3,0,8,1,5,30,4,1,1,5,4,5,7,4,4,10,5,5,1,15,6,2,8,1,1,B03,7,9,1,8,2,1,"  ",6,6,1,22,9,B03,120.665209,24.232221,2,66000,387130000C,(04)23289100,(04)25368667
2625,2023,03,7,15,36,臺中市,西區,0,2,0,8,1,5,50,4,9,1,5,4,5,7,1,1,3,4,5,2,13,23,2,9,1,1,C03,7,9,1,10,2,11,"  ",23,23,1,5,7,C03,120.657331,24.136559,2,66000,387130000C,(04)23289100,(04)25368667
2626,2023,03,7,15,38,臺中市,西區,0,1,0,8,1,5,50,4,1,1,5,4,5,7,1,1,10,5,5,2,16,1,2,8,1,1,C03,7,4,1,10,2,12,"  ",1,1,1,22,9,C03,120.658842,24.145535,2,66000,387130000C,(04)23289100,(04)25368667
2627,2023,03,7,15,39,臺中市,西區,0,3,0,8,1,5,50,4,1,1,5,4,5,7,2,1,10,5,5,2,17,8,2,9,1,1,C03,7,5,1,10,2,11,"  ",8,8,1,21,8,C03,120.673843,24.1404,2,66000,387130000C,(04)23289100,(04)25368667
2628,2023,03,7,15,40,臺中市,東區,0,0,0,,,,50,,,,,,,,,,,,,,,12,"  ","  ","  ","  ",B12,"  ","  ",1,"  ",2,"  ","  ",12,12,1,22,"  ",B12,120.710547,24.145136,3,66000,387130000C,(04)23289100,(04)25368667
2629,2023,03,7,15,41,臺中市,北區,0,0,0,8,,,50,,,,,,,,,,,,,,,6,"  ","  ","  ","  ",B03,"  ","  ",1,"  ",2,"  ","  ",6,"   ",1,22,"  ",B03,120.680996,24.153491,3,66000,387130000C,(04)23289100,(04)25368667
2630,2023,03,7,15,41,臺中市,東區,0,1,0,8,2,5,50,4,1,1,5,3,5,7,1,1,10,5,5,2,17,6,3,10,1,1,B12,7,5,1,8,2,1,"  ",6,6,1,22,8,B12,120.701456,24.138879,2,66000,387130000C,(04)23289100,(04)25368667
2631,2023,03,7,15,47,臺中市,西屯區,0,0,0,8,,,50,,,,,,,,,,,,,,,23,"  ","  ","  ","  ",C03,"  ","  ",1,"  ",1,"  ","  ",23,"   ",1,22,"  ",C03,120.661214,24.171528,3,66000,387130000C,(04)23289100,(04)25368667
2632,2023,03,7,15,53,臺中市,大雅區,0,0,0,8,,,50,,,,,,,,,,,,,,,23,"  ","  ","  ","  ",B12,"  ","  ",1,"  ",2,"  ","  ",23,"   ",1,22,"  ",B12,120.667625,24.215691,3,66000,387130000C,(04)23289100,(04)25368667
2633,2023,03,7,15,55,臺中市,西屯區,0,1,0,8,1,5,30,3,1,1,5,4,5,7,4,4,9,4,4,2,16,6,3,10,1,1,B03,7,6,1,8,1,4,"  ",6,6,1,12,8,B03,120.615334,24.188438,2,66000,387130000C,(04)23289100,(04)25368667
2634,2023,03,7,16,0,臺中市,神岡區,0,0,0,8,,,50,,,,,,,,,,,,,,,12,"  ","  ","  ","  ",A12,"  ","  ",1,"  ",1,"  ","  ",12,"   ",1,12,"  ",A12,120.692849,24.252371,3,66000,387130000C,(04)23289100,(04)25368667
2635,2023,03,7,16,8,臺中市,北區,0,1,0,8,1,5,50,14,9,1,5,4,5,7,4,4,1,4,5,2,17,13,3,10,1,1,A05,7,1,1,2,1,15,"  ",44,13,1,5,5,A05,120.667469,24.157689,2,66000,387130000C,(04)23289100,(04)25368667
2636,2023,03,7,16,9,臺中市,北屯區,0,0,0,8,,,50,,,,,,,,,,,,,,,12,"  ","  ","  ","  ",B12,"  ","  ",1,"  ",1,"  ","  ",12,"   ",1,21,"  ",B12,120.695366,24.168015,3,66000,387130000C,(04)23289100,(04)25368667
2637,2023,03,7,16,20,臺中市,西區,0,0,0,8,,,50,,,,,,,,,,,,,,,23,"  ","  ","  ","  ",B03,"  ","  ",1,"  ",1,"  ","  ",23,"   ",1,5,"  ",B03,120.657058,24.153138,3,66000,387130000C,(04)23289100,(04)25368667
2638,2023,03,7,16,26,臺中市,大里區,0,1,0,8,1,5,50,14,7,1,5,4,5,7,4,4,1,4,4,1,18,23,2,9,1,1,C03,7,9,1,10,2,12,"  ",23,23,1,5,8,C03,120.670183,24.10117,2,66000,387130000C,(04)23289100,(04)25368667
2639,2023,03,7,16,30,臺中市,西區,0,0,0,8,1,5,50,14,9,1,5,4,5,7,4,4,5,5,5,2,17,42,"  ","  ","  ","  ",C03,"  ","  ",1,"  ",1,"  ","  ",42,42,1,5,"  ",C03,120.660363,24.148003,3,66000,387130000C,(04)23289100,(04)25368667
2640,2023,03,7,16,31,臺中市,北區,0,1,0,8,1,5,50,4,1,1,5,4,5,7,2,1,5,5,5,2,13,16,2,9,1,1,C03,7,9,1,10,2,11,"  ",16,16,1,22,8,C03,120.689705,24.157641,2,66000,387130000C,(04)23289100,(04)25368667
2641,2023,03,7,16,32,臺中市,北屯區,0,0,0,8,,,50,,,,,,,,,,,,,,,1,"  ","  ","  ","  ",B03,"  ","  ",1,"  ",9,"  ","  ",1,1,1,5,"  ",B03,120.703899,24.180089,3,66000,387130000C,(04)23289100,(04)25368667
2642,2023,03,7,16,43,臺中市,西區,0,0,0,,,,50,,,,,,,,,,,,,,,42,"  ","  ","  ","  ",C03,"  ","  ",1,"  ",1,"  ","  ",44,42,1,5,"  ",C03,120.674145,24.139908,3,66000,387130000C,(04)23289100,(04)25368667
2643,2023,03,7,16,45,臺中市,潭子區,0,1,0,8,1,5,50,3,2,1,5,4,5,7,4,4,5,4,5,2,17,23,3,10,1,1,B12,7,9,1,8,2,1,"  ",23,23,1,22,8,B12,120.718195,24.198031,2,66000,387130000C,(04)23289100,(04)25368667
2644,2023,03,7,16,46,臺中市,烏日區,0,0,0,,,,60,,,,,,,,,,,,,,,26,"  ","  ","  ","  ",B03,"  ","  ",1,"  ",2,"  ","  ",26,26,1,21,"  ",B03,120.637868,24.107497,3,66000,387130000C,(04)23289100,(04)25368667
2645,2023,03,7,16,47,臺中市,北屯區,0,1,0,8,1,5,50,5,1,1,5,4,5,7,2,1,10,5,5,2,16,16,2,9,1,1,C03,7,9,1,10,2,12,"  ",16,16,1,23,8,C03,120.686443,24.201823,2,66000,387130000C,(04)23289100,(04)25368667
2646,2023,03,7,16,52,臺中市,北區,0,1,0,8,1,5,30,4,1,1,5,4,5,7,4,4,10,5,5,2,16,6,3,10,1,1,B03,7,5,1,8,2,5,"  ",6,6,1,22,9,B03,120.68199,24.159448,2,66000,387130000C,(04)23289100,(04)25368667
2647,2023,03,7,16,52,臺中市,大里區,0,2,0,8,1,5,40,4,2,1,5,4,5,7,1,1,10,5,5,1,17,23,2,9,1,1,C03,7,9,1,10,2,11,"  ",23,23,1,5,8,C03,120.68766,24.094808,2,66000,387130000C,(04)23289100,(04)25368667
2648,2023,03,7,16,55,臺中市,豐原區,0,1,0,8,1,5,50,14,8,1,5,4,5,7,4,4,5,5,4,2,17,40,3,10,3,4,B03,7,13,1,8,2,4,"  ",40,40,1,22,8,B03,120.71785,24.253327,2,66000,387130000C,(04)23289100,(04)25368667
2649,2023,03,7,16,56,臺中市,北區,0,0,0,8,,,50,,,,,,,,,,,,,,,23,"  ","  ","  ","  ",B03,"  ","  ",1,"  ",1,"  ","  ",23,"   ",1,22,"  ",B03,120.682344,24.165307,3,66000,387130000C,(04)23289100,(04)25368667
2650,2023,03,7,16,56,臺中市,西屯區,0,1,0,8,1,5,50,5,1,1,5,4,5,7,2,1,10,5,5,2,16,42,2,7,1,1,C03,7,6,1,10,2,12,"  ",42,42,1,22,8,C03,120.643234,24.176609,2,66000,387130000C,(04)23289100,(04)25368667
2651,2023,03,7,16,59,臺中市,西屯區,0,1,0,8,1,5,30,3,1,1,5,4,5,7,4,4,10,5,5,2,16,6,2,8,3,4,C03,7,5,1,10,2,14,"  ",6,6,1,22,8,C03,120.651793,24.166273,2,66000,387130000C,(04)23289100,(04)25368667
2652,2023,03,7,17,0,臺中市,大里區,0,1,0,8,1,5,60,4,2,1,5,4,5,7,2,1,3,4,4,1,16,25,3,10,3,4,B03,7,5,1,8,2,1,"  ",25,25,1,22,9,B03,120.674614,24.102771,2,66000,387130000C,(04)23289100,(04)25368667
2653,2023,03,7,17,0,臺中市,神岡區,1,0,0,8,1,5,50,14,7,1,5,4,5,7,4,4,9,5,4,1,17,19,3,10,1,1,B12,7,1,1,8,2,8,"  ",19,19,1,3,1,B12,120.667001,24.25753,1,66000,387130000C,(04)23289100,(04)25368667
2654,2023,03,7,17,3,臺中市,西屯區,0,0,0,8,,,50,,,,,,,,,,,,,,,16,"  ","  ","  ","  ",C03,"  ","  ",1,"  ",1,"  ","  ",16,"   ",1,22,"  ",C03,120.639885,24.185489,3,66000,387130000C,(04)23289100,(04)25368667
2655,2023,03,7,17,4,臺中市,清水區,0,0,0,8,,,40,,,,,,,,,,,,,,,12,"  ","  ","  ","  ",A12,"  ","  ",1,"  ",2,"  ","  ",12,"   ",1,21,"  ",A12,120.549935,24.269602,3,66000,387130000C,(04)23289100,(04)25368667
2656,2023,03,7,17,5,臺中市,東區,0,0,0,8,,,50,,,,,,,,,,,,,,,23,"  ","  ","  ","  ",B03,"  ","  ",1,"  ",2,"  ","  ",23,"   ",1,5,"  ",B03,120.703997,24.142628,3,66000,387130000C,(04)23289100,(04)25368667
2657,2023,03,7,17,5,臺中市,北屯區,0,1,0,8,1,5,50,4,18,1,5,4,5,7,1,1,10,5,5,2,3,15,3,10,1,1,B03,7,5,1,8,2,5,"  ",15,15,1,21,8,B03,120.68284,24.193787,2,66000,387130000C,(04)23289100,(04)25368667
2658,2023,03,7,17,5,臺中市,龍井區,0,0,0,,,,50,,,,,,,,,,,,,,,23,"  ","  ","  ","  ",B03,"  ","  ",1,"  ",2,"  ","  ",23,"   ",1,9,"  ",B03,120.520698,24.217128,3,66000,387130000C,(04)23289100,(04)25368667
2659,2023,03,7,17,7,臺中市,南屯區,0,0,0,8,,,50,,,,,,,,,,,,,,,23,"  ","  ","  ","  ",B02,"  ","  ",1,"  ",2,"  ","  ",23,"   ",1,22,"  ",B02,120.626061,24.148516,3,66000,387130000C,(04)23289100,(04)25368667
2660,2023,03,7,17,10,臺中市,西區,0,0,0,8,,,50,,,,,,,,,,,,,,,38,"  ","  ","  ","  ",C03,"  ","  ",1,"  ",1,"  ","  ",38,"   ",1,21,"  ",C03,120.660756,24.147704,3,66000,387130000C,(04)23289100,(04)25368667
2661,2023,03,7,17,10,臺中市,神岡區,0,1,0,8,1,5,50,3,1,1,5,4,5,7,4,4,5,4,4,1,17,8,3,10,1,1,B03,7,5,1,8,2,1,"  ",8,8,1,12,8,B03,120.674161,24.252637,2,66000,387130000C,(04)23289100,(04)25368667
2662,2023,03,7,17,11,臺中市,西屯區,0,1,0,8,1,5,50,4,1,1,5,4,5,7,2,1,10,5,5,2,16,6,3,10,1,1,B03,7,5,1,8,2,1,"  ",6,6,1,22,8,B03,120.663871,24.172793,2,66000,387130000C,(04)23289100,(04)25368667
2663,2023,03,7,17,13,臺中市,西屯區,0,1,0,8,1,5,50,4,1,1,5,4,5,7,4,4,10,4,5,2,12,42,2,9,1,1,C03,7,9,1,10,2,12,"  ",42,42,1,22,8,C03,120.608864,24.155698,2,66000,387130000C,(04)23289100,(04)25368667
2664,2023,03,7,17,14,臺中市,西區,0,0,0,8,,,50,,,,,,,,,,,,,,,23,"  ","  ","  ","  ",B03,"  ","  ",1,8,1,"  ","  ",23,23,1,22,"  ",B03,120.657597,24.151915,3,66000,387130000C,(04)23289100,(04)25368667
2665,2023,03,7,17,15,臺中市,潭子區,0,0,0,8,,,50,,,,,,,,,,,,,,,16,"  ","  ","  ","  ",B12,"  ","  ",1,"  ",2,"  ","  ",16,"   ",1,22,"  ",B12,120.691171,24.215865,3,66000,387130000C,(04)23289100,(04)25368667
2666,2023,03,7,17,15,臺中市,北屯區,0,1,0,8,1,5,50,14,9,1,5,4,5,7,4,4,5,4,5,2,17,7,3,10,1,1,B03,7,8,1,8,2,5,"  ",7,7,1,22,8,B03,120.709258,24.170923,2,66000,387130000C,(04)23289100,(04)25368667
2667,2023,03,7,17,17,臺中市,西屯區,0,0,0,8,,,50,,,,,,,,,,,,,,,19,"  ","  ","  ","  ",B03,"  ","  ",1,"  ",1,"  ","  ",19,19,1,12,"  ",B03,120.65175,24.178368,3,66000,387130000C,(04)23289100,(04)25368667
2668,2023,03,7,17,17,臺中市,西屯區,0,1,0,8,2,5,30,4,1,1,5,4,5,7,4,4,10,5,5,2,16,6,2,9,3,4,C03,7,5,1,10,1,14,"  ",6,6,1,22,8,C03,120.618483,24.174704,2,66000,387130000C,(04)23289100,(04)25368667
2669,2023,03,7,17,19,臺中市,大雅區,0,1,0,8,1,5,30,3,9,1,5,4,5,7,4,4,10,5,5,1,11,6,3,10,1,1,B03,7,5,1,8,2,8,"  ",6,6,1,21,8,B03,120.664203,24.242829,2,66000,387130000C,(04)23289100,(04)25368667
2670,2023,03,7,17,20,臺中市,南屯區,0,2,0,8,1,5,50,4,1,1,5,4,5,7,1,1,10,5,5,2,16,6,3,10,1,1,B03,7,6,1,8,2,5,"  ",6,6,1,22,8,B03,120.64063,24.151271,2,66000,387130000C,(04)23289100,(04)25368667
2671,2023,03,7,17,20,臺中市,西屯區,0,1,0,8,1,5,50,4,2,1,5,4,5,7,1,1,5,4,5,2,16,26,3,10,3,4,B03,7,11,1,8,2,1,"  ",26,26,1,22,8,B03,120.637403,24.1763,2,66000,387130000C,(04)23289100,(04)25368667
2672,2023,03,7,17,20,臺中市,梧棲區,0,3,0,8,1,5,50,4,1,1,5,4,5,7,3,1,10,5,5,2,15,6,2,7,1,1,B03,7,9,1,8,2,1,"  ",6,6,1,9,8,B03,120.549701,24.248018,2,66000,387130000C,(04)23289100,(04)25368667
2673,2023,03,7,17,21,臺中市,西區,0,0,0,,,,50,,,,,,,,,,,,,,,6,"  ","  ","  ","  ",B03,"  ","  ",1,"  ",1,"  ","  ",6,"   ",1,5,"  ",B03,120.653104,24.147018,3,66000,387130000C,(04)23289100,(04)25368667
2674,2023,03,7,17,24,臺中市,南屯區,0,1,0,8,1,5,50,3,1,1,5,4,5,7,1,1,5,4,4,2,17,6,3,10,1,1,B03,7,5,1,8,2,1,"  ",6,6,1,22,8,B03,120.610591,24.131987,2,66000,387130000C,(04)23289100,(04)25368667
2675,2023,03,7,17,25,臺中市,北區,0,1,0,8,1,5,50,4,2,1,5,4,5,7,2,1,3,2,3,2,16,7,2,9,3,4,C03,7,8,1,10,2,12,"  ",7,7,1,22,9,C03,120.674507,24.162862,2,66000,387130000C,(04)23289100,(04)25368667
2676,2023,03,7,17,28,臺中市,北屯區,0,0,0,8,,,40,,,,,,,,,,,,,,,67,"  ","  ","  ","  ","   ","  ","  ","  ","  ","  ","  ","  ",67,"   ",1,"  ","  ","   ",120.695371,24.168403,3,66000,387130000C,(04)23289100,(04)25368667
2677,2023,03,7,17,29,臺中市,清水區,0,0,0,8,,,50,,,,,,,,,,,,,,,23,"  ","  ","  ","  ",B03,"  ","  ",1,"  ",2,"  ","  ",23,23,1,21,"  ",B03,120.56203,24.262575,4,66000,387130000C,(04)23289100,(04)25368667
2678,2023,03,7,17,30,臺中市,大雅區,0,0,0,8,,,50,,,,,,,,,,,,,,,23,"  ","  ","  ","  ",B03,"  ","  ",1,"  ",2,"  ","  ",23,"   ",1,22,"  ",B03,120.63959,24.24812,3,66000,387130000C,(04)23289100,(04)25368667
2679,2023,03,7,17,30,臺中市,西區,0,0,0,8,,,50,,,,,,,,,,,,,,,43,"  ","  ","  ","  ","   ","  ","  ","  ","  ","  ","  ","  ",43,"   ",1,"  ","  ","   ",120.660416,24.158409,3,66000,387130000C,(04)23289100,(04)25368667
2680,2023,03,7,17,30,臺中市,北屯區,0,0,0,8,,,50,,,,,,,,,,,,,,,26,"  ","  ","  ","  ",B02,"  ","  ",1,"  ",1,"  ","  ",26,"   ",1,21,"  ",B02,120.71573,24.165038,3,66000,387130000C,(04)23289100,(04)25368667
2681,2023,03,7,17,32,臺中市,清水區,0,0,0,8,,,70,,,,,,,,,,,,,,,7,"  ","  ","  ","  ",B12,"  ","  ",1,"  ",2,"  ","  ",7,7,1,21,"  ",B12,120.552811,24.27533,3,66000,387130000C,(04)23289100,(04)25368667
2682,2023,03,7,17,34,臺中市,梧棲區,0,0,0,8,1,5,50,14,8,1,5,4,5,7,4,4,1,4,4,2,13,21,3,10,1,1,B12,7,9,1,8,5,5,"  ",21,21,1,11,1,B12,120.52899,24.251389,3,66000,387130000C,(04)23289100,(04)25368667
2683,2023,03,7,17,34,臺中市,后里區,0,1,0,8,1,5,50,3,1,1,5,4,5,7,1,1,4,5,4,1,16,6,3,10,1,1,B12,7,5,1,8,2,8,"  ",6,6,1,21,8,B12,120.719963,24.309101,2,66000,387130000C,(04)23289100,(04)25368667
2684,2023,03,7,17,37,臺中市,西屯區,0,0,0,8,,,30,,,,,,,,,,,,,,,23,"  ","  ","  ","  ",B03,"  ","  ",1,"  ",1,"  ","  ",23,"   ",1,22,"  ",B03,120.634835,24.194178,3,66000,387130000C,(04)23289100,(04)25368667
2685,2023,03,7,17,37,臺中市,沙鹿區,0,0,0,8,,,30,,,,,,,,,,,,,,,17,"  ","  ","  ","  ",B12,"  ","  ",1,"  ",2,"  ","  ",17,"   ",1,9,"  ",B12,120.596681,24.218468,3,66000,387130000C,(04)23289100,(04)25368667
2686,2023,03,7,17,38,臺中市,大里區,0,2,0,8,2,5,50,14,9,1,5,4,5,7,4,4,9,4,5,1,16,19,2,8,1,1,C03,7,1,1,10,2,14,"  ",19,19,1,12,8,C03,120.708352,24.085899,2,66000,387130000C,(04)23289100,(04)25368667
2687,2023,03,7,17,38,臺中市,清水區,0,0,0,8,,,30,,,,,,,,,,,,,,,17,"  ","  ","  ","  ",B03,"  ","  ",1,"  ",2,"  ","  ",17,"   ",1,21,"  ",B03,120.556565,24.310856,3,66000,387130000C,(04)23289100,(04)25368667
2688,2023,03,7,17,40,臺中市,潭子區,0,0,0,8,,,50,,,,,,,,,,,,,,,23,"  ","  ","  ","  ",B02,"  ","  ",1,"  ",2,"  ","  ",23,"   ",1,22,"  ",B02,120.718121,24.197412,3,66000,387130000C,(04)23289100,(04)25368667
2689,2023,03,7,17,40,臺中市,梧棲區,0,1,0,8,1,5,50,3,2,1,5,4,5,7,4,4,10,4,5,2,14,12,3,10,1,1,B03,7,2,1,8,2,7,"  ",12,12,1,9,8,B03,120.53049,24.255319,2,66000,387130000C,(04)23289100,(04)25368667
2690,2023,03,7,17,42,臺中市,南區,0,0,0,,,,50,,,,,,,,,,,,,,,23,"  ","  ","  ","  ",C03,"  ","  ",1,"  ",2,"  ","  ",23,"   ",1,22,"  ",C03,120.6698,24.128808,3,66000,387130000C,(04)23289100,(04)25368667
2691,2023,03,7,17,46,臺中市,南屯區,0,0,0,,,,50,,,,,,,,,,,,,,,23,"  ","  ","  ","  ",B03,"  ","  ",1,"  ",1,"  ","  ",23,"   ",1,22,"  ",B03,120.634604,24.130783,3,66000,387130000C,(04)23289100,(04)25368667
2692,2023,03,7,17,46,臺中市,新社區,0,0,0,8,3,5,50,14,9,1,5,4,5,7,4,4,5,5,5,1,17,42,"  ","  ","  ","  ",C03,"  ","  ",1,"  ",2,"  ","  ",42,"   ",1,22,"  ",C03,120.807521,24.19746,3,66000,387130000C,(04)23289100,(04)25368667
2693,2023,03,7,17,49,臺中市,中區,0,1,0,8,1,5,50,4,1,1,5,4,5,7,1,1,10,5,5,2,17,10,3,10,1,1,B01,7,11,1,4,2,8,"  ",10,10,1,10,9,B01,120.675048,24.143548,2,66000,387130000C,(04)23289100,(04)25368667
2694,2023,03,7,17,54,臺中市,北屯區,0,2,0,8,2,5,50,4,18,1,5,4,5,7,2,1,10,5,5,2,3,15,2,8,3,4,C03,7,9,1,10,2,14,"  ",15,15,1,21,8,C03,120.722521,24.166821,2,66000,387130000C,(04)23289100,(04)25368667
2695,2023,03,7,17,55,臺中市,北屯區,0,0,0,8,,,50,,,,,,,,,,,,,,,16,"  ","  ","  ","  ",C03,"  ","  ",1,"  ",1,"  ","  ",16,"   ",1,18,"  ",C03,120.663807,24.199233,3,66000,387130000C,(04)23289100,(04)25368667
2696,2023,03,7,17,56,臺中市,南屯區,0,0,0,8,,,50,,,,,,,,,,,,,,,23,"  ","  ","  ","  ",C03,"  ","  ",1,"  ",2,"  ","  ",23,23,1,22,"  ",C03,120.624062,24.144927,3,66000,387130000C,(04)23289100,(04)25368667
2697,2023,03,7,18,3,臺中市,南屯區,0,0,0,8,,,50,,,,,,,,,,,,,,,7,"  ","  ","  ","  ",B03,"  ","  ",1,"  ",1,"  ","  ",7,"   ",1,22,"  ",B03,120.6223,24.150572,3,66000,387130000C,(04)23289100,(04)25368667
2698,2023,03,7,18,4,臺中市,大里區,0,0,0,8,,,30,,,,,,,,,,,,,,,6,"  ","  ","  ","  ",B03,"  ","  ",1,"  ",2,"  ","  ",6,"   ",1,12,"  ",B03,120.70071,24.096536,3,66000,387130000C,(04)23289100,(04)25368667
2699,2023,03,7,18,8,臺中市,中區,0,0,0,,,,50,,,,,,,,,,,,,,,23,"  ","  ","  ","  ",B03,"  ","  ",1,"  ",1,"  ","  ",23,"   ",1,5,"  ",B03,120.685744,24.141555,3,66000,387130000C,(04)23289100,(04)25368667
2700,2023,03,7,18,9,臺中市,南屯區,0,0,0,8,,,50,,,,,,,,,,,,,,,42,"  ","  ","  ","  ",B03,"  ","  ",1,"  ",1,"  ","  ",42,"   ",1,22,"  ",B03,120.635098,24.151351,3,66000,387130000C,(04)23289100,(04)25368667
2701,2023,03,7,18,10,臺中市,北屯區,0,0,0,8,,,50,,,,,,,,,,,,,,,16,"  ","  ","  ","  ",C03,"  ","  ",1,"  ",2,"  ","  ",16,16,1,21,"  ",C03,120.686306,24.201578,3,66000,387130000C,(04)23289100,(04)25368667
2702,2023,03,7,18,11,臺中市,豐原區,0,2,0,8,3,5,50,14,7,1,5,4,5,7,4,4,4,5,4,2,17,6,2,8,1,1,C03,7,5,1,10,2,11,"  ",6,6,1,4,1,C03,120.724213,24.24428,2,66000,387130000C,(04)23289100,(04)25368667
2703,2023,03,7,18,13,臺中市,西屯區,0,1,0,8,3,5,50,14,9,1,5,4,5,7,4,4,1,4,5,2,13,16,2,9,1,1,C03,7,9,1,10,2,11,"  ",16,16,1,22,8,C03,120.653422,24.167631,2,66000,387130000C,(04)23289100,(04)25368667
2704,2023,03,7,18,15,臺中市,西區,0,0,0,8,,,50,,,,,,,,,,,,,,,19,"  ","  ","  ","  ",B03,"  ","  ",1,"  ",2,"  ","  ",19,"   ",1,4,"  ",B03,120.665098,24.153371,3,66000,387130000C,(04)23289100,(04)25368667
2705,2023,03,7,18,19,臺中市,烏日區,0,1,0,8,3,5,50,3,1,1,5,4,5,7,4,4,9,5,5,1,9,10,3,10,1,1,B03,7,11,1,8,2,8,"  ",10,10,1,22,8,B03,120.636521,24.104235,2,66000,387130000C,(04)23289100,(04)25368667
2706,2023,03,7,18,20,臺中市,南屯區,0,0,0,,,,40,,,,,,,,,,,,,,,23,"  ","  ","  ","  ",B03,"  ","  ",1,"  ",1,"  ","  ",23,"   ",1,22,"  ",B03,120.632426,24.155839,3,66000,387130000C,(04)23289100,(04)25368667
2707,2023,03,7,18,20,臺中市,大里區,0,0,0,8,,,50,,,,,,,,,,,,,,,7,"  ","  ","  ","  ",B03,"  ","  ",1,"  ",2,"  ","  ",7,"   ",1,5,"  ",B03,120.692076,24.10081,3,66000,387130000C,(04)23289100,(04)25368667
2708,2023,03,7,18,21,臺中市,南屯區,0,1,0,8,3,5,50,4,1,1,5,4,5,7,1,1,5,5,5,2,17,6,3,10,1,1,B12,7,6,1,8,2,5,"  ",6,6,1,22,8,B12,120.613073,24.140067,2,66000,387130000C,(04)23289100,(04)25368667
2709,2023,03,7,18,22,臺中市,西屯區,0,1,0,8,1,5,50,14,9,1,5,4,5,7,4,4,9,4,5,2,13,16,2,8,1,1,C03,7,9,1,10,1,11,"  ",16,16,1,12,8,C03,120.638688,24.168223,2,66000,387130000C,(04)23289100,(04)25368667
2710,2023,03,7,18,22,臺中市,太平區,0,2,0,8,3,5,50,4,1,1,5,4,5,7,1,1,10,5,5,2,16,42,3,10,1,1,C03,7,6,2,18,2,12,"  ",42,42,1,21,8,C03,120.715961,24.148798,2,66000,387130000C,(04)23289100,(04)25368667
2711,2023,03,7,18,22,臺中市,大甲區,0,0,0,8,,,50,,,,,,,,,,,,,,,6,"  ","  ","  ","  ",A12,"  ","  ",1,"  ",2,"  ","  ",6,"   ",1,22,"  ",A12,120.602437,24.329869,3,66000,387130000C,(04)23289100,(04)25368667
2712,2023,03,7,18,23,臺中市,潭子區,0,1,0,8,4,5,30,14,9,1,5,4,5,7,4,4,10,4,5,1,17,43,2,9,1,1,C03,7,9,1,10,11,14,"  ",23,43,1,22,8,C03,120.715752,24.212069,2,66000,387130000C,(04)23289100,(04)25368667
2713,2023,03,7,18,23,臺中市,潭子區,0,1,0,8,1,5,60,5,1,1,5,4,5,7,1,1,10,5,5,2,17,23,3,10,1,1,B03,7,11,1,8,2,1,"  ",23,23,1,22,8,B03,120.707863,24.227318,2,66000,387130000C,(04)23289100,(04)25368667
2714,2023,03,7,18,23,臺中市,大甲區,0,1,0,8,1,5,50,3,2,1,5,4,5,7,4,4,5,4,4,2,17,42,3,10,1,1,B03,7,15,1,8,2,2,"  ",42,42,1,21,1,B03,120.65126,24.40545,2,66000,387130000C,(04)23289100,(04)25368667