序號,年,月,日,時,分,縣市,區,死亡數量,受傷數量,2-30,天候,光線,道路類別,速限_速度(公里),道路型態,事故位置,路面鋪裝,路面狀態,路面缺陷,障礙物,視距,號誌種類,號誌動作,分向設施,快車道或一般車道間,快慢車道間,路面邊線,事故類型及型態,主要肇因,受傷程度,主要傷處,保護裝備,行動電話,當事者區分,車輛用途,當事者行動狀態,駕駛資格情形,駕駛執照種類,飲酒情形,車輛撞擊部位最初,車輛撞擊部位其他,肇事因素個別,肇事因素主要,肇事逃逸,職業,旅次目的,車種,GPS座標X,GPS座標Y,事故類別,縣市別代碼,機關代碼,市話,傳真
2715,2023,03,7,18,26,臺中市,潭子區,0,2,0,8,3,8,50,3,1,1,5,4,5,7,1,1,5,4,4,2,16,6,2,8,1,1,C03,7,5,1,10,2,11,"  ",6,6,1,22,8,C03,120.70738,24.215513,2,66000,387130000C,(04)23289100,(04)25368667
2716,2023,03,7,18,33,臺中市,南區,0,0,0,8,,,50,,,,,,,,,,,,,,,23,"  ","  ","  ","  ",B03,"  ","  ",1,"  ",2,"  ","  ",23,"   ",1,22,"  ",B03,120.657454,24.129632,3,66000,387130000C,(04)23289100,(04)25368667
2717,2023,03,7,18,35,臺中市,大里區,0,0,0,8,4,5,40,14,9,1,5,4,5,7,4,4,9,5,4,1,13,23,3,10,1,1,C04,7,9,1,10,8,11,"  ",23,23,1,3,8,C04,120.704435,24.095813,3,66000,387130000C,(04)23289100,(04)25368667
2718,2023,03,7,18,39,臺中市,西屯區,0,0,0,8,,,40,,,,,,,,,,,,,,,7,"  ","  ","  ","  ",C03,"  ","  ",1,"  ",2,"  ","  ",7,"   ",1,12,"  ",C03,120.646692,24.155593,3,66000,387130000C,(04)23289100,(04)25368667
2719,2023,03,7,18,40,臺中市,北屯區,0,1,0,8,3,5,50,4,2,1,5,4,5,7,4,4,1,2,5,1,13,23,2,9,1,1,C03,7,9,1,10,2,11,12,23,23,1,22,8,C03,120.70925,24.171221,2,66000,387130000C,(04)23289100,(04)25368667
2720,2023,03,7,18,40,臺中市,大肚區,0,1,0,8,1,5,50,11,7,1,5,4,5,7,4,4,4,5,4,2,18,42,2,9,1,1,C03,7,9,1,10,2,12,"  ",42,42,1,2,8,C03,120.556884,24.160566,2,66000,387130000C,(04)23289100,(04)25368667
2721,2023,03,7,18,44,臺中市,西屯區,0,0,0,8,,,50,,,,,,,,,,,,,,,23,"  ","  ","  ","  ",C03,"  ","  ",1,"  ",1,"  ","  ",23,"   ",1,22,"  ",C03,120.658768,24.15879,3,66000,387130000C,(04)23289100,(04)25368667
2722,2023,03,7,18,44,臺中市,梧棲區,0,0,0,8,,,50,,,,,,,,,,,,,,,17,"  ","  ","  ","  ",B12,"  ","  ",1,"  ",2,"  ","  ",17,"   ",1,5,"  ",B12,120.529564,24.254104,3,66000,387130000C,(04)23289100,(04)25368667
2723,2023,03,7,18,47,臺中市,北區,0,0,0,8,,,50,,,,,,,,,,,,,,,16,"  ","  ","  ","  ",C03,"  ","  ",1,"  ",2,"  ","  ",16,"   ",1,22,"  ",C03,120.698877,24.154143,3,66000,387130000C,(04)23289100,(04)25368667
2724,2023,03,7,18,54,臺中市,南區,0,1,0,8,1,5,50,5,1,1,5,4,5,7,4,4,10,5,5,2,16,6,2,9,1,1,C03,7,9,1,10,2,11,"  ",6,6,1,4,5,C03,120.657264,24.126413,2,66000,387130000C,(04)23289100,(04)25368667
2725,2023,03,7,18,57,臺中市,大里區,0,1,0,8,1,5,50,14,9,1,5,4,5,7,4,4,5,4,5,1,12,17,3,10,3,4,B12,7,1,1,10,2,5,"  ",17,17,1,22,9,B12,120.678567,24.114996,2,66000,387130000C,(04)23289100,(04)25368667
2726,2023,03,7,19,1,臺中市,沙鹿區,0,0,0,8,,,50,,,,,,,,,,,,,,,9,"  ","  ","  ","  ",B03,"  ","  ",1,"  ",2,"  ","  ",9,9,1,4,"  ",B03,120.56524,24.232606,3,66000,387130000C,(04)23289100,(04)25368667
2727,2023,03,7,19,2,臺中市,西區,0,0,0,8,,,50,,,,,,,,,,,,,,,7,"  ","  ","  ","  ",B02,"  ","  ",1,"  ",1,"  ","  ",7,7,1,21,"  ",B02,120.666907,24.153208,3,66000,387130000C,(04)23289100,(04)25368667
2728,2023,03,7,19,4,臺中市,北屯區,0,0,0,8,,,50,,,,,,,,,,,,,,,23,"  ","  ","  ","  ",C03,"  ","  ",1,"  ",2,"  ","  ",23,"   ",1,21,"  ",C03,120.695048,24.180056,3,66000,387130000C,(04)23289100,(04)25368667
2729,2023,03,7,19,10,臺中市,西屯區,0,2,0,8,3,5,50,4,1,1,5,4,5,7,3,1,10,5,5,2,16,6,2,9,3,4,C03,7,6,1,10,2,14,"  ",6,6,1,22,8,C03,120.638662,24.185333,2,66000,387130000C,(04)23289100,(04)25368667
2730,2023,03,7,19,20,臺中市,大里區,0,2,0,8,3,5,50,4,1,1,5,4,5,7,1,1,10,5,5,2,16,6,2,9,1,1,C03,7,5,1,10,2,12,"  ",6,6,1,12,8,C03,120.703742,24.093107,2,66000,387130000C,(04)23289100,(04)25368667
2731,2023,03,7,19,25,臺中市,大雅區,0,1,0,8,3,5,50,11,9,1,5,4,5,7,4,4,10,5,5,2,18,23,2,9,1,1,C03,7,10,1,10,2,15,"  ",23,23,1,22,8,C03,120.6118,24.220851,2,66000,387130000C,(04)23289100,(04)25368667
2732,2023,03,7,19,25,臺中市,豐原區,0,1,0,8,3,5,50,4,1,1,5,4,5,7,1,1,4,3,4,2,12,6,3,10,1,1,C03,7,5,1,10,2,11,"  ",6,6,1,22,8,C03,120.71563,24.251408,2,66000,387130000C,(04)23289100,(04)25368667
2733,2023,03,7,19,29,臺中市,北區,0,1,0,8,3,5,40,14,8,1,5,4,5,7,4,4,1,4,4,2,17,19,3,10,1,1,B03,7,1,1,8,2,8,"  ",19,19,1,22,8,B03,120.680495,24.157178,2,66000,387130000C,(04)23289100,(04)25368667
2734,2023,03,7,19,32,臺中市,西屯區,0,0,0,8,,,30,,,,,,,,,,,,,,,6,"  ","  ","  ","  ",C03,"  ","  ",1,"  ",1,"  ","  ",6,"   ",1,22,"  ",C03,120.618788,24.189076,3,66000,387130000C,(04)23289100,(04)25368667
2735,2023,03,7,19,37,臺中市,西屯區,0,0,0,8,,,50,,,,,,,,,,,,,,,12,"  ","  ","  ","  ",A41,"  ","  ",1,"  ",2,"  ","  ",12,"   ",1,22,"  ",A41,120.5845,24.172537,3,66000,387130000C,(04)23289100,(04)25368667
2736,2023,03,7,19,37,臺中市,龍井區,0,0,0,,,,50,,,,,,,,,,,,,,,23,"  ","  ","  ","  ",B03,"  ","  ",1,"  ",1,"  ","  ",23,"   ",1,22,"  ",B03,120.582282,24.177646,3,66000,387130000C,(04)23289100,(04)25368667
2737,2023,03,7,19,41,臺中市,大雅區,0,1,0,8,3,5,70,14,8,1,5,4,5,7,4,4,1,4,4,1,13,23,2,9,1,1,C03,7,9,1,10,2,11,"  ",23,23,1,21,8,C03,120.649803,24.214151,2,66000,387130000C,(04)23289100,(04)25368667
2738,2023,03,7,19,41,臺中市,南屯區,0,2,0,8,3,5,50,3,1,1,5,4,5,7,4,4,5,4,4,2,17,44,3,10,1,1,B12,7,6,1,8,2,2,"  ",44,44,1,22,8,B12,120.615384,24.148939,2,66000,387130000C,(04)23289100,(04)25368667
2739,2023,03,7,19,44,臺中市,東區,0,0,0,,,,50,,,,,,,,,,,,,,,12,"  ","  ","  ","  ",B03,"  ","  ",1,"  ",2,"  ","  ",44,12,1,22,"  ",B03,120.705811,24.135138,3,66000,387130000C,(04)23289100,(04)25368667
2740,2023,03,7,19,47,臺中市,大里區,0,0,0,8,,,50,,,,,,,,,,,,,,,23,"  ","  ","  ","  ",B03,"  ","  ",1,"  ",2,"  ","  ",23,"   ",1,5,"  ",B03,120.694081,24.099721,3,66000,387130000C,(04)23289100,(04)25368667
2741,2023,03,7,19,50,臺中市,潭子區,0,0,0,8,,,60,,,,,,,,,,,,,,,23,"  ","  ","  ","  ",C03,"  ","  ",2,"  ",2,"  ","  ",23,"   ",1,22,"  ",C03,120.703486,24.200583,3,66000,387130000C,(04)23289100,(04)25368667
2742,2023,03,7,19,58,臺中市,北屯區,0,1,0,8,3,5,50,14,7,1,5,4,5,7,1,1,5,5,4,2,13,23,3,10,3,4,B03,7,9,1,8,2,1,"  ",23,23,1,21,8,B03,120.722865,24.162068,2,66000,387130000C,(04)23289100,(04)25368667
2743,2023,03,7,20,0,臺中市,北屯區,0,0,0,8,,,50,,,,,,,,,,,,,,,42,"  ","  ","  ","  ",B03,"  ","  ",1,"  ",1,"  ","  ",42,"   ",1,21,"  ",B03,120.710786,24.17458,3,66000,387130000C,(04)23289100,(04)25368667
2744,2023,03,7,20,2,臺中市,西屯區,0,1,0,8,3,5,50,4,1,1,5,4,5,7,1,1,10,5,5,2,11,8,2,9,1,1,C03,7,5,1,10,2,12,"  ",8,8,1,22,8,C03,120.637468,24.177593,2,66000,387130000C,(04)23289100,(04)25368667
2745,2023,03,7,20,5,臺中市,北屯區,0,0,0,8,,,50,,,,,,,,,,,,,,,23,"  ","  ","  ","  ",B03,"  ","  ",1,"  ",1,"  ","  ",23,"   ",1,21,"  ",B03,120.708466,24.170613,3,66000,387130000C,(04)23289100,(04)25368667
2746,2023,03,7,20,8,臺中市,梧棲區,0,1,0,8,3,5,50,4,2,1,5,4,5,7,1,1,5,5,5,1,16,23,3,10,1,1,C03,7,9,1,10,2,12,"  ",23,23,1,9,8,C03,120.536977,24.242526,2,66000,387130000C,(04)23289100,(04)25368667
2747,2023,03,7,20,10,臺中市,北屯區,0,0,0,8,,,15,,,,,,,,,,,,,,,6,"  ","  ","  ","  ",B03,"  ","  ",1,"  ",2,"  ","  ",6,6,1,22,"  ",B03,120.680566,24.18091,3,66000,387130000C,(04)23289100,(04)25368667
2748,2023,03,7,20,11,臺中市,南屯區,0,1,0,8,3,5,50,4,1,1,5,4,5,7,2,1,5,4,4,2,16,8,2,7,3,4,C03,7,5,1,10,2,14,"  ",8,7,1,22,9,C03,120.643921,24.13821,2,66000,387130000C,(04)23289100,(04)25368667
2749,2023,03,7,20,21,臺中市,中區,0,1,0,8,1,5,50,4,1,1,5,4,5,7,1,1,10,5,5,2,16,25,3,10,1,1,C03,7,5,1,10,2,13,"  ",25,25,1,22,9,C03,120.674312,24.14279,2,66000,387130000C,(04)23289100,(04)25368667
2750,2023,03,7,20,21,臺中市,南屯區,0,0,0,8,,,50,,,,,,,,,,,,,,,23,"  ","  ","  ","  ",B03,"  ","  ",1,"  ",1,"  ","  ",23,23,1,22,"  ",B03,120.621308,24.151188,3,66000,387130000C,(04)23289100,(04)25368667
2751,2023,03,7,20,22,臺中市,北區,0,2,0,8,3,5,50,3,1,1,5,4,5,7,1,1,1,4,4,2,16,8,2,7,1,1,C03,7,5,6,4,2,14,"  ",8,8,1,5,5,C03,120.689506,24.147001,2,66000,387130000C,(04)23289100,(04)25368667
2752,2023,03,7,20,29,臺中市,龍井區,0,3,0,8,3,5,50,4,1,1,5,4,5,7,2,1,9,5,5,1,13,16,2,9,1,1,C03,7,9,1,10,2,11,"  ",16,16,1,22,9,C03,120.581758,24.175784,2,66000,387130000C,(04)23289100,(04)25368667
2753,2023,03,7,20,36,臺中市,南區,0,0,0,8,,,50,,,,,,,,,,,,,,,23,"  ","  ","  ","  ",B03,"  ","  ",1,"  ",2,"  ","  ",23,"   ",1,5,"  ",B03,120.664286,24.119483,3,66000,387130000C,(04)23289100,(04)25368667
2754,2023,03,7,20,38,臺中市,北屯區,0,1,0,8,3,5,40,4,2,1,5,4,5,7,1,1,5,5,4,2,16,23,2,8,1,1,C03,7,6,1,10,2,12,"  ",23,23,1,21,8,C03,120.665775,24.191538,2,66000,387130000C,(04)23289100,(04)25368667
2755,2023,03,7,20,40,臺中市,東區,0,2,0,8,3,5,50,4,1,1,5,4,5,7,1,1,10,5,5,2,16,26,2,7,1,1,C03,7,9,1,10,2,12,"  ",26,26,1,22,8,C03,120.688111,24.133755,2,66000,387130000C,(04)23289100,(04)25368667
2756,2023,03,7,21,4,臺中市,西區,0,2,0,8,3,5,50,14,9,1,5,4,5,7,4,4,5,4,5,2,6,60,2,9,4,5,H01,8,18,8,20,10,16,"  ",60,60,1,14,8,H01,120.657984,24.151022,2,66000,387130000C,(04)23289100,(04)25368667
2757,2023,03,7,21,7,臺中市,北區,0,0,0,8,,,40,,,,,,,,,,,,,,,23,"  ","  ","  ","  ",B03,"  ","  ",1,"  ",1,"  ","  ",23,"   ",1,22,"  ",B03,120.6807,24.148942,3,66000,387130000C,(04)23289100,(04)25368667
2758,2023,03,7,21,13,臺中市,西屯區,0,1,0,8,3,5,40,11,9,1,5,4,5,7,4,4,10,5,5,1,18,23,2,9,1,1,C03,7,6,1,10,2,12,"  ",23,23,1,22,8,C03,120.633451,24.174121,2,66000,387130000C,(04)23289100,(04)25368667
2759,2023,03,7,21,13,臺中市,霧峰區,0,1,0,8,3,5,60,4,1,1,5,4,5,7,1,1,1,4,4,1,17,25,3,10,3,4,B03,7,5,1,7,2,5,"  ",25,25,1,12,8,B03,120.695045,24.05967,2,66000,387130000C,(04)23289100,(04)25368667
2760,2023,03,7,21,16,臺中市,北屯區,0,0,0,8,,,50,,,,,,,,,,,,,,,19,"  ","  ","  ","  ",C03,"  ","  ",1,"  ",1,"  ","  ",19,"   ",1,21,"  ",C03,120.66149,24.187975,3,66000,387130000C,(04)23289100,(04)25368667
2761,2023,03,7,21,16,臺中市,烏日區,0,1,0,8,3,5,50,14,7,1,5,4,5,7,4,4,5,5,4,2,12,17,3,10,1,1,B03,7,9,1,8,11,4,"  ",17,17,1,21,8,B03,120.623416,24.102753,2,66000,387130000C,(04)23289100,(04)25368667
2762,2023,03,7,21,23,臺中市,大里區,0,1,0,8,4,5,50,3,1,1,5,4,5,7,1,1,10,5,5,2,16,6,3,10,3,4,B03,7,5,1,8,2,6,"  ",6,6,1,3,8,B03,120.704435,24.095813,2,66000,387130000C,(04)23289100,(04)25368667
2763,2023,03,7,21,25,臺中市,太平區,0,2,0,8,3,5,50,5,2,1,5,4,5,7,1,1,5,5,5,2,13,16,3,10,1,1,B03,7,9,1,8,2,1,"  ",16,16,1,9,5,B03,120.724155,24.137407,2,66000,387130000C,(04)23289100,(04)25368667
2764,2023,03,7,21,27,臺中市,豐原區,0,0,0,8,,,30,,,,,,,,,,,,,,,23,"  ","  ","  ","  ",C03,"  ","  ",4,"  ",2,"  ","  ",23,"   ",1,22,"  ",C03,120.705448,24.239858,3,66000,387130000C,(04)23289100,(04)25368667
2765,2023,03,7,21,30,臺中市,西屯區,0,1,0,8,3,5,50,4,1,1,5,4,5,7,4,4,10,5,5,2,13,42,2,8,1,1,C03,7,9,1,10,2,11,"  ",42,42,1,22,8,C03,120.645033,24.177583,2,66000,387130000C,(04)23289100,(04)25368667
2766,2023,03,7,21,33,臺中市,中區,0,3,0,8,3,5,50,4,1,1,5,4,5,7,2,1,10,5,5,2,16,26,2,9,1,1,C03,7,5,1,10,2,14,"  ",26,8,1,2,9,C03,120.680272,24.143142,2,66000,387130000C,(04)23289100,(04)25368667
2767,2023,03,7,21,45,臺中市,西屯區,0,0,0,8,,,50,,,,,,,,,,,,,,,23,"  ","  ","  ","  ",B03,"  ","  ",1,"  ",1,"  ","  ",23,"   ",1,12,"  ",B03,120.614885,24.183225,3,66000,387130000C,(04)23289100,(04)25368667
2768,2023,03,7,22,0,臺中市,北屯區,0,1,0,8,3,5,50,14,9,1,5,4,5,7,4,4,5,4,5,2,16,26,2,9,1,1,C03,7,11,1,10,2,12,"  ",26,26,1,21,8,C03,120.697917,24.170376,2,66000,387130000C,(04)23289100,(04)25368667
2769,2023,03,7,22,8,臺中市,北區,0,1,0,8,3,5,50,3,1,1,5,4,5,7,4,4,5,2,5,2,16,6,3,10,1,1,B03,7,5,5,8,2,2,"  ",6,6,1,21,8,B03,120.680422,24.169742,2,66000,387130000C,(04)23289100,(04)25368667
2770,2023,03,7,22,17,臺中市,南區,0,1,0,8,1,5,50,3,1,1,5,4,3,7,1,1,10,5,5,2,13,23,2,9,1,1,C03,7,9,1,10,2,11,"  ",23,23,1,22,8,C03,120.679293,24.125653,2,66000,387130000C,(04)23289100,(04)25368667
2771,2023,03,7,22,17,臺中市,南區,0,0,0,8,,,50,,,,,,,,,,,,,,,12,"  ","  ","  ","  ",B03,"  ","  ",1,"  ",2,"  ","  ",12,"   ",1,5,"  ",B03,120.659194,24.111126,3,66000,387130000C,(04)23289100,(04)25368667
2772,2023,03,7,22,20,臺中市,南區,0,1,0,8,3,5,50,3,1,1,5,4,5,7,4,4,10,5,5,2,18,23,2,9,1,1,C03,7,15,1,10,2,15,"  ",23,23,1,22,8,C03,120.671034,24.119158,2,66000,387130000C,(04)23289100,(04)25368667
2773,2023,03,7,22,24,臺中市,清水區,0,0,0,8,,,50,,,,,,,,,,,,,,,1,"  ","  ","  ","  ",B03,"  ","  ",1,"  ",1,"  ","  ",1,1,1,21,"  ",B03,120.54263,24.262891,3,66000,387130000C,(04)23289100,(04)25368667
2774,2023,03,7,22,27,臺中市,南屯區,0,1,0,8,3,5,50,4,1,1,5,4,5,7,1,1,5,5,5,2,16,6,3,10,1,1,A02,7,5,1,1,2,6,"  ",6,6,1,10,8,A02,120.610591,24.131987,2,66000,387130000C,(04)23289100,(04)25368667
2775,2023,03,7,22,36,臺中市,西屯區,0,0,0,8,,,50,,,,,,,,,,,,,,,6,"  ","  ","  ","  ",B03,"  ","  ",1,"  ",1,"  ","  ",6,"   ",1,22,"  ",B03,120.643425,24.163735,3,66000,387130000C,(04)23289100,(04)25368667
2776,2023,03,7,22,51,臺中市,北區,0,1,0,8,3,5,50,4,1,1,5,4,5,7,1,1,10,5,5,2,16,6,3,10,1,1,B03,7,5,1,8,2,1,"  ",6,6,1,22,9,B03,120.685119,24.165279,2,66000,387130000C,(04)23289100,(04)25368667
2777,2023,03,7,22,54,臺中市,北區,0,2,0,8,3,5,50,5,1,1,5,4,5,7,2,1,2,5,5,2,16,26,3,10,1,1,B03,7,9,1,8,2,2,"  ",26,26,1,21,8,B03,120.686252,24.15482,2,66000,387130000C,(04)23289100,(04)25368667
2778,2023,03,7,23,2,臺中市,西屯區,0,0,0,8,,,30,,,,,,,,,,,,,,,23,"  ","  ","  ","  ",B03,"  ","  ",1,"  ",2,"  ","  ",23,23,1,22,"  ",B03,120.665866,24.170363,3,66000,387130000C,(04)23289100,(04)25368667
2779,2023,03,7,23,6,臺中市,太平區,0,1,0,8,3,5,40,3,2,1,5,4,5,7,4,4,5,5,5,1,21,42,2,9,1,1,C03,7,9,1,10,1,11,"  ",42,42,1,21,8,C03,120.774697,24.10338,2,66000,387130000C,(04)23289100,(04)25368667
2780,2023,03,7,23,15,臺中市,東區,0,1,0,8,3,5,50,4,1,1,5,4,5,7,1,1,10,5,5,2,15,25,3,10,1,1,B03,7,9,1,8,2,5,"  ",25,25,1,22,8,B03,120.701136,24.142682,2,66000,387130000C,(04)23289100,(04)25368667
2781,2023,03,7,23,19,臺中市,沙鹿區,0,2,0,7,3,5,40,3,2,1,5,4,5,7,4,4,3,4,4,1,9,13,2,9,1,1,C03,7,9,1,10,2,15,"  ",13,13,1,22,9,C03,120.615735,24.243783,2,66000,387130000C,(04)23289100,(04)25368667
2782,2023,03,7,23,24,臺中市,北區,0,0,0,8,,,50,,,,,,,,,,,,,,,6,"  ","  ","  ","  ",B03,"  ","  ",1,"  ",11,"  ","  ",6,"   ",1,21,"  ",B03,120.66621,24.159191,3,66000,387130000C,(04)23289100,(04)25368667
2783,2023,03,7,23,27,臺中市,霧峰區,0,0,0,8,3,5,30,14,9,1,5,4,5,7,4,4,10,5,5,2,17,43,"  ","  ","  ","  ",C03,"  ","  ",1,"  ",2,"  ","  ",43,"   ",1,22,"  ",C03,120.713288,24.072017,3,66000,387130000C,(04)23289100,(04)25368667
2784,2023,03,7,23,35,臺中市,西屯區,0,1,0,8,3,5,50,14,7,1,5,4,5,7,4,4,9,4,4,2,16,10,3,10,1,1,B03,7,11,4,10,2,4,"  ",10,10,1,22,8,B03,120.633989,24.160364,2,66000,387130000C,(04)23289100,(04)25368667
2785,2023,03,7,23,38,臺中市,沙鹿區,0,0,0,8,,,60,,,,,,,,,,,,,,,16,"  ","  ","  ","  ",A11,"  ","  ",1,"  ",2,"  ","  ",16,"   ",1,10,"  ",A11,120.571555,24.242515,3,66000,387130000C,(04)23289100,(04)25368667
2786,2023,03,7,23,39,臺中市,北屯區,0,0,0,8,,,50,,,,,,,,,,,,,,,23,"  ","  ","  ","  ",B03,"  ","  ",1,"  ",1,"  ","  ",23,23,1,22,"  ",B03,120.687772,24.171886,3,66000,387130000C,(04)23289100,(04)25368667
2787,2023,03,7,23,47,臺中市,中區,0,2,0,8,3,5,50,4,1,1,5,4,5,7,2,1,10,5,5,2,17,26,2,9,1,1,C03,7,9,1,10,2,12,"  ",26,26,1,4,8,C03,120.675804,24.144255,2,66000,387130000C,(04)23289100,(04)25368667
2788,2023,03,8,0,47,臺中市,東區,0,1,0,8,3,5,50,4,1,1,5,4,5,7,2,1,10,5,5,2,18,23,2,9,1,1,C03,7,9,1,10,2,12,"  ",23,23,1,21,8,C03,120.712182,24.144435,2,66000,387130000C,(04)23289100,(04)25368667
2789,2023,03,8,1,12,臺中市,太平區,0,2,0,8,1,5,40,14,8,1,5,4,5,7,4,4,5,4,4,1,13,16,2,9,1,1,C03,7,9,1,10,2,11,"  ",16,16,1,21,8,C03,120.721547,24.149013,2,66000,387130000C,(04)23289100,(04)25368667
2790,2023,03,8,1,25,臺中市,東區,0,1,0,8,3,5,50,4,2,1,5,4,5,7,2,1,5,4,5,2,13,23,2,9,3,4,B03,7,9,6,8,2,5,"  ",23,23,1,5,8,B03,120.693073,24.126808,2,66000,387130000C,(04)23289100,(04)25368667
2791,2023,03,8,1,51,臺中市,西屯區,0,2,0,8,3,5,50,14,9,1,5,4,5,7,2,1,1,5,5,2,17,42,2,9,1,1,C03,7,9,1,10,2,12,"  ",42,42,1,22,8,C03,120.651711,24.166335,2,66000,387130000C,(04)23289100,(04)25368667
2792,2023,03,8,3,20,臺中市,北區,0,0,0,8,,,50,,,,,,,,,,,,,,,26,"  ","  ","  ","  ",B01,"  ","  ",1,"  ",2,"  ","  ",26,"   ",1,21,"  ",B01,120.676326,24.16713,3,66000,387130000C,(04)23289100,(04)25368667
2793,2023,03,8,3,57,臺中市,南屯區,0,0,0,8,,,50,,,,,,,,,,,,,,,40,"  ","  ","  ","  ",B03,"  ","  ",1,"  ",1,"  ","  ",40,"   ",1,22,"  ",B03,120.540134,24.095433,3,66000,387130000C,(04)23289100,(04)25368667
2794,2023,03,8,4,40,臺中市,太平區,0,2,0,8,3,5,50,4,1,1,5,4,5,7,3,1,10,5,5,2,15,6,3,10,1,1,B03,7,9,1,8,2,2,"  ",6,6,1,21,8,B03,120.715287,24.158896,2,66000,387130000C,(04)23289100,(04)25368667
2795,2023,03,8,5,6,臺中市,西屯區,0,0,0,8,,,30,,,,,,,,,,,,,,,23,"  ","  ","  ","  ",B12,"  ","  ",1,"  ",11,"  ","  ",23,"   ",1,22,"  ",B12,120.651456,24.174881,3,66000,387130000C,(04)23289100,(04)25368667
2796,2023,03,8,5,7,臺中市,北區,0,1,0,8,3,5,50,4,2,1,5,4,5,7,1,1,5,4,5,2,16,23,3,10,1,1,B03,7,13,1,8,1,7,"  ",38,23,1,21,8,B03,120.671934,24.1671,2,66000,387130000C,(04)23289100,(04)25368667
2797,2023,03,8,6,12,臺中市,龍井區,0,0,0,8,1,5,60,14,9,1,5,4,5,7,4,4,1,5,5,1,13,23,3,10,3,4,B03,7,9,1,8,7,1,"  ",23,23,1,9,9,B03,120.51405,24.198926,3,66000,387130000C,(04)23289100,(04)25368667
2798,2023,03,8,6,14,臺中市,南屯區,0,0,0,,,,50,,,,,,,,,,,,,,,25,"  ","  ","  ","  ",C03,"  ","  ",1,"  ",1,"  ","  ",25,"   ",1,22,"  ",C03,120.622269,24.14031,3,66000,387130000C,(04)23289100,(04)25368667
2799,2023,03,8,6,35,臺中市,大肚區,0,2,0,8,1,5,30,14,9,1,5,4,5,7,4,4,10,5,5,1,10,5,2,9,1,1,C03,7,9,1,10,2,11,"  ",5,5,1,21,8,C03,120.554008,24.145155,2,66000,387130000C,(04)23289100,(04)25368667
2800,2023,03,8,6,42,臺中市,大甲區,0,2,0,8,1,5,70,4,1,1,5,4,5,7,1,1,10,5,5,2,16,8,2,9,2,1,F01,7,5,8,20,2,16,"  ",8,8,1,20,8,F01,120.616022,24.335463,2,66000,387130000C,(04)23289100,(04)25368667
2801,2023,03,8,6,50,臺中市,沙鹿區,0,1,0,8,1,5,50,4,9,4,5,4,5,7,4,4,4,4,5,2,15,6,3,10,1,1,B03,7,9,1,8,2,8,"  ",6,6,1,22,8,B03,120.560785,24.237033,2,66000,387130000C,(04)23289100,(04)25368667
2802,2023,03,8,6,53,臺中市,潭子區,0,1,0,8,1,5,30,4,2,1,5,4,5,7,1,1,3,3,4,1,3,15,3,10,1,1,B03,7,5,1,8,2,4,"  ",15,15,1,22,9,B03,120.711783,24.20986,2,66000,387130000C,(04)23289100,(04)25368667
2803,2023,03,8,6,54,臺中市,大甲區,0,1,0,8,1,5,30,4,1,1,5,4,5,7,3,1,10,5,5,2,15,6,3,10,1,1,B03,7,9,1,8,2,5,"  ",6,6,1,9,8,B03,120.630544,24.34711,2,66000,387130000C,(04)23289100,(04)25368667
2804,2023,03,8,7,5,臺中市,梧棲區,0,1,0,8,1,5,30,4,1,1,5,4,5,7,4,4,10,5,5,2,16,43,2,9,1,1,F03,7,6,8,20,2,16,"  ",43,43,1,2,1,F03,120.532453,24.227491,2,66000,387130000C,(04)23289100,(04)25368667
2805,2023,03,8,7,8,臺中市,西屯區,0,0,0,8,,,50,,,,,,,,,,,,,,,23,"  ","  ","  ","  ",B03,"  ","  ",1,"  ",1,"  ","  ",23,23,1,1,"  ",B03,120.647264,24.168541,3,66000,387130000C,(04)23289100,(04)25368667
2806,2023,03,8,7,8,臺中市,大甲區,0,1,0,8,1,5,50,14,9,1,5,4,5,7,4,4,9,5,5,1,29,43,2,1,1,1,C03,7,9,1,10,2,11,12,43,43,1,4,1,C03,120.6453,24.404873,2,66000,387130000C,(04)23289100,(04)25368667
2807,2023,03,8,7,11,臺中市,西屯區,0,0,0,8,,,40,,,,,,,,,,,,,,,16,"  ","  ","  ","  ",A05,"  ","  ",1,"  ",1,"  ","  ",16,"   ",1,22,"  ",A05,120.62078,24.180651,3,66000,387130000C,(04)23289100,(04)25368667
2808,2023,03,8,7,12,臺中市,西屯區,0,2,0,8,1,5,30,14,9,1,5,4,5,7,4,4,10,5,5,2,17,6,2,9,1,1,C03,7,5,1,10,2,14,"  ",6,6,1,21,8,C03,120.651458,24.164483,2,66000,387130000C,(04)23289100,(04)25368667
2809,2023,03,8,7,15,臺中市,大雅區,0,1,0,8,1,5,40,3,1,1,5,4,5,7,4,4,1,4,4,1,17,43,2,9,1,1,C03,7,9,1,10,2,15,"  ",43,43,1,22,9,C03,120.644684,24.226981,2,66000,387130000C,(04)23289100,(04)25368667
2810,2023,03,8,7,17,臺中市,梧棲區,0,1,0,8,1,5,50,3,1,1,5,4,5,7,4,4,10,5,5,2,18,23,2,9,1,1,C03,7,9,1,10,2,12,"  ",23,23,1,5,8,C03,120.53076,24.253411,2,66000,387130000C,(04)23289100,(04)25368667
2811,2023,03,8,7,20,臺中市,北屯區,0,0,0,8,,,40,,,,,,,,,,,,,,,16,"  ","  ","  ","  ",C02,"  ","  ",1,"  ",1,"  ","  ",16,"   ",1,21,"  ",C02,120.721956,24.182475,3,66000,387130000C,(04)23289100,(04)25368667