序號,年,月,日,時,分,縣市,區,死亡數量,受傷數量,2-30,天候,光線,道路類別,速限_速度(公里),道路型態,事故位置,路面鋪裝,路面狀態,路面缺陷,障礙物,視距,號誌種類,號誌動作,分向設施,快車道或一般車道間,快慢車道間,路面邊線,事故類型及型態,主要肇因,受傷程度,主要傷處,保護裝備,行動電話,當事者區分,車輛用途,當事者行動狀態,駕駛資格情形,駕駛執照種類,飲酒情形,車輛撞擊部位最初,車輛撞擊部位其他,肇事因素個別,肇事因素主要,肇事逃逸,職業,旅次目的,車種,GPS座標X,GPS座標Y,事故類別,縣市別代碼,機關代碼,市話,傳真
2812,2023,03,8,7,20,臺中市,太平區,0,1,0,8,1,5,30,5,1,5,5,4,5,7,1,1,10,5,5,2,17,8,3,10,1,1,C03,7,5,1,10,2,11,"  ",8,8,1,4,1,C03,120.719767,24.121138,2,66000,387130000C,(04)23289100,(04)25368667
2813,2023,03,8,7,20,臺中市,龍井區,0,0,0,8,,,50,,,,,,,,,,,,,,,23,"  ","  ","  ","  ",B12,"  ","  ",1,"  ",2,"  ","  ",23,"   ",1,12,"  ",B12,120.505379,24.210437,3,66000,387130000C,(04)23289100,(04)25368667
2814,2023,03,8,7,21,臺中市,烏日區,0,0,0,8,,,50,,,,,,,,,,,,,,,7,"  ","  ","  ","  ",B12,"  ","  ",1,"  ",2,"  ","  ",7,"   ",1,21,"  ",B12,120.587287,24.113192,3,66000,387130000C,(04)23289100,(04)25368667
2815,2023,03,8,7,21,臺中市,清水區,0,1,0,8,1,5,40,4,2,1,5,4,5,7,1,1,1,2,4,1,12,23,3,10,1,1,A41,7,1,1,1,2,5,"  ",23,23,1,21,7,A41,120.549115,24.281433,2,66000,387130000C,(04)23289100,(04)25368667
2816,2023,03,8,7,24,臺中市,西區,0,0,0,8,1,5,50,3,1,1,5,4,5,7,4,4,5,5,5,2,16,6,"  ","  ","  ","  ",B03,"  ","  ",1,"  ",1,"  ","  ",6,"   ",1,21,"  ",B03,120.679166,24.137126,3,66000,387130000C,(04)23289100,(04)25368667
2817,2023,03,8,7,27,臺中市,太平區,0,1,0,8,1,5,40,3,2,1,5,4,5,7,4,4,5,5,5,2,13,16,2,7,1,1,C03,7,9,1,9,2,11,"  ",16,16,1,21,8,C03,120.701195,24.11243,2,66000,387130000C,(04)23289100,(04)25368667
2818,2023,03,8,7,28,臺中市,大雅區,0,0,0,8,,,50,,,,,,,,,,,,,,,23,"  ","  ","  ","  ",C03,"  ","  ",1,"  ",1,"  ","  ",23,"   ",1,21,"  ",C03,120.645429,24.221915,3,66000,387130000C,(04)23289100,(04)25368667
2819,2023,03,8,7,30,臺中市,北屯區,0,1,0,8,1,5,40,14,8,1,5,4,5,7,4,4,5,5,4,2,16,19,3,10,1,1,B12,7,1,1,8,2,4,"  ",19,19,1,9,7,B12,120.713746,24.161444,2,66000,387130000C,(04)23289100,(04)25368667
2820,2023,03,8,7,34,臺中市,西屯區,0,0,0,8,,,50,,,,,,,,,,,,,,,16,"  ","  ","  ","  ",B03,"  ","  ",1,"  ",1,"  ","  ",16,"   ",1,22,"  ",B03,120.649531,24.162104,3,66000,387130000C,(04)23289100,(04)25368667
2821,2023,03,8,7,40,臺中市,西屯區,0,1,0,8,1,5,40,14,7,1,5,4,5,7,4,4,5,5,4,2,16,10,3,10,3,4,B03,7,11,1,8,2,4,"  ",10,10,1,22,8,B03,120.642174,24.177708,2,66000,387130000C,(04)23289100,(04)25368667
2822,2023,03,8,7,40,臺中市,大肚區,0,1,0,8,1,5,60,3,2,1,5,4,5,7,1,1,1,5,5,2,12,23,3,10,1,1,B03,7,9,1,8,2,5,"  ",23,23,1,5,1,B03,120.582754,24.168441,2,66000,387130000C,(04)23289100,(04)25368667
2823,2023,03,8,7,41,臺中市,梧棲區,0,1,0,8,1,5,40,4,1,1,5,4,5,7,4,4,10,5,5,2,12,17,3,10,1,1,B12,7,9,1,8,2,2,"  ",17,17,1,3,1,B12,120.557853,24.241822,2,66000,387130000C,(04)23289100,(04)25368667
2824,2023,03,8,7,42,臺中市,西屯區,0,0,0,8,,,50,,,,,,,,,,,,,,,42,"  ","  ","  ","  ",B03,"  ","  ",1,"  ",2,"  ","  ",42,"   ",1,22,"  ",B03,120.653905,24.167521,3,66000,387130000C,(04)23289100,(04)25368667
2825,2023,03,8,7,43,臺中市,霧峰區,0,1,0,8,1,5,40,4,1,1,5,4,3,7,1,1,10,5,5,2,17,9,3,10,1,1,C03,7,6,1,10,2,12,"  ",9,9,1,22,8,C03,120.66268,24.072542,2,66000,387130000C,(04)23289100,(04)25368667
2826,2023,03,8,7,44,臺中市,西屯區,0,1,0,8,1,5,50,3,2,1,5,4,5,7,4,4,1,4,5,1,17,9,3,10,1,1,B03,7,6,1,8,2,3,"  ",9,9,1,1,9,B03,120.650297,24.163835,2,66000,387130000C,(04)23289100,(04)25368667
2827,2023,03,8,7,45,臺中市,沙鹿區,0,1,0,8,1,5,50,3,1,1,5,4,5,7,4,4,10,5,5,2,12,17,2,9,1,1,C03,7,9,1,10,2,11,"  ",17,17,1,20,9,C03,120.565552,24.237131,2,66000,387130000C,(04)23289100,(04)25368667
2828,2023,03,8,7,45,臺中市,后里區,0,1,0,8,2,5,60,8,11,1,5,4,5,7,1,1,1,4,4,1,12,7,3,10,1,1,C03,7,7,1,10,2,13,"  ",7,7,1,22,1,C03,120.722813,24.283783,2,66000,387130000C,(04)23289100,(04)25368667
2829,2023,03,8,7,47,臺中市,潭子區,0,1,0,8,1,5,50,14,7,1,5,4,5,7,4,4,3,4,4,1,13,16,2,9,1,1,C03,7,9,1,10,2,11,"  ",16,16,1,22,8,C03,120.682541,24.216191,2,66000,387130000C,(04)23289100,(04)25368667
2830,2023,03,8,7,48,臺中市,南屯區,0,2,0,8,1,5,50,4,1,1,5,4,5,7,1,1,10,5,5,2,13,16,2,9,1,1,C03,7,9,1,10,2,11,"  ",16,16,1,22,8,C03,120.646512,24.132,2,66000,387130000C,(04)23289100,(04)25368667
2831,2023,03,8,7,48,臺中市,西屯區,0,2,0,8,1,5,50,4,9,1,5,4,5,7,2,1,5,5,5,2,13,23,2,9,1,1,C03,7,9,1,10,2,11,"  ",23,23,1,22,8,C03,120.644674,24.15773,2,66000,387130000C,(04)23289100,(04)25368667
2832,2023,03,8,7,49,臺中市,東區,0,1,0,8,1,5,40,3,1,1,5,4,5,7,1,1,10,5,5,2,17,25,3,10,1,1,B03,7,11,1,8,2,6,"  ",44,25,1,22,8,B03,120.694405,24.151883,2,66000,387130000C,(04)23289100,(04)25368667
2833,2023,03,8,7,50,臺中市,南區,0,2,0,8,1,5,50,4,1,1,5,4,5,7,1,1,1,4,4,2,13,16,2,9,1,1,C03,7,9,1,10,2,11,"  ",16,16,1,22,8,C03,120.657454,24.129632,2,66000,387130000C,(04)23289100,(04)25368667
2834,2023,03,8,7,50,臺中市,北屯區,0,1,0,8,1,5,50,4,1,1,5,4,5,7,1,1,5,5,4,2,12,23,2,9,1,1,C03,7,7,1,10,2,11,"  ",23,23,1,22,8,C03,120.67611,24.195362,2,66000,387130000C,(04)23289100,(04)25368667
2835,2023,03,8,7,52,臺中市,神岡區,0,1,0,8,1,5,30,14,9,1,5,4,5,7,4,4,10,5,5,2,12,19,3,10,1,1,B03,7,1,1,8,2,8,"  ",19,19,1,22,8,B03,120.674625,24.251753,2,66000,387130000C,(04)23289100,(04)25368667
2836,2023,03,8,7,52,臺中市,豐原區,0,3,0,8,1,5,60,14,9,1,5,4,5,7,1,1,8,3,5,1,12,8,2,9,3,4,C03,7,9,1,10,2,11,"  ",44,8,1,22,5,C03,120.709308,24.25368,2,66000,387130000C,(04)23289100,(04)25368667
2837,2023,03,8,7,54,臺中市,梧棲區,0,1,0,8,1,5,50,5,1,1,5,4,5,7,1,1,10,5,5,2,16,6,3,10,1,1,B03,7,5,1,8,2,1,"  ",6,6,1,3,1,B03,120.527812,24.24388,2,66000,387130000C,(04)23289100,(04)25368667
2838,2023,03,8,7,55,臺中市,南屯區,0,1,0,8,1,5,50,14,9,1,5,4,5,7,4,4,5,5,5,2,18,43,2,9,1,1,C03,7,6,1,10,2,14,"  ",43,43,1,5,1,C03,120.608248,24.148843,2,66000,387130000C,(04)23289100,(04)25368667
2839,2023,03,8,7,57,臺中市,大雅區,0,2,0,8,1,5,30,14,9,1,5,4,5,7,4,4,10,5,5,1,10,5,2,6,1,1,C03,7,9,1,10,2,11,"  ",5,5,1,22,9,C03,120.661845,24.240187,2,66000,387130000C,(04)23289100,(04)25368667
2840,2023,03,8,7,57,臺中市,潭子區,0,1,0,8,1,5,50,14,9,1,5,4,5,7,4,4,5,5,5,1,13,23,2,4,1,1,C03,7,9,1,10,2,11,"  ",23,23,1,22,9,C03,120.69971,24.223117,2,66000,387130000C,(04)23289100,(04)25368667
2841,2023,03,8,7,57,臺中市,南屯區,0,0,0,8,,,50,,,,,,,,,,,,,,,16,"  ","  ","  ","  ",C03,"  ","  ",1,"  ",1,"  ","  ",16,"   ",1,22,"  ",C03,120.6385,24.139536,3,66000,387130000C,(04)23289100,(04)25368667
2842,2023,03,8,7,57,臺中市,西屯區,0,3,0,8,1,5,30,4,1,1,5,4,5,7,4,4,10,5,5,2,15,6,2,8,1,1,C03,7,9,1,10,2,12,"  ",6,6,1,18,8,C03,120.648151,24.176053,2,66000,387130000C,(04)23289100,(04)25368667
2843,2023,03,8,7,57,臺中市,烏日區,0,0,0,8,1,5,50,14,8,1,5,4,5,7,1,1,1,4,1,1,12,17,"  ","  ","  ","  ",C03,"  ","  ",1,"  ",2,"  ","  ",17,"   ",1,22,"  ",C03,120.648123,24.085967,3,66000,387130000C,(04)23289100,(04)25368667
2844,2023,03,8,7,57,臺中市,豐原區,0,1,0,8,1,5,30,14,9,1,5,4,5,7,4,4,10,5,5,1,13,16,2,9,1,1,C03,7,9,1,10,2,11,"  ",16,16,1,22,8,C03,120.721568,24.225669,2,66000,387130000C,(04)23289100,(04)25368667
2845,2023,03,8,7,58,臺中市,太平區,0,0,0,8,,,50,,,,,,,,,,,,,,,23,"  ","  ","  ","  ",B03,"  ","  ",1,"  ",2,"  ","  ",23,"   ",1,22,"  ",B03,120.727175,24.134342,3,66000,387130000C,(04)23289100,(04)25368667
2846,2023,03,8,8,0,臺中市,大里區,0,1,0,8,1,5,30,14,9,1,5,4,5,7,4,4,10,5,5,1,13,5,2,9,1,1,C03,7,4,1,10,2,11,"  ",5,5,1,5,1,C03,120.663416,24.103403,2,66000,387130000C,(04)23289100,(04)25368667
2847,2023,03,8,8,1,臺中市,龍井區,0,0,0,,,,60,,,,,,,,,,,,,,,23,"  ","  ","  ","  ",B03,"  ","  ",1,"  ",2,"  ","  ",23,"   ",1,5,"  ",B03,120.581758,24.175784,3,66000,387130000C,(04)23289100,(04)25368667
2848,2023,03,8,8,4,臺中市,東區,0,0,0,,,,40,,,,,,,,,,,,,,,16,"  ","  ","  ","  ",C03,"  ","  ",1,"  ",2,"  ","  ",16,"   ",1,18,"  ",C03,120.707907,24.148969,3,66000,387130000C,(04)23289100,(04)25368667
2849,2023,03,8,8,4,臺中市,北屯區,0,1,0,8,1,5,50,3,1,1,5,4,5,7,4,4,10,5,5,2,13,16,2,9,1,1,C03,7,9,1,10,2,11,"  ",16,16,1,4,8,C03,120.725573,24.18079,2,66000,387130000C,(04)23289100,(04)25368667
2850,2023,03,8,8,5,臺中市,北屯區,0,2,0,8,1,5,50,5,4,1,5,4,5,7,1,1,1,4,5,2,13,23,2,9,1,1,C03,7,9,1,10,2,11,"  ",23,23,1,21,8,C03,120.697703,24.170242,2,66000,387130000C,(04)23289100,(04)25368667
2851,2023,03,8,8,5,臺中市,北屯區,0,1,0,8,1,5,30,14,9,1,5,4,5,7,4,4,10,5,5,2,17,43,2,8,1,1,C03,7,9,1,10,2,11,"  ",43,43,1,21,8,C03,120.6729,24.183106,2,66000,387130000C,(04)23289100,(04)25368667
2852,2023,03,8,8,5,臺中市,沙鹿區,0,1,0,8,1,5,50,3,9,1,5,4,5,7,4,4,4,3,5,1,16,8,3,10,1,1,B03,7,5,1,8,2,2,"  ",8,8,1,22,8,B03,120.56175,24.206903,2,66000,387130000C,(04)23289100,(04)25368667
2853,2023,03,8,8,6,臺中市,西屯區,0,0,0,8,,,50,,,,,,,,,,,,,,,8,"  ","  ","  ","  ",C03,"  ","  ",1,"  ",1,"  ","  ",8,"   ",1,22,"  ",C03,120.646305,24.18434,3,66000,387130000C,(04)23289100,(04)25368667
2854,2023,03,8,8,8,臺中市,西屯區,0,1,0,8,1,5,50,4,1,1,5,4,5,7,1,1,5,4,5,1,17,42,3,10,1,1,B03,7,14,1,8,2,8,"  ",42,42,1,1,9,B03,120.624894,24.179858,2,66000,387130000C,(04)23289100,(04)25368667
2855,2023,03,8,8,10,臺中市,潭子區,0,1,0,8,1,5,50,14,7,1,5,4,5,7,1,1,5,4,4,2,9,23,3,10,1,1,C03,7,1,1,10,2,11,"  ",23,23,1,22,8,C03,120.699417,24.194398,2,66000,387130000C,(04)23289100,(04)25368667
2856,2023,03,8,8,10,臺中市,西屯區,0,1,0,8,1,5,40,14,8,1,5,4,5,7,4,4,1,4,4,2,17,23,2,9,1,1,C03,7,9,1,10,1,11,"  ",23,23,1,21,8,C03,120.651878,24.207353,2,66000,387130000C,(04)23289100,(04)25368667
2857,2023,03,8,8,10,臺中市,西屯區,0,0,0,8,,,50,,,,,,,,,,,,,,,23,"  ","  ","  ","  ",B03,"  ","  ",1,"  ",1,"  ","  ",23,"   ",1,22,"  ",B03,120.646987,24.158836,3,66000,387130000C,(04)23289100,(04)25368667
2858,2023,03,8,8,12,臺中市,西屯區,0,2,0,8,1,5,50,14,9,1,5,4,5,7,4,4,1,4,5,1,13,7,3,10,1,1,C03,7,7,1,10,2,15,"  ",7,7,1,22,8,C03,120.651656,24.199013,2,66000,387130000C,(04)23289100,(04)25368667
2859,2023,03,8,8,12,臺中市,西屯區,0,0,0,8,,,50,,,,,,,,,,,,,,,26,"  ","  ","  ","  ",B03,"  ","  ",1,"  ",1,"  ","  ",26,"   ",1,22,"  ",B03,120.628323,24.161451,3,66000,387130000C,(04)23289100,(04)25368667
2860,2023,03,8,8,13,臺中市,北屯區,0,1,0,8,1,5,50,5,2,1,5,4,5,7,1,1,3,4,5,2,16,6,2,8,1,1,C03,7,9,1,10,2,11,"  ",23,6,1,22,8,C03,120.711869,24.182278,2,66000,387130000C,(04)23289100,(04)25368667
2861,2023,03,8,8,13,臺中市,烏日區,0,0,0,8,,,40,,,,,,,,,,,,,,,17,"  ","  ","  ","  ",B03,"  ","  ",1,"  ",2,"  ","  ",17,"   ",1,5,"  ",B03,120.649556,24.091801,3,66000,387130000C,(04)23289100,(04)25368667
2862,2023,03,8,8,16,臺中市,太平區,0,1,0,8,1,5,30,4,1,1,5,4,5,7,4,4,10,5,5,2,16,6,3,10,1,1,B03,7,5,1,8,2,5,"  ",6,6,1,4,1,B03,120.724604,24.155637,2,66000,387130000C,(04)23289100,(04)25368667
2863,2023,03,8,8,17,臺中市,中區,0,0,0,,,,50,,,,,,,,,,,,,,,42,"  ","  ","  ","  ",C03,"  ","  ",1,"  ",2,"  ","  ",42,"   ",1,5,"  ",C03,120.679326,24.143963,3,66000,387130000C,(04)23289100,(04)25368667
2864,2023,03,8,8,19,臺中市,大肚區,0,0,0,,,,60,,,,,,,,,,,,,,,23,"  ","  ","  ","  ",B12,"  ","  ",1,"  ",2,"  ","  ",23,"   ",1,6,"  ",B12,120.582686,24.173481,3,66000,387130000C,(04)23289100,(04)25368667
2865,2023,03,8,8,20,臺中市,北區,0,1,0,8,1,5,50,14,9,1,5,4,5,7,4,4,5,4,5,2,13,23,3,10,1,1,B01,7,9,1,4,2,5,"  ",23,23,1,22,8,B01,120.665783,24.166801,2,66000,387130000C,(04)23289100,(04)25368667
2866,2023,03,8,8,20,臺中市,北屯區,0,2,0,8,1,5,30,4,1,1,5,4,5,7,4,4,10,5,5,2,15,6,2,9,1,1,C03,7,9,1,10,2,11,"  ",6,6,1,4,8,C03,120.69255,24.176603,2,66000,387130000C,(04)23289100,(04)25368667
2867,2023,03,8,8,20,臺中市,清水區,0,2,0,8,1,5,50,4,1,1,5,4,5,7,4,4,10,5,5,2,16,6,2,9,1,1,C03,7,9,1,10,2,11,"  ",6,6,1,21,8,C03,120.57858,24.270977,2,66000,387130000C,(04)23289100,(04)25368667
2868,2023,03,8,8,21,臺中市,北區,0,1,0,8,1,5,50,4,1,1,5,4,5,7,1,1,10,5,5,2,16,6,3,10,1,1,B03,7,6,1,8,2,8,"  ",6,6,1,5,8,B03,120.685574,24.153539,2,66000,387130000C,(04)23289100,(04)25368667
2869,2023,03,8,8,22,臺中市,北屯區,0,1,0,8,1,5,30,3,1,1,5,4,5,7,4,4,10,5,5,2,13,23,2,9,1,1,C03,7,9,1,10,2,11,"  ",23,23,1,22,8,C03,120.669622,24.174478,2,66000,387130000C,(04)23289100,(04)25368667
2870,2023,03,8,8,24,臺中市,北屯區,0,1,0,8,1,5,50,4,1,1,5,4,5,7,1,1,10,5,5,2,17,6,3,10,1,1,B03,7,6,1,8,2,8,"  ",6,6,1,21,8,B03,120.676153,24.173555,2,66000,387130000C,(04)23289100,(04)25368667
2871,2023,03,8,8,25,臺中市,北屯區,0,1,0,8,1,5,50,4,1,1,5,4,5,7,1,1,10,5,5,2,16,19,3,10,1,1,A02,7,1,1,2,2,8,"  ",19,19,1,10,4,A02,120.685447,24.170766,2,66000,387130000C,(04)23289100,(04)25368667
2872,2023,03,8,8,26,臺中市,豐原區,0,0,0,8,,,30,,,,,,,,,,,,,,,16,"  ","  ","  ","  ",B03,"  ","  ",1,"  ",2,"  ","  ",16,"   ",1,22,"  ",B03,120.716625,24.24429,3,66000,387130000C,(04)23289100,(04)25368667
2873,2023,03,8,8,27,臺中市,大雅區,0,1,0,8,1,5,50,4,2,1,5,4,5,7,4,4,5,5,5,1,18,23,2,9,1,1,C03,7,9,1,10,2,15,"  ",23,23,1,21,8,C03,120.669337,24.214286,2,66000,387130000C,(04)23289100,(04)25368667
2874,2023,03,8,8,30,臺中市,西屯區,0,2,0,8,1,5,40,4,1,1,5,4,5,7,1,1,10,5,5,2,13,23,2,8,1,1,C03,7,9,1,10,1,11,"  ",23,16,1,22,8,C03,120.637979,24.180788,2,66000,387130000C,(04)23289100,(04)25368667
2875,2023,03,8,8,30,臺中市,西屯區,0,0,0,8,,,40,,,,,,,,,,,,,,,23,"  ","  ","  ","  ",B03,"  ","  ",1,"  ",2,"  ","  ",23,"   ",1,1,"  ",B03,120.633859,24.17324,3,66000,387130000C,(04)23289100,(04)25368667
2876,2023,03,8,8,32,臺中市,霧峰區,0,1,0,8,1,5,50,14,9,1,5,4,5,7,1,1,5,5,5,1,17,16,3,10,3,4,B03,7,1,1,8,2,1,"  ",16,16,1,22,8,B03,120.696931,24.069978,2,66000,387130000C,(04)23289100,(04)25368667
2877,2023,03,8,8,32,臺中市,大里區,0,0,0,8,,,40,,,,,,,,,,,,,,,17,"  ","  ","  ","  ",C03,"  ","  ",1,"  ",2,"  ","  ",17,"   ",1,3,"  ",C03,120.705686,24.085238,3,66000,387130000C,(04)23289100,(04)25368667
2878,2023,03,8,8,39,臺中市,中區,0,0,0,8,,,50,,,,,,,,,,,,,,,12,"  ","  ","  ","  ",B03,"  ","  ",1,"  ",1,"  ","  ",12,"   ",1,21,"  ",B03,120.67989,24.141779,3,66000,387130000C,(04)23289100,(04)25368667
2879,2023,03,8,8,40,臺中市,北屯區,0,0,0,8,,,40,,,,,,,,,,,,,,,19,"  ","  ","  ","  ",B03,"  ","  ",1,"  ",1,"  ","  ",19,"   ",1,22,"  ",B03,120.685456,24.169187,3,66000,387130000C,(04)23289100,(04)25368667
2880,2023,03,8,8,42,臺中市,西屯區,0,0,0,8,,,50,,,,,,,,,,,,,,,43,"  ","  ","  ","  ",B03,"  ","  ",1,"  ",2,"  ","  ",43,"   ",1,22,"  ",B03,120.624821,24.180796,3,66000,387130000C,(04)23289100,(04)25368667
2881,2023,03,8,8,44,臺中市,龍井區,0,1,0,8,1,5,60,4,2,1,5,4,5,7,1,1,10,5,5,2,17,9,3,10,1,1,B03,7,6,1,8,2,15,"  ",9,9,2,2,1,B03,120.581677,24.175693,2,66000,387130000C,(04)23289100,(04)25368667
2882,2023,03,8,8,46,臺中市,西屯區,0,1,0,8,1,5,50,4,1,1,5,4,5,7,1,1,10,5,5,2,17,26,2,7,3,4,C03,7,9,1,10,2,14,"  ",26,26,1,22,8,C03,120.638013,24.180736,2,66000,387130000C,(04)23289100,(04)25368667
2883,2023,03,8,8,47,臺中市,東區,0,0,0,8,,,50,,,,,,,,,,,,,,,23,"  ","  ","  ","  ",B03,"  ","  ",1,"  ",2,"  ","  ",23,"   ",1,22,"  ",B03,120.697742,24.138746,3,66000,387130000C,(04)23289100,(04)25368667
2884,2023,03,8,8,48,臺中市,清水區,0,0,0,8,,,30,,,,,,,,,,,,,,,6,"  ","  ","  ","  ",B03,"  ","  ",1,"  ",1,"  ","  ",6,"   ",1,21,"  ",B03,120.579943,24.271532,3,66000,387130000C,(04)23289100,(04)25368667
2885,2023,03,8,8,50,臺中市,北屯區,0,1,0,8,1,5,40,4,1,1,5,4,5,7,1,1,5,5,4,2,17,10,3,10,1,1,B03,7,11,3,18,2,4,"  ",10,10,1,4,8,B03,120.690425,24.185805,2,66000,387130000C,(04)23289100,(04)25368667
2886,2023,03,8,8,50,臺中市,神岡區,0,0,0,8,,,50,,,,,,,,,,,,,,,17,"  ","  ","  ","  ",B12,"  ","  ",1,"  ",1,"  ","  ",17,"   ",1,21,"  ",B12,120.69894,24.246183,3,66000,387130000C,(04)23289100,(04)25368667
2887,2023,03,8,8,54,臺中市,豐原區,0,1,0,8,1,5,50,14,12,1,5,4,5,7,4,4,1,4,4,2,12,7,3,10,1,1,B12,7,8,1,8,2,5,"  ",7,7,1,22,8,B12,120.700186,24.236786,2,66000,387130000C,(04)23289100,(04)25368667
2888,2023,03,8,9,0,臺中市,東區,0,0,0,,,,50,,,,,,,,,,,,,,,12,"  ","  ","  ","  ",A03,"  ","  ",1,"  ",2,"  ","  ",12,"   ",1,10,"  ",A03,120.686237,24.144447,3,66000,387130000C,(04)23289100,(04)25368667
2889,2023,03,8,9,0,臺中市,大里區,0,1,0,8,1,5,50,14,9,1,5,4,5,7,1,1,3,4,5,1,18,42,2,9,1,1,C03,7,9,1,10,2,14,"  ",42,42,1,22,1,C03,120.680949,24.105836,2,66000,387130000C,(04)23289100,(04)25368667
2890,2023,03,8,9,6,臺中市,大雅區,0,2,0,8,1,5,50,3,1,1,5,4,5,7,4,4,10,5,5,1,16,43,2,9,1,1,C03,7,5,1,10,2,14,"  ",43,43,1,22,9,C03,120.649548,24.229305,2,66000,387130000C,(04)23289100,(04)25368667
2891,2023,03,8,9,6,臺中市,烏日區,0,1,0,8,1,5,50,4,1,1,5,4,5,7,1,1,10,4,4,2,13,16,3,10,1,1,A11,7,9,1,1,2,1,"  ",16,16,1,10,1,A11,120.631272,24.09958,2,66000,387130000C,(04)23289100,(04)25368667
2892,2023,03,8,9,7,臺中市,北區,0,1,0,8,1,5,50,5,1,1,5,4,5,7,1,1,10,5,5,2,12,6,3,10,1,1,B03,7,5,1,8,2,8,"  ",6,6,1,21,8,B03,120.673569,24.157232,2,66000,387130000C,(04)23289100,(04)25368667
2893,2023,03,8,9,12,臺中市,西屯區,0,0,0,8,,,50,,,,,,,,,,,,,,,43,"  ","  ","  ","  ",A11,"  ","  ",1,"  ",2,"  ","  ",43,43,1,22,"  ",A11,120.586405,24.175334,3,66000,387130000C,(04)23289100,(04)25368667
2894,2023,03,8,9,15,臺中市,北區,0,0,0,8,,,50,,,,,,,,,,,,,,,7,"  ","  ","  ","  ",B12,"  ","  ",1,"  ",1,"  ","  ",7,"   ",1,22,"  ",B12,120.674083,24.16484,3,66000,387130000C,(04)23289100,(04)25368667
2895,2023,03,8,9,15,臺中市,西屯區,0,0,0,8,,,50,,,,,,,,,,,,,,,23,"  ","  ","  ","  ",B01,"  ","  ",1,"  ",1,"  ","  ",23,"   ",1,22,"  ",B01,120.649405,24.163116,3,66000,387130000C,(04)23289100,(04)25368667
2896,2023,03,8,9,16,臺中市,西區,0,0,0,8,1,5,50,14,9,1,5,4,5,7,4,4,5,5,5,2,12,7,"  ","  ","  ","  ",B03,"  ","  ",1,"  ",1,"  ","  ",7,"   ",1,21,"  ",B03,120.675056,24.142126,3,66000,387130000C,(04)23289100,(04)25368667
2897,2023,03,8,9,26,臺中市,烏日區,0,0,0,8,1,5,50,14,9,1,5,4,5,7,4,4,10,4,5,1,16,19,"  ","  ","  ","  ",B03,"  ","  ",1,"  ",2,"  ","  ",19,"   ",1,22,"  ",B03,120.616684,24.113986,3,66000,387130000C,(04)23289100,(04)25368667
2898,2023,03,8,9,28,臺中市,大雅區,0,1,0,8,1,5,50,3,1,1,5,4,5,7,1,1,5,5,4,1,17,23,3,10,1,1,B03,7,9,1,8,2,5,"  ",23,23,1,22,9,B03,120.640634,24.219142,2,66000,387130000C,(04)23289100,(04)25368667
2899,2023,03,8,9,39,臺中市,南區,0,0,0,,,,50,,,,,,,,,,,,,,,16,"  ","  ","  ","  ",B03,"  ","  ",1,"  ",2,"  ","  ",16,"   ",1,22,"  ",B03,120.649794,24.120838,3,66000,387130000C,(04)23289100,(04)25368667
2900,2023,03,8,9,40,臺中市,豐原區,0,2,0,8,1,5,40,4,1,1,5,4,5,7,4,4,10,5,5,2,17,6,2,9,1,1,C03,7,9,3,18,2,12,"  ",6,6,1,22,8,C03,120.714931,24.27168,2,66000,387130000C,(04)23289100,(04)25368667
2901,2023,03,8,9,48,臺中市,西區,0,0,0,8,,,50,,,,,,,,,,,,,,,23,"  ","  ","  ","  ",B12,"  ","  ",1,"  ",2,"  ","  ",23,"   ",1,21,"  ",B12,120.670024,24.140265,4,66000,387130000C,(04)23289100,(04)25368667
2902,2023,03,8,9,53,臺中市,南屯區,0,1,0,8,1,5,50,14,7,1,5,4,5,7,4,4,9,4,4,2,16,10,3,10,3,4,B01,7,11,1,4,2,8,"  ",10,10,1,4,9,B01,120.637414,24.143418,2,66000,387130000C,(04)23289100,(04)25368667
2903,2023,03,8,9,56,臺中市,梧棲區,0,0,0,8,,,50,,,,,,,,,,,,,,,17,"  ","  ","  ","  ",A31,"  ","  ",1,"  ",1,"  ","  ",17,"   ",1,10,"  ",A31,120.518092,24.22928,4,66000,387130000C,(04)23289100,(04)25368667
2904,2023,03,8,10,0,臺中市,南屯區,0,1,0,8,1,5,60,14,8,1,5,4,5,7,1,1,3,4,3,2,16,26,3,10,1,1,B03,7,6,1,8,2,6,"  ",26,26,1,5,1,B03,120.612254,24.150463,2,66000,387130000C,(04)23289100,(04)25368667
2905,2023,03,8,10,6,臺中市,龍井區,0,1,0,8,1,5,30,14,9,1,5,4,5,7,4,4,10,5,5,2,17,23,2,9,1,1,C03,7,9,1,10,2,11,"  ",23,23,1,18,2,C03,120.587446,24.181218,2,66000,387130000C,(04)23289100,(04)25368667
2906,2023,03,8,10,8,臺中市,太平區,0,2,0,8,1,5,50,3,1,1,5,4,5,7,1,1,5,4,5,2,16,25,2,9,1,1,C03,7,5,4,8,2,14,"  ",25,25,1,21,8,C03,120.72172,24.144184,2,66000,387130000C,(04)23289100,(04)25368667
2907,2023,03,8,10,8,臺中市,清水區,0,1,0,8,1,5,40,3,1,1,5,4,5,7,4,4,9,5,5,1,12,10,3,10,1,1,C03,7,11,1,10,2,11,"  ",10,10,1,21,7,C03,120.563197,24.280557,2,66000,387130000C,(04)23289100,(04)25368667
2908,2023,03,8,10,13,臺中市,大肚區,0,0,0,8,,,50,,,,,,,,,,,,,,,23,"  ","  ","  ","  ",B12,"  ","  ",1,"  ",2,"  ","  ",23,"   ",1,21,"  ",B12,120.545538,24.148807,3,66000,387130000C,(04)23289100,(04)25368667