序號,年,月,日,時,分,縣市,區,死亡數量,受傷數量,2-30,天候,光線,道路類別,速限_速度(公里),道路型態,事故位置,路面鋪裝,路面狀態,路面缺陷,障礙物,視距,號誌種類,號誌動作,分向設施,快車道或一般車道間,快慢車道間,路面邊線,事故類型及型態,主要肇因,受傷程度,主要傷處,保護裝備,行動電話,當事者區分,車輛用途,當事者行動狀態,駕駛資格情形,駕駛執照種類,飲酒情形,車輛撞擊部位最初,車輛撞擊部位其他,肇事因素個別,肇事因素主要,肇事逃逸,職業,旅次目的,車種,GPS座標X,GPS座標Y,事故類別,縣市別代碼,機關代碼,市話,傳真
2909,2023,03,8,10,14,臺中市,大里區,0,0,0,8,,,40,,,,,,,,,,,,,,,17,"  ","  ","  ","  ",B03,"  ","  ",1,"  ",2,"  ","  ",17,17,1,22,"  ",B03,120.667193,24.105151,3,66000,387130000C,(04)23289100,(04)25368667
2910,2023,03,8,10,20,臺中市,大雅區,0,2,0,8,1,5,30,14,9,1,5,4,5,7,4,4,10,5,5,2,11,6,2,9,1,1,C03,7,6,3,18,2,11,"  ",6,6,1,21,8,C03,120.66631,24.234581,2,66000,387130000C,(04)23289100,(04)25368667
2911,2023,03,8,10,23,臺中市,大雅區,0,0,0,8,,,50,,,,,,,,,,,,,,,6,"  ","  ","  ","  ",B03,"  ","  ",1,"  ",2,"  ","  ",6,"   ",1,22,"  ",B03,120.649142,24.224983,3,66000,387130000C,(04)23289100,(04)25368667
2912,2023,03,8,10,26,臺中市,大里區,0,1,0,8,1,5,50,14,9,1,5,4,5,7,1,1,5,5,4,1,16,6,3,10,1,1,B02,7,5,1,8,2,4,"  ",6,6,1,22,8,B02,120.691176,24.114301,2,66000,387130000C,(04)23289100,(04)25368667
2913,2023,03,8,10,39,臺中市,太平區,0,1,0,8,1,5,50,14,9,1,5,4,5,7,4,4,5,5,5,1,16,19,2,9,1,1,C03,7,1,1,10,2,14,"  ",19,19,1,19,7,C03,120.71832,24.125912,2,66000,387130000C,(04)23289100,(04)25368667
2914,2023,03,8,10,45,臺中市,西區,0,1,0,8,1,5,50,3,1,1,5,4,5,7,4,4,10,5,5,2,16,6,2,9,1,1,C03,7,6,1,10,2,14,"  ",6,6,1,5,5,C03,120.660586,24.156658,2,66000,387130000C,(04)23289100,(04)25368667
2915,2023,03,8,10,45,臺中市,西屯區,0,1,0,8,1,5,50,14,9,1,5,4,5,7,1,1,5,5,5,2,17,16,2,9,1,1,C03,7,9,1,10,2,15,"  ",16,16,1,1,9,C03,120.639328,24.179858,2,66000,387130000C,(04)23289100,(04)25368667
2916,2023,03,8,10,45,臺中市,豐原區,0,0,0,8,,,50,,,,,,,,,,,,,,,23,"  ","  ","  ","  ",B03,"  ","  ",1,"  ",2,"  ","  ",23,"   ",1,22,"  ",B03,120.715447,24.255919,3,66000,387130000C,(04)23289100,(04)25368667
2917,2023,03,8,10,51,臺中市,南屯區,0,0,0,8,1,5,50,4,1,1,5,4,5,7,2,1,10,5,5,2,13,16,3,10,1,1,C03,7,9,1,10,1,11,"  ",16,16,1,22,8,C03,120.64634,24.137637,3,66000,387130000C,(04)23289100,(04)25368667
2918,2023,03,8,10,56,臺中市,霧峰區,0,1,0,8,1,5,50,3,2,1,5,4,5,7,4,4,10,5,5,2,17,19,3,10,1,1,A12,7,1,1,3,2,7,"  ",19,19,1,22,8,A12,120.709205,24.07847,2,66000,387130000C,(04)23289100,(04)25368667
2919,2023,03,8,11,0,臺中市,豐原區,0,0,0,8,,,30,,,,,,,,,,,,,,,42,"  ","  ","  ","  ",B11,"  ","  ",1,"  ",2,"  ","  ",42,"   ",1,22,"  ",B11,120.703783,24.242071,3,66000,387130000C,(04)23289100,(04)25368667
2920,2023,03,8,11,1,臺中市,西屯區,0,0,0,8,,,50,,,,,,,,,,,,,,,42,"  ","  ","  ","  ",B11,"  ","  ",1,"  ",11,"  ","  ",42,"   ",1,21,"  ",B11,120.62216,24.180795,3,66000,387130000C,(04)23289100,(04)25368667
2921,2023,03,8,11,2,臺中市,南屯區,0,0,0,8,,,50,,,,,,,,,,,,,,,26,"  ","  ","  ","  ",B03,"  ","  ",1,"  ",1,"  ","  ",26,26,1,22,"  ",B03,120.624124,24.149746,3,66000,387130000C,(04)23289100,(04)25368667
2922,2023,03,8,11,2,臺中市,大里區,0,0,0,8,,,30,,,,,,,,,,,,,,,12,"  ","  ","  ","  ",B12,"  ","  ",1,"  ",2,"  ","  ",12,"   ",1,22,"  ",B12,120.707282,24.111314,3,66000,387130000C,(04)23289100,(04)25368667
2923,2023,03,8,11,3,臺中市,大雅區,0,1,0,8,1,5,50,14,9,1,5,4,5,7,4,4,5,5,5,1,12,10,3,10,1,1,B12,7,11,6,18,2,8,"  ",10,10,1,21,8,B12,120.647843,24.229135,2,66000,387130000C,(04)23289100,(04)25368667
2924,2023,03,8,11,10,臺中市,太平區,0,1,0,8,1,5,50,3,22,1,5,4,5,7,2,1,5,5,5,2,12,1,2,9,1,1,C03,7,9,6,10,2,14,"  ",23,1,1,22,8,C03,120.713006,24.149826,2,66000,387130000C,(04)23289100,(04)25368667
2925,2023,03,8,11,16,臺中市,中區,0,0,0,8,,,50,,,,,,,,,,,,,,,42,"  ","  ","  ","  ",A12,"  ","  ",1,"  ",1,"  ","  ",42,"   ",1,10,"  ",A12,120.681668,24.140254,3,66000,387130000C,(04)23289100,(04)25368667
2926,2023,03,8,11,16,臺中市,神岡區,0,0,0,8,,,50,,,,,,,,,,,,,,,23,"  ","  ","  ","  ",B03,"  ","  ",1,"  ",1,"  ","  ",23,"   ",1,22,"  ",B03,120.698381,24.248773,3,66000,387130000C,(04)23289100,(04)25368667
2927,2023,03,8,11,19,臺中市,烏日區,0,0,0,8,,,40,,,,,,,,,,,,,,,19,"  ","  ","  ","  ",B03,"  ","  ",1,"  ",2,"  ","  ",19,"   ",1,21,"  ",B03,120.659285,24.096003,3,66000,387130000C,(04)23289100,(04)25368667
2928,2023,03,8,11,20,臺中市,神岡區,0,0,0,8,,,50,,,,,,,,,,,,,,,23,"  ","  ","  ","  ",A11,"  ","  ",1,"  ",1,"  ","  ",23,"   ",1,21,"  ",A11,120.697946,24.24871,3,66000,387130000C,(04)23289100,(04)25368667
2929,2023,03,8,11,27,臺中市,北屯區,0,0,0,8,,,50,,,,,,,,,,,,,,,42,"  ","  ","  ","  ",B03,"  ","  ",1,"  ",1,"  ","  ",42,"   ",1,21,"  ",B03,120.680646,24.19445,3,66000,387130000C,(04)23289100,(04)25368667
2930,2023,03,8,11,35,臺中市,清水區,0,0,0,8,,,50,,,,,,,,,,,,,,,35,"  ","  ","  ","  ",B11,"  ","  ",1,"  ",2,"  ","  ",35,35,1,21,"  ",B11,120.574357,24.270676,3,66000,387130000C,(04)23289100,(04)25368667
2931,2023,03,8,11,35,臺中市,神岡區,0,1,0,8,1,5,50,14,7,1,5,4,5,7,4,4,9,4,4,1,16,11,3,10,1,1,B03,7,11,1,8,2,8,"  ",11,11,1,22,8,B03,120.66719,24.257579,2,66000,387130000C,(04)23289100,(04)25368667
2932,2023,03,8,11,37,臺中市,南屯區,0,0,0,,,,50,,,,,,,,,,,,,,,9,"  ","  ","  ","  ",B03,"  ","  ",1,"  ",1,"  ","  ",9,"   ",1,4,"  ",B03,120.6377,24.148722,3,66000,387130000C,(04)23289100,(04)25368667
2933,2023,03,8,11,40,臺中市,北區,0,1,0,8,1,5,40,14,8,1,5,4,5,7,4,4,5,5,4,2,12,42,2,9,1,1,C03,7,9,1,10,2,12,"  ",42,42,1,22,8,C03,120.680948,24.159108,2,66000,387130000C,(04)23289100,(04)25368667
2934,2023,03,8,11,40,臺中市,東區,0,1,0,8,1,5,40,4,1,1,5,4,5,7,4,4,10,5,5,2,15,6,2,9,1,1,C03,7,9,1,10,2,11,"  ",6,6,1,22,8,C03,120.696214,24.14712,2,66000,387130000C,(04)23289100,(04)25368667
2935,2023,03,8,11,40,臺中市,南屯區,0,1,0,8,1,5,30,11,9,1,5,4,5,7,4,4,10,5,5,2,11,5,2,9,1,1,C03,7,5,1,10,2,11,"  ",5,5,1,5,1,C03,120.611948,24.158808,2,66000,387130000C,(04)23289100,(04)25368667
2936,2023,03,8,11,44,臺中市,東區,0,1,0,8,1,5,50,4,1,1,5,4,5,7,1,1,10,5,5,2,16,6,3,10,1,1,B12,7,6,1,6,2,5,"  ",6,6,1,5,8,B12,120.70151,24.125407,2,66000,387130000C,(04)23289100,(04)25368667
2937,2023,03,8,11,45,臺中市,東勢區,0,1,0,8,1,5,30,4,1,1,5,4,5,7,3,1,10,5,5,2,17,6,2,8,1,1,C03,7,9,4,8,2,11,"  ",6,6,1,22,8,C03,120.835422,24.249087,2,66000,387130000C,(04)23289100,(04)25368667
2938,2023,03,8,11,47,臺中市,烏日區,0,0,0,8,1,5,50,3,1,1,5,4,5,7,1,1,9,4,5,2,16,25,"  ","  ","  ","  ",C03,"  ","  ",1,"  ",2,"  ","  ",25,"   ",1,22,"  ",C03,120.643049,24.104729,3,66000,387130000C,(04)23289100,(04)25368667
2939,2023,03,8,11,52,臺中市,西屯區,0,0,0,8,,,30,,,,,,,,,,,,,,,6,"  ","  ","  ","  ",C03,"  ","  ",1,"  ",1,"  ","  ",6,"   ",1,22,"  ",C03,120.643358,24.181633,3,66000,387130000C,(04)23289100,(04)25368667
2940,2023,03,8,11,52,臺中市,西屯區,0,1,0,8,1,5,40,3,2,1,5,4,5,7,2,1,5,4,4,2,13,23,2,8,1,1,C03,7,9,1,10,2,11,12,23,23,1,22,8,C03,120.649575,24.171643,2,66000,387130000C,(04)23289100,(04)25368667
2941,2023,03,8,11,55,臺中市,龍井區,0,1,0,8,1,5,50,4,1,1,5,4,5,7,1,1,10,5,5,2,16,17,3,10,1,1,B03,7,6,1,8,2,2,"  ",17,17,1,7,8,B03,120.530178,24.184196,2,66000,387130000C,(04)23289100,(04)25368667
2942,2023,03,8,11,59,臺中市,南屯區,0,0,0,8,1,5,30,14,9,1,5,4,5,7,4,4,10,5,5,2,10,5,3,10,1,1,C03,7,9,1,10,2,11,"  ",5,5,1,22,8,C03,120.637123,24.141365,3,66000,387130000C,(04)23289100,(04)25368667
2943,2023,03,8,12,0,臺中市,神岡區,0,1,0,8,1,5,50,3,1,1,5,4,5,7,1,1,5,4,4,1,16,23,3,10,1,1,C03,7,9,1,10,2,14,"  ",23,23,1,21,8,C03,120.67106,24.256443,2,66000,387130000C,(04)23289100,(04)25368667
2944,2023,03,8,12,1,臺中市,新社區,0,1,0,8,1,5,50,14,9,1,5,4,5,7,4,4,5,4,5,1,16,10,3,10,1,1,B03,7,11,1,8,2,5,"  ",10,10,1,22,9,B03,120.810303,24.246606,2,66000,387130000C,(04)23289100,(04)25368667
2945,2023,03,8,12,2,臺中市,東勢區,0,0,0,8,,,50,,,,,,,,,,,,,,,42,"  ","  ","  ","  ",B03,"  ","  ",1,"  ",2,"  ","  ",42,42,1,21,"  ",B03,120.853797,24.23682,3,66000,387130000C,(04)23289100,(04)25368667
2946,2023,03,8,12,4,臺中市,西屯區,0,2,0,8,1,5,30,4,1,1,5,4,5,7,1,1,10,5,5,2,17,43,2,9,1,1,F01,7,6,8,20,2,16,"  ",43,43,1,20,9,F01,120.63244,24.182865,2,66000,387130000C,(04)23289100,(04)25368667
2947,2023,03,8,12,10,臺中市,太平區,0,0,0,8,,,50,,,,,,,,,,,,,,,18,"  ","  ","  ","  ",B03,"  ","  ",1,"  ",2,"  ","  ",18,"   ",1,21,"  ",B03,120.714306,24.126101,3,66000,387130000C,(04)23289100,(04)25368667
2948,2023,03,8,12,10,臺中市,太平區,0,1,0,8,1,5,50,14,7,1,5,4,5,7,4,4,5,5,4,1,17,19,3,10,1,1,C03,7,1,1,10,2,11,"  ",19,19,1,22,8,C03,120.731198,24.150249,2,66000,387130000C,(04)23289100,(04)25368667
2949,2023,03,8,12,17,臺中市,大甲區,0,1,0,8,1,5,60,5,1,1,5,4,5,7,1,1,10,4,4,1,12,23,2,9,1,1,C03,7,9,1,10,2,11,"  ",23,23,1,22,1,C03,120.629706,24.359427,2,66000,387130000C,(04)23289100,(04)25368667
2950,2023,03,8,12,18,臺中市,霧峰區,0,2,0,8,1,5,50,4,1,1,5,4,5,7,3,1,10,5,5,2,16,6,2,9,3,4,C03,7,9,1,10,2,11,"  ",6,6,1,21,8,C03,120.695763,24.061029,2,66000,387130000C,(04)23289100,(04)25368667
2951,2023,03,8,12,22,臺中市,大雅區,0,1,0,8,1,5,40,14,8,1,5,2,5,7,4,4,1,5,5,2,18,23,2,9,1,1,C03,7,9,1,10,2,15,"  ",23,23,1,22,9,C03,120.612574,24.210742,2,66000,387130000C,(04)23289100,(04)25368667
2952,2023,03,8,12,22,臺中市,外埔區,0,1,0,8,1,5,30,13,9,1,5,4,5,3,4,4,10,5,5,2,11,19,3,10,1,1,C03,7,1,1,10,2,14,"  ",19,19,1,22,8,C03,120.651736,24.335012,2,66000,387130000C,(04)23289100,(04)25368667
2953,2023,03,8,12,22,臺中市,豐原區,0,0,0,8,,,30,,,,,,,,,,,,,,,12,"  ","  ","  ","  ",B03,"  ","  ",1,"  ",2,"  ","  ",12,"   ",1,22,"  ",B03,120.713797,24.23474,3,66000,387130000C,(04)23289100,(04)25368667
2954,2023,03,8,12,31,臺中市,清水區,0,2,0,8,1,5,30,4,1,1,5,4,5,7,4,4,10,5,5,2,16,6,2,9,1,1,C03,7,9,1,10,2,15,"  ",6,6,1,21,8,C03,120.547145,24.266281,2,66000,387130000C,(04)23289100,(04)25368667
2955,2023,03,8,12,39,臺中市,太平區,0,3,0,8,1,5,30,4,1,1,5,4,5,7,3,1,10,5,5,2,15,19,2,9,1,1,C03,7,1,1,10,2,14,"  ",19,19,1,19,5,C03,120.72326,24.142215,2,66000,387130000C,(04)23289100,(04)25368667
2956,2023,03,8,12,45,臺中市,大甲區,0,0,0,8,1,8,50,14,22,1,5,4,5,7,4,4,5,4,5,1,29,42,"  ","  ","  ","  ",B12,"  ","  ",1,"  ",2,"  ","  ",42,42,1,22,"  ",B12,120.621358,24.346977,3,66000,387130000C,(04)23289100,(04)25368667
2957,2023,03,8,12,48,臺中市,西屯區,0,0,0,8,,,40,,,,,,,,,,,,,,,6,"  ","  ","  ","  ",B03,"  ","  ",1,"  ",1,"  ","  ",6,"   ",1,21,"  ",B03,120.615398,24.183353,3,66000,387130000C,(04)23289100,(04)25368667
2958,2023,03,8,12,54,臺中市,太平區,0,0,0,8,,,50,,,,,,,,,,,,,,,67,"  ","  ","  ","  ","   ","  ","  ","  ","  ","  ","  ","  ",67,"   ",1,"  ","  ","   ",120.715518,24.143006,3,66000,387130000C,(04)23289100,(04)25368667
2959,2023,03,8,12,55,臺中市,大雅區,0,1,0,8,1,5,50,4,1,1,5,4,5,7,1,1,5,5,5,1,14,12,3,10,1,1,B12,7,2,1,8,9,3,"  ",12,12,1,22,8,B12,120.6607,24.212227,2,66000,387130000C,(04)23289100,(04)25368667
2960,2023,03,8,12,57,臺中市,大里區,0,0,0,8,,,40,,,,,,,,,,,,,,,12,"  ","  ","  ","  ",B03,"  ","  ",1,"  ",2,"  ","  ",12,"   ",1,22,"  ",B03,120.694916,24.117511,3,66000,387130000C,(04)23289100,(04)25368667
2961,2023,03,8,13,3,臺中市,大里區,0,0,0,8,,,50,,,,,,,,,,,,,,,12,"  ","  ","  ","  ",B03,"  ","  ",1,"  ",2,"  ","  ",12,"   ",1,12,"  ",B03,120.67452,24.114665,3,66000,387130000C,(04)23289100,(04)25368667
2962,2023,03,8,13,5,臺中市,大甲區,0,0,0,8,,,50,,,,,,,,,,,,,,,18,"  ","  ","  ","  ",B03,"  ","  ",1,"  ",2,"  ","  ",18,"   ",1,22,"  ",B03,120.623495,24.345898,3,66000,387130000C,(04)23289100,(04)25368667
2963,2023,03,8,13,6,臺中市,太平區,0,1,0,8,1,5,30,14,9,1,5,4,5,7,4,4,10,5,5,2,17,19,3,10,1,1,B03,7,1,1,8,2,15,"  ",19,19,1,5,8,B03,120.72943,24.129556,2,66000,387130000C,(04)23289100,(04)25368667
2964,2023,03,8,13,9,臺中市,西屯區,0,0,0,8,,,30,,,,,,,,,,,,,,,23,"  ","  ","  ","  ",B12,"  ","  ",1,"  ",1,"  ","  ",23,"   ",1,22,"  ",B12,120.646456,24.176203,3,66000,387130000C,(04)23289100,(04)25368667
2965,2023,03,8,13,10,臺中市,中區,0,0,0,8,,,50,,,,,,,,,,,,,,,42,"  ","  ","  ","  ","   ","  ","  ","  ","  ","  ","  ","  ",42,42,1,"  ","  ","   ",120.675367,24.145921,3,66000,387130000C,(04)23289100,(04)25368667
2966,2023,03,8,13,15,臺中市,太平區,0,0,0,8,,,50,,,,,,,,,,,,,,,23,"  ","  ","  ","  ",B03,"  ","  ",1,"  ",1,"  ","  ",23,"   ",1,22,"  ",B03,120.7147,24.149996,3,66000,387130000C,(04)23289100,(04)25368667
2967,2023,03,8,13,16,臺中市,北屯區,0,1,0,8,1,5,50,4,1,1,5,4,5,7,1,1,10,5,5,2,16,8,3,10,1,1,B02,7,5,1,8,2,8,"  ",8,8,1,21,8,B02,120.687004,24.185553,2,66000,387130000C,(04)23289100,(04)25368667
2968,2023,03,8,13,19,臺中市,霧峰區,0,1,0,8,1,5,40,12,9,1,5,4,5,7,4,4,10,5,5,1,19,19,2,8,1,1,C03,7,1,1,10,7,14,"  ",19,19,1,22,9,C03,120.78426,24.048192,2,66000,387130000C,(04)23289100,(04)25368667
2969,2023,03,8,13,20,臺中市,南屯區,0,2,0,8,1,5,50,4,1,1,5,4,5,7,2,1,10,5,5,2,17,25,2,9,1,1,C03,7,5,1,10,2,11,"  ",25,25,1,22,9,C03,120.61256,24.138446,2,66000,387130000C,(04)23289100,(04)25368667
2970,2023,03,8,13,27,臺中市,南屯區,0,0,0,8,,,50,,,,,,,,,,,,,,,16,"  ","  ","  ","  ",B03,"  ","  ",1,"  ",1,"  ","  ",16,"   ",1,22,"  ",B03,120.64645,24.125471,3,66000,387130000C,(04)23289100,(04)25368667
2971,2023,03,8,13,40,臺中市,大雅區,0,0,0,8,,,60,,,,,,,,,,,,,,,23,"  ","  ","  ","  ",B03,"  ","  ",1,"  ",2,"  ","  ",23,"   ",1,21,"  ",B03,120.648376,24.218617,3,66000,387130000C,(04)23289100,(04)25368667
2972,2023,03,8,13,46,臺中市,南屯區,0,1,0,8,3,5,40,14,8,1,5,4,5,7,4,4,5,4,3,2,17,23,2,9,1,1,C03,7,9,6,18,11,14,"  ",23,23,2,22,8,C03,120.622715,24.140629,2,66000,387130000C,(04)23289100,(04)25368667
2973,2023,03,8,13,50,臺中市,西屯區,0,0,0,8,,,30,,,,,,,,,,,,,,,43,"  ","  ","  ","  ","   ","  ","  ","  ","  ","  ","  ","  ",43,"   ",1,"  ","  ","   ",120.64386,24.191443,3,66000,387130000C,(04)23289100,(04)25368667
2974,2023,03,8,13,54,臺中市,神岡區,0,0,0,8,,,50,,,,,,,,,,,,,,,23,"  ","  ","  ","  ",C03,"  ","  ",1,"  ",1,"  ","  ",23,"   ",1,22,"  ",C03,120.69978,24.251105,3,66000,387130000C,(04)23289100,(04)25368667
2975,2023,03,8,13,59,臺中市,北區,0,0,0,8,1,5,50,3,9,1,5,4,5,7,4,4,10,5,5,2,12,16,"  ","  ","  ","  ",B03,"  ","  ",1,"  ",1,"  ","  ",16,"   ",1,22,"  ",B03,120.67303,24.167469,3,66000,387130000C,(04)23289100,(04)25368667
2976,2023,03,8,14,0,臺中市,南屯區,0,1,0,8,1,5,50,4,1,1,5,4,5,7,1,1,8,3,5,2,17,25,3,10,1,1,B03,7,7,1,8,2,6,"  ",25,25,1,22,9,B03,120.623141,24.145201,2,66000,387130000C,(04)23289100,(04)25368667
2977,2023,03,8,14,5,臺中市,南屯區,0,0,0,8,,,50,,,,,,,,,,,,,,,25,"  ","  ","  ","  ",B03,"  ","  ",1,"  ",1,"  ","  ",25,"   ",1,5,"  ",B03,120.623254,24.149763,3,66000,387130000C,(04)23289100,(04)25368667
2978,2023,03,8,14,11,臺中市,北屯區,0,1,0,8,1,5,50,4,2,1,5,4,5,7,4,4,5,4,5,2,16,6,2,9,1,1,C03,7,9,1,10,2,11,"  ",6,6,1,22,8,C03,120.699023,24.171331,2,66000,387130000C,(04)23289100,(04)25368667
2979,2023,03,8,14,13,臺中市,太平區,0,1,0,8,1,5,50,4,1,1,5,4,5,7,1,1,10,5,5,2,16,1,2,9,1,1,C03,7,4,1,10,2,14,"  ",1,1,1,4,1,C03,120.721385,24.14298,2,66000,387130000C,(04)23289100,(04)25368667
2980,2023,03,8,14,14,臺中市,北區,0,1,0,8,1,5,50,14,7,1,5,4,5,7,4,4,9,5,4,2,16,19,3,10,1,1,B12,7,1,1,8,2,8,"  ",19,19,1,22,8,B12,120.692654,24.152093,2,66000,387130000C,(04)23289100,(04)25368667
2981,2023,03,8,14,16,臺中市,西區,0,2,0,8,1,5,50,4,1,1,5,4,5,7,4,4,10,5,5,2,16,14,2,9,3,4,C03,7,9,1,10,2,14,"  ",14,14,1,21,8,C03,120.673095,24.14239,2,66000,387130000C,(04)23289100,(04)25368667
2982,2023,03,8,14,17,臺中市,大里區,0,1,0,8,1,5,50,14,9,1,5,4,5,7,1,1,5,5,5,1,16,23,3,10,1,1,B03,7,6,1,8,2,5,"  ",23,23,1,22,8,B03,120.686521,24.095651,2,66000,387130000C,(04)23289100,(04)25368667
2983,2023,03,8,14,20,臺中市,南屯區,0,0,0,8,,,50,,,,,,,,,,,,,,,12,"  ","  ","  ","  ",B03,"  ","  ",1,"  ",1,"  ","  ",12,"   ",1,22,"  ",B03,120.650066,24.134354,3,66000,387130000C,(04)23289100,(04)25368667
2984,2023,03,8,14,25,臺中市,霧峰區,0,0,0,8,,,30,,,,,,,,,,,,,,,67,"  ","  ","  ","  ",B03,"  ","  ",1,"  ",2,"  ","  ",17,67,1,22,"  ",B03,120.676174,24.073056,3,66000,387130000C,(04)23289100,(04)25368667
2985,2023,03,8,14,26,臺中市,北屯區,0,0,0,8,,,80,,,,,,,,,,,,,,,7,"  ","  ","  ","  ",B12,"  ","  ",1,"  ",1,"  ","  ",7,"   ",1,22,"  ",B12,120.720802,24.169165,3,66000,387130000C,(04)23289100,(04)25368667
2986,2023,03,8,14,29,臺中市,后里區,0,0,0,8,1,5,50,14,8,1,5,4,5,7,4,4,1,4,4,1,17,19,3,10,1,1,B03,7,1,1,8,1,8,"  ",19,19,1,21,8,B03,120.722313,24.30186,3,66000,387130000C,(04)23289100,(04)25368667
2987,2023,03,8,14,30,臺中市,南區,0,1,0,8,1,5,40,14,8,1,5,4,5,7,4,4,1,4,4,2,16,6,3,10,1,1,B03,7,8,1,8,2,5,"  ",6,6,1,21,8,B03,120.668503,24.125432,2,66000,387130000C,(04)23289100,(04)25368667
2988,2023,03,8,14,34,臺中市,西屯區,0,0,0,8,,,40,,,,,,,,,,,,,,,9,"  ","  ","  ","  ",B03,"  ","  ",1,"  ",1,"  ","  ",9,"   ",1,1,"  ",B03,120.642037,24.16071,3,66000,387130000C,(04)23289100,(04)25368667
2989,2023,03,8,14,35,臺中市,潭子區,0,3,0,8,1,5,50,14,7,1,5,4,5,7,4,4,9,4,4,2,17,6,2,9,1,1,C03,7,5,1,10,2,13,"  ",6,6,1,22,8,C03,120.702368,24.207056,2,66000,387130000C,(04)23289100,(04)25368667
2990,2023,03,8,14,36,臺中市,霧峰區,0,1,0,8,1,5,30,11,9,1,5,4,5,7,4,4,10,5,5,1,17,23,2,9,3,4,C03,7,9,1,10,2,11,"  ",23,23,1,18,8,C03,120.714312,24.076887,2,66000,387130000C,(04)23289100,(04)25368667
2991,2023,03,8,14,40,臺中市,北屯區,0,2,0,8,1,5,50,4,2,1,5,4,5,7,1,1,5,5,4,2,13,16,2,9,1,1,C03,7,9,1,10,2,14,"  ",16,16,1,21,8,C03,120.688716,24.166886,2,66000,387130000C,(04)23289100,(04)25368667
2992,2023,03,8,14,41,臺中市,北區,0,1,0,8,1,5,50,4,1,1,5,4,5,7,1,1,10,5,5,2,16,10,3,10,1,1,B03,7,11,1,8,2,1,"  ",10,10,1,22,9,B03,120.678686,24.159138,2,66000,387130000C,(04)23289100,(04)25368667
2993,2023,03,8,14,44,臺中市,大雅區,0,0,0,8,,,50,,,,,,,,,,,,,,,23,"  ","  ","  ","  ",B03,"  ","  ",1,"  ",2,"  ","  ",23,"   ",1,22,"  ",B03,120.647086,24.221647,3,66000,387130000C,(04)23289100,(04)25368667
2994,2023,03,8,14,47,臺中市,烏日區,0,0,0,8,,,60,,,,,,,,,,,,,,,16,"  ","  ","  ","  ",B03,"  ","  ",1,"  ",2,"  ","  ",16,"   ",1,4,"  ",B03,120.648655,24.091956,3,66000,387130000C,(04)23289100,(04)25368667
2995,2023,03,8,14,57,臺中市,大里區,0,1,0,8,1,5,60,4,1,1,5,4,5,7,1,1,1,4,1,1,12,19,2,8,1,1,C03,7,1,1,10,2,14,"  ",19,19,1,9,9,C03,120.69844,24.079778,2,66000,387130000C,(04)23289100,(04)25368667
2996,2023,03,8,14,58,臺中市,南屯區,0,0,0,8,,,50,,,,,,,,,,,,,,,23,"  ","  ","  ","  ",B12,"  ","  ",1,"  ",1,"  ","  ",23,"   ",1,22,"  ",B12,120.62294,24.148338,3,66000,387130000C,(04)23289100,(04)25368667
2997,2023,03,8,14,59,臺中市,中區,0,0,0,8,1,5,50,4,2,1,5,4,5,7,4,4,10,5,5,2,12,23,"  ","  ","  ","  ",C03,"  ","  ",1,"  ",1,"  ","  ",23,"   ",1,4,"  ",C03,120.681152,24.136849,3,66000,387130000C,(04)23289100,(04)25368667
2998,2023,03,8,15,10,臺中市,西區,0,2,0,8,1,5,50,4,1,1,5,4,5,7,4,4,10,5,5,2,15,25,3,10,1,1,B03,7,9,1,8,2,5,"  ",25,25,1,21,8,B03,120.661673,24.150865,2,66000,387130000C,(04)23289100,(04)25368667
2999,2023,03,8,15,10,臺中市,南屯區,0,1,0,8,3,5,50,3,1,1,5,4,5,7,4,4,5,4,5,2,17,13,2,9,1,1,C03,7,9,1,10,2,14,"  ",13,13,1,22,8,C03,120.644334,24.134727,2,66000,387130000C,(04)23289100,(04)25368667
3000,2023,03,8,15,20,臺中市,西屯區,0,0,0,8,,,50,,,,,,,,,,,,,,,16,"  ","  ","  ","  ",C03,"  ","  ",1,"  ",1,"  ","  ",16,"   ",1,22,"  ",C03,120.651581,24.166103,3,66000,387130000C,(04)23289100,(04)25368667
3001,2023,03,8,15,30,臺中市,北屯區,0,0,0,8,,,50,,,,,,,,,,,,,,,42,"  ","  ","  ","  ",B03,"  ","  ",1,"  ",1,"  ","  ",42,42,1,5,"  ",B03,120.692623,24.167809,3,66000,387130000C,(04)23289100,(04)25368667
3002,2023,03,8,15,41,臺中市,北區,0,0,0,8,1,5,40,14,8,1,5,4,5,7,4,4,1,4,4,2,12,19,3,10,1,1,B03,7,1,1,8,1,8,"  ",19,19,1,5,5,B03,120.677175,24.153425,3,66000,387130000C,(04)23289100,(04)25368667
3003,2023,03,8,15,45,臺中市,北區,0,0,0,8,,,50,,,,,,,,,,,,,,,6,"  ","  ","  ","  ",C03,"  ","  ",1,"  ",1,"  ","  ",6,6,1,22,"  ",C03,120.695941,24.159882,3,66000,387130000C,(04)23289100,(04)25368667
3004,2023,03,8,15,45,臺中市,西屯區,0,0,0,8,,,50,,,,,,,,,,,,,,,7,"  ","  ","  ","  ",B03,"  ","  ",1,"  ",2,"  ","  ",7,"   ",1,22,"  ",B03,120.641233,24.168328,3,66000,387130000C,(04)23289100,(04)25368667