序號,年,月,日,時,分,縣市,區,死亡數量,受傷數量,2-30,天候,光線,道路類別,速限_速度(公里),道路型態,事故位置,路面鋪裝,路面狀態,路面缺陷,障礙物,視距,號誌種類,號誌動作,分向設施,快車道或一般車道間,快慢車道間,路面邊線,事故類型及型態,主要肇因,受傷程度,主要傷處,保護裝備,行動電話,當事者區分,車輛用途,當事者行動狀態,駕駛資格情形,駕駛執照種類,飲酒情形,車輛撞擊部位最初,車輛撞擊部位其他,肇事因素個別,肇事因素主要,肇事逃逸,職業,旅次目的,車種,GPS座標X,GPS座標Y,事故類別,縣市別代碼,機關代碼,市話,傳真
3199,2023,03,9,7,25,臺中市,大甲區,0,0,0,8,1,5,70,14,9,1,5,4,5,7,1,1,1,1,5,1,16,23,3,10,1,1,B03,7,14,1,8,1,5,"  ",23,23,1,22,8,B03,120.643174,24.408434,3,66000,387130000C,(04)23289100,(04)25368667
3200,2023,03,9,7,28,臺中市,南屯區,0,1,0,8,1,5,50,4,18,1,5,4,5,7,4,4,10,5,5,2,3,15,3,10,1,1,B03,7,5,1,8,2,1,"  ",15,15,1,22,8,B03,120.636876,24.138237,2,66000,387130000C,(04)23289100,(04)25368667
3201,2023,03,9,7,30,臺中市,大雅區,0,0,0,,,,30,,,,,,,,,,,,,,,23,"  ","  ","  ","  ",B03,"  ","  ",1,"  ",2,"  ","  ",23,"   ",1,22,"  ",B03,120.604533,24.222996,3,66000,387130000C,(04)23289100,(04)25368667
3202,2023,03,9,7,30,臺中市,潭子區,0,2,0,8,1,5,30,4,2,1,5,4,5,7,4,4,5,5,5,1,16,6,2,9,1,1,C03,7,5,1,9,2,12,"  ",6,6,1,22,9,C03,120.695174,24.193913,2,66000,387130000C,(04)23289100,(04)25368667
3203,2023,03,9,7,32,臺中市,西屯區,0,2,0,8,1,5,50,14,9,1,5,4,5,7,4,4,5,4,4,2,17,42,2,9,1,1,C03,7,9,1,10,2,13,"  ",42,42,1,21,8,C03,120.636341,24.17021,2,66000,387130000C,(04)23289100,(04)25368667
3204,2023,03,9,7,32,臺中市,大里區,0,0,0,8,,,50,,,,,,,,,,,,,,,23,"  ","  ","  ","  ",B03,"  ","  ",1,"  ",2,"  ","  ",23,"   ",1,5,"  ",B03,120.689795,24.115143,3,66000,387130000C,(04)23289100,(04)25368667
3205,2023,03,9,7,34,臺中市,西屯區,0,0,0,8,,,50,,,,,,,,,,,,,,,23,"  ","  ","  ","  ",B03,"  ","  ",1,"  ",2,"  ","  ",23,"   ",1,4,"  ",B03,120.615177,24.18238,3,66000,387130000C,(04)23289100,(04)25368667
3206,2023,03,9,7,35,臺中市,南屯區,0,1,0,8,1,5,50,3,1,1,5,4,5,7,4,4,10,5,5,2,16,6,3,10,1,1,B03,7,5,1,8,2,6,"  ",6,6,1,5,8,B03,120.611016,24.138563,2,66000,387130000C,(04)23289100,(04)25368667
3207,2023,03,9,7,36,臺中市,大甲區,0,1,0,8,1,5,60,14,8,1,5,4,5,7,4,4,1,4,4,1,18,43,2,8,1,1,C03,7,9,1,10,2,12,"  ",43,43,1,4,1,C03,120.64343,24.368395,2,66000,387130000C,(04)23289100,(04)25368667
3208,2023,03,9,7,37,臺中市,大甲區,0,0,0,8,,,30,,,,,,,,,,,,,,,6,"  ","  ","  ","  ",C03,"  ","  ",1,"  ",1,"  ","  ",6,"   ",1,4,"  ",C03,120.63983,24.401061,3,66000,387130000C,(04)23289100,(04)25368667
3209,2023,03,9,7,40,臺中市,西屯區,0,3,0,8,1,5,40,14,8,1,5,4,5,7,2,1,1,4,1,2,13,23,2,9,3,4,C03,7,9,1,10,2,11,13,23,23,1,22,8,C03,120.64624,24.164743,2,66000,387130000C,(04)23289100,(04)25368667
3210,2023,03,9,7,40,臺中市,大里區,0,0,0,8,1,5,50,3,9,1,5,4,5,7,4,4,5,5,5,2,16,6,"  ","  ","  ","  ",B03,"  ","  ",1,"  ",2,"  ","  ",6,"   ",1,22,"  ",B03,120.687409,24.117831,3,66000,387130000C,(04)23289100,(04)25368667
3211,2023,03,9,7,42,臺中市,大里區,0,3,0,8,1,5,50,3,2,1,5,4,5,7,3,1,5,2,5,1,13,16,2,8,1,1,C03,7,9,1,10,2,11,"  ",16,16,1,22,9,C03,120.687883,24.100198,2,66000,387130000C,(04)23289100,(04)25368667
3212,2023,03,9,7,43,臺中市,北區,0,1,0,8,2,5,40,4,1,1,5,4,5,7,4,4,10,5,5,2,15,6,2,9,1,1,C03,7,9,1,10,2,11,"  ",6,6,1,5,8,C03,120.683697,24.146854,2,66000,387130000C,(04)23289100,(04)25368667
3213,2023,03,9,7,44,臺中市,霧峰區,0,1,0,8,1,5,50,14,9,1,5,4,5,7,4,4,5,2,5,1,13,16,3,10,1,1,C03,7,9,1,10,2,11,"  ",16,16,1,22,9,C03,120.690306,24.043018,2,66000,387130000C,(04)23289100,(04)25368667
3214,2023,03,9,7,44,臺中市,龍井區,0,1,0,8,1,5,60,4,2,1,5,4,1,7,2,1,10,5,5,2,13,23,2,9,1,1,C03,7,9,1,10,2,11,"  ",23,23,1,5,1,C03,120.592725,24.182728,2,66000,387130000C,(04)23289100,(04)25368667
3215,2023,03,9,7,47,臺中市,大肚區,0,0,0,,,,50,,,,,,,,,,,,,,,23,"  ","  ","  ","  ",C03,"  ","  ",1,"  ",2,"  ","  ",23,"   ",1,5,"  ",C03,120.579073,24.168834,3,66000,387130000C,(04)23289100,(04)25368667
3216,2023,03,9,7,48,臺中市,西屯區,0,1,0,8,1,5,40,3,1,1,5,4,5,7,1,1,1,4,1,2,16,7,2,9,1,1,C03,7,7,3,18,1,14,"  ",7,7,1,22,8,C03,120.648795,24.163519,2,66000,387130000C,(04)23289100,(04)25368667
3217,2023,03,9,7,49,臺中市,西屯區,0,1,0,8,1,5,50,3,1,1,5,4,5,7,4,4,5,4,5,2,17,6,3,10,1,1,B03,7,5,1,8,2,1,"  ",6,6,1,1,9,B03,120.620711,24.174673,2,66000,387130000C,(04)23289100,(04)25368667
3218,2023,03,9,7,53,臺中市,烏日區,0,1,0,8,1,5,50,4,1,1,5,4,5,7,2,1,1,2,5,1,12,6,2,9,1,1,C03,7,5,1,10,2,13,"  ",6,6,1,21,9,C03,120.646678,24.110376,2,66000,387130000C,(04)23289100,(04)25368667
3219,2023,03,9,7,54,臺中市,西屯區,0,0,0,8,,,50,,,,,,,,,,,,,,,23,"  ","  ","  ","  ",C03,"  ","  ",1,"  ",1,"  ","  ",23,"   ",1,21,"  ",C03,120.644705,24.201741,3,66000,387130000C,(04)23289100,(04)25368667
3220,2023,03,9,7,55,臺中市,大里區,0,1,0,8,1,5,50,3,1,1,5,4,5,7,4,4,10,5,5,2,16,23,3,10,1,1,B03,7,5,1,8,2,1,"  ",23,23,1,22,8,B03,120.700991,24.088746,2,66000,387130000C,(04)23289100,(04)25368667
3221,2023,03,9,7,56,臺中市,西區,0,1,0,8,1,5,50,14,9,1,5,4,5,7,4,4,10,5,5,2,3,23,3,10,1,1,B03,7,9,1,8,2,1,"  ",23,23,1,4,7,B03,120.656602,24.146904,2,66000,387130000C,(04)23289100,(04)25368667
3222,2023,03,9,7,57,臺中市,南屯區,0,0,0,8,,,50,,,,,,,,,,,,,,,16,"  ","  ","  ","  ",B03,"  ","  ",1,"  ",1,"  ","  ",16,"   ",1,22,"  ",B03,120.615878,24.11636,3,66000,387130000C,(04)23289100,(04)25368667
3223,2023,03,9,7,58,臺中市,后里區,0,1,0,8,1,5,50,4,1,1,5,4,5,7,2,1,10,5,5,2,16,25,3,10,1,1,B03,7,5,1,8,2,2,"  ",25,25,1,8,1,B03,120.722305,24.308898,2,66000,387130000C,(04)23289100,(04)25368667
3224,2023,03,9,8,1,臺中市,豐原區,0,0,0,8,,,50,,,,,,,,,,,,,,,23,"  ","  ","  ","  ",C03,"  ","  ",1,"  ",2,"  ","  ",23,"   ",1,22,"  ",C03,120.748401,24.267311,3,66000,387130000C,(04)23289100,(04)25368667
3225,2023,03,9,8,1,臺中市,神岡區,0,0,0,8,,,50,,,,,,,,,,,,,,,48,"  ","  ","  ","  ",A12,"  ","  ",1,"  ",1,"  ","  ",48,"   ",1,22,"  ",A12,120.652075,24.281223,3,66000,387130000C,(04)23289100,(04)25368667
3226,2023,03,9,8,2,臺中市,后里區,0,1,0,8,1,5,50,14,7,1,5,4,5,7,4,4,5,5,4,1,16,10,3,10,1,1,B12,7,11,1,8,2,4,"  ",10,10,1,22,8,B12,120.693515,24.313687,2,66000,387130000C,(04)23289100,(04)25368667
3227,2023,03,9,8,3,臺中市,大里區,0,0,0,8,,,30,,,,,,,,,,,,,,,23,"  ","  ","  ","  ",F03,"  ","  ",8,"  ",2,"  ","  ",23,"   ",1,21,"  ",F03,120.684327,24.075272,3,66000,387130000C,(04)23289100,(04)25368667
3228,2023,03,9,8,4,臺中市,北屯區,0,1,0,8,1,5,50,4,2,1,5,4,5,7,4,4,5,4,5,2,16,6,2,9,1,1,C03,7,9,1,10,2,12,"  ",6,6,1,22,8,C03,120.718149,24.172692,2,66000,387130000C,(04)23289100,(04)25368667
3229,2023,03,9,8,4,臺中市,西屯區,0,0,0,8,,,30,,,,,,,,,,,,,,,12,"  ","  ","  ","  ",B03,"  ","  ",1,"  ",1,"  ","  ",12,"   ",1,22,"  ",B03,120.649146,24.168763,3,66000,387130000C,(04)23289100,(04)25368667
3230,2023,03,9,8,5,臺中市,北屯區,0,2,0,8,1,5,50,14,9,1,5,4,5,7,4,4,5,5,5,2,17,43,2,9,1,1,C03,7,15,1,10,2,11,"  ",43,43,1,21,8,C03,120.725534,24.172019,2,66000,387130000C,(04)23289100,(04)25368667
3231,2023,03,9,8,7,臺中市,北屯區,0,0,0,8,,,50,,,,,,,,,,,,,,,23,"  ","  ","  ","  ",C03,"  ","  ",1,"  ",11,"  ","  ",23,"   ",1,22,"  ",C03,120.672648,24.174234,3,66000,387130000C,(04)23289100,(04)25368667
3232,2023,03,9,8,8,臺中市,霧峰區,0,0,0,8,,,60,,,,,,,,,,,,,,,19,"  ","  ","  ","  ",B03,"  ","  ",1,"  ",2,"  ","  ",19,"   ",1,22,"  ",B03,120.6951,24.060726,3,66000,387130000C,(04)23289100,(04)25368667
3233,2023,03,9,8,9,臺中市,東區,0,3,0,8,1,5,50,14,8,1,5,4,5,7,4,4,9,5,4,2,17,6,2,9,1,1,C03,7,5,1,10,2,11,"  ",6,6,1,22,8,C03,120.709733,24.14448,2,66000,387130000C,(04)23289100,(04)25368667
3234,2023,03,9,8,10,臺中市,大里區,0,1,0,8,1,5,50,14,9,1,5,4,5,7,4,4,5,5,5,1,13,16,3,10,1,1,B03,7,9,1,8,2,5,3,16,16,1,22,8,B03,120.700115,24.102295,2,66000,387130000C,(04)23289100,(04)25368667
3235,2023,03,9,8,10,臺中市,沙鹿區,0,1,0,8,1,5,50,4,1,1,5,4,5,7,1,1,10,5,5,2,16,6,2,9,1,1,C03,7,5,1,10,2,11,"  ",6,6,1,5,5,C03,120.566729,24.203001,2,66000,387130000C,(04)23289100,(04)25368667
3236,2023,03,9,8,15,臺中市,大雅區,0,1,0,8,1,5,30,3,1,1,5,4,5,7,4,4,10,5,5,1,17,23,2,9,1,1,C03,7,6,1,10,2,15,"  ",23,23,1,21,8,C03,120.643004,24.218223,2,66000,387130000C,(04)23289100,(04)25368667
3237,2023,03,9,8,15,臺中市,西區,0,1,0,8,1,5,50,3,1,1,5,4,5,7,4,4,10,5,5,2,17,6,3,10,1,1,C03,7,5,1,10,2,12,"  ",6,6,1,20,8,C03,120.671826,24.14217,2,66000,387130000C,(04)23289100,(04)25368667
3238,2023,03,9,8,15,臺中市,南屯區,0,1,0,8,1,5,50,14,9,1,5,4,5,7,4,4,5,5,5,2,17,42,2,9,1,1,C03,7,15,1,10,2,14,"  ",42,42,1,5,1,C03,120.631083,24.116082,2,66000,387130000C,(04)23289100,(04)25368667
3239,2023,03,9,8,15,臺中市,西屯區,0,2,0,8,1,5,40,14,8,1,5,4,5,7,4,4,1,5,1,2,17,16,2,9,1,1,C03,7,9,1,10,2,11,"  ",16,16,1,22,8,C03,120.602319,24.182964,2,66000,387130000C,(04)23289100,(04)25368667
3240,2023,03,9,8,18,臺中市,大里區,0,1,0,8,1,5,40,14,8,1,5,4,5,7,4,4,3,5,5,1,13,16,3,10,1,1,B12,7,9,1,8,2,5,"  ",16,16,1,9,1,B12,120.659491,24.084791,2,66000,387130000C,(04)23289100,(04)25368667
3241,2023,03,9,8,19,臺中市,后里區,0,1,0,8,1,5,40,14,9,1,5,4,5,7,4,4,10,5,5,1,26,23,2,9,1,1,C03,7,9,1,10,2,11,"  ",23,23,1,21,8,C03,120.691556,24.311829,2,66000,387130000C,(04)23289100,(04)25368667
3242,2023,03,9,8,20,臺中市,南區,0,4,0,8,1,5,50,3,1,1,5,4,5,7,1,1,10,4,4,2,12,17,2,9,1,1,C03,7,9,1,10,2,12,"  ",17,17,1,22,8,C03,120.661716,24.109198,2,66000,387130000C,(04)23289100,(04)25368667
3243,2023,03,9,8,20,臺中市,北屯區,0,1,0,8,1,5,50,4,1,1,5,4,5,7,4,4,10,5,5,2,15,6,2,9,1,1,C03,7,9,1,10,2,12,"  ",6,6,1,21,8,C03,120.692556,24.18153,2,66000,387130000C,(04)23289100,(04)25368667
3244,2023,03,9,8,20,臺中市,大里區,0,5,0,8,1,5,50,14,7,1,5,4,5,7,4,4,2,4,5,1,13,23,2,9,1,1,B03,7,9,1,8,2,1,"  ",23,23,1,22,8,B03,120.696673,24.11109,2,66000,387130000C,(04)23289100,(04)25368667
3245,2023,03,9,8,25,臺中市,豐原區,0,1,0,8,1,5,60,4,1,1,5,4,5,7,1,1,1,3,4,1,16,10,3,10,3,4,B03,7,11,1,8,2,2,"  ",10,10,1,22,5,B03,120.718755,24.25788,2,66000,387130000C,(04)23289100,(04)25368667
3246,2023,03,9,8,30,臺中市,北區,0,2,0,8,1,5,50,14,9,1,5,4,5,7,4,4,5,4,5,2,16,26,3,10,1,1,B03,7,11,1,8,2,5,"  ",26,26,1,22,8,B03,120.68762,24.149838,2,66000,387130000C,(04)23289100,(04)25368667
3247,2023,03,9,8,33,臺中市,北屯區,0,0,0,8,,,40,,,,,,,,,,,,,,,23,"  ","  ","  ","  ",B03,"  ","  ",1,"  ",2,"  ","  ",23,"   ",1,22,"  ",B03,120.682961,24.1739,3,66000,387130000C,(04)23289100,(04)25368667
3248,2023,03,9,8,33,臺中市,霧峰區,0,1,0,8,1,5,50,14,9,1,5,4,3,7,1,1,5,5,5,1,12,17,2,8,1,1,C03,7,9,1,10,2,14,"  ",17,17,1,22,8,C03,120.712974,24.077277,2,66000,387130000C,(04)23289100,(04)25368667
3249,2023,03,9,8,33,臺中市,大肚區,0,0,0,8,,,50,,,,,,,,,,,,,,,23,"  ","  ","  ","  ",A41,"  ","  ",1,"  ",2,"  ","  ",23,"   ",1,10,"  ",A41,120.566128,24.122656,3,66000,387130000C,(04)23289100,(04)25368667
3250,2023,03,9,8,35,臺中市,大雅區,0,0,0,8,,,50,,,,,,,,,,,,,,,23,"  ","  ","  ","  ",B02,"  ","  ",1,"  ",2,"  ","  ",23,"   ",1,22,"  ",B02,120.647026,24.226181,3,66000,387130000C,(04)23289100,(04)25368667
3251,2023,03,9,8,38,臺中市,潭子區,0,0,0,8,,,50,,,,,,,,,,,,,,,6,"  ","  ","  ","  ",B03,"  ","  ",1,"  ",2,"  ","  ",6,"   ",1,5,"  ",B03,120.710201,24.208245,3,66000,387130000C,(04)23289100,(04)25368667
3252,2023,03,9,8,38,臺中市,北區,0,2,0,8,1,5,30,13,9,1,5,4,5,7,4,4,10,5,5,2,15,6,2,9,1,1,C04,7,9,3,18,2,11,"  ",6,6,1,20,8,C04,120.681806,24.159476,2,66000,387130000C,(04)23289100,(04)25368667
3253,2023,03,9,8,39,臺中市,沙鹿區,0,0,0,,,,60,,,,,,,,,,,,,,,23,"  ","  ","  ","  ",B03,"  ","  ",1,"  ",2,"  ","  ",23,"   ",1,21,"  ",B03,120.564538,24.23963,3,66000,387130000C,(04)23289100,(04)25368667
3254,2023,03,9,8,43,臺中市,神岡區,0,1,0,8,1,5,50,4,2,1,5,4,5,7,4,4,9,4,4,2,13,23,2,9,1,1,C03,7,9,1,10,2,11,"  ",23,23,1,22,8,C03,120.662262,24.258652,2,66000,387130000C,(04)23289100,(04)25368667
3255,2023,03,9,8,44,臺中市,北屯區,0,0,0,8,,,50,,,,,,,,,,,,,,,19,"  ","  ","  ","  ",C03,"  ","  ",1,"  ",1,"  ","  ",19,"   ",1,21,"  ",C03,120.68425,24.180308,3,66000,387130000C,(04)23289100,(04)25368667
3256,2023,03,9,8,44,臺中市,西屯區,0,0,0,,,,50,,,,,,,,,,,,,,,23,"  ","  ","  ","  ",B12,"  ","  ",1,"  ",2,"  ","  ",23,"   ",1,22,"  ",B12,120.590226,24.176546,3,66000,387130000C,(04)23289100,(04)25368667
3257,2023,03,9,8,45,臺中市,烏日區,0,0,0,8,1,5,50,14,9,1,5,4,5,7,4,4,9,5,5,1,12,7,"  ","  ","  ","  ",C03,"  ","  ",1,"  ",2,"  ","  ",7,"   ",1,22,"  ",C03,120.607115,24.122379,3,66000,387130000C,(04)23289100,(04)25368667
3258,2023,03,9,8,48,臺中市,東區,0,0,0,8,1,5,50,14,9,1,5,4,5,7,4,4,5,5,5,2,13,23,3,10,1,1,G03,7,9,1,6,2,1,"  ",23,23,1,10,8,G03,120.699216,24.147489,3,66000,387130000C,(04)23289100,(04)25368667
3259,2023,03,9,8,48,臺中市,南屯區,0,2,0,8,1,5,50,14,9,1,5,4,5,7,4,4,5,4,5,2,13,16,2,9,1,1,C03,7,9,1,10,2,11,"  ",16,16,1,22,8,C03,120.649728,24.140613,2,66000,387130000C,(04)23289100,(04)25368667
3260,2023,03,9,8,49,臺中市,南區,0,0,0,8,,,50,,,,,,,,,,,,,,,23,"  ","  ","  ","  ",C03,"  ","  ",1,"  ",2,"  ","  ",23,"   ",1,18,"  ",C03,120.669306,24.126288,3,66000,387130000C,(04)23289100,(04)25368667
3261,2023,03,9,8,49,臺中市,東區,0,1,0,8,1,5,80,10,9,1,5,4,5,7,4,4,1,4,5,2,13,16,2,9,1,1,B03,7,9,1,8,2,1,"  ",16,16,1,22,8,B03,120.706894,24.131163,2,66000,387130000C,(04)23289100,(04)25368667
3262,2023,03,9,8,50,臺中市,東區,0,0,0,8,1,5,5,14,9,1,5,4,5,7,4,4,5,5,5,2,17,43,"  ","  ","  ","  ","   ","  ","  ","  ","  ","  ","  ","  ",43,43,1,"  ","  ","   ",120.699209,24.142463,3,66000,387130000C,(04)23289100,(04)25368667
3263,2023,03,9,8,50,臺中市,西屯區,0,0,0,8,,,30,,,,,,,,,,,,,,,23,"  ","  ","  ","  ",B03,"  ","  ",1,"  ",1,"  ","  ",23,"   ",1,1,"  ",B03,120.667152,24.177108,3,66000,387130000C,(04)23289100,(04)25368667
3264,2023,03,9,8,51,臺中市,南區,0,1,0,8,1,5,50,4,1,1,5,4,5,7,1,1,10,5,5,2,16,26,3,10,1,1,C03,7,5,1,10,11,11,"  ",26,26,1,22,8,C03,120.663368,24.121688,2,66000,387130000C,(04)23289100,(04)25368667
3265,2023,03,9,8,56,臺中市,北區,0,1,0,8,1,5,50,4,1,1,5,4,5,7,1,1,5,5,5,2,2,23,3,10,1,1,B12,7,5,1,8,2,5,"  ",23,23,1,5,8,B12,120.68726,24.15571,2,66000,387130000C,(04)23289100,(04)25368667
3266,2023,03,9,8,57,臺中市,西屯區,0,1,0,8,1,5,50,5,1,1,5,4,5,7,1,1,10,5,5,2,17,25,3,10,1,1,C03,7,9,1,10,1,12,"  ",25,25,1,21,8,C03,120.643541,24.165643,2,66000,387130000C,(04)23289100,(04)25368667
3267,2023,03,9,9,3,臺中市,西屯區,0,0,0,8,,,30,,,,,,,,,,,,,,,12,"  ","  ","  ","  ",B03,"  ","  ",1,"  ",1,"  ","  ",12,"   ",1,4,"  ",B03,120.66867,24.176378,3,66000,387130000C,(04)23289100,(04)25368667
3268,2023,03,9,9,4,臺中市,北屯區,0,0,0,8,,,50,,,,,,,,,,,,,,,23,"  ","  ","  ","  ",B03,"  ","  ",1,"  ",1,"  ","  ",23,"   ",1,21,"  ",B03,120.671289,24.173884,3,66000,387130000C,(04)23289100,(04)25368667
3269,2023,03,9,9,5,臺中市,南區,0,0,0,,,,50,,,,,,,,,,,,,,,23,"  ","  ","  ","  ",A04,"  ","  ",1,"  ",2,"  ","  ",23,"   ",1,10,"  ",A04,120.666032,24.113853,3,66000,387130000C,(04)23289100,(04)25368667
3270,2023,03,9,9,7,臺中市,豐原區,0,0,0,8,,,60,,,,,,,,,,,,,,,12,"  ","  ","  ","  ",B03,"  ","  ",1,"  ",2,"  ","  ",12,"   ",1,22,"  ",B03,120.722549,24.264027,3,66000,387130000C,(04)23289100,(04)25368667
3271,2023,03,9,9,9,臺中市,北區,0,0,0,8,,,50,,,,,,,,,,,,,,,23,"  ","  ","  ","  ",B03,"  ","  ",1,"  ",1,"  ","  ",23,"   ",1,5,"  ",B03,120.685093,24.157602,3,66000,387130000C,(04)23289100,(04)25368667
3272,2023,03,9,9,12,臺中市,南屯區,0,0,0,8,,,40,,,,,,,,,,,,,,,16,"  ","  ","  ","  ",C03,"  ","  ",1,"  ",1,"  ","  ",16,"   ",1,22,"  ",C03,120.63014,24.156125,3,66000,387130000C,(04)23289100,(04)25368667
3273,2023,03,9,9,13,臺中市,神岡區,0,1,0,8,1,5,50,14,9,1,5,4,5,7,4,4,9,5,5,1,13,16,2,9,1,4,C03,7,9,1,10,2,14,"  ",16,16,1,22,9,C03,120.653641,24.255109,2,66000,387130000C,(04)23289100,(04)25368667
3274,2023,03,9,9,15,臺中市,清水區,0,1,0,8,1,5,30,4,1,1,5,4,5,7,4,4,5,5,4,2,15,6,2,9,1,1,C03,7,9,1,10,2,12,"  ",6,6,1,22,8,C03,120.577486,24.272038,2,66000,387130000C,(04)23289100,(04)25368667
3275,2023,03,9,9,16,臺中市,北屯區,0,1,0,8,1,5,50,4,1,1,5,4,5,7,1,1,1,4,5,2,12,6,3,10,1,1,B03,7,6,1,8,2,5,"  ",6,6,1,22,8,B03,120.668337,24.201239,2,66000,387130000C,(04)23289100,(04)25368667
3276,2023,03,9,9,16,臺中市,大里區,0,0,0,8,,,50,,,,,,,,,,,,,,,23,"  ","  ","  ","  ",B12,"  ","  ",1,"  ",2,"  ","  ",23,"   ",1,22,"  ",B12,120.695841,24.080863,3,66000,387130000C,(04)23289100,(04)25368667
3277,2023,03,9,9,16,臺中市,霧峰區,0,3,0,8,1,5,50,4,1,1,5,4,5,7,4,4,10,5,5,2,15,6,2,9,1,1,C03,7,9,1,10,2,15,"  ",6,6,1,22,8,C03,120.699378,24.070055,2,66000,387130000C,(04)23289100,(04)25368667
3278,2023,03,9,9,19,臺中市,龍井區,0,1,0,8,1,5,50,4,2,1,1,4,5,7,1,1,10,5,5,2,16,10,3,10,1,1,B01,7,11,1,8,2,4,"  ",10,10,1,10,1,B01,120.582073,24.176208,2,66000,387130000C,(04)23289100,(04)25368667
3279,2023,03,9,9,26,臺中市,北區,0,0,0,8,,,50,,,,,,,,,,,,,,,23,"  ","  ","  ","  ",B12,"  ","  ",1,"  ",9,"  ","  ",23,"   ",1,22,"  ",B12,120.684104,24.163921,3,66000,387130000C,(04)23289100,(04)25368667
3280,2023,03,9,9,28,臺中市,西屯區,0,1,0,8,1,5,50,4,1,1,5,4,5,7,1,1,10,5,5,2,16,6,3,10,3,4,B03,7,6,1,8,2,5,"  ",6,6,1,22,8,B03,120.617111,24.185475,2,66000,387130000C,(04)23289100,(04)25368667
3281,2023,03,9,9,31,臺中市,后里區,0,1,0,8,1,5,50,4,1,1,5,4,5,7,2,1,10,5,4,1,12,9,3,10,1,1,B03,7,6,1,8,2,2,"  ",9,9,1,22,8,B03,120.722104,24.30439,2,66000,387130000C,(04)23289100,(04)25368667
3282,2023,03,9,9,48,臺中市,北屯區,0,0,0,8,,,50,,,,,,,,,,,,,,,7,"  ","  ","  ","  ",B03,"  ","  ",1,"  ",1,"  ","  ",7,"   ",1,21,"  ",B03,120.67082,24.199698,3,66000,387130000C,(04)23289100,(04)25368667
3283,2023,03,9,9,48,臺中市,豐原區,0,1,0,8,1,5,50,3,1,1,5,4,5,7,3,1,10,5,5,2,17,26,3,10,1,1,B12,7,9,1,8,2,4,"  ",23,26,1,22,8,B12,120.722381,24.254601,2,66000,387130000C,(04)23289100,(04)25368667
3284,2023,03,9,9,52,臺中市,潭子區,0,3,0,8,1,5,50,14,9,1,5,4,5,7,4,4,5,4,4,1,16,26,2,8,1,1,C03,7,5,1,10,2,12,"  ",26,26,1,22,9,C03,120.705385,24.218574,2,66000,387130000C,(04)23289100,(04)25368667
3285,2023,03,9,9,59,臺中市,西屯區,0,1,0,8,1,5,30,13,9,1,5,4,5,7,4,4,10,5,5,2,14,12,2,9,3,4,C03,7,9,1,10,2,11,"  ",44,12,1,22,8,C03,120.656236,24.157096,2,66000,387130000C,(04)23289100,(04)25368667
3286,2023,03,9,10,0,臺中市,龍井區,0,0,0,8,,,50,,,,,,,,,,,,,,,12,"  ","  ","  ","  ",B12,"  ","  ",1,"  ",2,"  ","  ",12,"   ",1,12,"  ",B12,120.561718,24.199375,3,66000,387130000C,(04)23289100,(04)25368667
3287,2023,03,9,10,1,臺中市,烏日區,0,1,0,8,1,5,50,14,7,1,5,4,3,5,4,4,5,5,4,2,12,7,2,9,1,1,C03,7,7,1,10,2,14,"  ",7,7,1,21,9,C03,120.60731,24.125658,2,66000,387130000C,(04)23289100,(04)25368667
3288,2023,03,9,10,10,臺中市,烏日區,0,0,0,8,1,5,30,14,9,1,5,4,5,7,4,4,10,5,5,2,14,12,"  ","  ","  ","  ",B11,"  ","  ",1,"  ",2,"  ","  ",12,"   ",1,22,"  ",B11,120.653721,24.090994,3,66000,387130000C,(04)23289100,(04)25368667
3289,2023,03,9,10,10,臺中市,豐原區,0,1,0,8,1,5,60,14,9,1,5,4,5,7,4,4,8,3,4,1,12,7,3,10,3,4,B03,7,8,1,8,2,5,"  ",7,7,1,22,5,B03,120.730321,24.244343,2,66000,387130000C,(04)23289100,(04)25368667
3290,2023,03,9,10,11,臺中市,北區,0,1,0,8,1,5,50,4,1,1,5,4,5,7,1,1,10,5,5,2,16,7,3,10,1,1,C03,7,8,1,10,2,13,"  ",7,7,1,5,8,C03,120.677303,24.151254,2,66000,387130000C,(04)23289100,(04)25368667
3291,2023,03,9,10,16,臺中市,大甲區,0,1,0,8,1,5,50,3,1,1,5,4,5,7,4,4,5,5,5,1,16,9,3,10,1,1,B03,7,6,1,8,2,2,"  ",9,9,1,4,8,B03,120.619081,24.34031,2,66000,387130000C,(04)23289100,(04)25368667
3292,2023,03,9,10,20,臺中市,南區,0,0,0,8,,,50,,,,,,,,,,,,,,,42,"  ","  ","  ","  ",B03,"  ","  ",1,"  ",2,"  ","  ",42,"   ",1,3,"  ",B03,120.667645,24.11338,3,66000,387130000C,(04)23289100,(04)25368667
3293,2023,03,9,10,20,臺中市,龍井區,0,1,0,8,1,5,60,4,2,1,1,4,5,7,1,1,10,5,5,2,16,26,3,10,1,1,B12,7,6,1,8,2,5,"  ",26,26,1,9,1,B12,120.579919,24.189036,2,66000,387130000C,(04)23289100,(04)25368667
3294,2023,03,9,10,23,臺中市,大里區,0,2,0,8,1,5,40,14,9,1,5,4,5,7,4,4,10,5,5,2,16,5,2,9,1,1,C03,7,9,1,10,2,14,"  ",5,5,1,22,8,C03,120.69943,24.103903,2,66000,387130000C,(04)23289100,(04)25368667
3295,2023,03,9,10,30,臺中市,大里區,0,0,0,8,1,5,30,13,9,1,5,4,5,7,4,4,10,5,5,2,17,17,"  ","  ","  ","  ",A12,"  ","  ",1,"  ",2,"  ","  ",17,"   ",1,22,"  ",A12,120.706276,24.105331,3,66000,387130000C,(04)23289100,(04)25368667