序號,年,月,日,時,分,縣市,區,死亡數量,受傷數量,2-30,天候,光線,道路類別,速限_速度(公里),道路型態,事故位置,路面鋪裝,路面狀態,路面缺陷,障礙物,視距,號誌種類,號誌動作,分向設施,快車道或一般車道間,快慢車道間,路面邊線,事故類型及型態,主要肇因,受傷程度,主要傷處,保護裝備,行動電話,當事者區分,車輛用途,當事者行動狀態,駕駛資格情形,駕駛執照種類,飲酒情形,車輛撞擊部位最初,車輛撞擊部位其他,肇事因素個別,肇事因素主要,肇事逃逸,職業,旅次目的,車種,GPS座標X,GPS座標Y,事故類別,縣市別代碼,機關代碼,市話,傳真
3296,2023,03,9,10,30,臺中市,大里區,0,0,0,8,,,50,,,,,,,,,,,,,,,19,"  ","  ","  ","  ",B03,"  ","  ",1,"  ",2,"  ","  ",19,"   ",1,19,"  ",B03,120.701343,24.123973,3,66000,387130000C,(04)23289100,(04)25368667
3297,2023,03,9,10,32,臺中市,東區,0,1,0,8,1,5,50,5,1,1,5,4,5,7,1,1,5,3,5,2,16,26,2,9,1,1,C03,7,7,1,10,2,14,"  ",26,26,1,22,8,C03,120.691963,24.140091,2,66000,387130000C,(04)23289100,(04)25368667
3298,2023,03,9,10,38,臺中市,霧峰區,0,1,0,8,1,5,50,4,1,1,5,4,5,7,4,4,10,5,5,2,16,6,2,9,3,4,C03,7,9,3,18,2,11,"  ",6,6,1,22,8,C03,120.698299,24.071205,2,66000,387130000C,(04)23289100,(04)25368667
3299,2023,03,9,10,42,臺中市,豐原區,0,0,0,8,,,50,,,,,,,,,,,,,,,23,"  ","  ","  ","  ",B03,"  ","  ",1,"  ",2,"  ","  ",23,"   ",1,22,"  ",B03,120.710716,24.250672,3,66000,387130000C,(04)23289100,(04)25368667
3300,2023,03,9,10,47,臺中市,南屯區,0,0,0,8,1,5,50,14,9,1,5,4,5,7,4,4,3,4,5,2,12,6,"  ","  ","  ","  ",B03,"  ","  ",1,"  ",2,"  ","  ",6,"   ",1,5,"  ",B03,120.620761,24.145181,3,66000,387130000C,(04)23289100,(04)25368667
3301,2023,03,9,10,51,臺中市,南屯區,0,2,0,8,1,5,40,4,3,1,5,4,5,7,1,1,10,5,5,2,17,23,2,9,1,1,C03,7,9,1,10,2,11,"  ",23,23,1,5,8,C03,120.613149,24.149658,2,66000,387130000C,(04)23289100,(04)25368667
3302,2023,03,9,10,53,臺中市,西屯區,0,1,0,8,1,5,50,14,9,1,5,4,5,7,4,4,1,4,5,2,17,43,2,9,3,4,C03,7,9,1,10,2,14,"  ",43,43,1,22,8,C03,120.624093,24.182176,2,66000,387130000C,(04)23289100,(04)25368667
3303,2023,03,9,10,57,臺中市,北區,0,0,0,8,1,5,50,4,2,1,5,4,5,7,2,1,6,1,5,2,12,7,"  ","  ","  ","  ",B03,"  ","  ",3,"  ",2,"  ","  ",7,"   ",1,22,"  ",B03,120.680176,24.163046,3,66000,387130000C,(04)23289100,(04)25368667
3304,2023,03,9,10,58,臺中市,南屯區,0,1,0,8,1,5,50,4,1,1,5,4,5,7,2,1,10,5,5,2,16,25,3,10,1,1,B03,7,5,1,8,2,7,"  ",44,25,1,22,8,B03,120.633946,24.146191,2,66000,387130000C,(04)23289100,(04)25368667
3305,2023,03,9,10,58,臺中市,南屯區,0,0,0,8,,,50,,,,,,,,,,,,,,,42,"  ","  ","  ","  ",B02,"  ","  ",1,"  ",2,"  ","  ",42,"   ",1,5,"  ",B02,120.614876,24.153539,3,66000,387130000C,(04)23289100,(04)25368667
3306,2023,03,9,11,0,臺中市,東區,0,1,0,8,1,5,50,14,7,1,5,4,5,7,4,4,9,4,5,2,12,19,3,10,1,1,C03,7,1,1,10,2,11,"  ",19,19,1,22,8,C03,120.689287,24.138778,2,66000,387130000C,(04)23289100,(04)25368667
3307,2023,03,9,11,3,臺中市,太平區,0,3,0,8,1,5,50,4,1,1,5,4,5,7,1,1,10,5,5,2,16,25,2,9,1,1,C03,7,9,6,10,2,12,"  ",25,25,1,22,8,C03,120.720072,24.114973,2,66000,387130000C,(04)23289100,(04)25368667
3308,2023,03,9,11,7,臺中市,西區,0,1,0,8,1,5,50,14,9,1,5,4,5,7,4,4,5,2,5,2,13,23,3,10,1,1,B03,7,9,1,8,2,1,"  ",23,23,1,4,7,B03,120.672452,24.137445,2,66000,387130000C,(04)23289100,(04)25368667
3309,2023,03,9,11,12,臺中市,西屯區,0,1,0,8,1,5,50,14,7,1,5,4,5,7,4,4,5,4,4,2,13,23,2,9,1,1,C03,7,9,1,10,2,11,"  ",23,23,1,21,8,C03,120.637851,24.17635,2,66000,387130000C,(04)23289100,(04)25368667
3310,2023,03,9,11,12,臺中市,大肚區,0,1,0,8,1,5,30,3,1,1,5,4,5,7,4,4,10,5,5,2,16,23,3,10,1,1,C03,7,9,1,10,2,12,"  ",23,23,1,5,8,C03,120.549412,24.121508,2,66000,387130000C,(04)23289100,(04)25368667
3311,2023,03,9,11,13,臺中市,南屯區,0,0,0,8,,,50,,,,,,,,,,,,,,,23,"  ","  ","  ","  ",C03,"  ","  ",1,"  ",1,"  ","  ",23,"   ",1,22,"  ",C03,120.643065,24.140558,3,66000,387130000C,(04)23289100,(04)25368667
3312,2023,03,9,11,13,臺中市,新社區,0,1,0,8,1,5,30,3,1,1,5,4,5,7,4,4,10,5,5,2,16,6,3,10,1,1,B03,7,5,1,1,2,5,"  ",6,6,1,21,9,B03,120.809298,24.242828,2,66000,387130000C,(04)23289100,(04)25368667
3313,2023,03,9,11,29,臺中市,北屯區,0,0,0,8,,,50,,,,,,,,,,,,,,,6,"  ","  ","  ","  ",C03,"  ","  ",1,"  ",2,"  ","  ",6,"   ",1,22,"  ",C03,120.662813,24.197538,3,66000,387130000C,(04)23289100,(04)25368667
3314,2023,03,9,11,30,臺中市,沙鹿區,0,1,0,8,1,5,50,4,1,1,5,4,5,7,2,1,10,5,5,2,12,42,2,8,1,1,C03,7,9,3,18,2,12,"  ",42,42,1,19,5,C03,120.560836,24.241137,2,66000,387130000C,(04)23289100,(04)25368667
3315,2023,03,9,11,30,臺中市,大安區,0,0,0,8,,,60,,,,,,,,,,,,,,,18,"  ","  ","  ","  ",B12,"  ","  ",1,"  ",2,"  ","  ",18,"   ",1,22,"  ",B12,120.591183,24.377594,3,66000,387130000C,(04)23289100,(04)25368667
3316,2023,03,9,11,32,臺中市,北區,0,1,0,8,1,5,50,4,1,1,5,4,5,7,1,1,10,5,5,2,17,10,3,10,1,1,C03,7,11,1,10,2,15,"  ",10,10,1,22,8,C03,120.685169,24.166985,2,66000,387130000C,(04)23289100,(04)25368667
3317,2023,03,9,11,38,臺中市,西區,0,0,0,,,,50,,,,,,,,,,,,,,,23,"  ","  ","  ","  ",B03,"  ","  ",1,"  ",1,"  ","  ",23,"   ",1,21,"  ",B03,120.667265,24.140696,3,66000,387130000C,(04)23289100,(04)25368667
3318,2023,03,9,11,39,臺中市,西區,0,0,0,8,,,50,,,,,,,,,,,,,,,23,"  ","  ","  ","  ",B03,"  ","  ",1,"  ",1,"  ","  ",23,"   ",1,21,"  ",B03,120.663182,24.156542,3,66000,387130000C,(04)23289100,(04)25368667
3319,2023,03,9,11,42,臺中市,大雅區,0,0,0,8,,,60,,,,,,,,,,,,,,,17,"  ","  ","  ","  ",A11,"  ","  ",1,"  ",2,"  ","  ",17,"   ",1,22,"  ",A11,120.650676,24.210002,3,66000,387130000C,(04)23289100,(04)25368667
3320,2023,03,9,11,42,臺中市,大里區,0,1,0,8,1,5,30,14,9,1,5,4,5,7,4,4,10,5,5,1,9,23,3,10,1,1,B03,7,9,1,8,2,2,"  ",23,23,1,22,9,B03,120.668551,24.106205,2,66000,387130000C,(04)23289100,(04)25368667
3321,2023,03,9,11,43,臺中市,南屯區,0,0,0,8,1,5,50,14,9,1,5,4,5,7,4,4,1,4,5,2,13,23,"  ","  ","  ","  ",C03,"  ","  ",1,"  ",2,"  ","  ",23,"   ",1,5,"  ",C03,120.646976,24.146012,3,66000,387130000C,(04)23289100,(04)25368667
3322,2023,03,9,11,47,臺中市,北屯區,0,0,0,8,,,50,,,,,,,,,,,,,,,23,"  ","  ","  ","  ",B03,"  ","  ",1,"  ",1,"  ","  ",23,"   ",1,21,"  ",B03,120.667405,24.179901,3,66000,387130000C,(04)23289100,(04)25368667
3323,2023,03,9,11,48,臺中市,大甲區,0,0,0,,,,70,,,,,,,,,,,,,,,23,"  ","  ","  ","  ",B03,"  ","  ",1,"  ",1,"  ","  ",23,"   ",1,22,"  ",B03,120.6519,24.383975,3,66000,387130000C,(04)23289100,(04)25368667
3324,2023,03,9,11,49,臺中市,大雅區,0,0,0,8,,,50,,,,,,,,,,,,,,,7,"  ","  ","  ","  ",B03,"  ","  ",1,"  ",2,"  ","  ",7,"   ",1,22,"  ",B03,120.64706,24.222051,3,66000,387130000C,(04)23289100,(04)25368667
3325,2023,03,9,12,1,臺中市,太平區,0,0,0,8,,,30,,,,,,,,,,,,,,,6,"  ","  ","  ","  ",C03,"  ","  ",1,"  ",2,"  ","  ",6,"   ",1,22,"  ",C03,120.706501,24.124772,3,66000,387130000C,(04)23289100,(04)25368667
3326,2023,03,9,12,2,臺中市,西屯區,0,1,0,8,1,5,70,14,7,1,5,4,5,7,4,4,1,4,1,2,23,23,2,9,3,4,B03,7,9,1,8,2,1,"  ",23,23,1,22,8,B03,120.59776,24.182188,2,66000,387130000C,(04)23289100,(04)25368667
3327,2023,03,9,12,3,臺中市,太平區,0,1,0,8,1,5,50,4,1,1,5,4,5,7,1,1,10,5,5,2,16,6,3,10,1,1,B03,7,5,1,8,2,8,"  ",6,6,1,22,8,B03,120.711493,24.149872,2,66000,387130000C,(04)23289100,(04)25368667
3328,2023,03,9,12,3,臺中市,烏日區,0,0,0,8,,,50,,,,,,,,,,,,,,,12,"  ","  ","  ","  ",B12,"  ","  ",1,"  ",2,"  ","  ",12,"   ",1,9,"  ",B12,120.647813,24.096838,3,66000,387130000C,(04)23289100,(04)25368667
3329,2023,03,9,12,4,臺中市,北區,0,3,0,8,1,5,30,13,9,1,5,4,5,7,4,4,10,5,5,2,15,6,2,8,1,1,C03,7,9,1,10,2,11,"  ",6,6,1,18,8,C03,120.681202,24.164424,2,66000,387130000C,(04)23289100,(04)25368667
3330,2023,03,9,12,8,臺中市,西屯區,0,0,0,8,,,50,,,,,,,,,,,,,,,44,"  ","  ","  ","  ",C03,"  ","  ",1,"  ",1,"  ","  ",44,"   ",1,1,"  ",C03,120.621529,24.185989,3,66000,387130000C,(04)23289100,(04)25368667
3331,2023,03,9,12,12,臺中市,北區,0,0,0,8,,,50,,,,,,,,,,,,,,,23,"  ","  ","  ","  ",C03,"  ","  ",1,"  ",1,"  ","  ",23,"   ",1,5,"  ",C03,120.670627,24.159069,3,66000,387130000C,(04)23289100,(04)25368667
3332,2023,03,9,12,14,臺中市,霧峰區,0,0,0,8,,,50,,,,,,,,,,,,,,,16,"  ","  ","  ","  ",C03,"  ","  ",1,"  ",2,"  ","  ",16,"   ",1,22,"  ",C03,120.715265,24.073218,3,66000,387130000C,(04)23289100,(04)25368667
3333,2023,03,9,12,15,臺中市,北屯區,0,0,0,8,,,30,,,,,,,,,,,,,,,23,"  ","  ","  ","  ",B12,"  ","  ",1,"  ",2,"  ","  ",23,"   ",1,21,"  ",B12,120.696787,24.178163,3,66000,387130000C,(04)23289100,(04)25368667
3334,2023,03,9,12,16,臺中市,大雅區,0,1,0,8,1,5,50,14,9,1,5,4,5,7,4,4,5,5,5,1,11,23,3,10,1,1,B03,7,9,1,8,2,2,"  ",23,23,1,21,8,B03,120.650421,24.216469,2,66000,387130000C,(04)23289100,(04)25368667
3335,2023,03,9,12,19,臺中市,潭子區,0,1,0,8,1,5,50,14,7,1,5,4,5,7,4,4,1,4,4,1,17,19,3,10,1,1,B03,7,1,1,8,2,8,"  ",19,19,1,22,8,B03,120.691678,24.216131,2,66000,387130000C,(04)23289100,(04)25368667
3336,2023,03,9,12,19,臺中市,大肚區,0,1,0,8,1,5,60,3,2,1,5,4,5,7,1,1,1,3,5,1,12,23,3,10,1,1,B12,7,9,1,8,2,6,"  ",23,23,2,21,8,B12,120.542962,24.163157,2,66000,387130000C,(04)23289100,(04)25368667
3337,2023,03,9,12,20,臺中市,沙鹿區,0,0,0,8,,,50,,,,,,,,,,,,,,,12,"  ","  ","  ","  ",B03,"  ","  ",1,"  ",1,"  ","  ",12,"   ",1,4,"  ",B03,120.571587,24.225745,3,66000,387130000C,(04)23289100,(04)25368667
3338,2023,03,9,12,24,臺中市,南屯區,0,0,0,8,,,50,,,,,,,,,,,,,,,6,"  ","  ","  ","  ",B03,"  ","  ",1,"  ",1,"  ","  ",6,6,1,22,"  ",B03,120.631075,24.142646,3,66000,387130000C,(04)23289100,(04)25368667
3339,2023,03,9,12,26,臺中市,西屯區,0,2,0,8,1,5,50,14,9,1,5,4,5,7,4,4,5,5,5,2,17,6,2,9,1,1,C03,7,5,1,10,2,14,"  ",6,6,1,21,8,C03,120.631965,24.19755,2,66000,387130000C,(04)23289100,(04)25368667
3340,2023,03,9,12,30,臺中市,大里區,0,0,0,8,,,50,,,,,,,,,,,,,,,23,"  ","  ","  ","  ",B12,"  ","  ",1,"  ",2,"  ","  ",23,"   ",1,5,"  ",B12,120.698503,24.101335,3,66000,387130000C,(04)23289100,(04)25368667
3341,2023,03,9,12,30,臺中市,沙鹿區,0,1,0,8,1,5,40,14,8,1,5,4,5,7,4,4,1,3,1,1,13,16,2,9,1,1,C03,7,9,1,10,2,11,"  ",16,16,1,22,9,C03,120.571526,24.234376,2,66000,387130000C,(04)23289100,(04)25368667
3342,2023,03,9,12,31,臺中市,大里區,0,1,0,8,1,5,50,14,9,1,5,4,5,7,1,1,3,4,4,1,16,19,2,9,1,1,C03,7,1,1,10,2,11,"  ",19,19,1,22,8,C03,120.67133,24.102365,2,66000,387130000C,(04)23289100,(04)25368667
3343,2023,03,9,12,33,臺中市,沙鹿區,0,1,0,8,1,5,40,4,1,1,5,4,5,7,1,1,10,5,5,2,16,25,2,9,1,1,C03,7,9,1,10,2,11,"  ",25,25,1,20,8,C03,120.560836,24.241137,2,66000,387130000C,(04)23289100,(04)25368667
3344,2023,03,9,12,35,臺中市,大安區,0,0,0,8,,,30,,,,,,,,,,,,,,,23,"  ","  ","  ","  ",B03,"  ","  ",1,"  ",2,"  ","  ",23,"   ",1,22,"  ",B03,120.575026,24.350431,3,66000,387130000C,(04)23289100,(04)25368667
3345,2023,03,9,12,45,臺中市,清水區,0,2,0,8,1,5,30,4,1,1,5,4,5,6,4,4,10,5,5,2,15,6,3,10,1,1,B03,7,9,1,8,2,8,"  ",6,6,1,22,8,B03,120.616271,24.294312,2,66000,387130000C,(04)23289100,(04)25368667
3346,2023,03,9,12,50,臺中市,太平區,0,0,0,8,,,50,,,,,,,,,,,,,,,23,"  ","  ","  ","  ",C03,"  ","  ",1,"  ",2,"  ","  ",23,"   ",1,22,"  ",C03,120.725162,24.108365,3,66000,387130000C,(04)23289100,(04)25368667
3347,2023,03,9,12,53,臺中市,東區,0,0,0,,,,,,,,,,,,,,,,,,,43,"  ","  ","  ","  ","   ","  ","  ","  ","  ","  ","  ","  ",43,"   ",1,"  ","  ","   ",120.697248,24.134733,3,66000,387130000C,(04)23289100,(04)25368667
3348,2023,03,9,12,54,臺中市,北區,0,0,0,8,,,50,,,,,,,,,,,,,,,23,"  ","  ","  ","  ",C03,"  ","  ",1,"  ",2,"  ","  ",23,"   ",1,5,"  ",C03,120.682722,24.148411,3,66000,387130000C,(04)23289100,(04)25368667
3349,2023,03,9,12,57,臺中市,神岡區,0,1,0,8,1,5,1,14,9,1,5,4,5,7,4,4,10,5,5,2,27,66,"  ","  ","  ","  ","   ","  ","  ","  ","  ","  ","  ","  ",66,66,1,"  ","  ","   ",120.673832,24.251595,2,66000,387130000C,(04)23289100,(04)25368667
3350,2023,03,9,13,10,臺中市,大里區,0,0,0,8,,,50,,,,,,,,,,,,,,,23,"  ","  ","  ","  ",A41,"  ","  ",1,"  ",2,"  ","  ",23,"   ",1,22,"  ",A41,120.702124,24.086882,3,66000,387130000C,(04)23289100,(04)25368667
3351,2023,03,9,13,11,臺中市,北屯區,0,0,0,,,,50,,,,,,,,,,,,,,,23,"  ","  ","  ","  ",B03,"  ","  ",1,"  ",2,"  ","  ",23,"   ",1,21,"  ",B03,120.719478,24.18209,3,66000,387130000C,(04)23289100,(04)25368667
3352,2023,03,9,13,12,臺中市,北區,0,0,0,8,,,50,,,,,,,,,,,,,,,42,"  ","  ","  ","  ",B03,"  ","  ",1,"  ",1,"  ","  ",42,"   ",1,5,"  ",B03,120.66941,24.155353,3,66000,387130000C,(04)23289100,(04)25368667
3353,2023,03,9,13,14,臺中市,西屯區,0,1,0,8,1,5,50,5,8,1,5,4,5,7,1,1,5,5,4,2,13,23,2,4,3,4,C03,7,9,1,10,2,11,"  ",23,23,1,22,8,C03,120.643076,24.178306,2,66000,387130000C,(04)23289100,(04)25368667
3354,2023,03,9,13,19,臺中市,西屯區,0,0,0,8,,,50,,,,,,,,,,,,,,,44,"  ","  ","  ","  ",C03,"  ","  ",1,"  ",1,"  ","  ",44,"   ",1,22,"  ",C03,120.637585,24.178353,3,66000,387130000C,(04)23289100,(04)25368667
3355,2023,03,9,13,24,臺中市,梧棲區,0,0,0,8,,,50,,,,,,,,,,,,,,,19,"  ","  ","  ","  ",A12,"  ","  ",1,"  ",2,"  ","  ",19,"   ",1,9,"  ",A12,120.536065,24.26287,3,66000,387130000C,(04)23289100,(04)25368667
3356,2023,03,9,13,26,臺中市,北屯區,0,2,0,8,1,5,50,14,7,1,5,4,5,7,4,4,5,5,4,2,16,10,2,9,1,1,F01,7,11,8,20,2,16,"  ",10,10,1,21,8,F01,120.692856,24.174842,2,66000,387130000C,(04)23289100,(04)25368667
3357,2023,03,9,13,26,臺中市,西屯區,0,0,0,8,,,50,,,,,,,,,,,,,,,23,"  ","  ","  ","  ",B03,"  ","  ",1,"  ",1,"  ","  ",23,"   ",1,22,"  ",B03,120.64656,24.15839,3,66000,387130000C,(04)23289100,(04)25368667
3358,2023,03,9,13,28,臺中市,東區,0,2,0,8,1,5,40,4,8,1,5,4,5,7,4,4,5,5,4,2,12,1,2,9,1,1,C03,7,4,1,10,2,14,12,1,1,1,5,8,C03,120.699381,24.145221,2,66000,387130000C,(04)23289100,(04)25368667
3359,2023,03,9,13,29,臺中市,沙鹿區,0,1,0,8,1,5,30,14,9,1,5,4,5,7,4,4,10,5,5,2,14,12,3,10,1,1,B12,7,2,1,8,2,6,"  ",12,12,1,5,5,B12,120.567034,24.247732,2,66000,387130000C,(04)23289100,(04)25368667
3360,2023,03,9,13,32,臺中市,西屯區,0,0,0,8,,,50,,,,,,,,,,,,,,,25,"  ","  ","  ","  ",C03,"  ","  ",1,"  ",2,"  ","  ",25,"   ",1,1,"  ",C03,120.645191,24.162759,3,66000,387130000C,(04)23289100,(04)25368667
3361,2023,03,9,13,35,臺中市,南屯區,0,1,0,8,1,5,40,4,1,1,5,4,5,7,1,1,10,5,5,2,18,23,2,7,1,4,C03,7,6,1,10,2,12,"  ",23,23,1,12,8,C03,120.612764,24.13896,2,66000,387130000C,(04)23289100,(04)25368667
3362,2023,03,9,13,42,臺中市,大肚區,0,2,0,8,1,5,50,14,9,1,5,4,5,7,4,4,5,4,5,2,13,23,3,10,1,1,B12,7,9,1,7,1,1,"  ",23,23,1,21,1,B12,120.545112,24.152172,2,66000,387130000C,(04)23289100,(04)25368667
3363,2023,03,9,13,51,臺中市,西區,0,0,0,,,,50,,,,,,,,,,,,,,,26,"  ","  ","  ","  ",B03,"  ","  ",1,"  ",2,"  ","  ",26,26,1,20,"  ",B03,120.657329,24.153761,3,66000,387130000C,(04)23289100,(04)25368667
3364,2023,03,9,13,51,臺中市,北區,0,0,0,8,,,50,,,,,,,,,,,,,,,23,3,10,1,1,C03,7,3,1,10,2,11,"  ",23,23,1,22,9,C03,120.683269,24.168357,3,66000,387130000C,(04)23289100,(04)25368667
3365,2023,03,9,13,56,臺中市,豐原區,0,0,0,8,,,50,,,,,,,,,,,,,,,12,"  ","  ","  ","  ",B03,"  ","  ",1,"  ",2,"  ","  ",12,"   ",1,22,"  ",B03,120.722024,24.25726,3,66000,387130000C,(04)23289100,(04)25368667
3366,2023,03,9,13,57,臺中市,南區,0,0,0,,,,50,,,,,,,,,,,,,,,9,"  ","  ","  ","  ",B11,"  ","  ",1,"  ",2,"  ","  ",9,"   ",1,22,"  ",B11,120.650841,24.121247,3,66000,387130000C,(04)23289100,(04)25368667
3367,2023,03,9,13,58,臺中市,西屯區,0,0,0,8,,,40,,,,,,,,,,,,,,,12,"  ","  ","  ","  ",B12,"  ","  ",1,"  ",2,"  ","  ",12,"   ",1,21,"  ",B12,120.622959,24.175425,3,66000,387130000C,(04)23289100,(04)25368667
3368,2023,03,9,14,10,臺中市,西屯區,0,2,0,8,1,5,30,4,1,1,5,4,5,7,4,4,10,4,5,2,15,6,2,9,1,1,C03,7,9,1,10,2,11,"  ",6,6,1,22,9,C03,120.638308,24.178946,2,66000,387130000C,(04)23289100,(04)25368667
3369,2023,03,9,14,11,臺中市,梧棲區,1,1,0,8,1,5,60,14,7,1,5,4,5,7,1,1,1,3,4,1,17,23,1,9,1,1,B12,7,9,1,8,2,8,"  ",23,23,1,5,1,B12,120.53045,24.237225,1,66000,387130000C,(04)23289100,(04)25368667
3370,2023,03,9,14,12,臺中市,北區,0,1,0,8,1,5,50,4,1,1,5,4,5,7,2,1,5,5,4,2,16,6,3,10,1,1,B01,7,6,1,4,2,2,"  ",6,6,1,10,8,B01,120.670506,24.159216,2,66000,387130000C,(04)23289100,(04)25368667
3371,2023,03,9,14,13,臺中市,后里區,0,0,0,8,1,5,50,4,2,1,5,4,5,7,1,1,1,3,4,1,16,7,3,10,1,1,B03,7,8,1,8,2,5,"  ",7,7,1,4,8,B03,120.708196,24.326278,3,66000,387130000C,(04)23289100,(04)25368667
3372,2023,03,9,14,16,臺中市,北屯區,0,0,0,8,,,50,,,,,,,,,,,,,,,23,"  ","  ","  ","  ",B12,"  ","  ",1,"  ",1,"  ","  ",23,"   ",1,22,"  ",B12,120.68847,24.201012,3,66000,387130000C,(04)23289100,(04)25368667
3373,2023,03,9,14,20,臺中市,大雅區,0,2,0,8,1,5,30,4,1,1,5,4,5,7,4,4,10,5,5,1,15,6,2,9,1,1,C03,7,9,1,10,2,11,"  ",6,6,1,22,8,C03,120.66621,24.238065,2,66000,387130000C,(04)23289100,(04)25368667
3374,2023,03,9,14,25,臺中市,西屯區,0,2,0,8,1,5,50,4,9,1,5,4,5,7,4,4,5,5,5,2,16,26,2,3,3,4,C03,7,9,1,10,2,14,"  ",26,26,1,22,8,C03,120.668579,24.175746,2,66000,387130000C,(04)23289100,(04)25368667
3375,2023,03,9,14,28,臺中市,南屯區,0,1,0,8,1,5,50,4,3,1,5,4,1,7,2,1,10,5,5,2,14,12,3,10,1,1,B03,7,2,1,8,2,6,"  ",12,12,1,22,9,B03,120.633567,24.141381,2,66000,387130000C,(04)23289100,(04)25368667
3376,2023,03,9,14,30,臺中市,大雅區,0,0,0,8,,,30,,,,,,,,,,,,,,,12,"  ","  ","  ","  ",B12,"  ","  ",1,"  ",2,"  ","  ",12,"   ",1,22,"  ",B12,120.636556,24.219124,3,66000,387130000C,(04)23289100,(04)25368667
3377,2023,03,9,14,30,臺中市,大肚區,0,0,0,8,,,30,,,,,,,,,,,,,,,17,"  ","  ","  ","  ",B12,"  ","  ",1,"  ",11,"  ","  ",17,"   ",1,22,"  ",B12,120.578306,24.17438,3,66000,387130000C,(04)23289100,(04)25368667
3378,2023,03,9,14,30,臺中市,沙鹿區,0,1,0,8,1,5,50,4,1,1,5,4,5,7,2,1,10,5,5,2,16,9,3,10,1,1,B03,7,6,1,8,2,5,"  ",9,9,1,5,8,B03,120.559828,24.238001,2,66000,387130000C,(04)23289100,(04)25368667
3379,2023,03,9,14,32,臺中市,南屯區,0,1,0,8,1,5,50,14,9,1,5,4,5,7,4,4,1,4,5,2,16,7,3,10,1,1,B03,7,8,1,8,2,2,"  ",7,7,1,22,8,B03,120.64645,24.127653,2,66000,387130000C,(04)23289100,(04)25368667
3380,2023,03,9,14,33,臺中市,太平區,0,0,0,8,,,80,,,,,,,,,,,,,,,16,"  ","  ","  ","  ",B03,"  ","  ",1,"  ",2,"  ","  ",16,"   ",1,22,"  ",B03,120.717627,24.158698,3,66000,387130000C,(04)23289100,(04)25368667
3381,2023,03,9,14,40,臺中市,北屯區,0,1,0,8,1,5,50,14,7,1,5,4,5,7,4,4,5,5,4,1,16,19,3,10,1,1,B12,7,1,1,8,2,8,"  ",19,19,1,21,8,B12,120.688513,24.180003,2,66000,387130000C,(04)23289100,(04)25368667
3382,2023,03,9,14,44,臺中市,潭子區,0,0,0,8,,,50,,,,,,,,,,,,,,,12,"  ","  ","  ","  ",B03,"  ","  ",1,"  ",2,"  ","  ",12,"   ",1,22,"  ",B03,120.721817,24.198057,3,66000,387130000C,(04)23289100,(04)25368667
3383,2023,03,9,14,45,臺中市,西區,0,2,0,8,1,5,50,4,1,1,5,4,5,7,1,1,1,5,1,2,12,44,2,9,3,4,C03,7,9,1,10,2,14,"  ",44,44,1,21,8,C03,120.657919,24.158271,2,66000,387130000C,(04)23289100,(04)25368667
3384,2023,03,9,14,45,臺中市,北區,0,1,0,8,1,5,50,14,9,1,5,4,5,7,4,4,2,4,5,2,17,42,2,9,1,1,C03,7,9,1,10,2,12,"  ",42,42,1,22,9,C03,120.684963,24.151387,2,66000,387130000C,(04)23289100,(04)25368667
3385,2023,03,9,14,45,臺中市,南區,0,2,0,8,1,5,50,4,1,1,5,4,5,7,2,1,10,5,5,2,16,25,2,7,1,1,C02,7,5,1,9,2,14,"  ",25,25,1,5,8,C02,120.68295,24.134424,2,66000,387130000C,(04)23289100,(04)25368667
3386,2023,03,9,14,45,臺中市,東區,0,0,0,8,1,5,50,14,1,1,5,4,5,7,1,1,5,4,5,2,13,23,3,10,1,1,B12,7,9,1,8,2,1,"  ",23,23,1,22,8,B12,120.693371,24.14299,3,66000,387130000C,(04)23289100,(04)25368667
3387,2023,03,9,14,50,臺中市,南區,0,0,0,8,1,5,50,4,4,1,5,4,5,7,1,1,10,5,5,2,13,16,3,10,1,1,B12,7,9,1,8,2,1,"  ",16,16,1,5,8,B12,120.652766,24.117995,3,66000,387130000C,(04)23289100,(04)25368667
3388,2023,03,9,14,51,臺中市,西區,0,1,0,8,1,5,30,4,1,1,5,4,5,7,4,4,10,5,5,2,15,6,2,9,1,1,C03,7,9,1,10,2,12,"  ",6,6,1,5,8,C03,120.657096,24.155088,2,66000,387130000C,(04)23289100,(04)25368667
3389,2023,03,9,14,51,臺中市,西屯區,0,0,0,8,,,40,,,,,,,,,,,,,,,23,"  ","  ","  ","  ",C03,"  ","  ",1,"  ",1,"  ","  ",23,"   ",1,22,"  ",C03,120.645928,24.172535,3,66000,387130000C,(04)23289100,(04)25368667
3390,2023,03,9,14,53,臺中市,沙鹿區,0,0,0,,,,60,,,,,,,,,,,,,,,23,"  ","  ","  ","  ",B03,"  ","  ",1,"  ",2,"  ","  ",23,"   ",1,21,"  ",B03,120.57031,24.236502,3,66000,387130000C,(04)23289100,(04)25368667
3391,2023,03,9,14,56,臺中市,豐原區,0,0,0,8,,,50,,,,,,,,,,,,,,,12,"  ","  ","  ","  ",B12,"  ","  ",1,"  ",2,"  ","  ",12,"   ",1,22,"  ",B12,120.715655,24.24906,3,66000,387130000C,(04)23289100,(04)25368667