序號,年,月,日,時,分,縣市,區,死亡數量,受傷數量,2-30,天候,光線,道路類別,速限_速度(公里),道路型態,事故位置,路面鋪裝,路面狀態,路面缺陷,障礙物,視距,號誌種類,號誌動作,分向設施,快車道或一般車道間,快慢車道間,路面邊線,事故類型及型態,主要肇因,受傷程度,主要傷處,保護裝備,行動電話,當事者區分,車輛用途,當事者行動狀態,駕駛資格情形,駕駛執照種類,飲酒情形,車輛撞擊部位最初,車輛撞擊部位其他,肇事因素個別,肇事因素主要,肇事逃逸,職業,旅次目的,車種,GPS座標X,GPS座標Y,事故類別,縣市別代碼,機關代碼,市話,傳真
3392,2023,03,9,15,6,臺中市,霧峰區,0,0,0,8,,,50,,,,,,,,,,,,,,,12,"  ","  ","  ","  ",B12,"  ","  ",1,"  ",2,"  ","  ",12,"   ",1,22,"  ",B12,120.667348,24.060498,3,66000,387130000C,(04)23289100,(04)25368667
3393,2023,03,9,15,7,臺中市,中區,0,0,0,,,,50,,,,,,,,,,,,,,,17,"  ","  ","  ","  ",C03,"  ","  ",1,"  ",2,"  ","  ",17,"   ",1,21,"  ",C03,120.682102,24.145711,3,66000,387130000C,(04)23289100,(04)25368667
3394,2023,03,9,15,7,臺中市,南屯區,0,1,0,8,1,5,30,15,9,1,5,4,5,7,4,4,10,5,5,2,17,6,3,10,1,1,C03,7,5,1,10,2,12,"  ",6,6,1,22,8,C03,120.611745,24.139319,2,66000,387130000C,(04)23289100,(04)25368667
3395,2023,03,9,15,8,臺中市,西屯區,0,1,0,8,1,5,50,14,9,1,5,4,5,7,4,4,1,4,5,2,13,42,3,10,3,4,B12,7,9,1,8,2,1,"  ",42,42,1,22,8,B12,120.63705,24.170466,2,66000,387130000C,(04)23289100,(04)25368667
3396,2023,03,9,15,18,臺中市,神岡區,0,0,0,8,,,50,,,,,,,,,,,,,,,7,"  ","  ","  ","  ",B03,"  ","  ",1,"  ",1,"  ","  ",7,"   ",1,22,"  ",B03,120.692,24.248165,3,66000,387130000C,(04)23289100,(04)25368667
3397,2023,03,9,15,23,臺中市,北區,0,1,0,8,1,5,50,4,1,1,5,4,5,7,4,4,5,5,4,2,16,10,3,10,1,1,B03,7,11,1,8,2,4,"  ",10,10,1,22,8,B03,120.665189,24.160885,2,66000,387130000C,(04)23289100,(04)25368667
3398,2023,03,9,15,26,臺中市,龍井區,0,1,0,8,1,5,30,3,1,1,5,4,5,7,4,4,10,5,5,2,13,23,3,10,1,1,B03,7,9,1,8,2,1,"  ",23,23,1,22,8,B03,120.586063,24.18714,2,66000,387130000C,(04)23289100,(04)25368667
3399,2023,03,9,15,30,臺中市,神岡區,0,1,0,8,1,5,50,3,1,1,5,4,5,7,4,4,10,5,5,2,18,23,2,9,1,1,C03,7,6,1,10,2,12,"  ",23,23,1,22,9,C03,120.683424,24.244348,2,66000,387130000C,(04)23289100,(04)25368667
3400,2023,03,9,15,36,臺中市,神岡區,0,0,0,8,,,50,,,,,,,,,,,,,,,12,"  ","  ","  ","  ",B03,"  ","  ",1,"  ",1,"  ","  ",12,"   ",1,22,"  ",B03,120.677502,24.250203,3,66000,387130000C,(04)23289100,(04)25368667
3401,2023,03,9,15,44,臺中市,梧棲區,0,0,0,8,,,50,,,,,,,,,,,,,,,23,"  ","  ","  ","  ",B12,"  ","  ",5,"  ",2,"  ","  ",23,"   ",1,5,"  ",B12,120.535476,24.235582,3,66000,387130000C,(04)23289100,(04)25368667
3402,2023,03,9,15,47,臺中市,潭子區,0,0,0,8,,,50,,,,,,,,,,,,,,,9,"  ","  ","  ","  ",B03,"  ","  ",6,"  ",9,"  ","  ",23,19,1,22,"  ",B03,120.686656,24.210536,3,66000,387130000C,(04)23289100,(04)25368667
3403,2023,03,9,15,50,臺中市,太平區,0,0,0,8,,,50,,,,,,,,,,,,,,,18,"  ","  ","  ","  ",B12,"  ","  ",1,"  ",1,"  ","  ",18,"   ",1,22,"  ",B12,120.721499,24.149396,3,66000,387130000C,(04)23289100,(04)25368667
3404,2023,03,9,15,50,臺中市,龍井區,0,0,0,8,,,30,,,,,,,,,,,,,,,12,"  ","  ","  ","  ",B12,"  ","  ",1,"  ",2,"  ","  ",12,"   ",1,12,"  ",B12,120.51968,24.212181,3,66000,387130000C,(04)23289100,(04)25368667
3405,2023,03,9,16,0,臺中市,霧峰區,0,0,0,8,,,50,,,,,,,,,,,,,,,12,"  ","  ","  ","  ",B03,"  ","  ",1,"  ",2,"  ","  ",12,"   ",1,19,"  ",B03,120.6999,24.061626,4,66000,387130000C,(04)23289100,(04)25368667
3406,2023,03,9,16,10,臺中市,豐原區,0,1,0,8,1,5,50,4,2,1,5,4,5,7,1,1,10,5,5,2,17,9,3,10,1,1,B03,7,6,1,8,2,5,"  ",9,9,1,22,8,B03,120.722144,24.248556,2,66000,387130000C,(04)23289100,(04)25368667
3407,2023,03,9,16,12,臺中市,北屯區,0,0,0,8,,,50,,,,,,,,,,,,,,,23,"  ","  ","  ","  ",B03,"  ","  ",1,"  ",1,"  ","  ",23,23,1,5,"  ",B03,120.699066,24.161797,3,66000,387130000C,(04)23289100,(04)25368667
3408,2023,03,9,16,15,臺中市,西區,0,0,0,,,,50,,,,,,,,,,,,,,,23,"  ","  ","  ","  ",B03,"  ","  ",1,"  ",1,"  ","  ",23,"   ",1,20,"  ",B03,120.665943,24.128884,3,66000,387130000C,(04)23289100,(04)25368667
3409,2023,03,9,16,16,臺中市,北區,0,0,0,8,,,50,,,,,,,,,,,,,,,23,"  ","  ","  ","  ",B03,"  ","  ",1,"  ",1,"  ","  ",23,"   ",1,21,"  ",B03,120.685887,24.155351,3,66000,387130000C,(04)23289100,(04)25368667
3410,2023,03,9,16,20,臺中市,大雅區,0,0,0,8,,,50,,,,,,,,,,,,,,,23,"  ","  ","  ","  ",B03,"  ","  ",1,"  ",2,"  ","  ",23,"   ",1,22,"  ",B03,120.63158,24.239799,3,66000,387130000C,(04)23289100,(04)25368667
3411,2023,03,9,16,20,臺中市,潭子區,0,0,0,8,,,50,,,,,,,,,,,,,,,8,"  ","  ","  ","  ",B03,"  ","  ",1,"  ",2,"  ","  ",8,"   ",1,22,"  ",B03,120.709422,24.200329,3,66000,387130000C,(04)23289100,(04)25368667
3412,2023,03,9,16,20,臺中市,烏日區,0,0,0,8,,,30,,,,,,,,,,,,,,,7,"  ","  ","  ","  ",B03,"  ","  ",1,"  ",2,"  ","  ",7,7,1,21,"  ",B03,120.616396,24.112042,3,66000,387130000C,(04)23289100,(04)25368667
3413,2023,03,9,16,27,臺中市,西屯區,0,2,0,8,1,5,50,4,1,1,5,4,5,7,4,4,10,5,5,2,3,23,2,9,1,1,C03,7,9,1,10,2,12,"  ",23,23,1,22,8,C03,120.616018,24.188751,2,66000,387130000C,(04)23289100,(04)25368667
3414,2023,03,9,16,32,臺中市,北屯區,0,0,0,8,,,50,,,,,,,,,,,,,,,12,"  ","  ","  ","  ",B01,"  ","  ",1,"  ",2,"  ","  ",12,"   ",1,10,"  ",B01,120.667011,24.185186,3,66000,387130000C,(04)23289100,(04)25368667
3415,2023,03,9,16,33,臺中市,霧峰區,0,1,0,8,1,5,30,3,1,1,5,4,5,7,4,4,10,5,5,1,17,42,3,10,1,1,C03,7,6,1,10,2,15,"  ",42,42,1,12,8,C03,120.692695,24.045387,2,66000,387130000C,(04)23289100,(04)25368667
3416,2023,03,9,16,37,臺中市,太平區,0,1,0,8,1,5,30,3,1,1,5,4,5,7,4,4,5,5,5,2,16,41,2,8,1,2,C03,7,15,1,10,2,14,"  ",41,41,1,21,8,C03,120.719682,24.132901,2,66000,387130000C,(04)23289100,(04)25368667
3417,2023,03,9,16,41,臺中市,中區,0,0,0,8,1,5,50,4,1,1,5,4,5,7,1,1,5,5,5,2,13,42,"  ","  ","  ","  ",B03,"  ","  ",1,"  ",2,"  ","  ",42,42,1,21,"  ",B03,120.680053,24.137835,3,66000,387130000C,(04)23289100,(04)25368667
3418,2023,03,9,16,41,臺中市,東區,0,1,0,8,1,5,50,5,9,1,5,4,5,6,2,1,5,5,5,2,17,19,3,10,1,1,C03,7,1,1,10,2,15,"  ",19,19,1,21,8,C03,120.69451,24.142756,2,66000,387130000C,(04)23289100,(04)25368667
3419,2023,03,9,16,42,臺中市,烏日區,0,1,0,8,1,5,50,4,2,1,5,4,5,7,4,4,5,5,5,1,12,26,2,9,1,4,C03,7,5,1,10,2,13,"  ",26,26,1,21,9,C03,120.624485,24.103682,2,66000,387130000C,(04)23289100,(04)25368667
3420,2023,03,9,16,44,臺中市,后里區,0,0,0,8,,,50,,,,,,,,,,,,,,,18,"  ","  ","  ","  ",B03,"  ","  ",1,"  ",2,"  ","  ",18,"   ",1,21,"  ",B03,120.729337,24.329512,3,66000,387130000C,(04)23289100,(04)25368667
3421,2023,03,9,16,50,臺中市,西區,0,1,0,8,1,5,40,14,8,1,5,4,5,7,4,4,1,4,4,2,12,19,3,10,1,1,B03,7,1,1,8,2,8,"  ",19,19,1,5,8,B03,120.672629,24.146635,2,66000,387130000C,(04)23289100,(04)25368667
3422,2023,03,9,16,52,臺中市,東區,0,1,0,8,1,5,40,14,8,1,5,4,5,7,4,4,5,5,4,2,16,1,2,9,1,1,C03,7,4,1,10,2,11,"  ",1,1,1,22,8,C03,120.702429,24.12788,2,66000,387130000C,(04)23289100,(04)25368667
3423,2023,03,9,16,52,臺中市,西屯區,0,0,0,8,,,50,,,,,,,,,,,,,,,7,"  ","  ","  ","  ",B03,"  ","  ",1,"  ",1,"  ","  ",7,"   ",1,22,"  ",B03,120.633777,24.161175,3,66000,387130000C,(04)23289100,(04)25368667
3424,2023,03,9,16,53,臺中市,大肚區,0,1,0,8,1,5,50,14,9,1,5,4,5,7,4,4,9,4,5,1,16,26,3,10,1,1,C03,7,11,1,10,2,15,"  ",26,26,1,22,8,C03,120.586281,24.187048,2,66000,387130000C,(04)23289100,(04)25368667
3425,2023,03,9,16,54,臺中市,北屯區,0,0,0,8,,,50,,,,,,,,,,,,,,,23,"  ","  ","  ","  ",B03,"  ","  ",1,"  ",1,"  ","  ",23,"   ",1,21,"  ",B03,120.719091,24.175223,3,66000,387130000C,(04)23289100,(04)25368667
3426,2023,03,9,16,55,臺中市,北區,0,1,0,8,1,5,40,14,8,1,5,4,5,7,4,4,5,4,4,2,17,40,3,10,1,1,B12,7,13,1,8,2,8,"  ",40,40,1,22,8,B12,120.670608,24.156166,2,66000,387130000C,(04)23289100,(04)25368667
3427,2023,03,9,16,57,臺中市,梧棲區,0,0,0,8,,,40,,,,,,,,,,,,,,,4,"  ","  ","  ","  ",A31,"  ","  ",1,"  ",2,"  ","  ",4,"   ",1,9,"  ",A31,120.514854,24.230517,3,66000,387130000C,(04)23289100,(04)25368667
3428,2023,03,9,17,5,臺中市,大雅區,0,2,0,8,2,5,30,4,2,1,5,4,5,7,1,1,5,5,5,1,16,5,2,9,1,1,C03,7,9,3,18,2,11,"  ",5,5,1,22,9,C03,120.672124,24.228899,2,66000,387130000C,(04)23289100,(04)25368667
3429,2023,03,9,17,5,臺中市,和平區,0,1,0,8,1,7,40,12,9,1,5,4,5,7,4,4,4,3,5,1,20,21,2,9,2,1,C03,7,9,3,18,9,15,"  ",21,21,1,4,7,C03,120.910043,24.292037,2,66000,387130000C,(04)23289100,(04)25368667
3430,2023,03,9,17,6,臺中市,外埔區,0,1,0,8,1,5,50,3,2,1,5,4,5,7,4,4,4,4,5,1,16,8,3,10,1,1,B12,7,5,1,8,2,8,"  ",8,8,1,4,8,B12,120.654542,24.347069,2,66000,387130000C,(04)23289100,(04)25368667
3431,2023,03,9,17,7,臺中市,豐原區,0,1,0,8,1,5,50,14,7,1,5,4,5,7,4,4,5,4,4,2,16,19,3,10,1,1,B03,7,1,1,8,4,4,"  ",19,19,1,22,8,B03,120.733782,24.254574,2,66000,387130000C,(04)23289100,(04)25368667
3432,2023,03,9,17,10,臺中市,大里區,0,1,0,8,1,5,50,14,7,1,5,4,5,7,4,4,5,5,4,2,13,23,2,8,1,1,C03,7,9,1,10,2,13,"  ",23,23,1,21,1,C03,120.681997,24.110178,2,66000,387130000C,(04)23289100,(04)25368667
3433,2023,03,9,17,10,臺中市,豐原區,0,1,0,8,1,5,50,14,9,1,5,4,5,7,4,4,5,5,5,1,13,23,2,9,1,1,C03,7,9,1,10,2,11,"  ",23,23,1,22,8,C03,120.744788,24.264491,2,66000,387130000C,(04)23289100,(04)25368667
3434,2023,03,9,17,12,臺中市,太平區,0,0,0,8,,,30,,,,,,,,,,,,,,,18,"  ","  ","  ","  ",B03,"  ","  ",1,"  ",1,"  ","  ",18,"   ",1,22,"  ",B03,120.72124,24.103297,3,66000,387130000C,(04)23289100,(04)25368667
3435,2023,03,9,17,12,臺中市,大甲區,0,1,0,8,1,5,50,4,1,1,5,4,5,7,2,1,10,5,5,2,15,6,3,10,1,1,B03,7,10,1,8,2,2,"  ",6,6,1,22,9,B03,120.651326,24.38114,2,66000,387130000C,(04)23289100,(04)25368667
3436,2023,03,9,17,13,臺中市,南屯區,0,0,0,8,,,50,,,,,,,,,,,,,,,16,"  ","  ","  ","  ",B03,"  ","  ",1,8,1,"  ","  ",16,16,1,12,"  ",B03,120.623189,24.140547,3,66000,387130000C,(04)23289100,(04)25368667
3437,2023,03,9,17,15,臺中市,南區,0,0,0,8,,,40,,,,,,,,,,,,,,,23,"  ","  ","  ","  ",B03,"  ","  ",1,"  ",2,"  ","  ",23,"   ",1,2,"  ",B03,120.657454,24.129632,3,66000,387130000C,(04)23289100,(04)25368667
3438,2023,03,9,17,15,臺中市,北屯區,0,1,0,8,1,5,50,4,1,1,5,4,5,7,1,1,10,5,5,2,13,16,3,10,1,1,B03,7,5,1,8,2,1,"  ",16,16,1,21,8,B03,120.67611,24.195362,2,66000,387130000C,(04)23289100,(04)25368667
3439,2023,03,9,17,17,臺中市,東區,0,2,0,8,1,5,50,3,1,1,5,4,5,7,4,4,10,5,5,2,16,8,2,9,1,1,C03,7,9,1,10,2,11,"  ",13,8,1,22,8,C03,120.701082,24.131964,2,66000,387130000C,(04)23289100,(04)25368667
3440,2023,03,9,17,17,臺中市,西屯區,0,1,0,8,1,5,50,14,7,1,5,4,5,7,4,4,5,4,4,2,13,23,2,9,1,1,C03,7,9,1,10,2,12,"  ",23,23,1,22,5,C03,120.642979,24.169822,2,66000,387130000C,(04)23289100,(04)25368667
3441,2023,03,9,17,17,臺中市,西屯區,0,0,0,,,,50,,,,,,,,,,,,,,,16,"  ","  ","  ","  ",B03,"  ","  ",1,"  ",2,"  ","  ",16,"   ",1,22,"  ",B03,120.628598,24.162908,3,66000,387130000C,(04)23289100,(04)25368667
3442,2023,03,9,17,18,臺中市,西區,0,1,0,8,1,5,50,4,1,1,5,4,5,7,4,4,10,5,5,2,18,42,2,9,1,1,C03,7,9,1,10,2,14,"  ",42,42,1,5,8,C03,120.660984,24.146597,2,66000,387130000C,(04)23289100,(04)25368667
3443,2023,03,9,17,19,臺中市,大甲區,0,2,0,8,1,5,50,3,1,1,5,4,5,7,4,4,10,5,4,1,15,6,2,8,1,1,C03,7,11,1,10,2,12,"  ",6,6,1,22,9,C03,120.629375,24.344547,2,66000,387130000C,(04)23289100,(04)25368667
3444,2023,03,9,17,21,臺中市,北屯區,0,0,0,8,,,50,,,,,,,,,,,,,,,16,"  ","  ","  ","  ",C03,"  ","  ",1,"  ",1,"  ","  ",16,16,1,5,"  ",C03,120.668598,24.173676,3,66000,387130000C,(04)23289100,(04)25368667
3445,2023,03,9,17,22,臺中市,北屯區,0,1,0,8,1,5,50,4,1,1,5,4,5,7,4,4,10,5,5,2,16,6,3,10,1,1,B12,7,9,1,8,2,1,"  ",6,6,1,22,8,B12,120.706467,24.174545,2,66000,387130000C,(04)23289100,(04)25368667
3446,2023,03,9,17,22,臺中市,烏日區,0,1,0,8,1,5,50,14,9,1,5,4,5,7,1,1,10,4,5,1,18,44,2,9,1,1,C03,7,9,1,10,2,15,"  ",44,44,1,22,8,C03,120.632742,24.110091,2,66000,387130000C,(04)23289100,(04)25368667
3447,2023,03,9,17,25,臺中市,霧峰區,0,1,0,8,1,5,50,14,9,1,5,4,5,7,4,4,9,5,4,2,16,10,3,10,1,1,B03,7,11,1,8,2,8,"  ",10,10,1,22,8,B03,120.702776,24.075978,2,66000,387130000C,(04)23289100,(04)25368667
3448,2023,03,9,17,28,臺中市,北屯區,0,0,0,8,,,50,,,,,,,,,,,,,,,6,"  ","  ","  ","  ",B03,"  ","  ",1,"  ",1,"  ","  ",6,"   ",1,22,"  ",B03,120.677316,24.174846,3,66000,387130000C,(04)23289100,(04)25368667
3449,2023,03,9,17,29,臺中市,東區,0,2,0,8,2,5,50,4,2,1,5,4,5,7,1,1,5,5,5,2,16,9,3,10,1,1,B03,7,6,1,8,2,2,"  ",9,9,1,21,8,B03,120.708645,24.142691,2,66000,387130000C,(04)23289100,(04)25368667
3450,2023,03,9,17,29,臺中市,南區,0,0,0,8,,,50,,,,,,,,,,,,,,,16,"  ","  ","  ","  ",C03,"  ","  ",1,"  ",2,"  ","  ",16,"   ",1,22,"  ",C03,120.679112,24.126961,3,66000,387130000C,(04)23289100,(04)25368667
3451,2023,03,9,17,29,臺中市,大肚區,0,0,0,8,,,30,,,,,,,,,,,,,,,12,"  ","  ","  ","  ",B12,"  ","  ",1,"  ",2,"  ","  ",12,"   ",1,21,"  ",B12,120.573929,24.161623,3,66000,387130000C,(04)23289100,(04)25368667
3452,2023,03,9,17,30,臺中市,北屯區,0,0,0,8,,,50,,,,,,,,,,,,,,,23,"  ","  ","  ","  ",B03,"  ","  ",1,"  ",1,"  ","  ",23,23,1,5,"  ",B03,120.668598,24.173676,3,66000,387130000C,(04)23289100,(04)25368667
3453,2023,03,9,17,30,臺中市,太平區,0,0,0,8,,,50,,,,,,,,,,,,,,,6,"  ","  ","  ","  ",C03,"  ","  ",1,"  ",2,"  ","  ",6,"   ",1,18,"  ",C03,120.705245,24.157645,3,66000,387130000C,(04)23289100,(04)25368667
3454,2023,03,9,17,30,臺中市,沙鹿區,0,3,0,8,1,5,50,14,7,1,5,4,5,7,4,4,8,3,4,1,17,23,2,9,3,4,B03,7,9,1,8,2,1,"  ",23,23,1,22,8,B03,120.565797,24.233708,2,66000,387130000C,(04)23289100,(04)25368667
3455,2023,03,9,17,31,臺中市,神岡區,0,1,0,8,1,5,50,14,18,1,5,4,5,7,4,4,5,5,4,2,3,23,3,10,1,1,C03,7,9,1,10,11,12,"  ",23,23,2,16,8,C03,120.703899,24.261962,2,66000,387130000C,(04)23289100,(04)25368667
3456,2023,03,9,17,32,臺中市,大里區,0,1,0,8,1,5,50,14,7,1,5,4,5,7,4,4,5,4,4,1,12,19,3,10,1,1,B03,7,1,1,8,2,4,"  ",19,19,1,22,8,B03,120.687079,24.106628,2,66000,387130000C,(04)23289100,(04)25368667
3457,2023,03,9,17,34,臺中市,太平區,0,2,0,8,1,5,50,3,2,1,5,4,5,7,3,1,10,5,5,2,16,6,2,9,1,1,C03,7,5,1,10,2,12,"  ",6,6,1,22,8,C03,120.724178,24.146826,2,66000,387130000C,(04)23289100,(04)25368667
3458,2023,03,9,17,36,臺中市,大雅區,0,2,0,8,1,5,50,14,9,1,5,4,5,7,4,4,5,5,5,1,17,26,2,8,1,1,C03,7,5,1,10,2,12,"  ",26,26,1,21,8,C03,120.647741,24.223343,2,66000,387130000C,(04)23289100,(04)25368667
3459,2023,03,9,17,36,臺中市,太平區,0,2,0,8,2,5,50,4,1,1,5,4,5,7,1,1,5,5,5,1,15,25,2,8,1,1,C03,7,9,3,18,2,11,"  ",25,25,1,21,8,C03,120.711483,24.160154,2,66000,387130000C,(04)23289100,(04)25368667
3460,2023,03,9,17,38,臺中市,北屯區,0,0,0,8,,,50,,,,,,,,,,,,,,,18,"  ","  ","  ","  ",C03,"  ","  ",1,"  ",1,"  ","  ",18,"   ",1,21,"  ",C03,120.687326,24.195108,3,66000,387130000C,(04)23289100,(04)25368667
3461,2023,03,9,17,42,臺中市,北區,0,2,0,8,1,5,50,14,9,1,5,4,5,7,4,4,5,5,5,2,13,16,2,9,1,1,C03,7,9,1,10,2,13,"  ",42,16,1,22,8,C03,120.684034,24.153147,2,66000,387130000C,(04)23289100,(04)25368667
3462,2023,03,9,17,44,臺中市,北區,0,1,0,8,1,5,50,4,1,1,5,4,5,7,2,1,10,5,5,2,16,6,3,10,1,1,B03,7,5,1,8,2,6,"  ",6,6,1,22,9,B03,120.686662,24.16309,2,66000,387130000C,(04)23289100,(04)25368667
3463,2023,03,9,17,45,臺中市,豐原區,0,0,0,8,,,40,,,,,,,,,,,,,,,17,"  ","  ","  ","  ",A12,"  ","  ",1,"  ",2,"  ","  ",17,"   ",1,22,"  ",A12,120.722589,24.239169,3,66000,387130000C,(04)23289100,(04)25368667
3464,2023,03,9,17,46,臺中市,太平區,0,1,0,8,1,5,50,14,9,1,5,4,5,7,4,4,5,4,5,1,17,40,3,10,1,1,B03,7,13,1,8,2,4,"  ",40,40,1,22,8,B03,120.71222,24.157054,2,66000,387130000C,(04)23289100,(04)25368667
3465,2023,03,9,17,47,臺中市,烏日區,0,0,0,8,,,30,,,,,,,,,,,,,,,16,"  ","  ","  ","  ",B03,"  ","  ",1,"  ",2,"  ","  ",16,"   ",1,21,"  ",B03,120.625105,24.106933,3,66000,387130000C,(04)23289100,(04)25368667
3466,2023,03,9,17,49,臺中市,北區,0,1,0,8,1,5,40,3,1,1,5,4,5,7,4,4,1,3,4,2,18,23,2,9,1,1,C03,7,9,1,10,2,14,"  ",23,23,1,21,8,C03,120.680593,24.152409,2,66000,387130000C,(04)23289100,(04)25368667
3467,2023,03,9,17,50,臺中市,北屯區,0,0,0,8,,,50,,,,,,,,,,,,,,,12,"  ","  ","  ","  ",B03,"  ","  ",1,"  ",1,"  ","  ",12,"   ",1,21,"  ",B03,120.719315,24.175106,3,66000,387130000C,(04)23289100,(04)25368667
3468,2023,03,9,17,51,臺中市,西屯區,0,3,0,8,3,5,50,4,1,1,5,4,5,7,4,4,10,5,5,2,16,8,2,8,1,1,C03,7,5,1,10,2,14,"  ",8,8,1,22,8,C03,120.644363,24.174136,2,66000,387130000C,(04)23289100,(04)25368667
3469,2023,03,9,17,55,臺中市,北屯區,0,0,0,8,,,50,,,,,,,,,,,,,,,23,"  ","  ","  ","  ",C03,"  ","  ",1,"  ",2,"  ","  ",23,"   ",1,21,"  ",C03,120.671279,24.174983,3,66000,387130000C,(04)23289100,(04)25368667
3470,2023,03,9,17,55,臺中市,大里區,0,2,0,8,3,5,30,3,2,1,5,4,5,7,4,4,10,5,5,2,11,23,2,9,1,1,C03,7,9,1,10,2,11,"  ",23,23,1,5,3,C03,120.703691,24.095306,2,66000,387130000C,(04)23289100,(04)25368667
3471,2023,03,9,17,57,臺中市,南區,0,0,0,,,,50,,,,,,,,,,,,,,,16,"  ","  ","  ","  ",B03,"  ","  ",1,"  ",2,"  ","  ",44,16,1,22,"  ",B03,120.653056,24.121687,3,66000,387130000C,(04)23289100,(04)25368667
3472,2023,03,9,17,59,臺中市,西區,0,1,0,8,1,5,50,3,1,1,5,4,5,7,2,1,10,5,5,2,17,23,3,10,1,1,B03,7,15,1,8,2,5,"  ",23,23,1,5,8,B03,120.673562,24.136581,2,66000,387130000C,(04)23289100,(04)25368667
3473,2023,03,9,18,0,臺中市,北區,0,0,0,8,,,50,,,,,,,,,,,,,,,42,"  ","  ","  ","  ",C03,"  ","  ",1,"  ",1,"  ","  ",42,"   ",1,22,"  ",C03,120.68315,24.167305,3,66000,387130000C,(04)23289100,(04)25368667
3474,2023,03,9,18,0,臺中市,東區,0,0,0,8,,,50,,,,,,,,,,,,,,,12,"  ","  ","  ","  ",B03,"  ","  ",4,"  ",2,"  ","  ",12,"   ",1,5,"  ",B03,120.695066,24.150926,3,66000,387130000C,(04)23289100,(04)25368667
3475,2023,03,9,18,2,臺中市,西區,0,0,0,8,,,50,,,,,,,,,,,,,,,23,"  ","  ","  ","  ",B03,"  ","  ",1,"  ",1,"  ","  ",23,"   ",1,5,"  ",B03,120.665819,24.152132,3,66000,387130000C,(04)23289100,(04)25368667
3476,2023,03,9,18,2,臺中市,大甲區,0,1,0,8,3,5,50,3,1,1,5,4,5,7,4,4,10,5,5,2,15,6,3,10,1,1,B03,7,11,1,8,11,6,"  ",6,6,2,22,9,B03,120.628477,24.3522,2,66000,387130000C,(04)23289100,(04)25368667
3477,2023,03,9,18,5,臺中市,南屯區,0,0,0,8,,,50,,,,,,,,,,,,,,,7,"  ","  ","  ","  ",B03,"  ","  ",1,"  ",1,"  ","  ",7,"   ",1,22,"  ",B03,120.63211,24.145148,3,66000,387130000C,(04)23289100,(04)25368667
3478,2023,03,9,18,6,臺中市,南屯區,0,3,0,8,3,5,50,4,1,1,5,4,5,7,1,1,5,5,5,2,17,6,2,9,1,1,F01,7,5,8,20,2,16,"  ",6,6,1,22,8,F01,120.651361,24.153609,2,66000,387130000C,(04)23289100,(04)25368667
3479,2023,03,9,18,9,臺中市,西屯區,0,1,0,8,2,5,50,4,1,1,5,4,5,7,2,1,10,5,5,2,13,16,2,9,1,1,C03,7,9,1,10,2,11,"  ",16,16,1,22,8,C03,120.652655,24.16646,2,66000,387130000C,(04)23289100,(04)25368667
3480,2023,03,9,18,10,臺中市,潭子區,0,0,0,8,,,50,,,,,,,,,,,,,,,25,"  ","  ","  ","  ",B03,"  ","  ",1,"  ",2,"  ","  ",25,"   ",1,22,"  ",B03,120.710221,24.208578,3,66000,387130000C,(04)23289100,(04)25368667
3481,2023,03,9,18,12,臺中市,大雅區,0,3,0,8,2,5,50,3,2,1,5,4,5,7,3,1,5,5,5,1,16,6,2,9,1,1,C03,7,5,1,10,2,14,"  ",6,6,1,22,9,C03,120.64881,24.218749,2,66000,387130000C,(04)23289100,(04)25368667
3482,2023,03,9,18,12,臺中市,北區,0,0,0,8,,,40,,,,,,,,,,,,,,,23,"  ","  ","  ","  ",C03,"  ","  ",1,"  ",11,"  ","  ",23,"   ",1,18,"  ",C03,120.681661,24.151415,3,66000,387130000C,(04)23289100,(04)25368667
3483,2023,03,9,18,12,臺中市,南屯區,0,0,0,,,,50,,,,,,,,,,,,,,,17,"  ","  ","  ","  ",A12,"  ","  ",1,"  ",1,"  ","  ",17,"   ",1,22,"  ",A12,120.623715,24.149539,3,66000,387130000C,(04)23289100,(04)25368667
3484,2023,03,9,18,12,臺中市,太平區,0,0,0,8,,,80,,,,,,,,,,,,,,,7,"  ","  ","  ","  ",B12,"  ","  ",1,"  ",2,"  ","  ",7,"   ",1,22,"  ",B12,120.710725,24.141557,3,66000,387130000C,(04)23289100,(04)25368667
3485,2023,03,9,18,12,臺中市,太平區,0,1,0,8,3,5,50,14,9,1,5,4,5,7,4,4,5,4,5,2,18,23,2,9,1,1,C03,7,9,1,10,2,12,"  ",23,23,1,21,8,C03,120.734209,24.149586,2,66000,387130000C,(04)23289100,(04)25368667
3486,2023,03,9,18,14,臺中市,北屯區,0,1,0,8,3,5,50,4,1,1,5,4,5,7,3,1,10,5,5,2,15,6,3,10,1,1,B03,7,9,1,8,2,5,"  ",6,6,1,21,8,B03,120.673791,24.180941,2,66000,387130000C,(04)23289100,(04)25368667
3487,2023,03,9,18,15,臺中市,南屯區,0,4,0,8,3,5,50,4,1,1,5,4,5,7,4,4,10,5,5,2,16,8,2,9,1,1,C03,7,5,1,10,2,14,"  ",8,8,1,4,8,C03,120.65514,24.143817,2,66000,387130000C,(04)23289100,(04)25368667