序號,年,月,日,時,分,縣市,區,死亡數量,受傷數量,2-30,天候,光線,道路類別,速限_速度(公里),道路型態,事故位置,路面鋪裝,路面狀態,路面缺陷,障礙物,視距,號誌種類,號誌動作,分向設施,快車道或一般車道間,快慢車道間,路面邊線,事故類型及型態,主要肇因,受傷程度,主要傷處,保護裝備,行動電話,當事者區分,車輛用途,當事者行動狀態,駕駛資格情形,駕駛執照種類,飲酒情形,車輛撞擊部位最初,車輛撞擊部位其他,肇事因素個別,肇事因素主要,肇事逃逸,職業,旅次目的,車種,GPS座標X,GPS座標Y,事故類別,縣市別代碼,機關代碼,市話,傳真
3488,2023,03,9,18,15,臺中市,北屯區,0,0,0,8,,,50,,,,,,,,,,,,,,,23,"  ","  ","  ","  ",B12,"  ","  ",1,"  ",1,"  ","  ",23,"   ",1,22,"  ",B12,120.670775,24.200611,3,66000,387130000C,(04)23289100,(04)25368667
3489,2023,03,9,18,15,臺中市,大里區,0,0,0,8,,,50,,,,,,,,,,,,,,,23,"  ","  ","  ","  ",B01,"  ","  ",1,"  ",2,"  ","  ",23,"   ",1,10,"  ",B01,120.696778,24.084583,3,66000,387130000C,(04)23289100,(04)25368667
3490,2023,03,9,18,16,臺中市,沙鹿區,0,0,0,8,,,50,,,,,,,,,,,,,,,23,"  ","  ","  ","  ",B03,"  ","  ",1,"  ",1,"  ","  ",23,"   ",1,22,"  ",B03,120.552071,24.215717,3,66000,387130000C,(04)23289100,(04)25368667
3491,2023,03,9,18,19,臺中市,北區,0,1,0,8,3,5,50,3,1,1,5,4,5,7,4,4,10,5,5,2,12,7,3,10,3,4,B03,7,8,1,8,2,2,"  ",7,7,1,5,8,B03,120.677206,24.15221,2,66000,387130000C,(04)23289100,(04)25368667
3492,2023,03,9,18,19,臺中市,南屯區,0,1,0,8,3,5,50,3,1,1,5,4,5,7,4,4,1,4,4,2,16,6,3,10,1,1,B03,7,6,1,8,2,6,"  ",6,6,1,22,8,B03,120.625021,24.14507,2,66000,387130000C,(04)23289100,(04)25368667
3493,2023,03,9,18,19,臺中市,北屯區,0,0,0,8,,,80,,,,,,,,,,,,,,,7,"  ","  ","  ","  ",B03,"  ","  ",1,"  ",1,"  ","  ",7,"   ",1,22,"  ",B03,120.721752,24.18058,3,66000,387130000C,(04)23289100,(04)25368667
3494,2023,03,9,18,26,臺中市,大雅區,0,1,0,8,1,5,50,5,1,1,5,4,5,7,4,4,10,5,5,2,16,19,3,10,1,1,B03,7,1,1,8,2,4,"  ",19,19,1,22,8,B03,120.64775,24.2239,2,66000,387130000C,(04)23289100,(04)25368667
3495,2023,03,9,18,27,臺中市,潭子區,0,0,0,8,,,50,,,,,,,,,,,,,,,23,"  ","  ","  ","  ",B03,"  ","  ",1,"  ",2,"  ","  ",23,"   ",1,22,"  ",B03,120.711179,24.206514,3,66000,387130000C,(04)23289100,(04)25368667
3496,2023,03,9,18,27,臺中市,后里區,0,0,0,8,,,50,,,,,,,,,,,,,,,23,"  ","  ","  ","  ",C03,"  ","  ",1,"  ",2,"  ","  ",23,23,1,21,"  ",C03,120.724587,24.308756,3,66000,387130000C,(04)23289100,(04)25368667
3497,2023,03,9,18,29,臺中市,南區,0,2,0,8,3,5,50,3,1,1,5,4,5,7,4,4,3,5,5,2,16,19,2,9,1,1,C03,7,1,1,10,2,14,"  ",19,19,1,4,5,C03,120.671391,24.119155,2,66000,387130000C,(04)23289100,(04)25368667
3498,2023,03,9,18,29,臺中市,南屯區,0,0,0,8,,,50,,,,,,,,,,,,,,,25,"  ","  ","  ","  ",B03,"  ","  ",1,"  ",2,"  ","  ",25,"   ",1,22,"  ",B03,120.648335,24.13335,3,66000,387130000C,(04)23289100,(04)25368667
3499,2023,03,9,18,29,臺中市,北屯區,0,2,0,8,3,5,50,4,1,1,5,4,5,7,1,1,10,5,5,2,12,9,2,9,1,1,C03,7,6,1,10,2,12,"  ",9,9,1,21,8,C03,120.692188,24.169009,2,66000,387130000C,(04)23289100,(04)25368667
3500,2023,03,9,18,29,臺中市,沙鹿區,0,0,0,8,,,20,,,,,,,,,,,,,,,17,"  ","  ","  ","  ",B03,"  ","  ",1,"  ",2,"  ","  ",17,17,1,1,"  ",B03,120.587335,24.198349,3,66000,387130000C,(04)23289100,(04)25368667
3501,2023,03,9,18,35,臺中市,大里區,0,1,0,8,3,5,50,4,1,1,5,4,5,7,4,4,9,5,5,1,29,43,2,8,1,1,B03,7,9,1,10,2,15,"  ",43,43,1,22,8,B03,120.70887,24.083468,2,66000,387130000C,(04)23289100,(04)25368667
3502,2023,03,9,18,35,臺中市,后里區,0,0,0,8,3,5,30,14,2,1,5,4,5,7,1,1,4,4,5,1,11,23,3,10,1,1,B03,7,9,1,8,2,4,"  ",23,23,1,4,8,B03,120.706592,24.311505,3,66000,387130000C,(04)23289100,(04)25368667
3503,2023,03,9,18,42,臺中市,北屯區,0,1,0,8,3,5,50,14,9,1,5,4,5,7,4,4,1,4,5,2,13,13,2,9,1,1,C03,7,9,1,10,2,11,"  ",13,13,1,22,8,C03,120.686714,24.171769,2,66000,387130000C,(04)23289100,(04)25368667
3504,2023,03,9,18,43,臺中市,潭子區,0,1,0,8,3,5,50,3,1,1,5,4,1,7,1,1,10,5,5,2,16,6,3,10,1,1,B12,7,5,1,8,2,5,"  ",6,6,1,22,8,B12,120.721817,24.198057,2,66000,387130000C,(04)23289100,(04)25368667
3505,2023,03,9,18,49,臺中市,東區,0,0,0,8,3,5,50,4,7,1,5,4,5,7,2,1,3,4,4,2,13,23,3,10,1,1,B03,7,9,3,17,2,1,"  ",23,23,1,21,8,B03,120.694457,24.147985,3,66000,387130000C,(04)23289100,(04)25368667
3506,2023,03,9,18,50,臺中市,北屯區,0,0,0,8,,,50,,,,,,,,,,,,,,,12,"  ","  ","  ","  ",B03,"  ","  ",1,"  ",2,"  ","  ",12,12,1,5,"  ",B03,120.69043,24.163476,3,66000,387130000C,(04)23289100,(04)25368667
3507,2023,03,9,18,50,臺中市,西屯區,0,0,0,8,,,50,,,,,,,,,,,,,,,6,"  ","  ","  ","  ",B01,"  ","  ",1,"  ",1,"  ","  ",6,6,1,22,"  ",B01,120.620711,24.174673,3,66000,387130000C,(04)23289100,(04)25368667
3508,2023,03,9,18,55,臺中市,西屯區,0,0,0,8,,,50,,,,,,,,,,,,,,,23,"  ","  ","  ","  ",B03,"  ","  ",1,"  ",1,"  ","  ",23,23,1,22,"  ",B03,120.640071,24.168319,3,66000,387130000C,(04)23289100,(04)25368667
3509,2023,03,9,19,0,臺中市,北區,0,2,0,8,3,5,50,14,9,1,5,4,5,7,4,4,1,4,5,2,13,16,2,9,1,1,C03,7,9,1,10,2,11,"  ",16,16,1,22,8,C03,120.671502,24.162767,2,66000,387130000C,(04)23289100,(04)25368667
3510,2023,03,9,19,0,臺中市,沙鹿區,0,0,0,,,,50,,,,,,,,,,,,,,,26,"  ","  ","  ","  ",B03,"  ","  ",1,"  ",2,"  ","  ",26,"   ",1,22,"  ",B03,120.565024,24.242005,3,66000,387130000C,(04)23289100,(04)25368667
3511,2023,03,9,19,5,臺中市,東區,0,1,0,8,3,5,50,4,1,1,5,4,5,7,1,1,10,5,5,2,18,23,2,9,1,1,C03,7,9,1,10,2,14,"  ",23,23,1,22,8,C03,120.689245,24.140019,2,66000,387130000C,(04)23289100,(04)25368667
3512,2023,03,9,19,20,臺中市,西屯區,0,2,0,8,1,5,30,4,1,1,5,4,5,7,3,1,4,3,5,2,16,6,2,9,1,1,C03,7,5,1,10,2,14,"  ",6,6,1,22,8,C03,120.645311,24.192819,2,66000,387130000C,(04)23289100,(04)25368667
3513,2023,03,9,19,25,臺中市,西屯區,0,0,0,8,,,50,,,,,,,,,,,,,,,25,"  ","  ","  ","  ",B03,"  ","  ",3,"  ",2,"  ","  ",25,"   ",1,22,"  ",B03,120.635996,24.169018,3,66000,387130000C,(04)23289100,(04)25368667
3514,2023,03,9,19,27,臺中市,北屯區,0,0,0,8,,,50,,,,,,,,,,,,,,,23,"  ","  ","  ","  ",B03,"  ","  ",1,"  ",2,"  ","  ",23,"   ",1,22,"  ",B03,120.727691,24.160439,3,66000,387130000C,(04)23289100,(04)25368667
3515,2023,03,9,19,32,臺中市,龍井區,0,1,0,8,3,5,50,14,9,1,5,4,5,7,4,4,9,4,5,1,13,23,2,8,1,1,C03,7,9,1,10,2,11,"  ",23,23,1,18,8,C03,120.583,24.178955,2,66000,387130000C,(04)23289100,(04)25368667
3516,2023,03,9,19,35,臺中市,西區,0,1,0,8,3,5,50,14,8,1,5,4,5,7,4,4,3,4,4,2,18,43,2,9,1,1,C03,7,9,1,10,2,12,"  ",43,43,1,21,8,C03,120.671476,24.145893,2,66000,387130000C,(04)23289100,(04)25368667
3517,2023,03,9,19,38,臺中市,西區,0,0,0,8,,,60,,,,,,,,,,,,,,,25,"  ","  ","  ","  ",B02,"  ","  ",1,"  ",1,"  ","  ",25,"   ",1,5,"  ",B02,120.659687,24.157317,3,66000,387130000C,(04)23289100,(04)25368667
3518,2023,03,9,19,39,臺中市,西屯區,0,1,0,8,3,5,30,3,1,1,5,4,5,7,4,4,10,5,5,2,17,6,2,9,1,1,C03,7,5,1,10,2,12,"  ",6,6,1,22,8,C03,120.644211,24.175152,2,66000,387130000C,(04)23289100,(04)25368667
3519,2023,03,9,19,39,臺中市,沙鹿區,0,3,0,7,3,5,40,14,8,1,5,4,5,7,4,4,3,4,3,1,2,23,2,8,1,1,C03,7,9,1,10,2,11,"  ",23,23,1,22,9,C03,120.581263,24.213626,2,66000,387130000C,(04)23289100,(04)25368667
3520,2023,03,9,19,40,臺中市,太平區,0,1,0,8,3,5,50,3,2,1,5,4,5,7,4,4,5,4,5,2,16,6,3,10,1,1,B12,7,6,1,8,2,7,"  ",6,6,1,21,8,B12,120.717009,24.155528,2,66000,387130000C,(04)23289100,(04)25368667
3521,2023,03,9,19,41,臺中市,西屯區,0,0,0,8,,,50,,,,,,,,,,,,,,,23,"  ","  ","  ","  ",B03,"  ","  ",1,"  ",1,"  ","  ",23,"   ",1,22,"  ",B03,120.608092,24.158295,3,66000,387130000C,(04)23289100,(04)25368667
3522,2023,03,9,19,45,臺中市,西區,0,1,0,8,3,5,30,4,1,1,5,4,5,7,4,4,10,5,5,2,17,5,2,8,1,1,C04,7,6,1,11,2,11,"  ",23,5,1,4,8,C04,120.657983,24.15599,2,66000,387130000C,(04)23289100,(04)25368667
3523,2023,03,9,19,49,臺中市,北屯區,0,0,0,8,,,50,,,,,,,,,,,,,,,23,"  ","  ","  ","  ",B03,"  ","  ",1,"  ",1,"  ","  ",23,"   ",1,21,"  ",B03,120.723208,24.166855,3,66000,387130000C,(04)23289100,(04)25368667
3524,2023,03,9,19,52,臺中市,龍井區,0,0,0,8,,,50,,,,,,,,,,,,,,,18,"  ","  ","  ","  ",C03,"  ","  ",1,"  ",2,"  ","  ",44,18,1,18,"  ",C03,120.58997,24.18103,3,66000,387130000C,(04)23289100,(04)25368667
3525,2023,03,9,19,52,臺中市,豐原區,0,1,0,8,3,5,50,3,1,1,5,4,5,7,3,1,10,5,5,2,16,6,3,10,1,1,B03,7,5,1,8,2,1,"  ",6,6,1,22,8,B03,120.724887,24.252262,2,66000,387130000C,(04)23289100,(04)25368667
3526,2023,03,9,19,56,臺中市,南屯區,0,2,0,8,3,5,50,4,1,1,5,4,5,7,2,1,1,5,5,2,15,25,2,7,1,1,C03,7,9,1,10,2,12,"  ",25,25,1,22,8,C03,120.623153,24.149613,2,66000,387130000C,(04)23289100,(04)25368667
3527,2023,03,9,20,0,臺中市,西屯區,0,3,0,8,3,5,50,4,1,1,5,4,5,7,4,4,10,5,5,2,17,23,2,9,1,1,C03,7,9,1,10,2,12,"  ",23,23,1,22,5,C03,120.652089,24.191177,2,66000,387130000C,(04)23289100,(04)25368667
3528,2023,03,9,20,0,臺中市,梧棲區,0,1,0,8,1,5,70,4,1,1,5,4,5,7,1,1,10,5,5,2,15,25,3,10,1,1,B12,7,9,1,4,2,1,"  ",25,25,1,9,8,B12,120.542617,24.21929,2,66000,387130000C,(04)23289100,(04)25368667
3529,2023,03,9,20,2,臺中市,大里區,0,0,0,8,,,50,,,,,,,,,,,,,,,42,"  ","  ","  ","  ",C03,"  ","  ",1,"  ",2,"  ","  ",42,"   ",1,22,"  ",C03,120.674981,24.108206,3,66000,387130000C,(04)23289100,(04)25368667
3530,2023,03,9,20,10,臺中市,南屯區,0,1,0,8,3,5,50,4,1,1,5,4,5,7,1,1,10,5,5,2,15,25,3,10,1,1,C03,7,9,1,10,2,11,"  ",25,25,1,4,8,C03,120.648738,24.144933,2,66000,387130000C,(04)23289100,(04)25368667
3531,2023,03,9,20,15,臺中市,大里區,0,0,0,8,,,50,,,,,,,,,,,,,,,23,"  ","  ","  ","  ",B12,"  ","  ",1,"  ",2,"  ","  ",23,"   ",1,21,"  ",B12,120.683884,24.114295,3,66000,387130000C,(04)23289100,(04)25368667
3532,2023,03,9,20,30,臺中市,北區,0,3,0,8,3,5,50,4,1,1,5,4,5,7,1,1,5,4,4,2,13,16,2,9,1,1,C03,7,9,1,10,2,11,"  ",16,16,1,22,8,C03,120.694441,24.155619,2,66000,387130000C,(04)23289100,(04)25368667
3533,2023,03,9,20,31,臺中市,沙鹿區,0,0,0,8,,,60,,,,,,,,,,,,,,,42,"  ","  ","  ","  ",B03,"  ","  ",1,"  ",2,"  ","  ",42,"   ",1,22,"  ",B03,120.598025,24.250114,3,66000,387130000C,(04)23289100,(04)25368667
3534,2023,03,9,20,36,臺中市,太平區,0,2,0,8,3,5,50,14,9,1,5,4,5,7,4,4,9,5,5,2,9,44,3,10,1,1,C03,7,9,3,18,2,15,"  ",44,44,1,22,8,C03,120.72818,24.156283,2,66000,387130000C,(04)23289100,(04)25368667
3535,2023,03,9,20,37,臺中市,南屯區,0,1,0,8,3,5,50,4,1,1,5,4,5,7,1,1,10,5,5,2,16,6,3,10,1,1,B03,7,5,1,8,2,2,"  ",6,6,1,22,8,B03,120.633795,24.148246,2,66000,387130000C,(04)23289100,(04)25368667
3536,2023,03,9,20,40,臺中市,北區,0,1,0,8,3,5,50,14,9,1,5,4,5,7,4,4,5,5,5,2,9,60,2,9,4,5,H01,8,16,8,20,10,16,"  ",60,60,1,22,8,H01,120.68546,24.147695,2,66000,387130000C,(04)23289100,(04)25368667
3537,2023,03,9,20,40,臺中市,西屯區,0,0,0,8,,,40,,,,,,,,,,,,,,,23,"  ","  ","  ","  ",B03,"  ","  ",1,"  ",1,"  ","  ",23,"   ",1,22,"  ",B03,120.637841,24.18062,3,66000,387130000C,(04)23289100,(04)25368667
3538,2023,03,9,20,40,臺中市,霧峰區,0,0,0,8,,,40,,,,,,,,,,,,,,,23,"  ","  ","  ","  ",B03,"  ","  ",1,"  ",2,"  ","  ",23,"   ",1,3,"  ",B03,120.670343,24.042111,3,66000,387130000C,(04)23289100,(04)25368667
3539,2023,03,9,20,44,臺中市,北屯區,0,1,0,8,3,5,50,14,8,1,5,4,5,7,4,4,1,4,4,2,16,19,2,9,1,1,C03,7,1,1,10,2,11,"  ",19,19,1,22,8,C03,120.659879,24.192503,2,66000,387130000C,(04)23289100,(04)25368667
3540,2023,03,9,20,51,臺中市,西區,0,0,0,8,,,50,,,,,,,,,,,,,,,19,"  ","  ","  ","  ",B12,"  ","  ",1,"  ",9,"  ","  ",19,"   ",1,5,"  ",B12,120.661875,24.136155,3,66000,387130000C,(04)23289100,(04)25368667
3541,2023,03,9,20,54,臺中市,豐原區,0,1,0,8,1,5,50,14,7,1,5,4,5,7,4,4,5,5,4,1,16,26,2,8,1,1,C03,7,11,1,10,8,14,"  ",26,26,1,21,8,C03,120.72022,24.263666,2,66000,387130000C,(04)23289100,(04)25368667
3542,2023,03,9,20,55,臺中市,龍井區,0,1,0,8,3,5,40,3,8,1,5,4,5,7,1,1,1,4,1,1,19,42,2,9,1,1,C03,7,9,1,10,2,11,"  ",42,42,1,18,8,C03,120.579775,24.189515,2,66000,387130000C,(04)23289100,(04)25368667
3543,2023,03,9,21,1,臺中市,東區,0,1,0,8,3,5,50,14,7,1,5,4,5,7,4,4,5,4,4,2,13,16,2,9,1,1,C03,7,9,1,10,2,11,"  ",16,16,1,18,5,C03,120.705682,24.137352,2,66000,387130000C,(04)23289100,(04)25368667
3544,2023,03,9,21,2,臺中市,中區,0,1,0,8,3,5,50,4,2,1,5,4,5,7,1,1,10,5,5,2,21,42,2,9,3,4,C03,7,9,1,10,8,11,"  ",42,42,1,22,5,C03,120.681676,24.144598,2,66000,387130000C,(04)23289100,(04)25368667
3545,2023,03,9,21,5,臺中市,太平區,0,0,0,8,,,50,,,,,,,,,,,,,,,12,"  ","  ","  ","  ",B03,"  ","  ",1,"  ",2,6,"  ",12,12,1,22,"  ",B03,120.732836,24.134538,3,66000,387130000C,(04)23289100,(04)25368667
3546,2023,03,9,21,7,臺中市,龍井區,0,2,0,8,3,5,40,4,1,1,5,4,5,7,2,1,1,5,5,2,3,23,2,9,1,1,C03,7,9,1,10,2,11,"  ",23,23,1,22,8,C03,120.585701,24.186253,2,66000,387130000C,(04)23289100,(04)25368667
3547,2023,03,9,21,10,臺中市,太平區,0,0,0,8,,,50,,,,,,,,,,,,,,,16,"  ","  ","  ","  ",B03,"  ","  ",1,"  ",1,"  ","  ",16,"   ",1,22,"  ",B03,120.714272,24.149483,3,66000,387130000C,(04)23289100,(04)25368667
3548,2023,03,9,21,13,臺中市,西區,0,1,0,8,3,5,40,14,8,1,5,4,5,7,4,4,5,4,4,2,17,21,3,10,1,1,C03,7,9,1,10,8,11,"  ",21,21,1,22,8,C03,120.671296,24.136993,2,66000,387130000C,(04)23289100,(04)25368667
3549,2023,03,9,21,18,臺中市,北屯區,0,0,0,8,,,30,,,,,,,,,,,,,,,17,"  ","  ","  ","  ",C03,"  ","  ",1,"  ",1,"  ","  ",17,17,1,5,"  ",C03,120.670758,24.175812,3,66000,387130000C,(04)23289100,(04)25368667
3550,2023,03,9,21,18,臺中市,西屯區,0,1,0,8,3,5,50,4,1,1,5,4,5,7,2,1,10,5,5,2,11,6,3,10,1,1,B03,7,5,1,8,8,1,"  ",6,6,1,22,8,B03,120.61548,24.174508,2,66000,387130000C,(04)23289100,(04)25368667
3551,2023,03,9,21,35,臺中市,南屯區,0,0,0,8,,,60,,,,,,,,,,,,,,,23,"  ","  ","  ","  ",B03,"  ","  ",1,"  ",1,"  ","  ",23,23,1,22,"  ",B03,120.63148,24.125645,3,66000,387130000C,(04)23289100,(04)25368667
3552,2023,03,9,21,45,臺中市,大里區,0,1,0,8,3,5,50,4,1,1,5,4,5,7,1,1,5,4,4,1,17,8,3,10,1,1,B03,7,5,1,8,2,1,"  ",8,8,1,22,8,B03,120.691879,24.109678,2,66000,387130000C,(04)23289100,(04)25368667
3553,2023,03,9,21,58,臺中市,東勢區,0,1,0,8,3,5,60,14,8,1,5,4,5,7,4,4,4,3,4,1,16,13,3,10,1,1,B03,7,9,1,8,2,2,"  ",13,13,1,22,9,B03,120.798073,24.29074,2,66000,387130000C,(04)23289100,(04)25368667
3554,2023,03,9,22,5,臺中市,大里區,0,0,0,8,,,30,,,,,,,,,,,,,,,42,"  ","  ","  ","  ",B03,"  ","  ",1,"  ",2,"  ","  ",42,"   ",1,12,"  ",B03,120.715552,24.092655,3,66000,387130000C,(04)23289100,(04)25368667
3555,2023,03,9,22,23,臺中市,太平區,0,2,0,8,3,5,50,5,1,1,5,4,5,7,3,1,10,5,5,2,15,6,2,8,1,1,C03,7,9,1,10,2,12,"  ",6,6,1,22,8,C03,120.70889,24.154252,2,66000,387130000C,(04)23289100,(04)25368667
3556,2023,03,9,22,28,臺中市,南區,0,1,0,8,4,5,50,14,11,1,5,4,5,7,4,4,1,2,1,2,18,43,2,9,1,1,C03,7,9,1,10,2,12,14,43,43,1,22,1,C03,120.671927,24.119177,2,66000,387130000C,(04)23289100,(04)25368667
3557,2023,03,9,22,35,臺中市,霧峰區,0,1,0,8,3,5,50,4,1,1,5,4,5,7,3,1,9,5,4,2,16,6,3,10,1,1,B03,7,5,1,8,2,4,"  ",6,6,1,22,8,B03,120.696746,24.062088,2,66000,387130000C,(04)23289100,(04)25368667
3558,2023,03,9,22,41,臺中市,北區,0,0,0,8,,,30,,,,,,,,,,,,,,,23,"  ","  ","  ","  ",B03,"  ","  ",1,"  ",2,"  ","  ",23,"   ",1,22,"  ",B03,120.677741,24.172058,3,66000,387130000C,(04)23289100,(04)25368667
3559,2023,03,9,22,47,臺中市,豐原區,0,0,0,8,,,50,,,,,,,,,,,,,,,12,"  ","  ","  ","  ",B03,"  ","  ",1,"  ",2,"  ","  ",12,"   ",1,21,"  ",B03,120.730702,24.255151,3,66000,387130000C,(04)23289100,(04)25368667
3560,2023,03,9,22,50,臺中市,南屯區,0,1,0,8,3,5,30,4,1,1,5,4,5,7,3,1,10,5,5,2,16,6,3,10,1,1,B03,7,9,1,8,2,2,6,6,6,1,22,8,B03,120.640518,24.140998,2,66000,387130000C,(04)23289100,(04)25368667
3561,2023,03,9,22,50,臺中市,大里區,0,0,0,8,,,25,,,,,,,,,,,,,,,23,"  ","  ","  ","  ",B03,"  ","  ",3,"  ",2,"  ","  ",23,23,1,22,"  ",B03,120.69685,24.111295,3,66000,387130000C,(04)23289100,(04)25368667
3562,2023,03,9,22,57,臺中市,東區,0,0,0,8,,,50,,,,,,,,,,,,,,,42,"  ","  ","  ","  ",C03,"  ","  ",1,"  ",2,"  ","  ",42,"   ",1,22,"  ",C03,120.700516,24.134125,3,66000,387130000C,(04)23289100,(04)25368667
3563,2023,03,9,23,16,臺中市,北屯區,0,1,0,8,3,5,50,4,1,1,5,4,5,7,2,1,10,5,5,2,16,6,3,10,1,1,B03,7,5,1,8,2,1,"  ",6,6,1,21,8,B03,120.703886,24.159574,2,66000,387130000C,(04)23289100,(04)25368667
3564,2023,03,9,23,22,臺中市,西屯區,0,1,0,8,3,5,40,14,8,1,5,4,5,7,4,4,5,5,4,2,17,23,2,9,1,1,C03,7,9,1,10,2,11,"  ",23,23,1,21,8,C03,120.62195,24.180698,2,66000,387130000C,(04)23289100,(04)25368667
3565,2023,03,9,23,27,臺中市,北屯區,0,1,0,8,3,5,40,4,1,1,5,4,5,7,1,1,10,5,5,2,17,25,2,9,1,1,F01,7,9,8,20,2,16,"  ",25,25,1,22,8,F01,120.668225,24.173248,2,66000,387130000C,(04)23289100,(04)25368667
3566,2023,03,9,23,32,臺中市,北區,0,2,0,8,3,5,50,4,4,1,5,4,5,7,1,1,5,5,5,2,17,13,3,10,1,1,B03,7,6,1,8,2,1,"  ",13,26,1,22,9,B03,120.669121,24.155335,2,66000,387130000C,(04)23289100,(04)25368667
3567,2023,03,9,23,41,臺中市,潭子區,0,0,0,8,,,50,,,,,,,,,,,,,,,19,"  ","  ","  ","  ",B03,"  ","  ",1,"  ",2,"  ","  ",19,"   ",1,22,"  ",B03,120.711316,24.208089,3,66000,387130000C,(04)23289100,(04)25368667
3568,2023,03,10,0,16,臺中市,大里區,0,0,0,8,,,50,,,,,,,,,,,,,,,23,"  ","  ","  ","  ",B03,"  ","  ",1,"  ",2,"  ","  ",23,"   ",1,5,"  ",B03,120.688961,24.10495,3,66000,387130000C,(04)23289100,(04)25368667
3569,2023,03,10,0,25,臺中市,南區,0,0,0,8,1,5,50,14,8,1,5,4,5,7,4,4,1,4,4,2,16,23,3,10,1,1,B03,7,6,1,8,11,5,"  ",23,23,1,22,8,B03,120.653448,24.113224,3,66000,387130000C,(04)23289100,(04)25368667
3570,2023,03,10,0,37,臺中市,西屯區,0,4,0,8,3,5,40,14,8,1,5,4,5,7,4,4,1,4,1,2,13,16,2,9,1,4,C03,7,9,1,10,1,11,"  ",16,16,1,22,8,C03,120.623476,24.179409,2,66000,387130000C,(04)23289100,(04)25368667
3571,2023,03,10,1,20,臺中市,北屯區,0,0,0,6,,,30,,,,,,,,,,,,,,,12,"  ","  ","  ","  ",B03,"  ","  ",1,"  ",1,"  ","  ",12,"   ",1,21,"  ",B03,120.681449,24.175279,3,66000,387130000C,(04)23289100,(04)25368667
3572,2023,03,10,1,20,臺中市,大甲區,0,0,0,8,,,50,,,,,,,,,,,,,,,44,"  ","  ","  ","  ",B03,"  ","  ",1,"  ",1,"  ","  ",44,"   ",1,4,"  ",B03,120.618235,24.351488,3,66000,387130000C,(04)23289100,(04)25368667
3573,2023,03,10,1,26,臺中市,大里區,0,1,0,8,3,5,50,4,1,1,5,4,5,7,3,1,1,4,4,1,16,6,2,9,1,1,C03,7,9,1,10,2,12,"  ",6,6,1,5,8,C03,120.667215,24.105363,2,66000,387130000C,(04)23289100,(04)25368667
3574,2023,03,10,1,50,臺中市,北區,0,1,0,8,3,5,50,4,1,1,5,4,5,7,1,1,10,5,5,2,16,25,3,10,1,1,B03,7,9,1,8,2,2,"  ",25,25,1,22,8,B03,120.680489,24.165365,2,66000,387130000C,(04)23289100,(04)25368667
3575,2023,03,10,2,0,臺中市,大里區,0,2,0,8,1,5,30,5,1,1,5,4,5,7,3,1,10,5,5,2,15,6,2,9,1,1,C02,7,9,1,9,2,11,"  ",6,6,1,22,8,C02,120.704105,24.097733,2,66000,387130000C,(04)23289100,(04)25368667
3576,2023,03,10,3,14,臺中市,太平區,0,0,0,8,,,40,,,,,,,,,,,,,,,26,"  ","  ","  ","  ",B03,"  ","  ",1,"  ",2,"  ","  ",26,"   ",1,22,"  ",B03,120.708077,24.133213,3,66000,387130000C,(04)23289100,(04)25368667
3577,2023,03,10,3,29,臺中市,北區,0,0,0,8,,,50,,,,,,,,,,,,,,,23,"  ","  ","  ","  ",B03,"  ","  ",1,"  ",2,"  ","  ",23,"   ",1,22,"  ",B03,120.670506,24.159216,3,66000,387130000C,(04)23289100,(04)25368667
3578,2023,03,10,4,40,臺中市,南屯區,0,1,0,8,3,5,50,4,1,1,5,4,5,7,2,1,10,5,5,2,17,25,2,9,1,1,F01,7,9,8,20,2,16,"  ",25,25,1,22,8,F01,120.640587,24.151303,2,66000,387130000C,(04)23289100,(04)25368667
3579,2023,03,10,5,35,臺中市,南屯區,0,5,0,8,3,5,50,14,5,1,5,4,5,7,4,4,1,4,1,2,25,13,2,9,1,1,B03,7,9,1,8,5,1,"  ",13,13,1,22,9,B03,120.62249,24.138249,2,66000,387130000C,(04)23289100,(04)25368667
3580,2023,03,10,5,39,臺中市,太平區,0,0,0,8,,,50,,,,,,,,,,,,,,,6,"  ","  ","  ","  ",B03,"  ","  ",1,"  ",2,"  ","  ",6,"   ",1,22,"  ",B03,120.722952,24.155674,3,66000,387130000C,(04)23289100,(04)25368667
3581,2023,03,10,6,9,臺中市,大里區,0,1,0,8,1,5,40,14,8,1,1,4,5,7,4,4,1,5,5,1,23,23,2,9,1,1,C03,7,9,1,10,2,14,"  ",23,23,1,5,8,C03,120.661148,24.083524,2,66000,387130000C,(04)23289100,(04)25368667
3582,2023,03,10,6,38,臺中市,北屯區,0,1,0,8,1,5,50,14,9,1,5,4,5,7,4,4,9,5,5,2,17,23,2,9,3,4,B03,7,15,3,18,6,8,"  ",23,23,1,22,8,B03,120.69981,24.16737,2,66000,387130000C,(04)23289100,(04)25368667
3583,2023,03,10,6,46,臺中市,清水區,0,1,0,8,1,5,30,3,1,1,5,4,5,7,4,4,10,5,5,2,16,6,3,10,1,1,B03,7,6,1,8,2,7,"  ",6,6,1,21,8,B03,120.574878,24.281993,2,66000,387130000C,(04)23289100,(04)25368667
3584,2023,03,10,6,53,臺中市,太平區,0,0,0,8,,,50,,,,,,,,,,,,,,,6,"  ","  ","  ","  ",B03,"  ","  ",1,"  ",2,"  ","  ",6,"   ",1,9,"  ",B03,120.722933,24.155667,3,66000,387130000C,(04)23289100,(04)25368667