序號,年,月,日,時,分,縣市,區,死亡數量,受傷數量,2-30,天候,光線,道路類別,速限_速度(公里),道路型態,事故位置,路面鋪裝,路面狀態,路面缺陷,障礙物,視距,號誌種類,號誌動作,分向設施,快車道或一般車道間,快慢車道間,路面邊線,事故類型及型態,主要肇因,受傷程度,主要傷處,保護裝備,行動電話,當事者區分,車輛用途,當事者行動狀態,駕駛資格情形,駕駛執照種類,飲酒情形,車輛撞擊部位最初,車輛撞擊部位其他,肇事因素個別,肇事因素主要,肇事逃逸,職業,旅次目的,車種,GPS座標X,GPS座標Y,事故類別,縣市別代碼,機關代碼,市話,傳真
3585,2023,03,10,6,58,臺中市,神岡區,0,0,0,8,,,30,,,,,,,,,,,,,,,17,"  ","  ","  ","  ",B03,"  ","  ",1,"  ",3,"  ","  ",17,17,2,22,"  ",B03,120.691768,24.251671,3,66000,387130000C,(04)23289100,(04)25368667
3586,2023,03,10,6,59,臺中市,梧棲區,0,0,0,8,,,70,,,,,,,,,,,,,,,23,"  ","  ","  ","  ",B03,"  ","  ",1,"  ",2,"  ","  ",23,"   ",1,20,"  ",B03,120.549578,24.238451,3,66000,387130000C,(04)23289100,(04)25368667
3587,2023,03,10,7,3,臺中市,沙鹿區,0,0,0,8,,,40,,,,,,,,,,,,,,,23,"  ","  ","  ","  ",C03,"  ","  ",1,"  ",2,"  ","  ",23,"   ",1,21,"  ",C03,120.571599,24.198855,3,66000,387130000C,(04)23289100,(04)25368667
3588,2023,03,10,7,4,臺中市,大里區,0,1,0,8,1,5,30,4,1,1,5,4,5,7,4,4,10,5,5,2,16,6,3,10,1,1,B03,7,5,1,8,2,4,"  ",6,6,1,11,8,B03,120.700242,24.087725,2,66000,387130000C,(04)23289100,(04)25368667
3589,2023,03,10,7,8,臺中市,東區,0,0,0,,,,50,,,,,,,,,,,,,,,6,"  ","  ","  ","  ",C03,"  ","  ",1,"  ",2,"  ","  ",6,"   ",1,22,"  ",C03,120.690406,24.12446,3,66000,387130000C,(04)23289100,(04)25368667
3590,2023,03,10,7,10,臺中市,南區,0,0,0,8,,,50,,,,,,,,,,,,,,,18,"  ","  ","  ","  ",B03,"  ","  ",1,"  ",2,"  ","  ",18,"   ",1,20,"  ",B03,120.667463,24.118986,3,66000,387130000C,(04)23289100,(04)25368667
3591,2023,03,10,7,10,臺中市,東區,0,0,0,,,,50,,,,,,,,,,,,,,,44,"  ","  ","  ","  ",B03,"  ","  ",1,"  ",2,"  ","  ",44,"   ",1,22,"  ",B03,120.690247,24.125011,3,66000,387130000C,(04)23289100,(04)25368667
3592,2023,03,10,7,11,臺中市,西屯區,0,1,0,8,1,5,50,14,8,1,5,4,5,7,4,4,1,5,1,2,18,23,2,9,1,1,C03,7,9,1,10,2,14,"  ",23,23,1,22,8,C03,120.615268,24.182938,2,66000,387130000C,(04)23289100,(04)25368667
3593,2023,03,10,7,12,臺中市,北區,0,2,0,8,1,5,40,14,8,1,5,4,5,7,4,4,5,5,4,2,17,40,3,10,1,1,B12,7,13,1,8,2,4,"  ",40,40,1,22,9,B12,120.670298,24.159011,2,66000,387130000C,(04)23289100,(04)25368667
3594,2023,03,10,7,12,臺中市,沙鹿區,0,1,0,8,1,5,40,14,12,1,5,4,5,7,4,4,1,4,4,1,17,23,2,9,1,1,C03,7,9,1,10,2,11,"  ",23,23,1,21,8,C03,120.55475,24.213816,2,66000,387130000C,(04)23289100,(04)25368667
3595,2023,03,10,7,13,臺中市,西區,0,1,0,8,1,5,50,4,1,1,5,4,5,7,1,1,5,5,5,1,15,25,2,9,1,1,C03,7,9,1,10,2,11,"  ",25,25,1,21,8,C03,120.656756,24.147768,2,66000,387130000C,(04)23289100,(04)25368667
3596,2023,03,10,7,20,臺中市,沙鹿區,0,2,0,8,1,5,30,4,1,1,5,4,5,7,4,4,10,5,5,2,15,6,2,9,1,1,C03,7,9,1,10,2,11,"  ",6,6,1,3,5,C03,120.550441,24.217874,2,66000,387130000C,(04)23289100,(04)25368667
3597,2023,03,10,7,20,臺中市,沙鹿區,0,0,0,8,,,30,,,,,,,,,,,,,,,12,"  ","  ","  ","  ",B12,"  ","  ",1,"  ",2,"  ","  ",12,"   ",1,19,"  ",B12,120.567805,24.216255,3,66000,387130000C,(04)23289100,(04)25368667
3598,2023,03,10,7,21,臺中市,南屯區,0,0,0,8,,,60,,,,,,,,,,,,,,,23,"  ","  ","  ","  ",B03,"  ","  ",1,"  ",1,"  ","  ",23,"   ",1,5,"  ",B03,120.623136,24.135365,3,66000,387130000C,(04)23289100,(04)25368667
3599,2023,03,10,7,21,臺中市,西屯區,0,2,0,8,1,5,50,3,2,1,5,4,5,7,1,1,1,4,5,2,13,23,3,10,3,4,B03,7,9,1,8,1,1,"  ",23,23,1,22,8,B03,120.65127,24.198525,2,66000,387130000C,(04)23289100,(04)25368667
3600,2023,03,10,7,23,臺中市,大里區,0,0,0,8,,,50,,,,,,,,,,,,,,,23,"  ","  ","  ","  ",C03,"  ","  ",1,"  ",2,"  ","  ",23,"   ",1,18,"  ",C03,120.68612,24.095398,3,66000,387130000C,(04)23289100,(04)25368667
3601,2023,03,10,7,24,臺中市,潭子區,0,1,0,8,1,5,50,3,2,1,5,4,5,7,1,3,5,4,4,2,16,1,3,10,1,1,B03,7,6,1,8,2,6,"  ",1,17,1,22,9,B03,120.705851,24.22743,2,66000,387130000C,(04)23289100,(04)25368667
3602,2023,03,10,7,24,臺中市,大甲區,0,2,0,8,1,5,50,4,1,1,5,4,5,7,4,4,10,5,5,2,15,6,2,8,1,1,C03,7,9,1,10,2,14,"  ",6,6,1,4,1,C03,120.627366,24.354475,2,66000,387130000C,(04)23289100,(04)25368667
3603,2023,03,10,7,25,臺中市,龍井區,0,0,0,,,,40,,,,,,,,,,,,,,,23,"  ","  ","  ","  ",C03,"  ","  ",1,"  ",2,"  ","  ",23,"   ",1,22,"  ",C03,120.589318,24.1916,3,66000,387130000C,(04)23289100,(04)25368667
3604,2023,03,10,7,26,臺中市,北屯區,0,1,0,8,1,5,40,4,1,1,5,4,5,7,2,1,5,5,4,1,16,1,3,10,1,1,C03,7,4,1,10,2,14,"  ",1,1,1,21,8,C03,120.695206,24.179953,2,66000,387130000C,(04)23289100,(04)25368667
3605,2023,03,10,7,28,臺中市,潭子區,0,0,0,8,,,50,,,,,,,,,,,,,,,8,"  ","  ","  ","  ",C03,"  ","  ",1,"  ",2,"  ","  ",23,44,1,22,"  ",C03,120.705353,24.213282,3,66000,387130000C,(04)23289100,(04)25368667
3606,2023,03,10,7,28,臺中市,南屯區,0,1,0,8,1,5,50,14,9,1,5,4,5,7,1,1,5,2,5,2,12,6,2,9,1,1,C03,7,5,1,10,2,14,"  ",6,6,1,5,1,C03,120.649946,24.133333,2,66000,387130000C,(04)23289100,(04)25368667
3607,2023,03,10,7,30,臺中市,潭子區,0,0,0,8,,,50,,,,,,,,,,,,,,,23,"  ","  ","  ","  ",C03,"  ","  ",2,"  ",2,"  ","  ",23,"   ",1,22,"  ",C03,120.710237,24.208532,3,66000,387130000C,(04)23289100,(04)25368667
3608,2023,03,10,7,30,臺中市,北區,0,2,0,8,1,5,40,14,8,1,5,4,5,7,4,4,5,5,4,2,13,16,2,8,1,1,C03,7,9,1,10,2,11,"  ",16,16,1,5,8,C03,120.670406,24.158535,2,66000,387130000C,(04)23289100,(04)25368667
3609,2023,03,10,7,30,臺中市,西屯區,0,0,0,8,,,50,,,,,,,,,,,,,,,42,"  ","  ","  ","  ",B03,"  ","  ",1,"  ",1,"  ","  ",42,"   ",1,1,"  ",B03,120.645018,24.178822,3,66000,387130000C,(04)23289100,(04)25368667
3610,2023,03,10,7,31,臺中市,太平區,0,2,0,8,1,5,50,4,1,1,5,4,5,7,1,1,10,5,5,2,16,8,2,8,1,1,C03,7,5,1,10,2,11,"  ",8,8,1,22,5,C03,120.719885,24.121204,2,66000,387130000C,(04)23289100,(04)25368667
3611,2023,03,10,7,33,臺中市,南屯區,0,1,0,8,1,5,50,14,9,1,5,4,5,7,4,4,1,5,5,2,16,17,3,10,1,4,C03,7,9,1,10,2,14,"  ",17,17,1,22,8,C03,120.622838,24.14487,2,66000,387130000C,(04)23289100,(04)25368667
3612,2023,03,10,7,33,臺中市,南屯區,0,1,0,8,1,5,50,14,9,1,5,4,5,7,4,4,1,5,5,2,13,16,2,9,1,4,C03,7,9,1,10,2,14,"  ",16,16,1,22,8,C03,120.622941,24.144928,2,66000,387130000C,(04)23289100,(04)25368667
3613,2023,03,10,7,35,臺中市,太平區,0,2,0,8,1,5,30,3,2,1,5,4,5,7,4,4,5,5,4,1,16,8,2,9,3,4,C03,7,5,1,10,2,14,"  ",8,8,1,9,8,C03,120.726729,24.149918,2,66000,387130000C,(04)23289100,(04)25368667
3614,2023,03,10,7,36,臺中市,龍井區,0,0,0,8,,,30,,,,,,,,,,,,,,,23,"  ","  ","  ","  ",B03,"  ","  ",1,"  ",2,"  ","  ",23,"   ",1,20,"  ",B03,120.546774,24.196617,3,66000,387130000C,(04)23289100,(04)25368667
3615,2023,03,10,7,37,臺中市,東區,0,0,0,8,,,80,,,,,,,,,,,,,,,23,"  ","  ","  ","  ",B03,"  ","  ",1,"  ",2,"  ","  ",23,"   ",1,5,"  ",B03,120.708419,24.134347,3,66000,387130000C,(04)23289100,(04)25368667
3616,2023,03,10,7,38,臺中市,南區,0,1,0,8,1,5,50,4,1,1,5,4,5,7,1,1,10,5,5,2,12,23,2,9,1,1,C03,7,7,1,10,2,14,"  ",23,23,1,5,8,C03,120.656324,24.134372,2,66000,387130000C,(04)23289100,(04)25368667
3617,2023,03,10,7,38,臺中市,東區,0,1,0,8,1,5,50,4,1,1,5,4,5,7,1,1,10,5,5,2,16,6,3,10,1,1,B03,7,5,1,8,2,5,"  ",6,6,1,22,9,B03,120.701511,24.14003,2,66000,387130000C,(04)23289100,(04)25368667
3618,2023,03,10,7,39,臺中市,大里區,0,0,0,8,,,50,,,,,,,,,,,,,,,23,"  ","  ","  ","  ",F03,"  ","  ",8,"  ",2,"  ","  ",23,"   ",1,22,"  ",F03,120.691246,24.096787,3,66000,387130000C,(04)23289100,(04)25368667
3619,2023,03,10,7,40,臺中市,東區,0,1,0,8,1,5,50,3,1,1,5,4,5,7,4,4,10,5,5,2,16,6,2,9,1,1,C03,7,5,1,10,2,13,"  ",6,6,1,22,8,C03,120.696974,24.136794,2,66000,387130000C,(04)23289100,(04)25368667
3620,2023,03,10,7,40,臺中市,南區,0,1,0,8,1,5,30,14,22,2,5,4,5,7,4,4,5,5,5,2,18,23,2,9,1,1,F01,7,9,8,20,9,16,"  ",23,23,1,5,8,F01,120.659159,24.129765,2,66000,387130000C,(04)23289100,(04)25368667
3621,2023,03,10,7,40,臺中市,梧棲區,0,1,0,8,1,5,50,14,9,1,5,4,5,7,4,4,5,5,5,2,13,16,2,1,1,1,B03,7,9,1,8,2,1,"  ",16,16,1,5,1,B03,120.549569,24.239491,2,66000,387130000C,(04)23289100,(04)25368667
3622,2023,03,10,7,41,臺中市,北屯區,0,0,0,8,,,50,,,,,,,,,,,,,,,23,"  ","  ","  ","  ",B12,"  ","  ",1,"  ",1,"  ","  ",23,"   ",1,21,"  ",B12,120.672129,24.201211,3,66000,387130000C,(04)23289100,(04)25368667
3623,2023,03,10,7,44,臺中市,西屯區,0,0,0,8,,,50,,,,,,,,,,,,,,,12,"  ","  ","  ","  ",B03,"  ","  ",1,"  ",1,"  ","  ",12,"   ",1,4,"  ",B03,120.618483,24.178484,3,66000,387130000C,(04)23289100,(04)25368667
3624,2023,03,10,7,45,臺中市,大里區,0,0,0,8,1,5,50,4,1,1,5,4,5,7,3,1,5,5,4,2,13,23,"  ","  ","  ","  ",C03,"  ","  ",1,"  ",2,"  ","  ",23,"   ",1,22,"  ",C03,120.690457,24.106254,3,66000,387130000C,(04)23289100,(04)25368667
3625,2023,03,10,7,45,臺中市,豐原區,0,1,0,8,1,5,30,14,9,1,5,4,5,7,4,4,10,5,5,2,11,42,2,8,1,1,C03,7,9,1,10,2,11,"  ",42,42,1,12,1,C03,120.718719,24.238652,2,66000,387130000C,(04)23289100,(04)25368667
3626,2023,03,10,7,46,臺中市,大雅區,0,0,0,8,,,30,,,,,,,,,,,,,,,5,"  ","  ","  ","  ",B03,"  ","  ",1,"  ",2,"  ","  ",5,"   ",1,22,"  ",B03,120.636546,24.22742,3,66000,387130000C,(04)23289100,(04)25368667
3627,2023,03,10,7,46,臺中市,南區,0,2,0,8,1,5,50,3,1,1,5,4,5,7,4,4,10,5,5,2,16,6,2,9,1,1,C03,7,6,1,10,2,11,"  ",6,6,1,5,8,C03,120.682506,24.134059,2,66000,387130000C,(04)23289100,(04)25368667
3628,2023,03,10,7,46,臺中市,神岡區,0,2,0,8,1,5,50,3,2,1,5,4,5,7,4,4,3,4,4,1,13,16,2,9,3,4,C03,7,9,1,10,2,11,"  ",16,16,1,22,1,C03,120.693385,24.232566,2,66000,387130000C,(04)23289100,(04)25368667
3629,2023,03,10,7,47,臺中市,南區,0,3,0,8,1,5,50,3,1,1,5,4,5,7,1,1,10,5,5,2,10,23,2,9,1,1,C03,7,9,1,10,2,11,"  ",23,23,1,22,9,C03,120.682,24.135146,2,66000,387130000C,(04)23289100,(04)25368667
3630,2023,03,10,7,49,臺中市,東區,0,2,0,8,1,5,50,4,1,1,5,4,5,7,4,4,10,5,5,2,15,6,2,7,1,1,C03,7,9,1,10,2,11,"  ",6,6,1,5,8,C03,120.69482,24.127265,2,66000,387130000C,(04)23289100,(04)25368667
3631,2023,03,10,7,49,臺中市,南屯區,0,1,0,8,1,5,40,14,8,1,5,4,5,7,4,4,1,4,1,2,13,44,2,9,1,1,C03,7,9,1,10,2,14,"  ",44,44,1,22,8,C03,120.608021,24.151073,2,66000,387130000C,(04)23289100,(04)25368667
3632,2023,03,10,7,50,臺中市,烏日區,0,1,0,8,1,5,30,4,1,1,5,4,5,7,1,1,10,5,5,1,16,6,3,10,1,1,C03,7,5,1,10,2,14,"  ",6,6,1,21,8,C03,120.643284,24.078953,2,66000,387130000C,(04)23289100,(04)25368667
3633,2023,03,10,7,50,臺中市,后里區,0,0,0,8,,,50,,,,,,,,,,,,,,,12,"  ","  ","  ","  ",B03,"  ","  ",1,"  ",1,"  ","  ",12,"   ",1,22,"  ",B03,120.712815,24.310445,3,66000,387130000C,(04)23289100,(04)25368667
3634,2023,03,10,7,52,臺中市,北區,0,2,0,8,1,5,50,4,2,1,5,4,5,7,1,1,10,5,5,2,12,23,2,9,1,1,C03,7,9,1,10,1,14,"  ",23,23,1,5,8,C03,120.667553,24.165158,2,66000,387130000C,(04)23289100,(04)25368667
3635,2023,03,10,7,52,臺中市,烏日區,0,1,0,8,1,5,60,4,1,1,5,4,5,7,2,1,1,4,5,1,18,43,2,9,1,1,C03,7,9,1,10,2,15,"  ",43,43,1,21,1,C03,120.614085,24.106776,2,66000,387130000C,(04)23289100,(04)25368667
3636,2023,03,10,7,53,臺中市,清水區,0,0,0,8,,,50,,,,,,,,,,,,,,,23,"  ","  ","  ","  ",B03,"  ","  ",1,"  ",2,"  ","  ",23,"   ",1,21,"  ",B03,120.554684,24.261645,3,66000,387130000C,(04)23289100,(04)25368667
3637,2023,03,10,7,54,臺中市,北屯區,0,1,0,8,1,5,50,14,7,1,5,4,5,7,4,4,9,5,4,2,16,23,2,9,1,1,C03,7,9,1,10,2,11,"  ",23,23,1,21,8,C03,120.715096,24.165856,2,66000,387130000C,(04)23289100,(04)25368667
3638,2023,03,10,7,54,臺中市,太平區,0,1,0,8,1,5,50,4,2,1,5,4,5,7,1,1,5,4,4,2,18,23,2,9,1,1,C03,7,9,1,10,2,12,"  ",23,23,1,22,5,C03,120.716206,24.105861,2,66000,387130000C,(04)23289100,(04)25368667
3639,2023,03,10,7,55,臺中市,大里區,0,0,0,8,1,5,50,4,1,1,5,1,5,7,1,1,10,5,5,2,16,23,"  ","  ","  ","  ",C03,"  ","  ",1,"  ",11,"  ","  ",23,"   ",1,4,"  ",C03,120.714252,24.096127,3,66000,387130000C,(04)23289100,(04)25368667
3640,2023,03,10,7,55,臺中市,梧棲區,0,0,0,8,,,50,,,,,,,,,,,,,,,18,"  ","  ","  ","  ",B12,"  ","  ",1,"  ",2,"  ","  ",18,"   ",1,3,"  ",B12,120.533008,24.256208,3,66000,387130000C,(04)23289100,(04)25368667
3641,2023,03,10,7,55,臺中市,沙鹿區,0,1,0,8,1,5,60,3,1,1,5,4,5,7,4,4,1,4,5,2,13,23,2,8,1,1,C03,7,9,1,10,2,11,"  ",23,23,1,21,8,C03,120.599313,24.248937,2,66000,387130000C,(04)23289100,(04)25368667
3642,2023,03,10,7,56,臺中市,中區,0,0,0,,,,50,,,,,,,,,,,,,,,7,"  ","  ","  ","  ",B03,"  ","  ",6,"  ",2,"  ","  ",7,"   ",1,20,"  ",B03,120.685695,24.143194,3,66000,387130000C,(04)23289100,(04)25368667
3643,2023,03,10,7,58,臺中市,南屯區,0,0,0,8,,,40,,,,,,,,,,,,,,,16,"  ","  ","  ","  ",C03,"  ","  ",1,"  ",2,"  ","  ",16,"   ",1,5,"  ",C03,120.623141,24.145201,3,66000,387130000C,(04)23289100,(04)25368667
3644,2023,03,10,7,59,臺中市,大里區,0,1,0,8,1,5,30,14,9,1,5,4,5,7,4,4,10,5,5,1,10,23,2,8,1,1,F03,7,9,8,20,2,16,"  ",23,23,1,22,9,F03,120.690954,24.087433,2,66000,387130000C,(04)23289100,(04)25368667
3645,2023,03,10,8,0,臺中市,北屯區,0,0,0,8,,,50,,,,,,,,,,,,,,,12,"  ","  ","  ","  ",B03,"  ","  ",1,"  ",2,"  ","  ",12,"   ",1,21,"  ",B03,120.696629,24.176065,3,66000,387130000C,(04)23289100,(04)25368667
3646,2023,03,10,8,0,臺中市,北屯區,0,0,0,8,,,50,,,,,,,,,,,,,,,42,"  ","  ","  ","  ",C03,"  ","  ",1,"  ",1,"  ","  ",42,42,1,9,"  ",C03,120.677404,24.180602,3,66000,387130000C,(04)23289100,(04)25368667
3647,2023,03,10,8,2,臺中市,龍井區,0,1,0,8,1,5,50,3,1,1,5,4,5,7,4,4,9,5,5,2,17,42,2,9,1,1,C03,7,14,1,10,2,13,"  ",42,42,1,22,9,C03,120.58413,24.18792,2,66000,387130000C,(04)23289100,(04)25368667
3648,2023,03,10,8,5,臺中市,潭子區,0,1,0,8,1,5,30,14,9,1,5,4,5,7,4,4,10,5,5,1,12,17,3,10,1,1,B12,7,9,1,8,2,5,"  ",17,17,1,22,8,B12,120.712341,24.189322,2,66000,387130000C,(04)23289100,(04)25368667
3649,2023,03,10,8,10,臺中市,大雅區,0,1,0,8,1,5,30,14,9,1,5,4,5,7,4,4,10,5,5,1,16,1,2,9,1,1,C03,7,4,1,10,2,12,"  ",1,1,1,22,8,C03,120.66213,24.215354,2,66000,387130000C,(04)23289100,(04)25368667
3650,2023,03,10,8,10,臺中市,南屯區,0,1,0,8,1,5,50,3,1,1,5,4,5,7,1,1,1,4,5,2,13,23,3,10,3,4,B12,7,9,1,8,2,1,"  ",23,23,1,22,9,B12,120.610517,24.144119,2,66000,387130000C,(04)23289100,(04)25368667
3651,2023,03,10,8,10,臺中市,豐原區,0,0,0,8,,,30,,,,,,,,,,,,,,,23,"  ","  ","  ","  ",B03,"  ","  ",1,"  ",2,"  ","  ",23,"   ",1,22,"  ",B03,120.713844,24.249274,3,66000,387130000C,(04)23289100,(04)25368667
3652,2023,03,10,8,13,臺中市,北屯區,0,0,0,8,,,50,,,,,,,,,,,,,,,12,"  ","  ","  ","  ",B03,"  ","  ",1,"  ",1,"  ","  ",38,12,1,21,"  ",B03,120.720991,24.176722,3,66000,387130000C,(04)23289100,(04)25368667
3653,2023,03,10,8,15,臺中市,北區,0,2,0,8,1,5,50,4,1,1,5,4,5,7,1,1,10,5,5,2,13,23,2,9,1,1,C03,7,9,1,10,2,11,"  ",23,23,1,22,8,C03,120.682583,24.153366,2,66000,387130000C,(04)23289100,(04)25368667
3654,2023,03,10,8,23,臺中市,北屯區,0,1,0,8,1,5,50,14,9,1,5,4,5,7,4,4,1,4,5,2,16,23,2,9,1,1,C03,7,9,1,10,2,11,"  ",23,23,1,21,8,C03,120.684531,24.172525,2,66000,387130000C,(04)23289100,(04)25368667
3655,2023,03,10,8,24,臺中市,南屯區,0,1,0,8,1,5,50,14,9,1,5,4,5,7,4,4,1,5,5,2,16,23,2,8,1,4,C03,7,9,1,10,2,14,"  ",23,23,1,22,8,C03,120.621903,24.145348,2,66000,387130000C,(04)23289100,(04)25368667
3656,2023,03,10,8,26,臺中市,石岡區,0,0,0,8,1,5,50,4,9,1,5,4,5,7,4,4,5,5,5,1,15,6,"  ","  ","  ","  ",B03,"  ","  ",1,"  ",2,"  ","  ",6,"   ",1,22,"  ",B03,120.777039,24.275345,3,66000,387130000C,(04)23289100,(04)25368667
3657,2023,03,10,8,30,臺中市,北屯區,0,0,0,8,,,50,,,,,,,,,,,,,,,6,"  ","  ","  ","  ",B03,"  ","  ",1,"  ",1,"  ","  ",6,"   ",1,21,"  ",B03,120.704412,24.171712,4,66000,387130000C,(04)23289100,(04)25368667
3658,2023,03,10,8,30,臺中市,沙鹿區,0,1,0,8,1,5,20,14,9,2,5,4,5,7,4,4,10,5,5,2,17,42,2,8,1,1,C03,7,6,1,10,2,14,"  ",42,42,1,21,8,C03,120.581207,24.201772,2,66000,387130000C,(04)23289100,(04)25368667
3659,2023,03,10,8,35,臺中市,龍井區,0,1,0,8,1,5,30,14,9,1,5,4,5,7,4,4,10,5,5,2,17,23,2,9,1,1,C03,7,9,1,10,2,11,"  ",23,23,1,3,1,C03,120.587154,24.178965,2,66000,387130000C,(04)23289100,(04)25368667
3660,2023,03,10,8,38,臺中市,南區,0,1,0,8,1,5,50,4,1,1,5,4,5,7,4,4,10,5,5,2,16,1,2,9,1,1,C03,7,4,1,10,2,12,"  ",1,1,1,22,8,C03,120.673683,24.125825,2,66000,387130000C,(04)23289100,(04)25368667
3661,2023,03,10,8,44,臺中市,西屯區,0,1,0,8,1,5,50,14,9,1,5,4,5,7,4,4,10,4,5,2,16,6,2,9,3,4,C03,7,6,1,10,2,12,"  ",6,6,1,22,8,C03,120.647195,24.15676,2,66000,387130000C,(04)23289100,(04)25368667
3662,2023,03,10,8,44,臺中市,烏日區,0,1,0,8,1,5,50,4,1,1,5,4,5,7,2,1,5,5,5,1,12,8,3,10,1,1,F03,7,5,8,20,2,16,"  ",8,8,1,21,7,F03,120.638134,24.107693,2,66000,387130000C,(04)23289100,(04)25368667
3663,2023,03,10,8,49,臺中市,東區,0,2,0,8,1,5,50,5,1,1,5,4,5,7,1,1,10,5,5,2,16,25,3,10,1,1,B03,7,9,1,8,2,1,"  ",25,25,1,5,8,B03,120.694513,24.142763,2,66000,387130000C,(04)23289100,(04)25368667
3664,2023,03,10,8,50,臺中市,潭子區,0,1,0,8,1,5,50,14,9,1,5,4,5,7,4,4,9,5,5,2,13,23,3,10,1,1,B03,7,9,1,8,2,5,"  ",23,23,1,22,9,B03,120.707694,24.204249,2,66000,387130000C,(04)23289100,(04)25368667
3665,2023,03,10,8,50,臺中市,烏日區,0,1,0,8,1,5,50,5,1,1,5,4,5,7,2,1,5,4,5,1,15,25,3,10,1,1,B03,7,9,1,8,2,8,"  ",44,25,1,21,8,B03,120.643003,24.075607,2,66000,387130000C,(04)23289100,(04)25368667
3666,2023,03,10,8,53,臺中市,南屯區,0,1,0,8,1,5,50,14,8,1,5,4,5,7,4,4,5,4,4,2,16,26,3,10,1,1,B03,7,5,1,8,2,5,"  ",26,26,1,5,1,B03,120.633828,24.136696,2,66000,387130000C,(04)23289100,(04)25368667
3667,2023,03,10,8,54,臺中市,烏日區,0,3,0,8,1,5,40,8,8,1,5,4,5,7,4,4,1,5,1,1,13,23,2,9,1,1,C03,7,9,1,10,2,11,"  ",23,23,1,21,9,C03,120.583431,24.110427,2,66000,387130000C,(04)23289100,(04)25368667
3668,2023,03,10,8,55,臺中市,大雅區,0,0,0,8,,,50,,,,,,,,,,,,,,,16,"  ","  ","  ","  ",B03,"  ","  ",1,"  ",2,"  ","  ",16,"   ",1,22,"  ",B03,120.6315,24.239566,4,66000,387130000C,(04)23289100,(04)25368667
3669,2023,03,10,8,58,臺中市,龍井區,0,0,0,8,,,50,,,,,,,,,,,,,,,19,"  ","  ","  ","  ",B03,"  ","  ",1,"  ",2,"  ","  ",19,"   ",1,12,"  ",B03,120.550733,24.213391,3,66000,387130000C,(04)23289100,(04)25368667
3670,2023,03,10,9,0,臺中市,烏日區,0,0,0,,,,70,,,,,,,,,,,,,,,25,"  ","  ","  ","  ",C03,"  ","  ",1,"  ",2,"  ","  ",25,"   ",1,21,"  ",C03,120.615819,24.105908,3,66000,387130000C,(04)23289100,(04)25368667
3671,2023,03,10,9,2,臺中市,豐原區,0,1,0,8,1,5,50,4,2,1,5,4,5,7,2,1,1,4,5,1,17,10,3,10,1,1,B03,7,11,1,8,2,1,"  ",10,10,1,4,8,B03,120.729111,24.252255,2,66000,387130000C,(04)23289100,(04)25368667
3672,2023,03,10,9,5,臺中市,烏日區,0,0,0,8,1,5,50,14,7,1,5,4,5,7,4,4,5,5,4,2,13,23,3,10,3,4,B03,7,6,1,8,2,1,"  ",23,23,1,21,9,B03,120.620551,24.111003,3,66000,387130000C,(04)23289100,(04)25368667
3673,2023,03,10,9,12,臺中市,北區,0,1,0,8,1,5,50,4,1,1,5,4,5,7,4,4,10,5,5,2,15,6,3,10,1,1,B03,7,9,1,8,2,2,"  ",6,6,1,22,9,B03,120.695923,24.156781,2,66000,387130000C,(04)23289100,(04)25368667
3674,2023,03,10,9,12,臺中市,西屯區,0,1,0,8,1,5,30,9,9,1,5,4,5,7,4,4,10,5,5,1,18,42,2,7,3,4,C03,7,5,1,10,2,12,"  ",42,42,1,22,8,C03,120.628718,24.172415,2,66000,387130000C,(04)23289100,(04)25368667
3675,2023,03,10,9,13,臺中市,北屯區,0,1,0,8,1,5,50,3,1,1,5,4,5,7,1,1,10,5,5,2,16,6,3,10,1,1,B12,7,5,1,8,2,1,"  ",6,6,1,4,8,B12,120.6684,24.1992,2,66000,387130000C,(04)23289100,(04)25368667
3676,2023,03,10,9,15,臺中市,南區,0,0,0,,,,50,,,,,,,,,,,,,,,7,"  ","  ","  ","  ",B03,"  ","  ",1,"  ",9,"  ","  ",7,"   ",1,22,"  ",B03,120.690077,24.1357,3,66000,387130000C,(04)23289100,(04)25368667
3677,2023,03,10,9,17,臺中市,烏日區,0,0,0,8,,,60,,,,,,,,,,,,,,,23,"  ","  ","  ","  ",B01,"  ","  ",1,"  ",2,"  ","  ",23,23,1,22,"  ",B01,120.61483,24.10623,3,66000,387130000C,(04)23289100,(04)25368667
3678,2023,03,10,9,19,臺中市,南區,0,2,0,8,1,5,50,14,9,1,5,4,5,7,4,4,10,5,5,2,16,1,2,9,1,1,C03,7,9,1,10,2,12,"  ",1,1,1,22,9,C03,120.652798,24.116081,2,66000,387130000C,(04)23289100,(04)25368667
3679,2023,03,10,9,20,臺中市,大里區,0,0,0,8,,,50,,,,,,,,,,,,,,,23,"  ","  ","  ","  ",C03,"  ","  ",1,"  ",2,"  ","  ",23,"   ",1,22,"  ",C03,120.693455,24.092354,3,66000,387130000C,(04)23289100,(04)25368667
3680,2023,03,10,9,24,臺中市,大里區,0,0,0,8,,,50,,,,,,,,,,,,,,,23,"  ","  ","  ","  ",B02,"  ","  ",1,"  ",2,"  ","  ",23,"   ",1,22,"  ",B02,120.692547,24.102836,3,66000,387130000C,(04)23289100,(04)25368667
3681,2023,03,10,9,25,臺中市,南區,0,2,0,8,1,5,50,3,1,1,5,4,5,7,4,4,1,4,4,2,12,9,3,10,1,1,B03,7,6,1,8,2,2,"  ",9,9,1,5,8,B03,120.655198,24.115836,2,66000,387130000C,(04)23289100,(04)25368667