序號,年,月,日,時,分,縣市,區,死亡數量,受傷數量,2-30,天候,光線,道路類別,速限_速度(公里),道路型態,事故位置,路面鋪裝,路面狀態,路面缺陷,障礙物,視距,號誌種類,號誌動作,分向設施,快車道或一般車道間,快慢車道間,路面邊線,事故類型及型態,主要肇因,受傷程度,主要傷處,保護裝備,行動電話,當事者區分,車輛用途,當事者行動狀態,駕駛資格情形,駕駛執照種類,飲酒情形,車輛撞擊部位最初,車輛撞擊部位其他,肇事因素個別,肇事因素主要,肇事逃逸,職業,旅次目的,車種,GPS座標X,GPS座標Y,事故類別,縣市別代碼,機關代碼,市話,傳真
3682,2023,03,10,9,29,臺中市,龍井區,0,0,0,,,,30,,,,,,,,,,,,,,,17,"  ","  ","  ","  ",C03,"  ","  ",8,"  ",10,"  ","  ",26,23,1,5,"  ",C03,120.586399,24.181681,3,66000,387130000C,(04)23289100,(04)25368667
3683,2023,03,10,9,30,臺中市,南屯區,0,0,0,8,,,50,,,,,,,,,,,,,,,42,"  ","  ","  ","  ",C03,"  ","  ",1,"  ",1,"  ","  ",42,"   ",1,22,"  ",C03,120.649058,24.141939,3,66000,387130000C,(04)23289100,(04)25368667
3684,2023,03,10,9,30,臺中市,西屯區,0,2,0,8,1,5,50,3,8,1,5,4,5,7,1,1,10,5,5,2,13,16,2,9,1,1,C03,7,9,1,10,2,11,"  ",16,16,1,22,8,C03,120.656304,24.161768,2,66000,387130000C,(04)23289100,(04)25368667
3685,2023,03,10,9,31,臺中市,南屯區,0,1,0,8,1,5,50,3,1,1,5,4,5,7,2,1,5,4,4,2,16,6,3,10,3,4,B03,7,11,1,8,2,1,"  ",6,6,1,22,9,B03,120.615451,24.14912,2,66000,387130000C,(04)23289100,(04)25368667
3686,2023,03,10,9,32,臺中市,西屯區,0,1,0,8,1,5,50,14,9,1,5,4,5,7,4,4,1,4,5,2,12,23,2,9,1,1,C03,7,9,1,10,2,11,"  ",23,23,1,22,8,C03,120.650796,24.165114,2,66000,387130000C,(04)23289100,(04)25368667
3687,2023,03,10,9,35,臺中市,太平區,0,0,0,8,,,50,,,,,,,,,,,,,,,26,"  ","  ","  ","  ",B03,"  ","  ",6,"  ",1,"  ","  ",26,"   ",1,20,"  ",B03,120.723166,24.149422,3,66000,387130000C,(04)23289100,(04)25368667
3688,2023,03,10,9,35,臺中市,龍井區,0,1,0,8,1,5,30,4,1,1,5,4,5,7,4,4,10,5,5,2,15,6,3,10,1,1,C03,7,9,1,10,2,11,"  ",6,6,1,12,8,C03,120.519283,24.198736,2,66000,387130000C,(04)23289100,(04)25368667
3689,2023,03,10,9,38,臺中市,大甲區,0,1,0,8,1,5,50,14,9,1,5,4,5,7,4,4,9,5,5,1,13,22,2,8,1,1,C03,7,9,1,10,2,11,"  ",22,22,1,4,1,C03,120.624861,24.34451,2,66000,387130000C,(04)23289100,(04)25368667
3690,2023,03,10,9,40,臺中市,北屯區,0,0,0,8,,,80,,,,,,,,,,,,,,,7,"  ","  ","  ","  ",B12,"  ","  ",1,"  ",2,"  ","  ",7,"   ",1,21,"  ",B12,120.717405,24.157216,3,66000,387130000C,(04)23289100,(04)25368667
3691,2023,03,10,9,42,臺中市,中區,0,1,0,8,1,5,50,4,1,1,5,4,5,7,1,1,5,5,5,2,16,6,3,10,3,4,B03,7,6,1,8,2,2,"  ",6,6,1,21,8,B03,120.677642,24.144083,2,66000,387130000C,(04)23289100,(04)25368667
3692,2023,03,10,9,45,臺中市,中區,0,0,0,8,,,50,,,,,,,,,,,,,,,23,"  ","  ","  ","  ",B03,"  ","  ",1,8,1,"  ","  ",23,23,1,22,"  ",B03,120.679551,24.143923,3,66000,387130000C,(04)23289100,(04)25368667
3693,2023,03,10,9,47,臺中市,中區,0,0,0,8,,,50,,,,,,,,,,,,,,,23,"  ","  ","  ","  ",C03,"  ","  ",1,"  ",1,"  ","  ",23,"   ",1,21,"  ",C03,120.681415,24.13692,3,66000,387130000C,(04)23289100,(04)25368667
3694,2023,03,10,9,50,臺中市,潭子區,0,0,0,8,,,60,,,,,,,,,,,,,,,23,"  ","  ","  ","  ",B12,"  ","  ",1,"  ",2,"  ","  ",23,"   ",1,22,"  ",B12,120.702431,24.19457,3,66000,387130000C,(04)23289100,(04)25368667
3695,2023,03,10,9,52,臺中市,太平區,0,1,0,8,1,5,50,14,9,1,5,4,5,7,4,4,10,4,5,1,13,23,2,9,1,1,C03,7,9,1,10,2,11,"  ",23,23,1,22,5,C03,120.716554,24.132199,2,66000,387130000C,(04)23289100,(04)25368667
3696,2023,03,10,9,54,臺中市,豐原區,0,0,0,8,,,60,,,,,,,,,,,,,,,23,"  ","  ","  ","  ",B03,"  ","  ",1,"  ",2,"  ","  ",23,"   ",1,22,"  ",B03,120.703269,24.250905,3,66000,387130000C,(04)23289100,(04)25368667
3697,2023,03,10,9,56,臺中市,潭子區,0,2,0,8,1,5,50,14,20,1,5,4,5,7,4,4,10,5,5,2,16,2,2,9,1,1,C03,7,9,1,10,2,14,"  ",2,2,1,22,9,C03,120.706733,24.200314,2,66000,387130000C,(04)23289100,(04)25368667
3698,2023,03,10,10,5,臺中市,龍井區,0,0,0,,,,50,,,,,,,,,,,,,,,6,"  ","  ","  ","  ",C03,"  ","  ",1,"  ",2,"  ","  ",23,"   ",1,18,"  ",C03,120.5926,24.181542,3,66000,387130000C,(04)23289100,(04)25368667
3699,2023,03,10,10,8,臺中市,龍井區,0,0,0,8,,,50,,,,,,,,,,,,,,,23,"  ","  ","  ","  ",B03,"  ","  ",1,"  ",11,"  ","  ",23,"   ",1,22,"  ",B03,120.590793,24.190076,3,66000,387130000C,(04)23289100,(04)25368667
3700,2023,03,10,10,10,臺中市,西屯區,0,2,0,8,1,5,50,3,1,1,5,4,5,7,4,4,5,5,5,1,17,8,2,9,1,1,C03,7,5,1,10,2,11,"  ",8,8,1,1,9,C03,120.616173,24.187227,2,66000,387130000C,(04)23289100,(04)25368667
3701,2023,03,10,10,12,臺中市,北屯區,0,3,0,8,1,5,50,3,2,1,5,4,5,7,1,1,1,2,5,2,13,16,3,10,1,1,A02,7,9,1,6,2,5,"  ",16,16,1,10,4,A02,120.698376,24.173236,2,66000,387130000C,(04)23289100,(04)25368667
3702,2023,03,10,10,13,臺中市,北屯區,0,1,0,8,1,5,50,4,1,1,5,4,5,7,1,1,10,5,5,2,13,23,3,10,1,1,C03,7,9,1,10,2,11,"  ",23,23,1,21,8,C03,120.676394,24.176982,2,66000,387130000C,(04)23289100,(04)25368667
3703,2023,03,10,10,14,臺中市,南屯區,0,1,0,8,1,5,50,3,2,1,5,4,5,7,4,4,10,5,5,2,11,23,2,9,1,1,C03,7,5,1,10,2,11,"  ",23,23,1,5,8,C03,120.644831,24.152403,2,66000,387130000C,(04)23289100,(04)25368667
3704,2023,03,10,10,14,臺中市,北屯區,0,0,0,8,,,50,,,,,,,,,,,,,,,16,"  ","  ","  ","  ",B03,"  ","  ",1,"  ",2,"  ","  ",16,"   ",1,5,"  ",B03,120.7132,24.1729,3,66000,387130000C,(04)23289100,(04)25368667
3705,2023,03,10,10,16,臺中市,東區,0,1,0,8,1,5,50,3,1,1,5,4,5,7,4,4,10,5,5,2,16,6,3,10,1,1,B03,7,5,1,8,2,4,"  ",6,6,1,5,8,B03,120.699561,24.145367,2,66000,387130000C,(04)23289100,(04)25368667
3706,2023,03,10,10,17,臺中市,南區,0,1,0,8,1,5,50,14,8,1,5,4,5,7,4,4,5,4,4,2,16,6,3,10,1,1,B03,7,5,1,8,2,8,"  ",6,6,1,22,9,B03,120.650401,24.111268,2,66000,387130000C,(04)23289100,(04)25368667
3707,2023,03,10,10,17,臺中市,南屯區,0,0,0,8,1,5,60,14,7,1,5,4,5,7,1,1,1,2,3,2,13,23,"  ","  ","  ","  ",B12,"  ","  ",1,"  ",1,"  ","  ",23,"   ",1,5,"  ",B12,120.623159,24.139623,3,66000,387130000C,(04)23289100,(04)25368667
3708,2023,03,10,10,18,臺中市,霧峰區,0,1,0,8,1,5,60,3,1,1,5,4,5,7,1,1,10,5,5,2,12,17,3,10,1,1,B12,7,9,1,8,2,2,"  ",17,17,1,9,8,B12,120.695153,24.052124,2,66000,387130000C,(04)23289100,(04)25368667
3709,2023,03,10,10,23,臺中市,豐原區,0,1,0,8,1,5,50,14,9,1,5,4,5,7,4,4,1,3,5,2,12,42,3,10,1,1,B03,7,9,1,8,2,2,"  ",42,42,1,19,5,B03,120.729605,24.256019,2,66000,387130000C,(04)23289100,(04)25368667
3710,2023,03,10,10,26,臺中市,神岡區,0,1,0,8,1,5,50,4,1,1,5,4,5,7,1,3,5,4,4,2,15,6,3,10,1,4,B03,7,9,1,8,2,5,"  ",6,6,1,22,9,B03,120.699541,24.25103,2,66000,387130000C,(04)23289100,(04)25368667
3711,2023,03,10,10,27,臺中市,南屯區,0,1,0,8,1,5,50,4,1,1,5,4,5,7,1,1,10,5,5,2,16,6,3,10,1,1,B01,7,6,1,4,2,6,"  ",6,6,1,10,8,B01,120.640585,24.151225,2,66000,387130000C,(04)23289100,(04)25368667
3712,2023,03,10,10,27,臺中市,烏日區,0,0,0,8,1,5,30,4,1,1,5,4,5,7,4,4,10,5,5,1,16,6,3,10,3,4,B12,7,9,1,8,2,5,"  ",6,6,1,21,9,B12,120.634878,24.070716,3,66000,387130000C,(04)23289100,(04)25368667
3713,2023,03,10,10,28,臺中市,北區,0,0,0,8,,,50,,,,,,,,,,,,,,,23,"  ","  ","  ","  ",B12,"  ","  ",1,"  ",1,"  ","  ",23,"   ",1,5,"  ",B12,120.68726,24.15571,3,66000,387130000C,(04)23289100,(04)25368667
3714,2023,03,10,10,32,臺中市,太平區,0,0,0,8,,,30,,,,,,,,,,,,,,,42,"  ","  ","  ","  ",B12,"  ","  ",1,"  ",2,"  ","  ",42,"   ",1,9,"  ",B12,120.72861,24.155158,3,66000,387130000C,(04)23289100,(04)25368667
3715,2023,03,10,10,36,臺中市,大里區,0,0,0,8,,,60,,,,,,,,,,,,,,,23,"  ","  ","  ","  ",C03,"  ","  ",1,"  ",2,"  ","  ",23,"   ",1,12,"  ",C03,120.675346,24.103136,3,66000,387130000C,(04)23289100,(04)25368667
3716,2023,03,10,10,37,臺中市,豐原區,0,2,0,8,1,5,50,4,1,1,5,4,5,7,1,1,10,5,5,2,16,6,2,9,1,1,C03,7,5,1,10,2,14,"  ",6,6,1,22,8,C03,120.714102,24.251991,2,66000,387130000C,(04)23289100,(04)25368667
3717,2023,03,10,10,39,臺中市,西屯區,0,0,0,8,,,30,,,,,,,,,,,,,,,12,"  ","  ","  ","  ",A11,"  ","  ",1,"  ",2,"  ","  ",12,"   ",1,4,"  ",A11,120.646976,24.182878,3,66000,387130000C,(04)23289100,(04)25368667
3718,2023,03,10,10,42,臺中市,北屯區,0,0,0,8,,,50,,,,,,,,,,,,,,,26,"  ","  ","  ","  ",C03,"  ","  ",1,"  ",2,"  ","  ",26,"   ",1,21,"  ",C03,120.733348,24.170183,3,66000,387130000C,(04)23289100,(04)25368667
3719,2023,03,10,10,44,臺中市,神岡區,0,0,0,8,,,50,,,,,,,,,,,,,,,23,"  ","  ","  ","  ",B03,"  ","  ",1,"  ",1,"  ","  ",23,"   ",1,22,"  ",B03,120.698548,24.24864,3,66000,387130000C,(04)23289100,(04)25368667
3720,2023,03,10,10,46,臺中市,大里區,0,0,0,8,1,5,50,4,1,1,5,4,5,7,4,4,5,5,5,1,15,6,"  ","  ","  ","  ",C03,"  ","  ",1,"  ",2,"  ","  ",6,"   ",1,22,"  ",C03,120.675893,24.107876,3,66000,387130000C,(04)23289100,(04)25368667
3721,2023,03,10,10,49,臺中市,東區,0,1,0,8,1,5,50,4,1,1,5,4,5,7,1,1,10,5,5,2,16,27,3,10,1,1,B03,7,6,1,8,2,2,"  ",27,27,1,22,8,B03,120.70993,24.14078,2,66000,387130000C,(04)23289100,(04)25368667
3722,2023,03,10,10,50,臺中市,沙鹿區,0,0,0,8,,,60,,,,,,,,,,,,,,,23,"  ","  ","  ","  ",B03,"  ","  ",1,"  ",2,"  ","  ",23,"   ",1,3,"  ",B03,120.581243,24.206029,3,66000,387130000C,(04)23289100,(04)25368667
3723,2023,03,10,10,50,臺中市,豐原區,0,0,0,8,,,30,,,,,,,,,,,,,,,16,"  ","  ","  ","  ",C03,"  ","  ",1,"  ",2,"  ","  ",16,"   ",1,22,"  ",C03,120.730315,24.244351,3,66000,387130000C,(04)23289100,(04)25368667
3724,2023,03,10,10,53,臺中市,南區,0,0,0,8,,,50,,,,,,,,,,,,,,,23,"  ","  ","  ","  ",B03,"  ","  ",1,"  ",2,"  ","  ",23,"   ",1,20,"  ",B03,120.662755,24.125128,3,66000,387130000C,(04)23289100,(04)25368667
3725,2023,03,10,10,53,臺中市,南屯區,0,0,0,8,1,5,40,14,16,1,5,4,5,7,4,4,10,5,5,2,12,17,"  ","  ","  ","  ",A12,"  ","  ",1,"  ",1,"  ","  ",17,"   ",2,5,"  ",A12,120.623241,24.137107,3,66000,387130000C,(04)23289100,(04)25368667
3726,2023,03,10,10,56,臺中市,霧峰區,0,1,0,8,1,5,50,14,9,1,5,4,5,7,4,4,5,2,5,1,13,23,2,9,1,1,C03,7,9,1,8,2,11,"  ",23,23,1,22,9,C03,120.696914,24.069552,2,66000,387130000C,(04)23289100,(04)25368667
3727,2023,03,10,10,58,臺中市,東區,0,1,0,8,1,5,50,4,2,1,5,4,5,7,4,4,5,2,5,2,12,26,2,7,1,1,C03,7,9,1,10,2,14,"  ",26,26,1,5,8,C03,120.685007,24.129286,2,66000,387130000C,(04)23289100,(04)25368667
3728,2023,03,10,11,3,臺中市,南屯區,0,0,0,8,,,50,,,,,,,,,,,,,,,23,"  ","  ","  ","  ",B03,"  ","  ",1,"  ",1,"  ","  ",23,"   ",1,22,"  ",B03,120.624122,24.149244,3,66000,387130000C,(04)23289100,(04)25368667
3729,2023,03,10,11,11,臺中市,石岡區,0,0,0,8,,,50,,,,,,,,,,,,,,,6,"  ","  ","  ","  ",C03,"  ","  ",1,"  ",2,"  ","  ",6,"   ",1,21,"  ",C03,120.776098,24.27608,3,66000,387130000C,(04)23289100,(04)25368667
3730,2023,03,10,11,15,臺中市,后里區,0,1,0,8,1,5,40,3,1,1,5,4,5,7,1,1,10,5,5,2,16,44,3,10,1,1,A02,7,9,1,2,2,5,"  ",44,44,1,10,8,A02,120.711546,24.307082,2,66000,387130000C,(04)23289100,(04)25368667
3731,2023,03,10,11,18,臺中市,梧棲區,0,0,0,8,,,50,,,,,,,,,,,,,,,19,"  ","  ","  ","  ",B12,"  ","  ",1,"  ",2,"  ","  ",19,"   ",1,3,"  ",B12,120.532852,24.259667,3,66000,387130000C,(04)23289100,(04)25368667
3732,2023,03,10,11,19,臺中市,北區,0,0,0,8,,,50,,,,,,,,,,,,,,,19,"  ","  ","  ","  ",B03,"  ","  ",1,"  ",2,"  ","  ",19,"   ",1,5,"  ",B03,120.672255,24.1586,3,66000,387130000C,(04)23289100,(04)25368667
3733,2023,03,10,11,24,臺中市,潭子區,0,1,0,8,1,5,50,4,1,1,5,4,5,7,1,1,5,4,4,2,17,25,2,9,1,1,C03,7,9,3,18,2,12,"  ",25,25,1,22,8,C03,120.703197,24.207223,2,66000,387130000C,(04)23289100,(04)25368667
3734,2023,03,10,11,24,臺中市,西區,0,2,0,8,1,5,50,4,1,1,5,4,5,7,4,4,5,5,5,2,12,6,2,9,3,4,C03,7,5,1,10,2,14,"  ",6,6,1,21,8,C03,120.661675,24.149771,2,66000,387130000C,(04)23289100,(04)25368667
3735,2023,03,10,11,25,臺中市,北屯區,0,0,0,8,,,80,,,,,,,,,,,,,,,23,"  ","  ","  ","  ",B03,"  ","  ",1,"  ",1,"  ","  ",23,"   ",1,2,"  ",B03,120.720732,24.168675,3,66000,387130000C,(04)23289100,(04)25368667
3736,2023,03,10,11,25,臺中市,大甲區,0,0,0,8,,,30,,,,,,,,,,,,,,,19,"  ","  ","  ","  ",B03,"  ","  ",1,"  ",2,"  ","  ",19,"   ",1,22,"  ",B03,120.62087,24.336896,3,66000,387130000C,(04)23289100,(04)25368667
3737,2023,03,10,11,27,臺中市,太平區,0,1,0,8,1,5,50,4,1,1,5,4,5,7,1,1,10,5,5,2,18,23,2,9,1,1,F01,7,15,8,20,2,16,"  ",23,23,1,22,5,F01,120.717488,24.123608,2,66000,387130000C,(04)23289100,(04)25368667
3738,2023,03,10,11,28,臺中市,神岡區,0,1,0,8,1,5,30,4,1,1,5,4,5,7,4,4,10,5,5,1,13,16,3,10,1,4,C03,7,9,1,10,1,11,"  ",16,16,1,22,9,C03,120.699658,24.264831,2,66000,387130000C,(04)23289100,(04)25368667
3739,2023,03,10,11,30,臺中市,沙鹿區,0,0,0,8,,,50,,,,,,,,,,,,,,,23,"  ","  ","  ","  ",B03,"  ","  ",1,"  ",2,"  ","  ",23,"   ",1,21,"  ",B03,120.56261,24.236665,3,66000,387130000C,(04)23289100,(04)25368667
3740,2023,03,10,11,30,臺中市,沙鹿區,0,1,0,8,1,5,50,14,7,1,5,4,5,7,4,4,9,5,4,2,17,42,3,10,1,1,B12,7,5,1,2,2,4,"  ",42,42,1,4,3,B12,120.577891,24.222814,2,66000,387130000C,(04)23289100,(04)25368667
3741,2023,03,10,11,31,臺中市,北屯區,0,0,0,8,,,40,,,,,,,,,,,,,,,23,"  ","  ","  ","  ",B03,"  ","  ",1,"  ",1,"  ","  ",23,"   ",1,2,"  ",B03,120.6683,24.1786,3,66000,387130000C,(04)23289100,(04)25368667
3742,2023,03,10,11,40,臺中市,大雅區,0,0,0,8,,,60,,,,,,,,,,,,,,,26,"  ","  ","  ","  ",B03,"  ","  ",1,"  ",2,"  ","  ",26,"   ",1,22,"  ",B03,120.644809,24.226532,3,66000,387130000C,(04)23289100,(04)25368667
3743,2023,03,10,11,40,臺中市,大雅區,0,1,0,8,1,5,50,14,9,1,5,4,5,7,4,4,1,4,5,1,13,16,2,9,1,1,C03,7,9,1,10,2,11,"  ",16,16,1,22,9,C03,120.645503,24.224691,2,66000,387130000C,(04)23289100,(04)25368667
3744,2023,03,10,11,43,臺中市,大肚區,0,0,0,8,,,30,,,,,,,,,,,,,,,12,"  ","  ","  ","  ",B12,"  ","  ",1,"  ",2,"  ","  ",12,"   ",1,21,"  ",B12,120.576182,24.118965,3,66000,387130000C,(04)23289100,(04)25368667
3745,2023,03,10,11,45,臺中市,西區,0,1,0,8,1,5,50,4,1,1,5,4,5,7,1,1,10,5,5,2,16,6,3,10,1,1,B03,7,5,1,8,2,2,"  ",6,6,1,5,8,B03,120.671996,24.146246,2,66000,387130000C,(04)23289100,(04)25368667
3746,2023,03,10,11,45,臺中市,豐原區,0,0,0,,,,50,,,,,,,,,,,,,,,42,"  ","  ","  ","  ",B03,"  ","  ",1,"  ",1,"  ","  ",42,42,1,22,"  ",B03,120.701151,24.25036,3,66000,387130000C,(04)23289100,(04)25368667
3747,2023,03,10,11,58,臺中市,南屯區,0,0,0,8,,,50,,,,,,,,,,,,,,,12,"  ","  ","  ","  ",B12,"  ","  ",1,"  ",1,"  ","  ",12,"   ",1,4,"  ",B12,120.627539,24.139606,3,66000,387130000C,(04)23289100,(04)25368667
3748,2023,03,10,12,0,臺中市,北屯區,0,0,0,8,,,50,,,,,,,,,,,,,,,23,"  ","  ","  ","  ",B03,"  ","  ",1,"  ",1,"  ","  ",23,"   ",1,21,"  ",B03,120.693791,24.163847,4,66000,387130000C,(04)23289100,(04)25368667
3749,2023,03,10,12,0,臺中市,清水區,0,0,0,8,,,70,,,,,,,,,,,,,,,26,"  ","  ","  ","  ",B03,"  ","  ",1,"  ",2,"  ","  ",26,"   ",1,22,"  ",B03,120.540499,24.289562,3,66000,387130000C,(04)23289100,(04)25368667
3750,2023,03,10,12,2,臺中市,西屯區,0,1,0,8,1,5,50,3,1,1,5,4,5,7,4,4,5,4,5,2,16,7,3,10,1,1,B03,7,8,1,8,2,5,"  ",7,7,1,22,9,B03,120.62084,24.186991,2,66000,387130000C,(04)23289100,(04)25368667
3751,2023,03,10,12,3,臺中市,南屯區,0,0,0,8,1,5,50,14,9,1,5,4,5,7,4,4,9,5,5,2,14,12,"  ","  ","  ","  ",C03,"  ","  ",1,"  ",1,"  ","  ",12,"   ",1,5,"  ",C03,120.630188,24.150174,3,66000,387130000C,(04)23289100,(04)25368667
3752,2023,03,10,12,4,臺中市,大安區,0,1,0,8,1,5,50,14,9,1,5,4,5,7,4,4,9,5,5,1,12,17,3,10,1,1,B03,7,4,1,8,2,2,"  ",17,17,1,22,8,B03,120.595843,24.345605,2,66000,387130000C,(04)23289100,(04)25368667
3753,2023,03,10,12,8,臺中市,南區,0,1,0,8,1,5,50,4,1,1,5,4,5,7,4,4,10,5,5,2,18,23,2,9,1,1,C03,7,9,1,10,2,12,"  ",23,23,1,22,9,C03,120.67714,24.124895,2,66000,387130000C,(04)23289100,(04)25368667
3754,2023,03,10,12,11,臺中市,梧棲區,0,1,0,8,1,5,40,4,1,1,5,4,5,7,4,4,10,5,5,2,15,6,2,9,1,1,C03,7,9,1,10,2,12,"  ",6,6,1,4,8,C03,120.557883,24.241835,2,66000,387130000C,(04)23289100,(04)25368667
3755,2023,03,10,12,15,臺中市,霧峰區,0,0,0,8,,,50,,,,,,,,,,,,,,,23,"  ","  ","  ","  ",C03,"  ","  ",1,"  ",2,"  ","  ",23,"   ",1,22,"  ",C03,120.702638,24.070024,3,66000,387130000C,(04)23289100,(04)25368667
3756,2023,03,10,12,20,臺中市,南屯區,0,0,0,8,,,50,,,,,,,,,,,,,,,26,"  ","  ","  ","  ",B03,"  ","  ",1,"  ",1,"  ","  ",26,"   ",1,22,"  ",B03,120.638701,24.132075,3,66000,387130000C,(04)23289100,(04)25368667
3757,2023,03,10,12,20,臺中市,西屯區,0,1,0,8,1,5,50,14,9,1,5,4,5,7,4,4,5,5,5,2,13,16,2,8,3,4,C03,7,9,1,10,2,11,"  ",16,16,1,22,8,C03,120.649394,24.168125,2,66000,387130000C,(04)23289100,(04)25368667
3758,2023,03,10,12,22,臺中市,西屯區,0,1,0,8,1,5,40,14,8,1,5,4,5,7,4,4,1,5,1,2,13,16,3,10,1,1,C03,7,9,1,10,2,11,"  ",16,16,1,22,8,C03,120.604583,24.183532,2,66000,387130000C,(04)23289100,(04)25368667
3759,2023,03,10,12,24,臺中市,北區,0,2,0,8,1,5,40,3,1,1,5,4,5,7,4,4,1,4,4,2,16,4,2,8,1,1,C03,7,5,1,10,2,11,"  ",4,4,1,5,8,C03,120.672678,24.169343,2,66000,387130000C,(04)23289100,(04)25368667
3760,2023,03,10,12,25,臺中市,大里區,0,0,0,8,,,50,,,,,,,,,,,,,,,19,"  ","  ","  ","  ",B03,"  ","  ",1,"  ",2,"  ","  ",19,"   ",1,22,"  ",B03,120.694671,24.111811,3,66000,387130000C,(04)23289100,(04)25368667
3761,2023,03,10,12,25,臺中市,大甲區,0,0,0,8,,,50,,,,,,,,,,,,,,,18,"  ","  ","  ","  ",B03,"  ","  ",1,"  ",2,"  ","  ",18,"   ",1,22,"  ",B03,120.623319,24.345663,3,66000,387130000C,(04)23289100,(04)25368667
3762,2023,03,10,12,33,臺中市,神岡區,0,1,0,8,1,5,30,3,1,1,5,4,5,3,4,4,10,5,5,2,16,6,3,10,3,4,B03,7,5,1,8,2,8,"  ",6,6,1,22,9,B03,120.69415,24.24571,2,66000,387130000C,(04)23289100,(04)25368667
3763,2023,03,10,12,35,臺中市,西屯區,0,0,0,8,,,1,,,,,,,,,,,,,,,43,"  ","  ","  ","  ",C03,"  ","  ",1,"  ",1,"  ","  ",43,"   ",1,22,"  ",C03,120.655935,24.164186,3,66000,387130000C,(04)23289100,(04)25368667
3764,2023,03,10,12,38,臺中市,西區,0,0,0,,,,50,,,,,,,,,,,,,,,42,"  ","  ","  ","  ",C03,"  ","  ",1,"  ",9,"  ","  ",42,"   ",1,21,"  ",C03,120.661504,24.132657,3,66000,387130000C,(04)23289100,(04)25368667
3765,2023,03,10,12,40,臺中市,豐原區,0,0,0,8,,,60,,,,,,,,,,,,,,,42,"  ","  ","  ","  ",B12,"  ","  ",1,"  ",2,"  ","  ",42,"   ",1,22,"  ",B12,120.737435,24.250823,3,66000,387130000C,(04)23289100,(04)25368667
3766,2023,03,10,12,41,臺中市,南區,0,0,0,8,,,50,,,,,,,,,,,,,,,8,"  ","  ","  ","  ",B03,"  ","  ",1,"  ",2,"  ","  ",8,"   ",1,20,"  ",B03,120.6519,24.121771,3,66000,387130000C,(04)23289100,(04)25368667
3767,2023,03,10,12,45,臺中市,西區,0,0,0,,,,50,,,,,,,,,,,,,,,23,"  ","  ","  ","  ",B12,"  ","  ",1,"  ",1,"  ","  ",23,"   ",1,21,"  ",B12,120.657248,24.144404,3,66000,387130000C,(04)23289100,(04)25368667
3768,2023,03,10,12,45,臺中市,西屯區,0,2,0,8,1,5,40,14,7,1,5,4,5,7,4,4,5,4,4,1,17,7,3,10,1,1,B03,7,7,1,8,2,4,"  ",7,7,1,1,9,B03,120.611832,24.193146,2,66000,387130000C,(04)23289100,(04)25368667
3769,2023,03,10,12,48,臺中市,大肚區,0,1,0,8,1,5,30,4,1,1,5,4,5,7,4,4,10,5,5,2,15,6,2,9,1,1,C03,7,9,3,18,2,11,"  ",6,6,1,19,8,C03,120.536031,24.172888,2,66000,387130000C,(04)23289100,(04)25368667
3770,2023,03,10,12,50,臺中市,北屯區,0,1,0,8,1,5,50,4,1,1,5,4,5,7,1,1,10,5,5,2,3,15,3,10,1,1,A05,7,5,1,2,2,4,"  ",15,15,1,10,4,A05,120.685819,24.175797,2,66000,387130000C,(04)23289100,(04)25368667
3771,2023,03,10,12,50,臺中市,神岡區,0,2,0,8,1,5,30,4,1,1,5,4,5,7,4,4,10,5,5,2,15,6,2,9,1,4,C03,7,9,1,10,2,12,"  ",6,6,1,22,9,C03,120.697137,24.252025,2,66000,387130000C,(04)23289100,(04)25368667
3772,2023,03,10,12,55,臺中市,大甲區,0,2,0,8,1,5,30,4,1,1,5,4,5,7,4,4,10,5,5,2,15,6,2,9,1,1,C03,7,9,1,10,2,11,"  ",6,6,1,22,1,C03,120.633913,24.344041,2,66000,387130000C,(04)23289100,(04)25368667
3773,2023,03,10,12,56,臺中市,西屯區,0,0,0,8,,,30,,,,,,,,,,,,,,,23,"  ","  ","  ","  ",B03,"  ","  ",1,"  ",1,"  ","  ",23,"   ",1,4,"  ",B03,120.63896,24.18061,3,66000,387130000C,(04)23289100,(04)25368667
3774,2023,03,10,12,57,臺中市,南屯區,0,0,0,8,,,40,,,,,,,,,,,,,,,26,"  ","  ","  ","  ",C03,"  ","  ",1,"  ",2,"  ","  ",26,26,1,5,"  ",C03,120.623141,24.145201,3,66000,387130000C,(04)23289100,(04)25368667
3775,2023,03,10,12,59,臺中市,梧棲區,0,0,0,8,,,50,,,,,,,,,,,,,,,23,"  ","  ","  ","  ",C03,"  ","  ",1,"  ",2,"  ","  ",23,"   ",1,22,"  ",C03,120.54086,24.255906,4,66000,387130000C,(04)23289100,(04)25368667
3776,2023,03,10,13,3,臺中市,北區,0,0,0,8,,,50,,,,,,,,,,,,,,,12,"  ","  ","  ","  ",B03,"  ","  ",1,"  ",1,"  ","  ",12,"   ",1,5,"  ",B03,120.675606,24.148682,3,66000,387130000C,(04)23289100,(04)25368667