序號,年,月,日,時,分,縣市,區,死亡數量,受傷數量,2-30,天候,光線,道路類別,速限_速度(公里),道路型態,事故位置,路面鋪裝,路面狀態,路面缺陷,障礙物,視距,號誌種類,號誌動作,分向設施,快車道或一般車道間,快慢車道間,路面邊線,事故類型及型態,主要肇因,受傷程度,主要傷處,保護裝備,行動電話,當事者區分,車輛用途,當事者行動狀態,駕駛資格情形,駕駛執照種類,飲酒情形,車輛撞擊部位最初,車輛撞擊部位其他,肇事因素個別,肇事因素主要,肇事逃逸,職業,旅次目的,車種,GPS座標X,GPS座標Y,事故類別,縣市別代碼,機關代碼,市話,傳真
3777,2023,03,10,13,5,臺中市,烏日區,0,0,0,8,,,30,,,,,,,,,,,,,,,26,"  ","  ","  ","  ",B03,"  ","  ",1,"  ",9,"  ","  ",26,26,1,21,"  ",B03,120.618638,24.113628,3,66000,387130000C,(04)23289100,(04)25368667
3778,2023,03,10,13,16,臺中市,西屯區,0,0,0,8,,,50,,,,,,,,,,,,,,,23,"  ","  ","  ","  ",C03,"  ","  ",1,"  ",1,"  ","  ",23,"   ",1,4,"  ",C03,120.645007,24.178822,3,66000,387130000C,(04)23289100,(04)25368667
3779,2023,03,10,13,22,臺中市,中區,0,2,0,8,1,5,50,4,1,1,5,4,5,7,1,1,5,2,4,1,16,26,3,10,1,1,B03,7,9,1,8,2,1,"  ",23,26,1,21,8,B03,120.681512,24.136542,2,66000,387130000C,(04)23289100,(04)25368667
3780,2023,03,10,13,23,臺中市,北屯區,0,1,0,8,1,5,50,14,9,1,5,4,5,7,4,4,5,5,5,2,12,1,3,10,1,1,B11,7,4,1,8,2,2,"  ",1,1,1,4,8,B11,120.6909,24.1809,2,66000,387130000C,(04)23289100,(04)25368667
3781,2023,03,10,13,25,臺中市,北區,0,0,0,8,,,50,,,,,,,,,,,,,,,17,"  ","  ","  ","  ",B03,"  ","  ",1,"  ",11,"  ","  ",17,"   ",2,22,"  ",B03,120.680531,24.154611,3,66000,387130000C,(04)23289100,(04)25368667
3782,2023,03,10,13,25,臺中市,西屯區,0,1,0,8,1,5,30,4,1,1,5,4,5,7,4,4,10,5,5,2,15,6,3,10,3,4,B03,7,9,1,8,2,5,"  ",6,6,1,22,8,B03,120.648128,24.176188,2,66000,387130000C,(04)23289100,(04)25368667
3783,2023,03,10,13,25,臺中市,豐原區,0,0,0,8,,,50,,,,,,,,,,,,,,,18,"  ","  ","  ","  ",B12,"  ","  ",1,"  ",2,"  ","  ",18,"   ",1,22,"  ",B12,120.732108,24.255347,3,66000,387130000C,(04)23289100,(04)25368667
3784,2023,03,10,13,26,臺中市,龍井區,0,0,0,,,,60,,,,,,,,,,,,,,,23,"  ","  ","  ","  ",B03,"  ","  ",1,"  ",2,"  ","  ",23,"   ",1,22,"  ",B03,120.592312,24.183272,3,66000,387130000C,(04)23289100,(04)25368667
3785,2023,03,10,13,33,臺中市,大甲區,0,0,0,8,1,4,40,4,2,1,5,4,5,7,3,1,4,4,5,1,15,26,3,10,3,4,A12,7,6,1,7,2,8,"  ",26,6,1,5,1,A12,120.630376,24.346919,3,66000,387130000C,(04)23289100,(04)25368667
3786,2023,03,10,13,37,臺中市,西區,0,0,0,8,,,50,,,,,,,,,,,,,,,17,"  ","  ","  ","  ",B01,"  ","  ",1,"  ",1,"  ","  ",17,"   ",1,21,"  ",B01,120.656526,24.150495,3,66000,387130000C,(04)23289100,(04)25368667
3787,2023,03,10,13,37,臺中市,北屯區,0,1,0,8,1,5,50,3,1,1,5,4,5,7,4,4,5,4,5,1,16,27,3,10,1,1,B03,7,6,1,8,2,2,"  ",27,27,1,21,8,B03,120.680006,24.176093,2,66000,387130000C,(04)23289100,(04)25368667
3788,2023,03,10,13,37,臺中市,西屯區,0,0,0,8,,,50,,,,,,,,,,,,,,,12,"  ","  ","  ","  ",B03,"  ","  ",1,"  ",2,"  ","  ",12,"   ",1,22,"  ",B03,120.620474,24.171548,3,66000,387130000C,(04)23289100,(04)25368667
3789,2023,03,10,13,37,臺中市,沙鹿區,0,1,0,8,1,5,50,4,1,1,5,4,5,6,3,1,10,5,5,2,16,6,3,10,1,1,B03,7,9,1,8,2,2,"  ",6,6,1,22,9,B03,120.564279,24.236543,2,66000,387130000C,(04)23289100,(04)25368667
3790,2023,03,10,13,40,臺中市,南屯區,0,1,0,8,1,5,50,4,1,1,5,4,5,7,1,1,10,5,5,2,16,6,3,10,1,1,B03,7,6,1,8,2,2,"  ",6,6,1,4,8,B03,120.653038,24.134957,2,66000,387130000C,(04)23289100,(04)25368667
3791,2023,03,10,13,43,臺中市,太平區,0,1,0,8,1,5,50,14,9,1,5,4,5,7,4,4,5,5,5,1,17,23,2,8,1,1,C03,7,9,1,10,2,11,"  ",23,23,1,22,8,C03,120.732213,24.139056,2,66000,387130000C,(04)23289100,(04)25368667
3792,2023,03,10,13,45,臺中市,西區,0,0,0,,,,50,,,,,,,,,,,,,,,19,"  ","  ","  ","  ",B03,"  ","  ",1,"  ",2,"  ","  ",19,"   ",1,20,"  ",B03,120.67502,24.149051,3,66000,387130000C,(04)23289100,(04)25368667
3793,2023,03,10,13,45,臺中市,北屯區,0,1,0,8,1,5,50,4,1,1,5,4,5,7,1,1,10,5,5,2,16,6,3,10,1,1,B03,7,6,1,8,2,2,"  ",6,6,1,21,8,B03,120.67837,24.184174,2,66000,387130000C,(04)23289100,(04)25368667
3794,2023,03,10,13,49,臺中市,南屯區,0,0,0,8,,,50,,,,,,,,,,,,,,,18,"  ","  ","  ","  ",B03,"  ","  ",1,"  ",1,"  ","  ",18,"   ",1,22,"  ",B03,120.654615,24.131042,3,66000,387130000C,(04)23289100,(04)25368667
3795,2023,03,10,13,52,臺中市,西區,0,0,0,8,,,50,,,,,,,,,,,,,,,23,"  ","  ","  ","  ",B03,"  ","  ",1,"  ",1,"  ","  ",23,"   ",1,5,"  ",B03,120.65878,24.147868,3,66000,387130000C,(04)23289100,(04)25368667
3796,2023,03,10,13,52,臺中市,西屯區,0,1,0,8,1,5,30,14,9,1,5,4,5,7,4,4,10,5,5,1,13,16,2,9,1,1,C03,7,9,1,10,1,11,"  ",16,16,1,1,9,C03,120.62567,24.190303,2,66000,387130000C,(04)23289100,(04)25368667
3797,2023,03,10,13,55,臺中市,南屯區,0,1,0,8,1,5,50,4,1,1,5,4,5,7,1,1,10,5,5,2,16,26,3,10,1,1,B03,7,6,1,8,2,5,"  ",26,26,1,22,8,B03,120.623133,24.149383,2,66000,387130000C,(04)23289100,(04)25368667
3798,2023,03,10,13,57,臺中市,南屯區,0,0,0,8,,,50,,,,,,,,,,,,,,,7,"  ","  ","  ","  ",B03,"  ","  ",1,"  ",9,"  ","  ",7,7,2,5,"  ",B03,120.635711,24.143383,3,66000,387130000C,(04)23289100,(04)25368667
3799,2023,03,10,13,57,臺中市,北屯區,0,1,0,8,1,5,50,3,2,1,5,4,5,7,4,4,5,4,5,2,16,23,2,9,1,1,C03,7,4,1,10,2,12,"  ",23,23,1,22,8,C03,120.682114,24.192361,2,66000,387130000C,(04)23289100,(04)25368667
3800,2023,03,10,14,0,臺中市,中區,0,1,0,8,1,5,50,4,1,1,5,4,5,7,1,1,10,5,5,2,17,8,3,10,1,1,B03,7,5,1,8,1,15,"  ",8,8,1,21,8,B03,120.681454,24.139382,2,66000,387130000C,(04)23289100,(04)25368667
3801,2023,03,10,14,0,臺中市,梧棲區,0,0,0,8,,,60,,,,,,,,,,,,,,,12,"  ","  ","  ","  ",B03,"  ","  ",1,"  ",1,"  ","  ",12,"   ",1,22,"  ",B03,120.54076,24.261121,3,66000,387130000C,(04)23289100,(04)25368667
3802,2023,03,10,14,2,臺中市,太平區,0,0,0,8,,,50,,,,,,,,,,,,,,,16,"  ","  ","  ","  ",C03,"  ","  ",1,"  ",1,"  ","  ",16,"   ",1,5,"  ",C03,120.705007,24.159455,3,66000,387130000C,(04)23289100,(04)25368667
3803,2023,03,10,14,2,臺中市,梧棲區,0,0,0,8,,,60,,,,,,,,,,,,,,,43,"  ","  ","  ","  ",B03,"  ","  ",1,"  ",11,"  ","  ",43,"   ",1,3,"  ",B03,120.539698,24.257595,3,66000,387130000C,(04)23289100,(04)25368667
3804,2023,03,10,14,8,臺中市,北屯區,0,2,0,8,1,5,50,14,7,1,5,4,5,7,4,4,9,5,4,1,3,51,2,9,4,1,H01,8,18,8,20,10,16,"  ",51,51,1,21,8,H01,120.682953,24.17109,2,66000,387130000C,(04)23289100,(04)25368667
3805,2023,03,10,14,16,臺中市,烏日區,0,0,0,8,,,60,,,,,,,,,,,,,,,17,"  ","  ","  ","  ",B03,"  ","  ",1,"  ",2,"  ","  ",17,"   ",1,4,"  ",B03,120.648223,24.084268,3,66000,387130000C,(04)23289100,(04)25368667
3806,2023,03,10,14,17,臺中市,清水區,0,0,0,8,,,70,,,,,,,,,,,,,,,16,"  ","  ","  ","  ",A12,"  ","  ",1,"  ",2,"  ","  ",16,"   ",1,21,"  ",A12,120.568088,24.271741,3,66000,387130000C,(04)23289100,(04)25368667
3807,2023,03,10,14,18,臺中市,南區,0,2,0,8,1,5,50,14,9,1,5,4,5,7,4,4,5,4,5,2,16,26,2,9,1,1,C03,7,5,1,10,2,12,"  ",26,26,1,22,8,C03,120.650855,24.12125,2,66000,387130000C,(04)23289100,(04)25368667
3808,2023,03,10,14,18,臺中市,南屯區,0,0,0,,,,40,,,,,,,,,,,,,,,23,"  ","  ","  ","  ",B03,"  ","  ",1,"  ",1,"  ","  ",23,"   ",1,4,"  ",B03,120.635103,24.146602,3,66000,387130000C,(04)23289100,(04)25368667
3809,2023,03,10,14,20,臺中市,西區,0,0,0,,,,50,,,,,,,,,,,,,,,12,"  ","  ","  ","  ",B03,"  ","  ",1,"  ",1,"  ","  ",44,12,1,20,"  ",B03,120.655545,24.147584,3,66000,387130000C,(04)23289100,(04)25368667
3810,2023,03,10,14,22,臺中市,北屯區,0,1,0,8,1,5,80,14,9,1,5,4,5,7,4,4,1,4,5,2,13,23,3,10,1,1,B12,7,8,1,8,2,1,"  ",23,23,1,21,8,B12,120.719441,24.163324,2,66000,387130000C,(04)23289100,(04)25368667
3811,2023,03,10,14,22,臺中市,北屯區,0,0,0,8,,,50,,,,,,,,,,,,,,,23,"  ","  ","  ","  ",B03,"  ","  ",1,"  ",1,"  ","  ",23,"   ",1,22,"  ",B03,120.687264,24.201094,3,66000,387130000C,(04)23289100,(04)25368667
3812,2023,03,10,14,23,臺中市,沙鹿區,0,1,0,8,1,5,40,11,9,1,5,4,5,7,4,4,2,3,2,1,18,42,2,9,3,4,C03,7,9,1,10,2,11,"  ",42,42,1,22,8,C03,120.589569,24.250702,2,66000,387130000C,(04)23289100,(04)25368667
3813,2023,03,10,14,28,臺中市,北屯區,0,2,0,8,1,5,50,4,1,1,5,4,5,7,4,4,10,5,5,2,15,6,3,10,1,1,B03,7,9,1,8,2,4,"  ",6,6,1,21,8,B03,120.68946,24.178871,2,66000,387130000C,(04)23289100,(04)25368667
3814,2023,03,10,14,30,臺中市,東勢區,0,1,0,8,1,5,50,4,2,1,5,4,5,7,1,1,5,5,5,1,12,26,3,10,1,1,B03,7,9,1,8,2,2,"  ",26,26,1,20,9,B03,120.828313,24.257157,2,66000,387130000C,(04)23289100,(04)25368667
3815,2023,03,10,14,35,臺中市,南屯區,0,0,0,8,,,50,,,,,,,,,,,,,,,44,"  ","  ","  ","  ",B03,"  ","  ",1,"  ",1,"  ","  ",44,"   ",1,22,"  ",B03,120.60327,24.146108,3,66000,387130000C,(04)23289100,(04)25368667
3816,2023,03,10,14,37,臺中市,東區,0,1,0,8,1,5,50,14,9,1,5,4,5,7,4,4,5,4,5,2,17,13,2,9,1,1,C03,7,9,1,10,2,11,"  ",13,23,1,5,8,C03,120.702413,24.131546,2,66000,387130000C,(04)23289100,(04)25368667
3817,2023,03,10,14,38,臺中市,太平區,0,1,0,8,1,5,50,14,9,1,5,4,5,7,4,4,5,4,5,1,16,8,2,7,1,1,C03,7,5,3,18,2,14,"  ",8,8,1,22,5,C03,120.733965,24.134328,2,66000,387130000C,(04)23289100,(04)25368667
3818,2023,03,10,14,45,臺中市,東區,0,1,0,8,1,5,50,4,1,1,5,4,5,7,4,4,5,4,5,2,16,8,2,9,1,1,C03,7,5,1,10,2,14,"  ",8,8,1,22,8,C03,120.683493,24.13463,2,66000,387130000C,(04)23289100,(04)25368667
3819,2023,03,10,14,45,臺中市,梧棲區,0,1,0,8,1,5,70,4,1,1,5,4,5,7,1,1,10,5,5,2,15,25,2,9,3,4,C03,7,9,1,10,2,11,"  ",25,25,1,22,8,C03,120.542491,24.219274,2,66000,387130000C,(04)23289100,(04)25368667
3820,2023,03,10,14,47,臺中市,神岡區,0,1,0,8,1,5,50,11,9,1,5,4,5,7,4,4,5,5,5,1,17,23,2,9,1,1,B03,7,9,1,8,2,5,"  ",23,23,1,21,8,B03,120.69369,24.236921,2,66000,387130000C,(04)23289100,(04)25368667
3821,2023,03,10,14,54,臺中市,太平區,0,1,0,8,1,5,50,3,1,1,5,4,5,7,4,4,10,5,5,2,16,42,2,9,1,1,C03,7,5,1,10,2,12,"  ",42,42,1,22,8,C03,120.71956,24.102906,2,66000,387130000C,(04)23289100,(04)25368667
3822,2023,03,10,14,56,臺中市,沙鹿區,0,0,0,,,,70,,,,,,,,,,,,,,,16,"  ","  ","  ","  ",B12,"  ","  ",1,"  ",2,"  ","  ",16,16,1,22,"  ",B12,120.609071,24.246276,3,66000,387130000C,(04)23289100,(04)25368667
3823,2023,03,10,15,0,臺中市,北屯區,0,0,0,8,,,50,,,,,,,,,,,,,,,23,"  ","  ","  ","  ",B12,"  ","  ",1,"  ",1,"  ","  ",23,23,1,5,"  ",B12,120.713117,24.172747,3,66000,387130000C,(04)23289100,(04)25368667
3824,2023,03,10,15,15,臺中市,清水區,0,0,0,8,,,50,,,,,,,,,,,,,,,12,"  ","  ","  ","  ",B03,"  ","  ",1,"  ",3,"  ","  ",12,"   ",1,22,"  ",B03,120.574937,24.270227,3,66000,387130000C,(04)23289100,(04)25368667
3825,2023,03,10,15,17,臺中市,北區,0,0,0,8,,,50,,,,,,,,,,,,,,,26,"  ","  ","  ","  ",B03,"  ","  ",1,"  ",1,"  ","  ",26,"   ",1,21,"  ",B03,120.682583,24.153366,3,66000,387130000C,(04)23289100,(04)25368667
3826,2023,03,10,15,17,臺中市,大里區,0,0,0,8,,,50,,,,,,,,,,,,,,,23,"  ","  ","  ","  ",B12,"  ","  ",3,"  ",2,"  ","  ",23,"   ",1,4,"  ",B12,120.691223,24.091811,3,66000,387130000C,(04)23289100,(04)25368667
3827,2023,03,10,15,21,臺中市,南屯區,0,0,0,8,,,50,,,,,,,,,,,,,,,23,"  ","  ","  ","  ",B03,"  ","  ",1,"  ",2,"  ","  ",23,"   ",1,22,"  ",B03,120.637023,24.142625,3,66000,387130000C,(04)23289100,(04)25368667
3828,2023,03,10,15,25,臺中市,東勢區,0,0,0,8,,,60,,,,,,,,,,,,,,,23,"  ","  ","  ","  ",B03,"  ","  ",1,"  ",2,"  ","  ",23,"   ",1,21,"  ",B03,120.837179,24.218475,3,66000,387130000C,(04)23289100,(04)25368667
3829,2023,03,10,15,27,臺中市,大肚區,0,1,0,8,1,5,30,14,9,1,5,4,5,7,4,4,10,5,5,2,18,43,2,8,1,1,F03,7,9,8,20,2,16,"  ",43,43,1,22,8,F03,120.571294,24.174871,2,66000,387130000C,(04)23289100,(04)25368667
3830,2023,03,10,15,27,臺中市,烏日區,0,2,0,8,1,5,30,4,1,1,5,4,5,7,4,4,10,5,5,1,16,6,3,10,3,4,B03,7,9,1,8,2,2,"  ",6,6,1,21,9,B03,120.644966,24.073193,2,66000,387130000C,(04)23289100,(04)25368667
3831,2023,03,10,15,28,臺中市,西屯區,0,2,0,8,1,5,40,3,1,1,5,4,5,7,4,4,5,5,4,2,16,8,2,9,1,1,C03,7,5,1,10,2,14,"  ",8,8,1,4,8,C03,120.647244,24.165934,2,66000,387130000C,(04)23289100,(04)25368667
3832,2023,03,10,15,30,臺中市,潭子區,0,1,0,8,1,5,60,14,9,1,5,4,5,7,4,4,1,3,5,1,17,19,3,10,1,1,B12,7,1,1,8,2,8,"  ",19,19,1,22,8,B12,120.700549,24.201429,2,66000,387130000C,(04)23289100,(04)25368667
3833,2023,03,10,15,30,臺中市,龍井區,0,2,0,8,1,5,30,3,1,1,5,4,5,7,4,4,9,5,5,2,17,6,3,10,1,1,B12,7,6,1,8,2,8,"  ",6,6,1,21,8,B12,120.590956,24.18385,2,66000,387130000C,(04)23289100,(04)25368667
3834,2023,03,10,15,32,臺中市,南屯區,0,0,0,8,,,50,,,,,,,,,,,,,,,7,"  ","  ","  ","  ",B03,"  ","  ",1,"  ",2,"  ","  ",7,"   ",1,5,"  ",B03,120.631748,24.125647,3,66000,387130000C,(04)23289100,(04)25368667
3835,2023,03,10,15,34,臺中市,北屯區,0,1,0,8,1,5,30,3,1,1,5,4,5,7,4,4,10,5,5,2,16,42,2,8,1,1,C03,7,5,1,10,2,14,"  ",42,42,1,22,8,C03,120.695475,24.168333,2,66000,387130000C,(04)23289100,(04)25368667
3836,2023,03,10,15,39,臺中市,西屯區,0,0,0,8,,,50,,,,,,,,,,,,,,,23,"  ","  ","  ","  ",C03,"  ","  ",1,"  ",2,"  ","  ",23,"   ",1,22,"  ",C03,120.644524,24.174063,3,66000,387130000C,(04)23289100,(04)25368667
3837,2023,03,10,15,39,臺中市,梧棲區,0,0,0,8,,,50,,,,,,,,,,,,,,,43,"  ","  ","  ","  ",C03,"  ","  ",1,"  ",2,"  ","  ",43,"   ",1,22,"  ",C03,120.542803,24.260439,4,66000,387130000C,(04)23289100,(04)25368667
3838,2023,03,10,15,40,臺中市,北屯區,0,1,0,8,1,5,50,14,8,1,5,4,5,7,4,4,5,4,4,2,12,7,3,10,1,1,B03,7,8,1,8,2,2,"  ",7,7,1,5,8,B03,120.687594,24.170951,2,66000,387130000C,(04)23289100,(04)25368667
3839,2023,03,10,15,41,臺中市,西屯區,0,0,0,8,,,30,,,,,,,,,,,,,,,17,"  ","  ","  ","  ",B12,"  ","  ",1,"  ",1,"  ","  ",17,"   ",1,22,"  ",B12,120.646411,24.175929,3,66000,387130000C,(04)23289100,(04)25368667
3840,2023,03,10,15,42,臺中市,北屯區,0,0,0,8,,,50,,,,,,,,,,,,,,,23,"  ","  ","  ","  ",B03,"  ","  ",1,"  ",2,"  ","  ",23,"   ",1,21,"  ",B03,120.671845,24.175378,3,66000,387130000C,(04)23289100,(04)25368667
3841,2023,03,10,15,42,臺中市,豐原區,0,2,0,8,1,5,50,5,2,1,5,4,5,7,1,1,5,5,4,2,16,26,2,9,1,1,C03,7,11,1,10,2,12,"  ",26,26,1,22,8,C03,120.732024,24.255352,2,66000,387130000C,(04)23289100,(04)25368667
3842,2023,03,10,15,43,臺中市,北屯區,0,0,0,8,,,80,,,,,,,,,,,,,,,7,"  ","  ","  ","  ",A11,"  ","  ",1,"  ",1,"  ","  ",7,"   ",1,21,"  ",A11,120.722576,24.18962,3,66000,387130000C,(04)23289100,(04)25368667
3843,2023,03,10,15,51,臺中市,南屯區,0,0,0,8,,,40,,,,,,,,,,,,,,,23,"  ","  ","  ","  ",B03,"  ","  ",1,"  ",1,"  ","  ",23,"   ",1,22,"  ",B03,120.623039,24.148304,3,66000,387130000C,(04)23289100,(04)25368667
3844,2023,03,10,15,53,臺中市,西區,0,1,0,8,1,5,50,3,1,1,5,4,5,7,1,1,10,5,5,2,16,10,3,10,1,1,B03,7,11,1,8,2,5,"  ",10,10,1,21,8,B03,120.658502,24.155427,2,66000,387130000C,(04)23289100,(04)25368667
3845,2023,03,10,15,53,臺中市,外埔區,0,0,0,8,,,50,,,,,,,,,,,,,,,23,"  ","  ","  ","  ",B03,"  ","  ",1,"  ",2,"  ","  ",23,23,1,21,"  ",B03,120.637776,24.342557,3,66000,387130000C,(04)23289100,(04)25368667
3846,2023,03,10,15,58,臺中市,西屯區,0,0,0,8,1,5,50,4,1,1,5,4,5,7,1,1,10,5,5,2,13,21,3,10,1,1,C03,7,7,1,10,8,11,"  ",21,21,1,22,8,C03,120.651526,24.166238,3,66000,387130000C,(04)23289100,(04)25368667
3847,2023,03,10,16,0,臺中市,太平區,0,0,0,8,,,50,,,,,,,,,,,,,,,23,"  ","  ","  ","  ",B03,"  ","  ",1,"  ",1,"  ","  ",23,"   ",1,9,"  ",B03,120.712768,24.158205,3,66000,387130000C,(04)23289100,(04)25368667
3848,2023,03,10,16,3,臺中市,石岡區,0,2,0,8,1,5,70,5,1,1,5,4,5,7,1,1,5,5,5,2,17,25,3,10,3,4,A41,7,11,1,1,2,5,"  ",25,25,1,10,8,A41,120.783422,24.274752,2,66000,387130000C,(04)23289100,(04)25368667
3849,2023,03,10,16,5,臺中市,大里區,0,0,0,8,,,50,,,,,,,,,,,,,,,23,"  ","  ","  ","  ",B12,"  ","  ",1,"  ",2,"  ","  ",23,"   ",1,22,"  ",B12,120.72894,24.091506,3,66000,387130000C,(04)23289100,(04)25368667
3850,2023,03,10,16,6,臺中市,南區,0,1,0,8,1,5,30,4,9,1,5,4,5,7,4,4,5,5,5,2,15,6,3,10,3,4,C03,7,9,1,10,2,12,"  ",6,6,1,4,8,C03,120.68045,24.134302,2,66000,387130000C,(04)23289100,(04)25368667
3851,2023,03,10,16,7,臺中市,南屯區,0,0,0,8,,,40,,,,,,,,,,,,,,,23,"  ","  ","  ","  ",B03,"  ","  ",1,"  ",1,"  ","  ",23,23,1,22,"  ",B03,120.634136,24.157973,3,66000,387130000C,(04)23289100,(04)25368667
3852,2023,03,10,16,10,臺中市,豐原區,0,0,0,8,,,50,,,,,,,,,,,,,,,23,"  ","  ","  ","  ",B03,"  ","  ",1,"  ",1,"  ","  ",23,"   ",1,22,"  ",B03,120.70916,24.250305,3,66000,387130000C,(04)23289100,(04)25368667
3853,2023,03,10,16,11,臺中市,龍井區,0,3,0,8,1,5,30,4,1,1,5,4,5,7,4,4,10,5,5,2,15,6,2,9,1,1,C03,7,9,1,10,2,11,"  ",6,6,1,18,8,C03,120.590951,24.183776,2,66000,387130000C,(04)23289100,(04)25368667
3854,2023,03,10,16,12,臺中市,南屯區,0,0,0,8,,,50,,,,,,,,,,,,,,,23,"  ","  ","  ","  ",B03,"  ","  ",1,"  ",1,"  ","  ",23,"   ",1,5,"  ",B03,120.649116,24.135993,3,66000,387130000C,(04)23289100,(04)25368667
3855,2023,03,10,16,13,臺中市,西屯區,0,1,0,8,1,5,60,14,10,1,5,4,5,7,4,4,1,2,3,2,17,26,3,10,1,1,B03,7,8,1,8,1,15,"  ",26,26,1,4,8,B03,120.59361,24.182913,2,66000,387130000C,(04)23289100,(04)25368667
3856,2023,03,10,16,15,臺中市,南屯區,0,1,0,8,1,5,50,4,1,1,5,4,5,1,2,1,10,5,5,2,17,6,2,9,1,1,C03,7,5,1,10,2,11,"  ",6,6,1,22,9,C03,120.633593,24.141385,2,66000,387130000C,(04)23289100,(04)25368667
3857,2023,03,10,16,15,臺中市,清水區,0,0,0,8,,,50,,,,,,,,,,,,,,,23,"  ","  ","  ","  ",B03,"  ","  ",1,"  ",2,"  ","  ",23,"   ",1,18,"  ",B03,120.564529,24.297833,3,66000,387130000C,(04)23289100,(04)25368667
3858,2023,03,10,16,17,臺中市,北區,0,0,0,,,,50,,,,,,,,,,,,,,,16,"  ","  ","  ","  ",B03,"  ","  ",1,"  ",2,"  ","  ",16,16,1,5,"  ",B03,120.686662,24.16309,3,66000,387130000C,(04)23289100,(04)25368667
3859,2023,03,10,16,17,臺中市,北屯區,0,0,0,8,,,50,,,,,,,,,,,,,,,23,"  ","  ","  ","  ",B03,"  ","  ",1,"  ",1,"  ","  ",23,"   ",1,21,"  ",B03,120.671956,24.175356,3,66000,387130000C,(04)23289100,(04)25368667
3860,2023,03,10,16,17,臺中市,西屯區,0,0,0,8,,,30,,,,,,,,,,,,,,,23,"  ","  ","  ","  ",B03,"  ","  ",1,"  ",2,"  ","  ",23,"   ",1,22,"  ",B03,120.63937,24.17548,3,66000,387130000C,(04)23289100,(04)25368667
3861,2023,03,10,16,20,臺中市,霧峰區,0,1,0,8,1,5,30,14,9,1,5,4,5,7,4,4,5,5,5,1,16,26,3,10,1,1,B03,7,11,1,8,2,2,"  ",26,26,1,4,8,B03,120.650815,24.08763,2,66000,387130000C,(04)23289100,(04)25368667
3862,2023,03,10,16,26,臺中市,太平區,0,1,0,8,1,5,50,4,1,1,5,4,5,7,4,4,10,5,5,2,15,6,2,7,1,1,C03,7,9,1,10,2,11,"  ",6,6,1,22,5,C03,120.716968,24.116678,2,66000,387130000C,(04)23289100,(04)25368667
3863,2023,03,10,16,27,臺中市,西屯區,0,0,0,8,,,50,,,,,,,,,,,,,,,23,"  ","  ","  ","  ",B12,"  ","  ",1,"  ",1,"  ","  ",23,23,1,22,"  ",B12,120.6261,24.181605,3,66000,387130000C,(04)23289100,(04)25368667
3864,2023,03,10,16,30,臺中市,神岡區,0,1,0,8,1,5,50,4,2,1,5,4,5,7,4,4,5,5,4,2,17,40,3,10,3,4,B03,7,13,1,10,2,4,"  ",40,40,1,22,9,B03,120.659502,24.257277,2,66000,387130000C,(04)23289100,(04)25368667
3865,2023,03,10,16,31,臺中市,南區,0,1,0,8,1,5,40,14,7,1,5,4,5,7,4,4,1,4,4,2,13,23,2,9,1,1,C03,7,9,1,10,2,11,"  ",23,23,1,21,8,C03,120.654468,24.115638,2,66000,387130000C,(04)23289100,(04)25368667
3866,2023,03,10,16,33,臺中市,西區,0,1,0,8,1,5,50,5,1,1,5,4,5,7,1,1,10,5,5,2,17,23,3,10,1,1,C04,7,15,1,10,2,15,"  ",23,23,1,21,8,C04,120.670086,24.151376,2,66000,387130000C,(04)23289100,(04)25368667
3867,2023,03,10,16,33,臺中市,北區,0,1,0,8,1,5,50,4,1,1,5,4,5,7,2,1,5,4,5,2,16,9,3,10,1,1,B03,7,6,1,8,2,2,"  ",9,9,1,22,8,B03,120.682583,24.153366,2,66000,387130000C,(04)23289100,(04)25368667
3868,2023,03,10,16,33,臺中市,西屯區,0,0,0,8,,,50,,,,,,,,,,,,,,,23,"  ","  ","  ","  ",B03,"  ","  ",1,"  ",2,"  ","  ",23,"   ",1,22,"  ",B03,120.653091,24.167308,3,66000,387130000C,(04)23289100,(04)25368667
3869,2023,03,10,16,35,臺中市,北屯區,0,1,0,8,1,5,50,4,1,1,5,4,5,7,4,4,10,5,5,2,15,6,2,9,1,1,C03,7,9,4,8,2,11,"  ",6,6,1,21,8,C03,120.701882,24.167548,2,66000,387130000C,(04)23289100,(04)25368667
3870,2023,03,10,16,37,臺中市,霧峰區,0,1,0,8,1,5,30,3,1,1,5,4,5,7,4,4,10,5,5,1,18,23,2,9,1,1,C03,7,9,1,10,2,11,"  ",23,23,1,4,8,C03,120.71394,24.073152,2,66000,387130000C,(04)23289100,(04)25368667
3871,2023,03,10,16,38,臺中市,潭子區,0,1,0,8,1,5,50,11,8,1,5,4,5,7,4,4,5,4,4,2,17,23,2,7,1,1,B12,7,8,1,8,8,5,"  ",23,23,1,22,8,B12,120.680762,24.207174,2,66000,387130000C,(04)23289100,(04)25368667
3872,2023,03,10,16,42,臺中市,西屯區,0,0,0,8,,,50,,,,,,,,,,,,,,,10,"  ","  ","  ","  ",B03,"  ","  ",1,"  ",2,"  ","  ",10,"   ",1,22,"  ",B03,120.645548,24.178545,3,66000,387130000C,(04)23289100,(04)25368667