序號,年,月,日,時,分,縣市,區,死亡數量,受傷數量,2-30,天候,光線,道路類別,速限_速度(公里),道路型態,事故位置,路面鋪裝,路面狀態,路面缺陷,障礙物,視距,號誌種類,號誌動作,分向設施,快車道或一般車道間,快慢車道間,路面邊線,事故類型及型態,主要肇因,受傷程度,主要傷處,保護裝備,行動電話,當事者區分,車輛用途,當事者行動狀態,駕駛資格情形,駕駛執照種類,飲酒情形,車輛撞擊部位最初,車輛撞擊部位其他,肇事因素個別,肇事因素主要,肇事逃逸,職業,旅次目的,車種,GPS座標X,GPS座標Y,事故類別,縣市別代碼,機關代碼,市話,傳真
3970,2023,03,10,19,36,臺中市,西屯區,0,0,0,8,3,5,60,3,1,1,5,4,5,7,2,1,1,5,1,2,12,7,3,10,1,1,B03,7,8,1,8,1,5,"  ",7,7,1,18,5,B03,120.638905,24.158797,3,66000,387130000C,(04)23289100,(04)25368667
3971,2023,03,10,19,38,臺中市,北區,0,2,0,8,3,5,50,14,9,1,5,4,5,7,4,4,2,4,5,2,13,23,2,9,3,4,C03,7,9,1,10,2,11,"  ",23,23,1,5,8,C03,120.684377,24.15064,2,66000,387130000C,(04)23289100,(04)25368667
3972,2023,03,10,19,38,臺中市,西屯區,0,1,0,8,3,5,50,14,9,1,5,4,5,7,4,4,5,4,5,2,16,7,3,10,1,1,B01,7,7,1,8,1,5,"  ",44,7,1,4,8,B01,120.622181,24.174113,2,66000,387130000C,(04)23289100,(04)25368667
3973,2023,03,10,19,39,臺中市,北屯區,0,0,0,8,,,50,,,,,,,,,,,,,,,23,"  ","  ","  ","  ",B03,"  ","  ",1,"  ",2,"  ","  ",23,"   ",1,21,"  ",B03,120.704656,24.17032,3,66000,387130000C,(04)23289100,(04)25368667
3974,2023,03,10,19,40,臺中市,大雅區,0,0,0,8,,,30,,,,,,,,,,,,,,,12,"  ","  ","  ","  ",B03,"  ","  ",1,"  ",2,"  ","  ",12,"   ",1,21,"  ",B03,120.651471,24.22539,3,66000,387130000C,(04)23289100,(04)25368667
3975,2023,03,10,19,40,臺中市,北區,0,0,0,8,,,50,,,,,,,,,,,,,,,16,"  ","  ","  ","  ",B01,"  ","  ",1,"  ",2,"  ","  ",16,"   ",1,22,"  ",B01,120.668167,24.173221,3,66000,387130000C,(04)23289100,(04)25368667
3976,2023,03,10,19,42,臺中市,西屯區,0,0,0,8,,,50,,,,,,,,,,,,,,,23,"  ","  ","  ","  ",B03,"  ","  ",1,"  ",2,"  ","  ",23,"   ",1,22,"  ",B03,120.660415,24.171255,3,66000,387130000C,(04)23289100,(04)25368667
3977,2023,03,10,19,44,臺中市,北屯區,0,0,0,8,,,40,,,,,,,,,,,,,,,19,"  ","  ","  ","  ",B03,"  ","  ",1,"  ",1,"  ","  ",19,"   ",1,21,"  ",B03,120.690565,24.178103,3,66000,387130000C,(04)23289100,(04)25368667
3978,2023,03,10,19,50,臺中市,龍井區,0,0,0,8,,,60,,,,,,,,,,,,,,,25,"  ","  ","  ","  ",B03,"  ","  ",1,"  ",2,"  ","  ",25,"   ",1,9,"  ",B03,120.52,24.21,3,66000,387130000C,(04)23289100,(04)25368667
3979,2023,03,10,19,57,臺中市,西屯區,0,1,0,8,1,5,50,3,2,1,5,4,5,7,4,4,5,4,5,2,13,23,2,7,3,4,C03,7,9,1,10,2,14,"  ",23,23,1,22,8,C03,120.620489,24.187015,2,66000,387130000C,(04)23289100,(04)25368667
3980,2023,03,10,20,0,臺中市,沙鹿區,0,1,0,7,3,5,50,4,2,1,5,4,5,7,1,1,3,3,3,1,17,6,3,10,3,4,B03,7,6,1,8,2,2,"  ",6,6,1,22,8,B03,120.56285,24.233591,2,66000,387130000C,(04)23289100,(04)25368667
3981,2023,03,10,20,0,臺中市,清水區,0,0,0,,,,50,,,,,,,,,,,,,,,12,"  ","  ","  ","  ",B03,"  ","  ",1,"  ",1,"  ","  ",12,"   ",1,5,"  ",B03,120.570855,24.262885,3,66000,387130000C,(04)23289100,(04)25368667
3982,2023,03,10,20,2,臺中市,龍井區,0,1,0,8,3,5,50,3,9,1,5,4,3,5,4,4,5,5,5,1,17,23,2,9,1,1,C03,7,9,2,18,2,11,"  ",23,23,1,16,8,C03,120.525786,24.213985,2,66000,387130000C,(04)23289100,(04)25368667
3983,2023,03,10,20,6,臺中市,南屯區,0,0,0,,,,50,,,,,,,,,,,,,,,12,"  ","  ","  ","  ",C03,"  ","  ",1,10,9,"  ","  ",44,12,1,12,"  ",C03,120.644651,24.139381,3,66000,387130000C,(04)23289100,(04)25368667
3984,2023,03,10,20,10,臺中市,西屯區,0,2,0,8,3,5,50,4,1,1,5,4,5,7,1,1,10,5,5,2,17,42,2,9,3,4,C03,7,9,1,10,2,12,"  ",42,42,1,22,8,C03,120.646593,24.155843,2,66000,387130000C,(04)23289100,(04)25368667
3985,2023,03,10,20,12,臺中市,南屯區,0,0,0,8,,,50,,,,,,,,,,,,,,,12,"  ","  ","  ","  ",B03,"  ","  ",1,"  ",1,"  ","  ",12,"   ",1,22,"  ",B03,120.647811,24.155727,3,66000,387130000C,(04)23289100,(04)25368667
3986,2023,03,10,20,12,臺中市,北屯區,0,2,0,8,3,5,50,4,1,1,5,4,5,7,1,1,10,5,5,2,10,25,2,9,2,1,F01,7,9,8,20,2,16,"  ",25,25,1,16,8,F01,120.699251,24.182733,2,66000,387130000C,(04)23289100,(04)25368667
3987,2023,03,10,20,12,臺中市,西屯區,0,0,0,8,,,50,,,,,,,,,,,,,,,16,"  ","  ","  ","  ",C03,"  ","  ",1,"  ",1,"  ","  ",16,"   ",1,4,"  ",C03,120.66399,24.172575,3,66000,387130000C,(04)23289100,(04)25368667
3988,2023,03,10,20,13,臺中市,東區,0,0,0,8,1,5,50,3,7,1,5,4,5,7,4,4,5,5,4,2,13,23,3,10,1,2,C03,7,9,2,18,2,11,"  ",23,23,1,21,8,C03,120.698381,24.12713,3,66000,387130000C,(04)23289100,(04)25368667
3989,2023,03,10,20,16,臺中市,新社區,0,0,0,8,,,30,,,,,,,,,,,,,,,23,"  ","  ","  ","  ",B03,"  ","  ","  ","  ",2,"  ","  ",23,"   ",1,22,"  ",B03,120.786143,24.235795,3,66000,387130000C,(04)23289100,(04)25368667
3990,2023,03,10,20,17,臺中市,神岡區,0,0,0,8,,,50,,,,,,,,,,,,,,,18,"  ","  ","  ","  ",B03,"  ","  ",1,"  ",2,"  ","  ",18,"   ",1,21,"  ",B03,120.70085,24.251368,3,66000,387130000C,(04)23289100,(04)25368667
3991,2023,03,10,20,21,臺中市,烏日區,0,1,0,8,3,5,50,3,1,1,5,4,5,7,4,4,5,5,5,2,13,16,2,8,1,1,C03,7,9,1,10,2,11,"  ",16,16,1,5,8,C03,120.607253,24.110203,2,66000,387130000C,(04)23289100,(04)25368667
3992,2023,03,10,20,22,臺中市,中區,0,1,0,8,3,5,50,3,1,1,5,4,5,7,4,4,10,5,5,2,15,6,3,10,1,1,C03,7,9,1,10,2,14,"  ",6,6,1,21,8,C03,120.679188,24.147529,2,66000,387130000C,(04)23289100,(04)25368667
3993,2023,03,10,20,24,臺中市,龍井區,0,2,0,8,3,5,40,3,1,1,5,4,5,7,3,1,9,5,5,2,16,23,2,7,1,1,C03,7,9,1,10,2,12,"  ",23,23,1,21,1,C03,120.57432,24.195878,2,66000,387130000C,(04)23289100,(04)25368667
3994,2023,03,10,20,29,臺中市,豐原區,0,1,0,8,3,5,50,3,1,1,5,4,5,7,4,4,5,5,5,2,16,6,2,9,1,1,C03,7,5,1,10,2,12,"  ",6,6,1,20,8,C03,120.715451,24.251868,2,66000,387130000C,(04)23289100,(04)25368667
3995,2023,03,10,20,35,臺中市,東區,0,1,0,8,3,5,50,4,1,1,5,4,5,7,1,1,10,5,5,2,13,23,2,8,1,1,C03,7,9,1,10,2,14,"  ",23,23,1,22,8,C03,120.697838,24.147932,2,66000,387130000C,(04)23289100,(04)25368667
3996,2023,03,10,20,35,臺中市,龍井區,0,1,0,8,3,5,30,3,1,1,5,4,5,7,4,4,10,5,5,1,17,6,3,10,1,1,C03,7,5,1,10,2,15,"  ",6,6,1,21,1,C03,120.526278,24.208626,2,66000,387130000C,(04)23289100,(04)25368667
3997,2023,03,10,20,46,臺中市,大甲區,0,0,0,,,,40,,,,,,,,,,,,,,,12,"  ","  ","  ","  ",B03,"  ","  ",1,"  ",2,"  ","  ",12,12,1,2,"  ",B03,120.627122,24.347363,3,66000,387130000C,(04)23289100,(04)25368667
3998,2023,03,10,20,55,臺中市,東區,0,0,0,8,,,50,,,,,,,,,,,,,,,23,"  ","  ","  ","  ",B03,"  ","  ",1,8,2,"  ","  ",23,23,1,5,"  ",B03,120.669038,24.128326,3,66000,387130000C,(04)23289100,(04)25368667
3999,2023,03,10,20,55,臺中市,大肚區,0,0,0,,,,50,,,,,,,,,,,,,,,12,"  ","  ","  ","  ",B03,"  ","  ",1,"  ",2,"  ","  ",12,12,1,22,"  ",B03,120.531429,24.154297,3,66000,387130000C,(04)23289100,(04)25368667
4000,2023,03,10,21,3,臺中市,梧棲區,0,0,0,,,,50,,,,,,,,,,,,,,,23,"  ","  ","  ","  ",C03,"  ","  ",1,"  ",2,"  ","  ",23,"   ",1,4,"  ",C03,120.532592,24.259514,3,66000,387130000C,(04)23289100,(04)25368667
4001,2023,03,10,21,8,臺中市,烏日區,0,0,0,8,,,50,,,,,,,,,,,,,,,17,"  ","  ","  ","  ",B01,"  ","  ",1,"  ",2,"  ","  ",17,"   ",1,21,"  ",B01,120.615814,24.11615,3,66000,387130000C,(04)23289100,(04)25368667
4002,2023,03,10,21,10,臺中市,西區,0,0,0,8,,,60,,,,,,,,,,,,,,,7,"  ","  ","  ","  ",B02,"  ","  ",1,"  ",1,"  ","  ",7,"   ",1,10,"  ",B02,120.662609,24.155678,3,66000,387130000C,(04)23289100,(04)25368667
4003,2023,03,10,21,10,臺中市,東區,0,3,0,8,3,5,50,4,1,1,5,4,5,7,1,1,10,5,5,2,17,42,3,10,1,1,C03,7,5,1,10,2,14,"  ",42,42,1,22,8,C03,120.705071,24.136267,2,66000,387130000C,(04)23289100,(04)25368667
4004,2023,03,10,21,17,臺中市,西區,0,0,0,8,,,50,,,,,,,,,,,,,,,12,"  ","  ","  ","  ",B03,"  ","  ",1,"  ",1,"  ","  ",12,"   ",1,22,"  ",B03,120.657276,24.140615,3,66000,387130000C,(04)23289100,(04)25368667
4005,2023,03,10,21,20,臺中市,霧峰區,0,1,0,8,3,5,50,4,1,1,5,4,5,7,4,4,9,5,5,2,16,6,2,9,1,1,C03,7,9,1,10,2,11,"  ",6,6,1,22,8,C03,120.698118,24.071595,2,66000,387130000C,(04)23289100,(04)25368667
4006,2023,03,10,21,23,臺中市,南區,0,0,0,8,,,50,,,,,,,,,,,,,,,23,"  ","  ","  ","  ",B03,"  ","  ",1,8,2,"  ","  ",23,23,1,5,"  ",B03,120.68617,24.135941,3,66000,387130000C,(04)23289100,(04)25368667
4007,2023,03,10,21,26,臺中市,西區,0,0,0,8,,,50,,,,,,,,,,,,,,,26,"  ","  ","  ","  ",B03,"  ","  ",1,"  ",1,"  ","  ",26,"   ",1,21,"  ",B03,120.668285,24.142527,3,66000,387130000C,(04)23289100,(04)25368667
4008,2023,03,10,21,28,臺中市,西屯區,0,1,0,8,1,5,50,4,1,1,5,4,5,7,4,4,10,5,5,2,16,9,3,10,1,1,C03,7,6,1,10,2,12,"  ",9,9,1,4,8,C03,120.604885,24.193358,2,66000,387130000C,(04)23289100,(04)25368667
4009,2023,03,10,21,33,臺中市,中區,0,0,0,8,,,50,,,,,,,,,,,,,,,19,"  ","  ","  ","  ",A04,"  ","  ",1,"  ",11,"  ","  ",19,19,1,10,"  ",A04,120.685512,24.140927,3,66000,387130000C,(04)23289100,(04)25368667
4010,2023,03,10,21,37,臺中市,大甲區,0,1,0,8,3,5,40,14,7,1,5,4,5,7,4,4,1,4,4,1,16,10,2,8,1,1,C03,7,11,1,10,2,11,"  ",10,10,1,21,8,C03,120.618363,24.353358,2,66000,387130000C,(04)23289100,(04)25368667
4011,2023,03,10,21,40,臺中市,東區,0,0,0,8,,,50,,,,,,,,,,,,,,,17,"  ","  ","  ","  ",B03,"  ","  ",1,"  ",2,"  ","  ",17,"   ",1,22,"  ",B03,120.68787,24.136535,3,66000,387130000C,(04)23289100,(04)25368667
4012,2023,03,10,21,46,臺中市,潭子區,0,1,0,8,1,5,60,3,1,1,5,4,5,7,4,4,3,4,4,1,16,6,3,10,1,1,B12,7,6,1,8,2,6,"  ",6,6,1,22,8,B12,120.70579,24.21894,2,66000,387130000C,(04)23289100,(04)25368667
4013,2023,03,10,22,2,臺中市,北區,0,2,0,8,1,5,30,14,9,4,5,4,5,7,4,4,1,4,5,1,13,16,2,9,1,1,C03,7,9,1,10,2,11,"  ",16,16,1,21,8,C03,120.668708,24.155886,2,66000,387130000C,(04)23289100,(04)25368667
4014,2023,03,10,22,3,臺中市,北區,0,0,0,8,,,50,,,,,,,,,,,,,,,23,"  ","  ","  ","  ",B03,"  ","  ",1,"  ",1,"  ","  ",23,"   ",1,22,"  ",B03,120.686636,24.146226,3,66000,387130000C,(04)23289100,(04)25368667
4015,2023,03,10,22,7,臺中市,中區,0,0,0,8,,,50,,,,,,,,,,,,,,,23,"  ","  ","  ","  ",C03,"  ","  ",1,"  ",1,"  ","  ",23,"   ",1,22,"  ",C03,120.684056,24.14187,3,66000,387130000C,(04)23289100,(04)25368667
4016,2023,03,10,22,7,臺中市,烏日區,0,0,0,8,,,50,,,,,,,,,,,,,,,17,"  ","  ","  ","  ",B03,"  ","  ",1,"  ",2,"  ","  ",17,"   ",1,21,"  ",B03,120.64871,24.093463,3,66000,387130000C,(04)23289100,(04)25368667
4017,2023,03,10,22,14,臺中市,西屯區,0,0,0,8,1,5,40,3,1,1,5,4,5,7,4,4,1,5,5,2,16,26,3,10,1,1,C03,7,9,1,9,2,14,"  ",26,26,1,2,1,C03,120.612853,24.183943,3,66000,387130000C,(04)23289100,(04)25368667
4018,2023,03,10,22,17,臺中市,北屯區,0,1,0,8,1,5,50,4,1,1,5,4,5,7,2,1,10,5,5,2,17,25,2,9,1,1,C03,7,9,1,10,2,14,"  ",25,25,1,5,8,C03,120.700546,24.178479,2,66000,387130000C,(04)23289100,(04)25368667
4019,2023,03,10,22,17,臺中市,太平區,0,0,0,8,,,50,,,,,,,,,,,,,,,42,"  ","  ","  ","  ",C03,"  ","  ",1,10,1,13,"  ",42,42,1,21,"  ",C03,120.716694,24.116085,3,66000,387130000C,(04)23289100,(04)25368667
4020,2023,03,10,22,36,臺中市,北區,0,2,0,8,3,5,50,4,1,1,5,4,5,7,1,1,5,4,5,2,17,25,2,9,1,1,C03,7,9,1,10,2,11,"  ",25,25,1,22,8,C03,120.666061,24.166947,2,66000,387130000C,(04)23289100,(04)25368667
4021,2023,03,10,22,45,臺中市,南區,0,0,0,8,,,40,,,,,,,,,,,,,,,23,"  ","  ","  ","  ",C03,"  ","  ",1,"  ",2,"  ","  ",23,"   ",1,22,"  ",C03,120.654911,24.122094,3,66000,387130000C,(04)23289100,(04)25368667
4022,2023,03,10,22,47,臺中市,南區,0,1,0,8,3,5,50,4,7,1,5,4,5,7,2,1,1,2,4,2,18,42,2,9,1,1,C03,7,9,1,10,2,12,"  ",42,42,1,21,8,C03,120.681121,24.127813,2,66000,387130000C,(04)23289100,(04)25368667
4023,2023,03,10,22,47,臺中市,霧峰區,0,1,0,8,3,5,80,10,7,1,5,4,5,7,4,4,1,3,5,1,20,13,2,9,1,2,B03,7,8,1,8,2,1,"  ",13,13,1,9,5,B03,120.690301,24.069003,2,66000,387130000C,(04)23289100,(04)25368667
4024,2023,03,10,22,50,臺中市,潭子區,0,1,0,8,3,5,60,14,8,1,5,4,5,7,1,1,1,4,4,2,13,23,2,9,1,1,C03,7,9,1,10,2,11,"  ",23,23,1,22,8,C03,120.705385,24.209873,2,66000,387130000C,(04)23289100,(04)25368667
4025,2023,03,10,22,58,臺中市,西屯區,0,0,0,8,,,40,,,,,,,,,,,,,,,12,"  ","  ","  ","  ",B03,"  ","  ",1,"  ",1,"  ","  ",12,"   ",1,22,"  ",B03,120.620641,24.17199,3,66000,387130000C,(04)23289100,(04)25368667
4026,2023,03,10,23,13,臺中市,西屯區,0,1,0,8,3,5,30,14,9,1,5,4,5,7,4,4,10,5,5,2,3,23,3,10,1,1,C03,7,9,1,10,11,14,"  ",23,23,1,21,8,C03,120.645592,24.179566,2,66000,387130000C,(04)23289100,(04)25368667
4027,2023,03,10,23,26,臺中市,西屯區,0,1,0,8,3,5,40,3,1,1,5,4,5,7,4,4,10,5,5,2,16,6,3,10,3,4,B01,7,6,1,4,2,2,"  ",6,6,1,22,8,B01,120.608049,24.184212,2,66000,387130000C,(04)23289100,(04)25368667
4028,2023,03,10,23,35,臺中市,西屯區,0,0,0,8,,,40,,,,,,,,,,,,,,,16,"  ","  ","  ","  ",C03,"  ","  ",1,"  ",1,"  ","  ",16,"   ",1,18,"  ",C03,120.612474,24.18467,3,66000,387130000C,(04)23289100,(04)25368667
4029,2023,03,10,23,55,臺中市,潭子區,0,0,0,8,,,50,,,,,,,,,,,,,,,23,"  ","  ","  ","  ",B03,"  ","  ",1,"  ",2,"  ","  ",23,"   ",1,21,"  ",B03,120.722415,24.203488,3,66000,387130000C,(04)23289100,(04)25368667
4030,2023,03,10,23,56,臺中市,豐原區,0,0,0,8,,,50,,,,,,,,,,,,,,,23,"  ","  ","  ","  ",B03,"  ","  ",1,"  ",2,"  ","  ",23,"   ",1,22,"  ",B03,120.743958,24.264288,3,66000,387130000C,(04)23289100,(04)25368667
4031,2023,03,11,0,0,臺中市,北屯區,0,0,0,8,,,30,,,,,,,,,,,,,,,12,"  ","  ","  ","  ",B03,"  ","  ",1,"  ",1,"  ","  ",12,"   ",1,21,"  ",B03,120.694487,24.188781,3,66000,387130000C,(04)23289100,(04)25368667
4032,2023,03,11,0,6,臺中市,大里區,0,1,0,8,3,5,50,14,9,1,5,4,5,7,3,1,5,4,4,1,17,23,2,9,1,1,C03,7,9,3,18,2,14,"  ",23,23,1,5,8,C03,120.700156,24.10422,2,66000,387130000C,(04)23289100,(04)25368667
4033,2023,03,11,0,10,臺中市,霧峰區,0,1,0,8,3,5,30,3,1,1,2,4,5,7,4,4,10,5,5,2,18,42,2,9,3,4,C03,7,5,1,10,2,14,"  ",42,42,1,21,5,C03,120.670976,24.079359,2,66000,387130000C,(04)23289100,(04)25368667
4034,2023,03,11,0,18,臺中市,大肚區,0,0,0,8,,,60,,,,,,,,,,,,,,,7,"  ","  ","  ","  ",B03,"  ","  ",1,"  ",2,"  ","  ",7,"   ",1,22,"  ",B03,120.582541,24.171502,3,66000,387130000C,(04)23289100,(04)25368667
4035,2023,03,11,0,40,臺中市,豐原區,0,0,0,8,,,50,,,,,,,,,,,,,,,23,"  ","  ","  ","  ",B03,"  ","  ",1,"  ",2,"  ","  ",23,"   ",1,21,"  ",B03,120.720211,24.263871,3,66000,387130000C,(04)23289100,(04)25368667
4036,2023,03,11,1,5,臺中市,北區,0,1,0,8,3,5,50,4,1,1,5,4,5,7,1,1,10,5,5,2,3,15,3,10,1,1,B03,7,5,1,8,2,8,"  ",15,15,1,22,8,B03,120.674905,24.161646,2,66000,387130000C,(04)23289100,(04)25368667
4037,2023,03,11,1,10,臺中市,太平區,0,0,0,8,,,30,,,,,,,,,,,,,,,12,"  ","  ","  ","  ",B02,"  ","  ",1,"  ",1,"  ","  ",12,"   ",1,22,"  ",B02,120.818344,24.085874,3,66000,387130000C,(04)23289100,(04)25368667
4038,2023,03,11,1,15,臺中市,北屯區,0,0,0,8,,,50,,,,,,,,,,,,,,,23,"  ","  ","  ","  ",B03,"  ","  ",1,"  ",2,"  ","  ",23,"   ",1,22,"  ",B03,120.689667,24.188241,3,66000,387130000C,(04)23289100,(04)25368667
4039,2023,03,11,1,16,臺中市,沙鹿區,0,0,0,6,,,60,,,,,,,,,,,,,,,23,"  ","  ","  ","  ",B03,"  ","  ",1,"  ",1,"  ","  ",23,"   ",1,22,"  ",B03,120.576758,24.251017,4,66000,387130000C,(04)23289100,(04)25368667
4040,2023,03,11,1,29,臺中市,烏日區,0,0,0,8,,,50,,,,,,,,,,,,,,,23,"  ","  ","  ","  ",B03,"  ","  ",1,"  ",2,"  ","  ",23,"   ",1,21,"  ",B03,120.612634,24.102857,3,66000,387130000C,(04)23289100,(04)25368667
4041,2023,03,11,1,30,臺中市,大雅區,0,0,0,8,,,30,,,,,,,,,,,,,,,6,"  ","  ","  ","  ",A11,"  ","  ",1,"  ",2,"  ","  ",6,"   ",1,22,"  ",A11,120.643237,24.21018,3,66000,387130000C,(04)23289100,(04)25368667
4042,2023,03,11,2,35,臺中市,北屯區,0,0,0,8,,,50,,,,,,,,,,,,,,,23,"  ","  ","  ","  ",B03,"  ","  ",1,"  ",11,"  ","  ",23,"   ",2,21,"  ",B03,120.683793,24.176358,3,66000,387130000C,(04)23289100,(04)25368667
4043,2023,03,11,2,45,臺中市,西屯區,0,0,0,8,,,50,,,,,,,,,,,,,,,26,"  ","  ","  ","  ",B03,"  ","  ",1,"  ",2,"  ","  ",26,"   ",1,22,"  ",B03,120.637671,24.167086,3,66000,387130000C,(04)23289100,(04)25368667
4044,2023,03,11,3,58,臺中市,東區,0,2,0,8,3,5,50,14,9,1,5,4,5,7,4,4,5,4,5,2,12,7,3,10,1,1,B03,7,8,1,8,2,2,"  ",7,7,1,5,8,B03,120.686755,24.142934,2,66000,387130000C,(04)23289100,(04)25368667
4045,2023,03,11,4,11,臺中市,大里區,0,0,0,8,,,40,,,,,,,,,,,,,,,23,"  ","  ","  ","  ",B03,"  ","  ",1,"  ",2,"  ","  ",23,"   ",1,22,"  ",B03,120.69557,24.096623,3,66000,387130000C,(04)23289100,(04)25368667
4046,2023,03,11,4,43,臺中市,北屯區,0,0,0,8,,,50,,,,,,,,,,,,,,,23,"  ","  ","  ","  ",B01,"  ","  ",1,"  ",2,"  ","  ",23,"   ",1,22,"  ",B01,120.685456,24.169187,3,66000,387130000C,(04)23289100,(04)25368667
4047,2023,03,11,5,47,臺中市,北區,0,0,0,8,,,40,,,,,,,,,,,,,,,42,"  ","  ","  ","  ",B03,"  ","  ",1,"  ",2,"  ","  ",42,"   ",1,22,"  ",B03,120.677774,24.149561,3,66000,387130000C,(04)23289100,(04)25368667
4048,2023,03,11,5,49,臺中市,東區,0,1,0,8,2,5,50,4,1,1,5,4,5,7,3,1,10,5,5,2,15,6,3,10,1,1,B12,7,9,1,8,2,1,"  ",6,6,1,6,8,B12,120.689675,24.145613,2,66000,387130000C,(04)23289100,(04)25368667
4049,2023,03,11,5,57,臺中市,豐原區,0,1,0,8,2,5,50,4,1,1,5,4,5,7,3,1,5,4,5,1,18,14,2,9,1,1,C02,7,9,1,9,2,15,"  ",14,14,1,22,8,C02,120.72026,24.264693,2,66000,387130000C,(04)23289100,(04)25368667
4050,2023,03,11,6,3,臺中市,霧峰區,0,1,0,8,1,5,30,4,1,1,5,4,5,7,1,1,10,5,5,2,3,52,2,9,4,1,H01,8,16,8,20,10,16,"  ",52,52,1,22,8,H01,120.66304,24.07249,2,66000,387130000C,(04)23289100,(04)25368667
4051,2023,03,11,6,38,臺中市,沙鹿區,0,0,0,8,,,60,,,,,,,,,,,,,,,42,"  ","  ","  ","  ",B03,"  ","  ",1,"  ",2,"  ","  ",42,"   ",1,9,"  ",B03,120.581433,24.209532,3,66000,387130000C,(04)23289100,(04)25368667
4052,2023,03,11,6,38,臺中市,大甲區,0,1,0,8,1,5,50,14,8,1,5,4,5,7,4,4,9,5,4,1,17,19,3,10,1,1,B03,7,1,1,8,2,7,"  ",19,19,1,21,8,B03,120.623241,24.341031,2,66000,387130000C,(04)23289100,(04)25368667
4053,2023,03,11,6,40,臺中市,南屯區,0,1,0,8,1,5,50,4,2,1,5,4,5,7,1,1,10,5,5,2,17,19,3,10,1,1,B03,7,1,1,8,2,8,"  ",19,19,1,22,8,B03,120.644257,24.139413,2,66000,387130000C,(04)23289100,(04)25368667
4054,2023,03,11,6,40,臺中市,北屯區,0,1,0,8,1,5,50,4,1,1,5,4,5,7,2,1,10,5,5,2,16,26,3,10,1,1,B01,7,6,1,4,2,2,"  ",26,26,1,21,8,B01,120.686583,24.200825,2,66000,387130000C,(04)23289100,(04)25368667
4055,2023,03,11,6,46,臺中市,潭子區,0,3,0,8,1,5,50,3,8,1,5,4,5,7,4,4,9,4,4,2,16,43,2,9,1,1,C03,7,6,1,10,2,15,"  ",43,43,1,22,8,C03,120.707532,24.199439,2,66000,387130000C,(04)23289100,(04)25368667
4056,2023,03,11,6,54,臺中市,西屯區,0,1,0,8,2,5,30,3,1,1,5,4,5,7,4,4,10,5,5,2,16,8,2,8,1,1,C03,7,5,1,10,2,11,"  ",8,8,1,21,1,C03,120.649928,24.18284,2,66000,387130000C,(04)23289100,(04)25368667
4057,2023,03,11,7,11,臺中市,龍井區,0,0,0,8,,,30,,,,,,,,,,,,,,,12,"  ","  ","  ","  ",B03,"  ","  ",1,"  ",11,"  ","  ",44,12,1,22,"  ",B03,120.590593,24.180119,3,66000,387130000C,(04)23289100,(04)25368667
4058,2023,03,11,7,20,臺中市,大里區,0,2,0,8,1,5,60,4,1,1,5,4,5,7,1,1,1,2,5,2,13,16,2,9,1,1,C03,7,9,3,18,2,11,"  ",16,16,1,22,9,C03,120.674538,24.102806,2,66000,387130000C,(04)23289100,(04)25368667
4059,2023,03,11,7,23,臺中市,龍井區,0,1,0,8,1,5,50,11,9,1,5,4,5,7,4,4,5,5,5,2,11,26,2,8,1,1,C03,7,6,1,10,2,11,"  ",44,26,1,4,9,C03,120.597393,24.188469,2,66000,387130000C,(04)23289100,(04)25368667
4060,2023,03,11,7,40,臺中市,后里區,0,0,0,,,,50,,,,,,,,,,,,,,,44,"  ","  ","  ","  ",B03,"  ","  ",1,"  ",1,"  ","  ",44,"   ",1,21,"  ",B03,120.71731,24.304589,3,66000,387130000C,(04)23289100,(04)25368667
4061,2023,03,11,7,43,臺中市,大雅區,0,0,0,8,,,50,,,,,,,,,,,,,,,23,"  ","  ","  ","  ",C03,"  ","  ",1,"  ",2,"  ","  ",23,23,1,22,"  ",C03,120.672835,24.215789,3,66000,387130000C,(04)23289100,(04)25368667
4062,2023,03,11,7,45,臺中市,西屯區,0,1,0,8,1,5,40,4,1,1,5,4,5,7,2,1,10,5,5,2,13,16,2,9,1,1,C03,7,9,1,10,2,11,"  ",16,16,1,22,8,C03,120.662572,24.163561,2,66000,387130000C,(04)23289100,(04)25368667
4063,2023,03,11,7,57,臺中市,烏日區,0,1,0,8,1,5,50,14,7,1,5,4,5,7,4,4,5,4,4,1,12,17,2,9,3,4,C03,7,15,1,10,2,15,"  ",17,17,1,21,9,C03,120.623608,24.102819,2,66000,387130000C,(04)23289100,(04)25368667
4064,2023,03,11,7,59,臺中市,南屯區,0,2,0,8,1,5,50,4,1,1,5,4,5,7,2,1,1,4,5,2,16,25,3,10,3,4,B12,7,5,1,6,2,2,"  ",25,25,1,22,9,B12,120.646456,24.12953,2,66000,387130000C,(04)23289100,(04)25368667
4065,2023,03,11,8,0,臺中市,南屯區,0,1,0,8,1,5,50,3,1,1,5,4,5,7,4,4,10,5,5,2,16,4,2,8,1,1,C03,7,9,1,10,2,11,"  ",4,4,1,20,8,C03,120.615451,24.14912,2,66000,387130000C,(04)23289100,(04)25368667