序號,年,月,日,時,分,縣市,區,死亡數量,受傷數量,2-30,天候,光線,道路類別,速限_速度(公里),道路型態,事故位置,路面鋪裝,路面狀態,路面缺陷,障礙物,視距,號誌種類,號誌動作,分向設施,快車道或一般車道間,快慢車道間,路面邊線,事故類型及型態,主要肇因,受傷程度,主要傷處,保護裝備,行動電話,當事者區分,車輛用途,當事者行動狀態,駕駛資格情形,駕駛執照種類,飲酒情形,車輛撞擊部位最初,車輛撞擊部位其他,肇事因素個別,肇事因素主要,肇事逃逸,職業,旅次目的,車種,GPS座標X,GPS座標Y,事故類別,縣市別代碼,機關代碼,市話,傳真
4066,2023,03,11,8,4,臺中市,北區,0,1,0,8,1,5,50,4,1,1,5,4,5,7,1,1,10,5,5,2,15,25,2,9,1,1,C03,7,9,4,11,2,12,"  ",25,25,1,5,8,C03,120.685169,24.166985,2,66000,387130000C,(04)23289100,(04)25368667
4067,2023,03,11,8,10,臺中市,大里區,0,0,0,8,,,40,,,,,,,,,,,,,,,16,"  ","  ","  ","  ",C03,"  ","  ",1,"  ",2,"  ","  ",16,"   ",1,10,"  ",C03,120.692087,24.101766,3,66000,387130000C,(04)23289100,(04)25368667
4068,2023,03,11,8,10,臺中市,沙鹿區,0,3,0,8,1,5,40,14,7,1,5,4,5,7,4,4,1,4,4,2,3,53,2,7,4,1,H03,8,20,8,20,10,16,"  ",53,53,1,20,8,H03,120.568488,24.223802,2,66000,387130000C,(04)23289100,(04)25368667
4069,2023,03,11,8,12,臺中市,清水區,0,0,0,8,,,70,,,,,,,,,,,,,,,23,"  ","  ","  ","  ",B03,"  ","  ",1,"  ",2,"  ","  ",23,"   ",1,21,"  ",B03,120.581002,24.301469,3,66000,387130000C,(04)23289100,(04)25368667
4070,2023,03,11,8,13,臺中市,北區,0,1,0,8,1,5,50,4,8,1,5,4,5,7,1,1,5,5,4,2,17,26,3,10,1,1,B03,7,11,1,8,2,8,"  ",26,26,1,22,9,B03,120.692183,24.151931,2,66000,387130000C,(04)23289100,(04)25368667
4071,2023,03,11,8,14,臺中市,沙鹿區,0,3,0,8,1,5,50,3,2,1,5,4,5,7,1,1,1,4,5,2,13,23,2,8,1,1,C03,7,9,1,10,2,11,"  ",23,23,1,20,8,C03,120.565887,24.232532,2,66000,387130000C,(04)23289100,(04)25368667
4072,2023,03,11,8,19,臺中市,北屯區,0,1,0,8,1,5,30,14,9,1,5,4,5,7,4,4,10,5,5,2,11,5,3,10,1,1,B03,7,9,1,8,2,7,"  ",5,5,1,21,8,B03,120.733469,24.179648,2,66000,387130000C,(04)23289100,(04)25368667
4073,2023,03,11,8,24,臺中市,梧棲區,0,1,0,8,1,5,30,4,1,1,5,4,5,7,4,4,10,5,5,2,15,6,2,8,1,1,C03,7,9,1,10,2,12,"  ",6,6,1,3,1,C03,120.549583,24.255273,2,66000,387130000C,(04)23289100,(04)25368667
4074,2023,03,11,8,27,臺中市,西區,0,0,0,,,,50,,,,,,,,,,,,,,,42,"  ","  ","  ","  ",B01,"  ","  ",1,"  ",2,"  ","  ",44,20,1,5,"  ",B01,120.656611,24.150747,3,66000,387130000C,(04)23289100,(04)25368667
4075,2023,03,11,8,30,臺中市,烏日區,0,1,0,8,1,5,30,14,9,1,5,4,5,7,4,4,5,5,5,2,18,42,2,9,1,1,C03,7,9,2,18,2,14,"  ",42,42,1,21,8,C03,120.625967,24.081286,2,66000,387130000C,(04)23289100,(04)25368667
4076,2023,03,11,8,34,臺中市,大雅區,0,1,0,8,1,5,50,14,9,1,5,4,5,7,4,4,5,5,5,1,27,23,2,9,1,1,C03,7,9,1,10,2,15,"  ",23,23,1,22,9,C03,120.6536,24.223289,2,66000,387130000C,(04)23289100,(04)25368667
4077,2023,03,11,8,35,臺中市,北區,0,1,0,8,1,5,50,4,1,1,5,4,5,7,1,1,5,5,4,2,16,6,3,10,1,1,C03,7,5,1,10,2,13,"  ",6,6,1,5,8,C03,120.67051,24.155741,2,66000,387130000C,(04)23289100,(04)25368667
4078,2023,03,11,8,41,臺中市,北區,0,1,0,8,1,5,40,14,8,1,5,4,5,7,4,4,1,4,4,2,17,19,3,10,1,1,B03,7,1,1,8,2,4,"  ",19,19,1,5,8,B03,120.684873,24.161246,2,66000,387130000C,(04)23289100,(04)25368667
4079,2023,03,11,8,41,臺中市,北屯區,0,0,0,8,,,50,,,,,,,,,,,,,,,7,"  ","  ","  ","  ",B03,"  ","  ",1,"  ",1,"  ","  ",7,"   ",1,21,"  ",B03,120.733708,24.176932,3,66000,387130000C,(04)23289100,(04)25368667
4080,2023,03,11,8,42,臺中市,北屯區,0,0,0,6,,,50,,,,,,,,,,,,,,,19,"  ","  ","  ","  ",B03,"  ",1,1,8,1,5,"  ",19,19,1,21,8,B03,120.726262,24.161146,3,66000,387130000C,(04)23289100,(04)25368667
4081,2023,03,11,8,44,臺中市,東區,0,1,0,8,1,5,50,14,9,1,5,4,5,7,4,4,5,5,5,2,14,12,3,10,1,1,B03,7,2,1,8,2,3,"  ",12,12,1,22,9,B03,120.690543,24.134573,2,66000,387130000C,(04)23289100,(04)25368667
4082,2023,03,11,8,49,臺中市,東區,0,0,0,,,,50,,,,,,,,,,,,,,,23,"  ","  ","  ","  ",B03,"  ","  ",1,"  ",2,"  ","  ",23,"   ",1,5,"  ",B03,120.689371,24.146292,3,66000,387130000C,(04)23289100,(04)25368667
4083,2023,03,11,8,50,臺中市,南區,0,2,0,8,1,5,50,3,1,1,5,4,5,7,4,4,1,4,4,2,12,23,2,9,1,1,C03,7,9,1,10,2,11,"  ",23,23,1,19,8,C03,120.66641,24.127281,2,66000,387130000C,(04)23289100,(04)25368667
4084,2023,03,11,8,54,臺中市,北區,0,1,0,8,1,5,50,14,9,1,5,4,5,7,4,4,1,4,5,2,17,7,3,10,1,1,B03,7,8,1,8,2,5,"  ",7,7,1,22,9,B03,120.685415,24.15419,2,66000,387130000C,(04)23289100,(04)25368667
4085,2023,03,11,8,58,臺中市,北屯區,0,0,0,8,,,50,,,,,,,,,,,,,,,23,"  ","  ","  ","  ",B12,"  ","  ",1,"  ",2,"  ","  ",23,"   ",1,9,"  ",B12,120.684766,24.196836,3,66000,387130000C,(04)23289100,(04)25368667
4086,2023,03,11,8,59,臺中市,太平區,0,1,0,8,1,5,50,3,2,1,5,4,5,7,4,4,5,5,5,1,27,66,"  ","  ","  ","  ","   ","  ","  ","  ","  ","  ","  ","  ",66,66,1,"  ","  ","   ",120.72439,24.140054,2,66000,387130000C,(04)23289100,(04)25368667
4087,2023,03,11,9,0,臺中市,沙鹿區,0,1,0,8,1,5,50,14,9,1,5,4,5,7,4,4,5,5,5,2,18,42,2,9,1,1,C03,7,12,3,18,2,14,"  ",42,42,1,20,8,C03,120.558128,24.235077,2,66000,387130000C,(04)23289100,(04)25368667
4088,2023,03,11,9,0,臺中市,神岡區,0,1,0,8,1,5,50,5,2,1,5,4,5,7,1,1,5,4,4,2,17,19,3,10,1,1,B03,7,1,1,8,2,8,"  ",19,19,1,12,8,B03,120.655431,24.258675,2,66000,387130000C,(04)23289100,(04)25368667
4089,2023,03,11,9,2,臺中市,霧峰區,0,1,0,8,1,5,40,14,9,1,5,4,5,7,4,4,9,5,5,1,16,10,3,10,1,2,B03,7,11,1,8,2,15,"  ",10,10,1,3,8,B03,120.675229,24.063513,2,66000,387130000C,(04)23289100,(04)25368667
4090,2023,03,11,9,5,臺中市,清水區,0,1,0,8,1,5,50,4,1,1,5,4,5,7,1,1,1,4,1,1,15,25,3,10,1,1,B03,7,9,1,10,3,1,"  ",25,25,1,22,8,B03,120.536452,24.281275,2,66000,387130000C,(04)23289100,(04)25368667
4091,2023,03,11,9,5,臺中市,豐原區,0,0,0,,,,50,,,,,,,,,,,,,,,23,"  ","  ","  ","  ",B03,"  ","  ",1,"  ",2,"  ","  ",23,"   ",1,22,"  ",B03,120.709397,24.254915,3,66000,387130000C,(04)23289100,(04)25368667
4092,2023,03,11,9,8,臺中市,北區,0,1,0,8,1,5,50,5,1,1,5,4,5,1,4,4,5,5,5,2,11,6,3,10,1,1,B03,7,5,1,8,2,1,"  ",6,6,1,5,8,B03,120.688913,24.158616,2,66000,387130000C,(04)23289100,(04)25368667
4093,2023,03,11,9,10,臺中市,西屯區,0,0,0,8,,,50,,,,,,,,,,,,,,,7,"  ","  ","  ","  ",B03,"  ","  ",1,"  ",1,"  ","  ",7,"   ",1,22,"  ",B03,120.625002,24.182084,3,66000,387130000C,(04)23289100,(04)25368667
4094,2023,03,11,9,15,臺中市,西屯區,0,0,0,8,,,50,,,,,,,,,,,,,,,42,"  ","  ","  ","  ",B03,"  ","  ",1,"  ",1,"  ","  ",42,"   ",1,22,"  ",B03,120.637044,24.172138,3,66000,387130000C,(04)23289100,(04)25368667
4095,2023,03,11,9,15,臺中市,烏日區,0,0,0,8,1,5,60,4,2,1,5,4,5,7,2,1,1,4,5,1,13,23,3,10,3,4,B01,7,9,1,2,2,1,"  ",23,23,1,21,8,B01,120.614085,24.106776,3,66000,387130000C,(04)23289100,(04)25368667
4096,2023,03,11,9,20,臺中市,大里區,0,0,0,8,,,30,,,,,,,,,,,,,,,23,"  ","  ","  ","  ",B03,"  ","  ",1,"  ",9,"  ","  ",23,"   ",1,9,"  ",B03,120.671862,24.101401,3,66000,387130000C,(04)23289100,(04)25368667
4097,2023,03,11,9,23,臺中市,大里區,0,1,0,8,1,5,50,4,1,1,5,4,5,7,1,1,1,4,5,1,16,6,3,10,1,1,B03,7,5,1,8,2,1,"  ",6,6,1,22,9,B03,120.681856,24.102593,2,66000,387130000C,(04)23289100,(04)25368667
4098,2023,03,11,9,25,臺中市,西屯區,0,0,0,8,,,50,,,,,,,,,,,,,,,44,"  ","  ","  ","  ",A32,"  ","  ",1,"  ",2,"  ","  ",44,"   ",1,22,"  ",A32,120.635879,24.181852,3,66000,387130000C,(04)23289100,(04)25368667
4099,2023,03,11,9,30,臺中市,大里區,0,1,0,8,1,5,40,3,1,1,5,4,5,7,1,1,10,5,5,2,16,25,2,9,1,1,C03,7,9,1,10,2,11,"  ",25,25,1,22,8,C03,120.688722,24.072363,2,66000,387130000C,(04)23289100,(04)25368667
4100,2023,03,11,9,30,臺中市,太平區,0,1,0,8,1,5,30,3,1,1,5,4,5,7,4,4,10,5,5,2,18,23,2,9,3,4,C03,7,5,1,10,2,12,"  ",23,23,1,5,8,C03,120.782985,24.114496,2,66000,387130000C,(04)23289100,(04)25368667
4101,2023,03,11,9,33,臺中市,太平區,0,0,0,8,,,50,,,,,,,,,,,,,,,23,"  ","  ","  ","  ",B12,"  ","  ",1,"  ",2,"  ","  ",23,"   ",1,9,"  ",B12,120.713641,24.111725,3,66000,387130000C,(04)23289100,(04)25368667
4102,2023,03,11,9,38,臺中市,后里區,0,2,0,8,1,5,50,4,4,1,5,4,5,7,1,1,1,2,3,1,17,23,2,9,1,1,C03,7,9,1,10,2,11,"  ",23,23,1,21,8,C03,120.680278,24.309211,2,66000,387130000C,(04)23289100,(04)25368667
4103,2023,03,11,9,40,臺中市,大里區,0,1,0,8,1,5,40,14,8,1,5,4,5,7,4,4,1,4,5,1,18,23,2,9,1,1,C03,7,9,1,10,2,11,"  ",23,23,1,21,8,C03,120.695771,24.109904,2,66000,387130000C,(04)23289100,(04)25368667
4104,2023,03,11,9,41,臺中市,大雅區,0,2,0,8,1,5,50,3,1,1,5,4,5,7,4,4,4,5,5,1,16,23,2,8,1,1,C03,7,9,1,10,2,11,"  ",23,43,1,22,9,C03,120.668332,24.215041,2,66000,387130000C,(04)23289100,(04)25368667
4105,2023,03,11,9,43,臺中市,太平區,0,1,0,8,1,5,50,3,1,1,5,4,5,7,4,4,10,5,5,1,16,7,3,10,1,1,C03,7,8,1,10,2,12,"  ",7,7,1,3,1,C03,120.715707,24.147905,2,66000,387130000C,(04)23289100,(04)25368667
4106,2023,03,11,9,48,臺中市,北屯區,0,1,0,8,1,5,50,4,1,1,5,4,5,7,1,1,10,5,5,2,29,23,2,9,1,1,B03,7,9,1,8,2,1,"  ",23,23,1,21,8,B03,120.668466,24.195411,2,66000,387130000C,(04)23289100,(04)25368667
4107,2023,03,11,9,53,臺中市,大里區,0,1,0,8,1,5,30,3,1,1,5,4,5,7,4,4,10,5,5,2,16,6,3,10,1,1,C03,7,5,1,10,2,11,"  ",6,6,1,22,9,C03,120.702346,24.09286,2,66000,387130000C,(04)23289100,(04)25368667
4108,2023,03,11,9,55,臺中市,西屯區,0,1,0,8,1,5,50,14,8,1,5,4,5,7,4,4,8,4,4,1,16,7,3,10,1,4,B03,7,8,1,8,2,2,"  ",7,7,1,4,8,B03,120.647498,24.166694,2,66000,387130000C,(04)23289100,(04)25368667
4109,2023,03,11,9,59,臺中市,北區,0,0,0,8,,,50,,,,,,,,,,,,,,,16,"  ","  ","  ","  ",B03,"  ","  ",1,"  ",1,"  ","  ",16,"   ",1,22,"  ",B03,120.675726,24.17167,3,66000,387130000C,(04)23289100,(04)25368667
4110,2023,03,11,10,3,臺中市,西屯區,0,0,0,8,,,1,,,,,,,,,,,,,,,12,"  ","  ","  ","  ",B03,"  ","  ",1,"  ",2,"  ","  ",12,12,1,10,"  ",B03,120.642476,24.183237,3,66000,387130000C,(04)23289100,(04)25368667
4111,2023,03,11,10,3,臺中市,大里區,0,0,0,8,1,5,40,14,9,1,5,4,5,7,4,4,5,5,5,1,12,45,"  ","  ","  ","  ",C03,"  ","  ",3,"  ",2,"  ","  ",45,45,1,22,"  ",C03,120.696613,24.110638,3,66000,387130000C,(04)23289100,(04)25368667
4112,2023,03,11,10,3,臺中市,新社區,0,1,0,8,1,5,50,11,9,1,5,4,5,7,4,4,4,3,5,1,29,23,2,9,1,1,C03,7,9,1,10,2,11,"  ",23,23,1,22,9,C03,120.79964,24.26033,2,66000,387130000C,(04)23289100,(04)25368667
4113,2023,03,11,10,4,臺中市,清水區,0,0,0,8,,,30,,,,,,,,,,,,,,,23,"  ","  ","  ","  ",B03,"  ","  ",1,"  ",1,"  ","  ",23,"   ",1,21,"  ",B03,120.549791,24.285255,3,66000,387130000C,(04)23289100,(04)25368667
4114,2023,03,11,10,7,臺中市,南屯區,0,0,0,8,1,5,50,14,8,1,5,4,5,7,1,1,3,4,4,2,12,6,"  ","  ","  ","  ",B03,"  ","  ",1,"  ",1,"  ","  ",6,"   ",1,5,"  ",B03,120.640641,24.142577,3,66000,387130000C,(04)23289100,(04)25368667
4115,2023,03,11,10,20,臺中市,烏日區,0,1,0,8,1,5,50,4,1,1,5,4,5,7,1,3,5,4,5,1,16,6,3,10,1,1,B03,7,5,1,8,2,2,"  ",6,6,1,21,8,B03,120.631953,24.045293,2,66000,387130000C,(04)23289100,(04)25368667
4116,2023,03,11,10,25,臺中市,北區,0,1,0,8,1,5,50,14,7,1,5,4,5,7,4,4,1,4,4,2,12,23,2,9,1,1,F02,7,9,8,20,2,16,"  ",23,23,1,20,8,F02,120.699566,24.158414,2,66000,387130000C,(04)23289100,(04)25368667
4117,2023,03,11,10,27,臺中市,西屯區,0,0,0,8,,,50,,,,,,,,,,,,,,,6,"  ","  ","  ","  ",B03,"  ","  ",1,"  ",1,"  ","  ",6,6,1,22,"  ",B03,120.643166,24.185158,3,66000,387130000C,(04)23289100,(04)25368667
4118,2023,03,11,10,27,臺中市,東勢區,0,0,0,8,,,30,,,,,,,,,,,,,,,42,"  ","  ","  ","  ",B03,"  ","  ",1,"  ",2,"  ","  ",42,42,1,22,"  ",B03,120.8629,24.165777,3,66000,387130000C,(04)23289100,(04)25368667
4119,2023,03,11,10,28,臺中市,南屯區,0,0,0,8,1,5,50,3,2,1,5,4,5,7,4,4,5,4,5,2,16,26,3,10,1,1,B03,7,7,1,8,2,8,"  ",26,26,1,22,8,B03,120.634119,24.144873,3,66000,387130000C,(04)23289100,(04)25368667
4120,2023,03,11,10,33,臺中市,北屯區,0,0,0,8,,,40,,,,,,,,,,,,,,,23,"  ","  ","  ","  ",A12,"  ","  ",1,"  ",2,"  ","  ",23,"   ",1,10,"  ",A12,120.688406,24.201228,3,66000,387130000C,(04)23289100,(04)25368667
4121,2023,03,11,10,33,臺中市,西屯區,0,0,0,8,,,50,,,,,,,,,,,,,,,26,"  ","  ","  ","  ",B03,"  ","  ",1,"  ",1,"  ","  ",26,26,1,22,"  ",B03,120.653182,24.19556,3,66000,387130000C,(04)23289100,(04)25368667
4122,2023,03,11,10,37,臺中市,北屯區,0,0,0,,,,50,,,,,,,,,,,,,,,7,"  ","  ","  ","  ",A12,"  ","  ",1,"  ",1,"  ","  ",7,"   ",1,21,"  ",A12,120.691111,24.182657,3,66000,387130000C,(04)23289100,(04)25368667
4123,2023,03,11,10,39,臺中市,南區,0,2,0,8,1,5,50,4,1,1,5,4,5,7,1,1,10,5,5,2,15,25,2,9,1,1,C03,7,9,1,10,2,12,"  ",25,42,1,22,9,C03,120.690901,24.134703,2,66000,387130000C,(04)23289100,(04)25368667
4124,2023,03,11,10,40,臺中市,大里區,0,0,0,8,,,30,,,,,,,,,,,,,,,43,"  ","  ","  ","  ",B03,"  ","  ",1,"  ",2,"  ","  ",43,43,1,19,"  ",B03,120.688456,24.09978,3,66000,387130000C,(04)23289100,(04)25368667
4125,2023,03,11,10,40,臺中市,東勢區,0,0,0,8,,,50,,,,,,,,,,,,,,,23,"  ","  ","  ","  ",C03,"  ","  ",1,"  ",1,"  ","  ",23,"   ",1,22,"  ",C03,120.830419,24.253669,3,66000,387130000C,(04)23289100,(04)25368667
4126,2023,03,11,10,41,臺中市,太平區,0,0,0,8,,,50,,,,,,,,,,,,,,,12,"  ","  ","  ","  ",A11,"  ","  ",1,"  ",2,"  ","  ",12,"   ",1,22,"  ",A11,120.713057,24.138575,3,66000,387130000C,(04)23289100,(04)25368667
4127,2023,03,11,10,42,臺中市,沙鹿區,0,0,0,8,,,50,,,,,,,,,,,,,,,7,"  ","  ","  ","  ",B03,"  ","  ",1,"  ",2,"  ","  ",7,"   ",1,22,"  ",B03,120.569381,24.219812,3,66000,387130000C,(04)23289100,(04)25368667
4128,2023,03,11,10,42,臺中市,豐原區,0,1,0,8,1,5,30,14,8,1,5,4,5,7,1,1,8,3,4,1,18,43,2,9,1,4,C03,7,9,1,10,2,12,"  ",43,43,1,22,5,C03,120.705016,24.246795,2,66000,387130000C,(04)23289100,(04)25368667
4129,2023,03,11,10,43,臺中市,霧峰區,0,1,0,8,1,5,40,14,9,1,5,4,5,7,4,4,9,5,5,1,16,23,3,10,3,4,B03,7,9,1,8,2,2,"  ",23,23,1,3,8,B03,120.689527,24.06614,2,66000,387130000C,(04)23289100,(04)25368667
4130,2023,03,11,10,46,臺中市,南區,0,1,0,8,1,5,50,4,1,1,5,4,5,6,1,1,5,4,4,2,12,8,2,9,1,1,C03,7,5,1,10,2,14,"  ",8,8,1,22,8,C03,120.653621,24.122615,2,66000,387130000C,(04)23289100,(04)25368667
4131,2023,03,11,10,51,臺中市,南屯區,0,1,0,8,1,5,50,3,1,1,5,4,5,7,2,1,10,5,5,2,16,9,3,10,1,1,B03,7,6,1,8,2,5,"  ",9,9,1,5,8,B03,120.640839,24.141282,2,66000,387130000C,(04)23289100,(04)25368667
4132,2023,03,11,10,57,臺中市,南屯區,0,1,0,8,1,5,50,14,9,1,5,4,5,7,4,4,5,4,5,2,16,9,3,10,3,4,B03,7,6,1,8,2,2,"  ",9,9,1,22,9,B03,120.647151,24.137435,2,66000,387130000C,(04)23289100,(04)25368667
4133,2023,03,11,10,58,臺中市,北屯區,0,0,0,8,,,50,,,,,,,,,,,,,,,23,"  ","  ","  ","  ",B03,"  ","  ",1,"  ",1,"  ","  ",23,"   ",1,21,"  ",B03,120.682689,24.192253,3,66000,387130000C,(04)23289100,(04)25368667
4134,2023,03,11,10,59,臺中市,西屯區,0,0,0,8,,,,,,,,,,,,,,,,,,43,"  ","  ","  ","  ","   ","  ","  ","  ","  ","  ","  ","  ",43,"   ",1,"  ","  ","   ",120.661614,24.172533,3,66000,387130000C,(04)23289100,(04)25368667
4135,2023,03,11,11,0,臺中市,北屯區,0,2,0,8,1,5,50,5,1,1,5,4,5,7,1,1,10,5,5,2,16,6,3,10,1,1,B03,7,6,1,8,2,5,"  ",6,6,1,21,8,B03,120.686582,24.201323,2,66000,387130000C,(04)23289100,(04)25368667
4136,2023,03,11,11,0,臺中市,太平區,0,0,0,8,,,40,,,,,,,,,,,,,,,12,"  ","  ","  ","  ",B12,"  ","  ",1,"  ",2,"  ","  ",12,"   ",1,22,"  ",B12,120.713311,24.159526,3,66000,387130000C,(04)23289100,(04)25368667
4137,2023,03,11,11,1,臺中市,北區,0,1,0,8,1,5,50,4,1,1,5,4,5,7,3,1,10,5,5,2,15,6,3,10,1,1,B03,7,9,1,8,2,8,"  ",6,6,1,20,8,B03,120.697361,24.156714,2,66000,387130000C,(04)23289100,(04)25368667
4138,2023,03,11,11,4,臺中市,梧棲區,0,0,0,8,,,30,,,,,,,,,,,,,,,23,"  ","  ","  ","  ",C03,"  ","  ",1,"  ",1,"  ","  ",23,"   ",1,5,"  ",C03,120.558475,24.242886,3,66000,387130000C,(04)23289100,(04)25368667
4139,2023,03,11,11,8,臺中市,后里區,0,0,0,8,1,5,60,14,9,1,5,4,5,7,4,4,1,4,5,1,13,23,3,10,1,1,B03,7,9,1,8,2,1,"  ",23,23,1,21,8,B03,120.678376,24.30362,3,66000,387130000C,(04)23289100,(04)25368667
4140,2023,03,11,11,13,臺中市,西區,0,3,0,8,1,5,50,4,1,1,5,4,5,7,4,4,10,5,5,2,15,6,2,9,1,1,B03,7,9,1,8,2,1,"  ",6,6,1,20,8,B03,120.667419,24.138836,2,66000,387130000C,(04)23289100,(04)25368667
4141,2023,03,11,11,13,臺中市,北屯區,0,2,0,8,1,5,50,14,7,1,5,4,5,7,4,4,4,3,4,2,13,23,2,9,1,1,C03,7,9,1,10,1,11,"  ",23,23,1,21,8,C03,120.691126,24.176768,2,66000,387130000C,(04)23289100,(04)25368667
4142,2023,03,11,11,15,臺中市,太平區,0,1,0,8,1,5,50,14,9,1,5,4,5,7,4,4,10,5,4,2,16,26,3,10,1,1,B03,7,5,1,8,2,8,"  ",26,26,1,9,8,B03,120.721786,24.119002,2,66000,387130000C,(04)23289100,(04)25368667
4143,2023,03,11,11,15,臺中市,清水區,0,0,0,8,,,50,,,,,,,,,,,,,,,9,"  ","  ","  ","  ",B03,"  ","  ",1,"  ",2,"  ","  ",9,"   ",1,22,"  ",B03,120.577882,24.276632,3,66000,387130000C,(04)23289100,(04)25368667
4144,2023,03,11,11,20,臺中市,外埔區,0,0,0,,,,40,,,,,,,,,,,,,,,12,"  ","  ","  ","  ",A12,"  ","  ",1,"  ",1,"  ","  ",12,"   ",1,10,"  ",A12,120.67136,24.319968,3,66000,387130000C,(04)23289100,(04)25368667
4145,2023,03,11,11,21,臺中市,北屯區,0,0,0,8,,,50,,,,,,,,,,,,,,,23,"  ","  ","  ","  ",B12,"  ","  ",1,"  ",1,"  ","  ",23,"   ",1,21,"  ",B12,120.670216,24.17626,3,66000,387130000C,(04)23289100,(04)25368667
4146,2023,03,11,11,25,臺中市,大雅區,0,1,0,8,1,5,50,14,9,1,5,4,5,7,4,4,1,4,4,1,17,6,3,10,1,1,B03,7,6,1,8,2,2,"  ",6,6,1,21,8,B03,120.646738,24.222107,2,66000,387130000C,(04)23289100,(04)25368667
4147,2023,03,11,11,25,臺中市,大里區,0,1,0,8,1,5,40,3,1,1,5,4,5,7,4,4,10,5,5,2,12,6,3,10,1,1,B03,7,6,1,8,2,5,"  ",6,6,1,9,8,B03,120.67947,24.11745,2,66000,387130000C,(04)23289100,(04)25368667
4148,2023,03,11,11,26,臺中市,外埔區,0,0,0,8,1,5,30,3,1,1,5,4,5,7,4,4,10,5,5,2,16,6,3,10,1,1,B03,7,5,1,8,1,1,"  ",6,6,1,21,8,B03,120.639645,24.343564,3,66000,387130000C,(04)23289100,(04)25368667
4149,2023,03,11,11,27,臺中市,大里區,0,0,0,8,1,5,60,5,2,1,5,4,5,7,1,1,1,5,5,1,13,23,"  ","  ","  ","  ",B03,"  ","  ",1,"  ",2,"  ","  ",23,"   ",1,22,"  ",B03,120.686075,24.095531,3,66000,387130000C,(04)23289100,(04)25368667
4150,2023,03,11,11,28,臺中市,霧峰區,0,0,0,8,1,5,60,3,1,1,5,4,5,7,4,4,10,5,5,2,16,4,"  ","  ","  ","  ",B03,"  ","  ",1,"  ",2,"  ","  ",4,"   ",1,19,"  ",B03,120.692094,24.044218,3,66000,387130000C,(04)23289100,(04)25368667
4151,2023,03,11,11,29,臺中市,南屯區,0,1,0,8,1,5,50,14,9,1,5,4,5,7,4,4,5,5,5,2,16,26,3,10,1,1,B01,7,5,1,4,2,4,"  ",26,26,1,10,8,B01,120.620055,24.12412,2,66000,387130000C,(04)23289100,(04)25368667
4152,2023,03,11,11,30,臺中市,南區,0,0,0,,,,50,,,,,,,,,,,,,,,42,"  ","  ","  ","  ",C02,"  ","  ",1,"  ",11,"  ","  ",42,"   ",1,22,"  ",C02,120.668246,24.115016,3,66000,387130000C,(04)23289100,(04)25368667
4153,2023,03,11,11,30,臺中市,東區,0,2,0,8,1,5,50,4,1,1,5,4,5,7,2,1,10,5,5,2,17,23,3,10,1,1,B01,7,15,1,4,2,5,"  ",23,23,1,21,8,B01,120.687683,24.13706,2,66000,387130000C,(04)23289100,(04)25368667
4154,2023,03,11,11,31,臺中市,烏日區,0,0,0,8,1,5,40,14,16,1,5,4,5,7,4,4,10,5,5,1,13,16,3,10,3,4,B03,7,12,1,8,2,1,"  ",16,16,1,21,9,B03,120.617555,24.118271,3,66000,387130000C,(04)23289100,(04)25368667
4155,2023,03,11,11,32,臺中市,西屯區,0,1,0,8,1,5,50,4,8,1,5,4,5,7,1,1,8,4,4,1,16,6,3,10,1,4,B03,7,6,1,8,2,2,"  ",6,6,1,4,8,B03,120.634846,24.164745,2,66000,387130000C,(04)23289100,(04)25368667
4156,2023,03,11,11,37,臺中市,北屯區,0,0,0,8,,,30,,,,,,,,,,,,,,,12,"  ","  ","  ","  ",B03,"  ","  ",1,"  ",2,"  ","  ",12,"   ",1,21,"  ",B03,120.702899,24.167959,3,66000,387130000C,(04)23289100,(04)25368667
4157,2023,03,11,11,38,臺中市,北屯區,0,0,0,6,,,50,,,,,,,,,,,,,,,25,"  ","  ","  ","  ",C03,"  ","  ",1,10,1,12,"  ",25,25,1,4,8,C03,120.694135,24.164934,3,66000,387130000C,(04)23289100,(04)25368667
4158,2023,03,11,11,38,臺中市,太平區,0,1,0,8,1,5,50,14,9,1,5,4,5,7,4,4,5,5,5,1,16,10,2,1,3,4,B03,7,11,1,8,2,4,"  ",10,10,1,9,8,B03,120.710546,24.122275,2,66000,387130000C,(04)23289100,(04)25368667
4159,2023,03,11,11,38,臺中市,龍井區,0,1,0,8,1,5,50,3,1,1,5,4,5,7,1,1,10,5,5,2,17,44,3,10,3,4,B03,7,6,1,8,2,5,"  ",27,44,1,19,6,B03,120.54623,24.192631,2,66000,387130000C,(04)23289100,(04)25368667
4160,2023,03,11,11,38,臺中市,豐原區,0,0,0,8,,,50,,,,,,,,,,,,,,,23,"  ","  ","  ","  ",B03,"  ","  ",1,"  ",2,"  ","  ",23,"   ",1,22,"  ",B03,120.714241,24.251133,3,66000,387130000C,(04)23289100,(04)25368667
4161,2023,03,11,11,39,臺中市,太平區,0,0,0,8,,,80,,,,,,,,,,,,,,,16,"  ","  ","  ","  ",B03,"  ","  ",1,"  ",2,"  ","  ",16,"   ",1,9,"  ",B03,120.717204,24.156015,3,66000,387130000C,(04)23289100,(04)25368667