序號,年,月,日,時,分,縣市,區,死亡數量,受傷數量,2-30,天候,光線,道路類別,速限_速度(公里),道路型態,事故位置,路面鋪裝,路面狀態,路面缺陷,障礙物,視距,號誌種類,號誌動作,分向設施,快車道或一般車道間,快慢車道間,路面邊線,事故類型及型態,主要肇因,受傷程度,主要傷處,保護裝備,行動電話,當事者區分,車輛用途,當事者行動狀態,駕駛資格情形,駕駛執照種類,飲酒情形,車輛撞擊部位最初,車輛撞擊部位其他,肇事因素個別,肇事因素主要,肇事逃逸,職業,旅次目的,車種,GPS座標X,GPS座標Y,事故類別,縣市別代碼,機關代碼,市話,傳真
4257,2023,03,11,15,21,臺中市,西屯區,0,1,0,8,1,5,50,14,9,1,5,4,5,7,4,4,1,4,5,2,16,19,3,10,1,1,C03,7,1,1,10,2,13,"  ",19,19,1,4,8,C03,120.653064,24.166915,2,66000,387130000C,(04)23289100,(04)25368667
4258,2023,03,11,15,24,臺中市,中區,0,0,0,8,,,50,,,,,,,,,,,,,,,19,"  ","  ","  ","  ",B02,"  ","  ",1,"  ",1,"  ","  ",19,"   ",1,5,"  ",B02,120.685055,24.139168,3,66000,387130000C,(04)23289100,(04)25368667
4259,2023,03,11,15,25,臺中市,潭子區,0,1,0,8,1,5,50,4,2,1,5,4,5,7,4,4,5,4,4,2,11,1,2,9,1,1,C03,7,4,1,10,2,14,"  ",1,1,1,22,8,C03,120.692053,24.219158,2,66000,387130000C,(04)23289100,(04)25368667
4260,2023,03,11,15,28,臺中市,南屯區,0,2,0,8,1,5,50,4,1,1,5,4,5,7,4,4,10,5,5,2,17,19,2,9,1,1,C03,7,1,1,10,2,14,"  ",19,19,1,4,8,C03,120.647211,24.129333,2,66000,387130000C,(04)23289100,(04)25368667
4261,2023,03,11,15,29,臺中市,太平區,0,0,0,8,,,80,,,,,,,,,,,,,,,7,"  ","  ","  ","  ",B02,"  ","  ",1,"  ",1,"  ","  ",7,"   ",1,9,"  ",B02,120.717431,24.157512,3,66000,387130000C,(04)23289100,(04)25368667
4262,2023,03,11,15,29,臺中市,大甲區,0,0,0,8,,,50,,,,,,,,,,,,,,,23,"  ","  ","  ","  ",B12,"  ","  ",1,"  ",1,"  ","  ",23,"   ",1,22,"  ",B12,120.629606,24.344941,3,66000,387130000C,(04)23289100,(04)25368667
4263,2023,03,11,15,30,臺中市,西區,0,0,0,8,,,50,,,,,,,,,,,,,,,23,"  ","  ","  ","  ",B03,"  ","  ",1,"  ",1,"  ","  ",23,"   ",1,21,"  ",B03,120.667923,24.142103,3,66000,387130000C,(04)23289100,(04)25368667
4264,2023,03,11,15,34,臺中市,西屯區,0,0,0,8,,,50,,,,,,,,,,,,,,,23,"  ","  ","  ","  ",B03,"  ","  ",1,"  ",1,"  ","  ",23,"   ",1,22,"  ",B03,120.656661,24.189423,3,66000,387130000C,(04)23289100,(04)25368667
4265,2023,03,11,15,36,臺中市,西區,0,0,0,8,,,50,,,,,,,,,,,,,,,23,"  ","  ","  ","  ",B03,"  ","  ",1,"  ",1,"  ","  ",23,"   ",1,21,"  ",B03,120.667923,24.142103,3,66000,387130000C,(04)23289100,(04)25368667
4266,2023,03,11,15,43,臺中市,北區,0,0,0,8,,,50,,,,,,,,,,,,,,,23,"  ","  ","  ","  ",C03,"  ","  ",1,"  ",1,"  ","  ",23,"   ",1,21,"  ",C03,120.686252,24.15482,3,66000,387130000C,(04)23289100,(04)25368667
4267,2023,03,11,15,45,臺中市,清水區,0,1,0,8,1,5,70,4,1,1,5,4,5,7,1,1,10,5,5,2,16,25,3,10,1,1,B03,7,9,3,18,2,8,"  ",25,25,1,5,5,B03,120.59495,24.300768,2,66000,387130000C,(04)23289100,(04)25368667
4268,2023,03,11,15,45,臺中市,東勢區,0,1,0,8,1,5,50,14,9,1,5,4,5,7,4,4,5,4,4,1,16,26,3,10,1,1,B03,7,5,1,8,2,5,"  ",26,26,1,22,9,B03,120.82397,24.261603,2,66000,387130000C,(04)23289100,(04)25368667
4269,2023,03,11,15,47,臺中市,西區,0,2,0,8,1,5,50,4,1,1,5,4,5,7,1,1,10,5,5,2,13,23,2,9,1,1,C03,7,9,1,10,2,11,"  ",23,23,1,21,8,C03,120.682212,24.135899,2,66000,387130000C,(04)23289100,(04)25368667
4270,2023,03,11,15,47,臺中市,北區,0,1,0,8,1,5,50,14,7,1,5,4,5,7,4,4,3,4,4,2,17,43,2,9,1,1,C03,7,21,1,10,2,15,"  ",43,43,1,22,9,C03,120.6724,24.169041,2,66000,387130000C,(04)23289100,(04)25368667
4271,2023,03,11,15,47,臺中市,大甲區,0,0,0,,,,40,,,,,,,,,,,,,,,6,"  ","  ","  ","  ",B11,"  ","  ",1,"  ",1,"  ","  ",6,42,1,9,"  ",B11,120.594398,24.335092,3,66000,387130000C,(04)23289100,(04)25368667
4272,2023,03,11,15,50,臺中市,西屯區,0,2,0,8,1,5,50,4,1,1,5,4,5,7,1,1,4,3,4,2,16,42,3,10,1,1,B12,7,14,1,8,1,1,"  ",42,42,1,22,8,B12,120.642725,24.198431,2,66000,387130000C,(04)23289100,(04)25368667
4273,2023,03,11,15,51,臺中市,東勢區,0,1,0,8,1,5,50,4,1,1,5,4,5,7,1,1,10,5,5,2,17,26,2,9,1,1,C04,7,9,1,10,2,11,"  ",26,26,1,21,9,C04,120.831445,24.256248,2,66000,387130000C,(04)23289100,(04)25368667
4274,2023,03,11,15,55,臺中市,南屯區,0,0,0,8,,,50,,,,,,,,,,,,,,,7,"  ","  ","  ","  ",B03,"  ","  ",1,"  ",2,"  ","  ",7,"   ",1,22,"  ",B03,120.622295,24.150144,3,66000,387130000C,(04)23289100,(04)25368667
4275,2023,03,11,15,59,臺中市,大甲區,0,2,0,8,1,5,30,4,1,1,5,4,5,7,4,4,8,5,5,2,15,6,3,10,1,1,B03,7,9,1,8,2,5,"  ",6,6,1,22,9,B03,120.645067,24.40713,2,66000,387130000C,(04)23289100,(04)25368667
4276,2023,03,11,16,0,臺中市,太平區,0,1,0,8,1,5,40,3,1,1,5,4,5,7,1,1,10,5,5,2,16,23,2,9,1,1,C03,7,9,1,10,2,11,"  ",23,23,1,22,8,C03,120.750483,24.123099,2,66000,387130000C,(04)23289100,(04)25368667
4277,2023,03,11,16,0,臺中市,神岡區,0,1,0,8,1,5,50,4,2,1,5,4,5,7,1,1,5,4,4,2,17,42,3,10,1,1,B03,7,9,1,8,2,2,"  ",42,42,1,12,8,B03,120.684161,24.246487,2,66000,387130000C,(04)23289100,(04)25368667
4278,2023,03,11,16,1,臺中市,南屯區,0,1,0,8,1,5,30,3,1,1,5,4,5,7,4,4,10,5,5,2,8,23,3,10,1,1,B03,7,5,1,8,2,8,"  ",23,23,1,4,8,B03,120.64014,24.139785,2,66000,387130000C,(04)23289100,(04)25368667
4279,2023,03,11,16,3,臺中市,南屯區,0,1,0,8,1,5,50,4,1,1,5,4,5,7,1,1,5,5,4,2,12,9,3,10,3,4,B03,7,6,1,8,2,6,"  ",9,9,1,22,8,B03,120.643775,24.14883,2,66000,387130000C,(04)23289100,(04)25368667
4280,2023,03,11,16,4,臺中市,南區,0,1,0,8,1,5,50,4,1,1,5,4,5,7,2,1,10,5,5,2,1,23,3,10,3,4,B03,7,5,1,8,2,15,"  ",23,23,1,5,8,B03,120.655666,24.122218,2,66000,387130000C,(04)23289100,(04)25368667
4281,2023,03,11,16,5,臺中市,外埔區,0,1,0,8,1,5,50,3,1,1,5,4,5,7,4,4,10,5,5,2,12,1,2,9,1,1,C03,7,5,3,18,2,12,"  ",1,1,1,21,8,C03,120.655795,24.337947,2,66000,387130000C,(04)23289100,(04)25368667
4282,2023,03,11,16,6,臺中市,南區,0,0,0,8,,,50,,,,,,,,,,,,,,,19,"  ","  ","  ","  ",A05,"  ","  ",1,"  ",2,"  ","  ",19,"   ",1,22,"  ",A05,120.676377,24.126351,3,66000,387130000C,(04)23289100,(04)25368667
4283,2023,03,11,16,9,臺中市,梧棲區,0,0,0,8,,,40,,,,,,,,,,,,,,,23,"  ","  ","  ","  ",B03,"  ","  ",1,"  ",2,"  ","  ",23,"   ",1,22,"  ",B03,120.552764,24.244002,3,66000,387130000C,(04)23289100,(04)25368667
4284,2023,03,11,16,10,臺中市,北區,0,0,0,8,,,50,,,,,,,,,,,,,,,17,"  ","  ","  ","  ",B03,"  ","  ",1,"  ",2,"  ","  ",17,"   ",1,21,"  ",B03,120.676852,24.155758,3,66000,387130000C,(04)23289100,(04)25368667
4285,2023,03,11,16,12,臺中市,北區,0,0,0,8,,,50,,,,,,,,,,,,,,,23,"  ","  ","  ","  ",C03,"  ","  ",1,"  ",1,"  ","  ",23,"   ",1,22,"  ",C03,120.671224,24.173685,3,66000,387130000C,(04)23289100,(04)25368667
4286,2023,03,11,16,15,臺中市,大里區,0,2,0,8,1,5,50,11,9,1,5,4,5,7,4,4,5,5,5,1,16,26,2,9,1,1,C03,7,11,1,10,2,14,"  ",26,26,1,22,8,C03,120.700687,24.082775,2,66000,387130000C,(04)23289100,(04)25368667
4287,2023,03,11,16,20,臺中市,北區,0,1,0,8,1,5,50,3,1,1,5,4,5,7,1,1,5,5,4,2,16,7,3,10,1,1,A02,7,10,1,1,2,4,"  ",7,7,1,21,8,A02,120.673651,24.159219,2,66000,387130000C,(04)23289100,(04)25368667
4288,2023,03,11,16,20,臺中市,清水區,0,2,0,8,1,5,50,3,2,1,5,4,5,7,4,4,1,4,4,2,12,23,3,10,1,1,B03,7,9,1,8,2,2,"  ",23,23,1,22,8,B03,120.575056,24.268252,2,66000,387130000C,(04)23289100,(04)25368667
4289,2023,03,11,16,23,臺中市,大肚區,0,1,0,8,1,5,50,4,1,1,5,4,5,7,1,1,10,5,5,2,16,23,3,10,3,4,B01,7,5,1,4,2,8,"  ",23,23,1,22,9,B01,120.581361,24.17479,2,66000,387130000C,(04)23289100,(04)25368667
4290,2023,03,11,16,26,臺中市,沙鹿區,0,1,0,8,1,5,50,4,2,1,5,4,5,7,1,1,3,3,3,1,17,6,3,10,3,4,B03,7,5,1,8,2,2,"  ",6,6,1,22,8,B03,120.560469,24.240408,2,66000,387130000C,(04)23289100,(04)25368667
4291,2023,03,11,16,29,臺中市,大里區,0,1,0,8,1,5,60,3,2,1,5,4,5,7,1,1,3,4,4,1,13,16,2,9,3,4,C03,7,9,1,10,2,11,"  ",16,16,1,22,9,C03,120.661716,24.109198,2,66000,387130000C,(04)23289100,(04)25368667
4292,2023,03,11,16,31,臺中市,北區,0,0,0,8,,,50,,,,,,,,,,,,,,,67,"  ","  ","  ","  ","   ","  ","  ","  ","  ","  ","  ","  ",67,"   ",1,"  ","  ","   ",120.689278,24.153931,3,66000,387130000C,(04)23289100,(04)25368667
4293,2023,03,11,16,34,臺中市,龍井區,0,0,0,8,,,40,,,,,,,,,,,,,,,43,"  ","  ","  ","  ","   ","  ","  ","  ","  ","  ","  ","  ",43,"   ",1,"  ","  ","   ",120.584681,24.18642,3,66000,387130000C,(04)23289100,(04)25368667
4294,2023,03,11,16,35,臺中市,北屯區,0,1,0,8,1,5,50,4,1,1,5,4,5,7,4,4,10,5,5,2,15,6,3,10,1,1,B03,7,9,1,8,2,5,"  ",6,6,1,22,8,B03,120.725056,24.15805,2,66000,387130000C,(04)23289100,(04)25368667
4295,2023,03,11,16,37,臺中市,太平區,0,2,0,8,1,5,50,4,1,1,5,4,5,7,2,1,10,5,5,2,16,9,3,10,1,1,B03,7,6,1,8,2,5,"  ",9,9,1,9,8,B03,120.723384,24.149503,2,66000,387130000C,(04)23289100,(04)25368667
4296,2023,03,11,16,37,臺中市,沙鹿區,0,2,0,8,1,5,50,14,9,1,5,4,5,7,4,4,5,5,5,2,3,23,2,8,1,1,C03,7,9,1,10,2,11,"  ",23,23,1,22,8,C03,120.560155,24.23797,2,66000,387130000C,(04)23289100,(04)25368667
4297,2023,03,11,16,43,臺中市,東區,0,0,0,8,1,5,50,3,2,1,5,4,5,7,2,1,3,2,5,2,17,19,3,10,1,1,C03,7,1,1,10,2,14,"  ",19,19,1,21,8,C03,120.685897,24.135723,3,66000,387130000C,(04)23289100,(04)25368667
4298,2023,03,11,16,43,臺中市,北屯區,0,0,0,,,,40,,,,,,,,,,,,,,,16,"  ","  ","  ","  ",C03,"  ","  ",1,"  ",1,"  ","  ",16,"   ",1,22,"  ",C03,120.68336,24.197823,3,66000,387130000C,(04)23289100,(04)25368667
4299,2023,03,11,16,46,臺中市,西區,0,0,0,8,,,50,,,,,,,,,,,,,,,23,"  ","  ","  ","  ",B02,"  ","  ",2,"  ",1,"  ","  ",23,"   ",1,16,"  ",B02,120.660753,24.150631,3,66000,387130000C,(04)23289100,(04)25368667
4300,2023,03,11,16,46,臺中市,太平區,0,1,0,8,1,5,50,14,7,1,5,4,5,7,4,4,5,4,4,1,16,19,2,9,1,1,C03,7,1,1,10,2,14,12,19,19,1,22,8,C03,120.725749,24.133504,2,66000,387130000C,(04)23289100,(04)25368667
4301,2023,03,11,16,48,臺中市,北屯區,0,1,0,8,1,5,30,3,1,1,5,4,5,7,4,4,10,5,5,2,12,6,2,9,3,4,C03,7,9,1,10,2,14,"  ",13,6,1,21,8,C03,120.67647,24.20085,2,66000,387130000C,(04)23289100,(04)25368667
4302,2023,03,11,16,48,臺中市,西屯區,0,1,0,8,1,5,50,4,1,1,5,4,5,7,1,1,9,4,4,2,12,6,3,10,1,1,B03,7,6,1,8,2,3,"  ",6,6,1,12,8,B03,120.615126,24.182841,2,66000,387130000C,(04)23289100,(04)25368667
4303,2023,03,11,16,51,臺中市,東區,0,1,0,8,1,5,50,14,9,1,5,4,5,7,4,4,5,5,5,2,29,67,"  ","  ","  ","  ","   ","  ","  ","  ","  ","  ","  ","  ",67,67,1,"  ","  ","   ",120.710371,24.14797,2,66000,387130000C,(04)23289100,(04)25368667
4304,2023,03,11,16,53,臺中市,中區,0,0,0,,,,,,,,,,,,,,,,,,,67,"  ","  ","  ","  ","   ","  ","  ","  ","  ","  ","  ","  ",67,"   ",1,"  ","  ","   ",120.679824,24.142898,3,66000,387130000C,(04)23289100,(04)25368667
4305,2023,03,11,16,55,臺中市,北區,0,0,0,8,,,50,,,,,,,,,,,,,,,7,"  ","  ","  ","  ",B03,"  ","  ",1,"  ",1,"  ","  ",7,7,1,21,"  ",B03,120.685456,24.163099,3,66000,387130000C,(04)23289100,(04)25368667
4306,2023,03,11,16,57,臺中市,太平區,0,1,0,8,1,5,50,4,1,1,5,4,5,7,2,1,10,5,5,1,16,6,3,10,1,1,B03,7,5,1,8,2,5,"  ",6,6,1,22,8,B03,120.716626,24.158533,2,66000,387130000C,(04)23289100,(04)25368667
4307,2023,03,11,16,58,臺中市,龍井區,0,1,0,8,1,5,50,3,9,1,5,4,5,7,4,4,5,5,5,1,17,42,2,9,3,4,B12,7,9,1,8,2,5,"  ",42,42,1,21,8,B12,120.557453,24.201181,2,66000,387130000C,(04)23289100,(04)25368667
4308,2023,03,11,16,58,臺中市,大甲區,0,1,0,8,1,5,30,4,1,1,5,4,5,7,4,4,10,5,5,2,15,6,3,10,1,1,C03,7,1,1,10,2,11,"  ",6,6,1,22,9,C03,120.629994,24.343358,2,66000,387130000C,(04)23289100,(04)25368667
4309,2023,03,11,16,59,臺中市,沙鹿區,0,0,0,8,,,50,,,,,,,,,,,,,,,23,"  ","  ","  ","  ",B03,"  ","  ",1,"  ",2,"  ","  ",23,"   ",1,22,"  ",B03,120.558754,24.233577,3,66000,387130000C,(04)23289100,(04)25368667
4310,2023,03,11,17,0,臺中市,南區,0,0,0,8,,,50,,,,,,,,,,,,,,,10,"  ","  ","  ","  ",B03,"  ","  ",1,8,2,"  ","  ",10,10,1,5,"  ",B03,120.645995,24.11143,3,66000,387130000C,(04)23289100,(04)25368667
4311,2023,03,11,17,0,臺中市,后里區,0,1,0,8,1,5,50,4,1,1,5,4,5,7,2,1,10,5,4,1,12,6,3,10,1,1,B03,7,6,1,8,2,5,"  ",6,6,1,22,8,B03,120.722104,24.30439,2,66000,387130000C,(04)23289100,(04)25368667
4312,2023,03,11,17,2,臺中市,豐原區,0,0,0,8,,,50,,,,,,,,,,,,,,,12,"  ","  ","  ","  ",B12,"  ","  ",1,"  ",2,"  ","  ",12,"   ",1,21,"  ",B12,120.737071,24.261434,3,66000,387130000C,(04)23289100,(04)25368667
4313,2023,03,11,17,6,臺中市,東區,0,0,0,8,,,50,,,,,,,,,,,,,,,44,"  ","  ","  ","  ",G03,"  ","  ",1,"  ",2,"  ","  ",44,"   ",1,22,"  ",G03,120.706117,24.12978,3,66000,387130000C,(04)23289100,(04)25368667
4314,2023,03,11,17,6,臺中市,豐原區,0,0,0,8,,,50,,,,,,,,,,,,,,,23,"  ","  ","  ","  ",B03,"  ","  ",1,"  ",9,"  ","  ",23,"   ",1,22,"  ",B03,120.713844,24.249274,3,66000,387130000C,(04)23289100,(04)25368667
4315,2023,03,11,17,10,臺中市,神岡區,0,1,0,8,1,5,50,4,2,1,5,4,5,7,1,1,5,5,5,1,13,23,2,7,3,4,F01,7,5,8,20,1,16,"  ",23,23,1,22,9,F01,120.682006,24.249819,2,66000,387130000C,(04)23289100,(04)25368667
4316,2023,03,11,17,10,臺中市,豐原區,0,1,0,8,1,5,30,3,1,1,5,4,5,7,1,1,8,3,4,1,16,11,2,9,3,4,C03,7,11,1,10,2,11,"  ",11,11,1,22,5,C03,120.728843,24.246645,2,66000,387130000C,(04)23289100,(04)25368667
4317,2023,03,11,17,11,臺中市,西區,0,1,0,8,1,5,50,4,2,1,5,4,5,7,4,4,5,5,5,2,14,12,3,10,1,1,B03,7,2,1,8,1,3,"  ",12,12,1,5,8,B03,120.660511,24.14888,2,66000,387130000C,(04)23289100,(04)25368667
4318,2023,03,11,17,14,臺中市,西區,0,3,0,8,1,5,50,4,1,1,5,4,5,7,1,1,10,5,5,2,17,17,2,9,1,1,C03,7,5,4,11,2,12,"  ",17,17,1,21,8,C03,120.651322,24.147729,2,66000,387130000C,(04)23289100,(04)25368667
4319,2023,03,11,17,15,臺中市,潭子區,0,0,0,8,,,40,,,,,,,,,,,,,,,23,"  ","  ","  ","  ",B03,"  ","  ",1,"  ",2,"  ","  ",23,"   ",1,22,"  ",B03,120.697321,24.201216,3,66000,387130000C,(04)23289100,(04)25368667
4320,2023,03,11,17,15,臺中市,大里區,0,1,0,8,1,5,50,4,1,1,5,4,5,7,1,1,5,4,4,1,17,25,3,10,1,1,C03,7,11,1,10,2,15,"  ",25,25,1,22,8,C03,120.688667,24.110118,2,66000,387130000C,(04)23289100,(04)25368667
4321,2023,03,11,17,16,臺中市,北屯區,0,1,0,8,1,5,50,4,2,1,5,4,5,7,2,1,1,2,5,2,13,23,2,9,3,4,C03,7,9,1,10,2,11,"  ",23,23,1,21,8,C03,120.681908,24.172631,2,66000,387130000C,(04)23289100,(04)25368667
4322,2023,03,11,17,19,臺中市,西屯區,0,0,0,8,,,50,,,,,,,,,,,,,,,16,"  ","  ","  ","  ",C03,"  ","  ",1,"  ",2,"  ","  ",16,"   ",1,22,"  ",C03,120.644359,24.174696,3,66000,387130000C,(04)23289100,(04)25368667
4323,2023,03,11,17,19,臺中市,大肚區,0,0,0,8,,,50,,,,,,,,,,,,,,,23,"  ","  ","  ","  ",B03,"  ","  ",1,"  ",2,"  ","  ",23,23,1,19,"  ",B03,120.555735,24.128696,3,66000,387130000C,(04)23289100,(04)25368667
4324,2023,03,11,17,20,臺中市,南區,0,2,0,8,2,5,50,3,1,1,5,4,5,7,4,4,10,5,5,2,16,6,2,9,1,1,C03,7,5,1,10,2,11,"  ",6,6,1,22,8,C03,120.659242,24.122677,2,66000,387130000C,(04)23289100,(04)25368667
4325,2023,03,11,17,21,臺中市,北區,0,0,0,8,,,50,,,,,,,,,,,,,,,23,"  ","  ","  ","  ",B03,"  ","  ",1,"  ",1,"  ","  ",23,"   ",1,21,"  ",B03,120.689948,24.158847,3,66000,387130000C,(04)23289100,(04)25368667
4326,2023,03,11,17,26,臺中市,南區,0,0,0,8,,,50,,,,,,,,,,,,,,,23,"  ","  ","  ","  ",B03,"  ","  ",1,8,2,"  ","  ",23,23,1,5,"  ",B03,120.67089,24.126505,3,66000,387130000C,(04)23289100,(04)25368667
4327,2023,03,11,17,30,臺中市,西屯區,0,2,0,8,1,5,30,3,1,1,5,4,5,7,3,1,10,5,5,2,16,6,2,5,3,4,C03,7,5,1,10,2,14,"  ",6,6,1,22,8,C03,120.642965,24.187438,2,66000,387130000C,(04)23289100,(04)25368667
4328,2023,03,11,17,30,臺中市,西屯區,0,0,0,8,,,60,,,,,,,,,,,,,,,42,"  ","  ","  ","  ",B03,"  ","  ",1,"  ",1,"  ","  ",42,"   ",1,22,"  ",B03,120.609008,24.18433,3,66000,387130000C,(04)23289100,(04)25368667
4329,2023,03,11,17,30,臺中市,豐原區,0,0,0,8,3,2,50,14,9,1,5,4,5,7,4,4,7,2,5,1,13,23,3,10,1,1,B03,7,9,1,8,2,1,"  ",23,23,1,21,8,B03,120.703309,24.243145,3,66000,387130000C,(04)23289100,(04)25368667
4330,2023,03,11,17,33,臺中市,南屯區,0,3,0,8,1,5,50,4,1,1,5,4,5,7,2,1,10,5,5,2,16,6,3,10,1,1,B03,7,6,1,8,2,2,"  ",6,6,1,22,9,B03,120.646418,24.13749,2,66000,387130000C,(04)23289100,(04)25368667
4331,2023,03,11,17,41,臺中市,豐原區,0,0,0,8,,,50,,,,,,,,,,,,,,,8,"  ","  ","  ","  ",C03,"  ","  ",1,"  ",2,"  ","  ",8,"   ",1,21,"  ",C03,120.711348,24.239455,3,66000,387130000C,(04)23289100,(04)25368667
4332,2023,03,11,17,42,臺中市,潭子區,0,0,0,8,,,50,,,,,,,,,,,,,,,23,"  ","  ","  ","  ",B03,"  ","  ",1,"  ",2,"  ","  ",23,"   ",1,21,"  ",B03,120.709197,24.200796,3,66000,387130000C,(04)23289100,(04)25368667
4333,2023,03,11,17,44,臺中市,西區,0,1,0,8,1,5,50,4,1,1,5,4,5,7,1,1,10,5,5,2,16,26,2,9,1,1,C03,7,9,1,10,2,12,"  ",26,26,1,22,8,C03,120.667609,24.147906,2,66000,387130000C,(04)23289100,(04)25368667
4334,2023,03,11,17,45,臺中市,北屯區,0,0,0,8,,,50,,,,,,,,,,,,,,,16,"  ","  ","  ","  ",B03,"  ","  ",1,"  ",1,"  ","  ",16,16,1,5,"  ",B03,120.744069,24.185898,3,66000,387130000C,(04)23289100,(04)25368667
4335,2023,03,11,17,45,臺中市,西屯區,0,0,0,8,,,30,,,,,,,,,,,,,,,23,"  ","  ","  ","  ",C03,"  ","  ",1,"  ",1,"  ","  ",23,"   ",1,4,"  ",C03,120.65953,24.164702,3,66000,387130000C,(04)23289100,(04)25368667
4336,2023,03,11,17,48,臺中市,梧棲區,0,1,0,8,1,5,50,3,1,1,5,4,5,7,3,3,10,5,5,2,16,6,3,10,1,1,B03,7,6,1,8,2,8,"  ",6,6,1,18,1,B03,120.525621,24.225548,2,66000,387130000C,(04)23289100,(04)25368667
4337,2023,03,11,17,49,臺中市,北區,0,1,0,8,3,5,40,14,8,1,5,4,5,7,4,4,3,4,4,2,13,16,2,9,1,1,C03,7,9,1,10,2,11,"  ",16,16,1,22,9,C03,120.672565,24.168787,2,66000,387130000C,(04)23289100,(04)25368667
4338,2023,03,11,17,50,臺中市,大里區,0,1,0,8,1,5,50,5,1,1,5,4,5,7,1,1,3,4,4,1,13,16,2,8,1,1,C03,7,9,1,10,2,11,"  ",16,16,1,22,8,C03,120.697298,24.084249,2,66000,387130000C,(04)23289100,(04)25368667
4339,2023,03,11,17,51,臺中市,北區,0,1,0,8,1,5,50,14,9,1,5,4,5,7,4,4,5,5,5,2,17,23,2,9,1,1,C03,7,9,1,10,2,11,"  ",23,23,1,22,8,C03,120.68686,24.160253,2,66000,387130000C,(04)23289100,(04)25368667
4340,2023,03,11,17,53,臺中市,西區,0,1,0,8,2,5,50,4,1,1,5,4,5,7,4,4,10,5,5,2,16,6,3,10,1,1,C03,7,5,1,10,2,14,"  ",6,6,1,5,8,C03,120.660174,24.151449,2,66000,387130000C,(04)23289100,(04)25368667
4341,2023,03,11,17,54,臺中市,東區,0,0,0,8,,,50,,,,,,,,,,,,,,,17,"  ","  ","  ","  ",F01,"  ","  ","  ","  ","  ","  ","  ",17,"   ",2,"  ","  ",F01,120.690896,24.131801,3,66000,387130000C,(04)23289100,(04)25368667
4342,2023,03,11,18,3,臺中市,大里區,0,1,0,8,3,5,50,4,2,1,5,4,5,7,1,1,5,4,4,1,16,8,2,9,3,4,F01,7,5,8,20,2,16,"  ",8,8,1,22,9,F01,120.679764,24.105516,2,66000,387130000C,(04)23289100,(04)25368667
4343,2023,03,11,18,17,臺中市,中區,0,0,0,,,,50,,,,,,,,,,,,,,,42,"  ","  ","  ","  ",B03,"  ","  ",1,"  ",1,"  ","  ",42,"   ",1,21,"  ",B03,120.681922,24.145989,3,66000,387130000C,(04)23289100,(04)25368667
4344,2023,03,11,18,18,臺中市,東區,0,0,0,8,2,5,50,4,9,1,5,4,5,7,4,4,5,5,5,2,13,23,3,10,1,1,C03,7,9,1,10,2,11,"  ",23,23,1,21,8,C03,120.710668,24.149303,3,66000,387130000C,(04)23289100,(04)25368667
4345,2023,03,11,18,29,臺中市,沙鹿區,0,0,0,8,,,40,,,,,,,,,,,,,,,17,"  ","  ","  ","  ",C03,"  ","  ",1,"  ",9,"  ","  ",17,"   ",1,18,"  ",C03,120.57662,24.225748,3,66000,387130000C,(04)23289100,(04)25368667
4346,2023,03,11,18,29,臺中市,大甲區,0,1,0,8,3,5,50,4,7,1,5,4,5,7,2,1,1,2,4,1,13,16,3,10,1,1,G02,7,9,7,19,2,15,"  ",44,16,1,22,9,G02,120.641437,24.365564,2,66000,387130000C,(04)23289100,(04)25368667
4347,2023,03,11,18,30,臺中市,大雅區,0,0,0,8,,,50,,,,,,,,,,,,,,,26,"  ","  ","  ","  ",A02,"  ","  ",1,"  ",2,"  ","  ",44,"   ",1,22,"  ",A02,120.653545,24.221255,3,66000,387130000C,(04)23289100,(04)25368667
4348,2023,03,11,18,32,臺中市,中區,0,1,0,8,3,5,50,14,9,1,5,4,5,7,4,4,5,4,5,2,3,26,3,10,2,1,F01,7,9,8,20,2,16,"  ",26,26,1,22,8,F01,120.684488,24.138028,2,66000,387130000C,(04)23289100,(04)25368667
4349,2023,03,11,18,36,臺中市,西屯區,0,0,0,8,,,50,,,,,,,,,,,,,,,43,"  ","  ","  ","  ",B03,"  ","  ",1,"  ",1,"  ","  ",43,"   ",1,22,"  ",B03,120.636383,24.170745,3,66000,387130000C,(04)23289100,(04)25368667
4350,2023,03,11,18,41,臺中市,西屯區,0,0,0,8,,,40,,,,,,,,,,,,,,,18,"  ","  ","  ","  ",C03,"  ","  ",1,"  ",1,"  ","  ",18,"   ",1,22,"  ",C03,120.656663,24.156679,3,66000,387130000C,(04)23289100,(04)25368667
4351,2023,03,11,18,44,臺中市,潭子區,0,1,0,8,3,5,30,3,2,1,5,4,5,7,4,4,10,5,5,2,13,16,3,10,1,1,B03,7,9,1,8,2,5,"  ",16,16,1,22,8,B03,120.707532,24.199439,2,66000,387130000C,(04)23289100,(04)25368667
4352,2023,03,11,18,47,臺中市,北屯區,0,2,0,8,3,5,50,5,1,1,5,4,5,7,2,1,10,5,5,2,15,25,2,9,1,1,C03,7,9,1,10,2,11,"  ",25,25,1,5,8,C03,120.697596,24.170626,2,66000,387130000C,(04)23289100,(04)25368667