序號,年,月,日,時,分,縣市,區,死亡數量,受傷數量,2-30,天候,光線,道路類別,速限_速度(公里),道路型態,事故位置,路面鋪裝,路面狀態,路面缺陷,障礙物,視距,號誌種類,號誌動作,分向設施,快車道或一般車道間,快慢車道間,路面邊線,事故類型及型態,主要肇因,受傷程度,主要傷處,保護裝備,行動電話,當事者區分,車輛用途,當事者行動狀態,駕駛資格情形,駕駛執照種類,飲酒情形,車輛撞擊部位最初,車輛撞擊部位其他,肇事因素個別,肇事因素主要,肇事逃逸,職業,旅次目的,車種,GPS座標X,GPS座標Y,事故類別,縣市別代碼,機關代碼,市話,傳真
4353,2023,03,11,18,59,臺中市,北屯區,0,3,0,8,3,5,80,10,9,1,5,4,5,7,4,4,1,3,5,1,13,23,2,3,3,4,B01,7,9,1,4,2,5,"  ",23,23,1,10,8,B01,120.719863,24.164109,2,66000,387130000C,(04)23289100,(04)25368667
4354,2023,03,11,19,9,臺中市,清水區,0,1,0,8,2,5,50,4,2,1,5,4,5,7,1,1,5,5,4,2,13,23,3,10,1,1,B03,7,9,1,8,2,5,"  ",23,23,1,5,5,B03,120.575976,24.264478,2,66000,387130000C,(04)23289100,(04)25368667
4355,2023,03,11,19,15,臺中市,中區,0,1,0,8,3,5,50,4,1,1,5,4,5,7,1,1,10,5,5,2,16,8,3,10,1,1,B03,7,5,1,8,3,4,"  ",8,8,1,5,8,B03,120.679157,24.145556,2,66000,387130000C,(04)23289100,(04)25368667
4356,2023,03,11,19,20,臺中市,潭子區,0,2,0,8,3,5,60,3,1,1,5,4,5,7,4,4,10,5,5,2,16,6,3,10,1,1,B01,7,6,1,4,2,2,"  ",6,6,1,10,8,B01,120.70261,24.196198,2,66000,387130000C,(04)23289100,(04)25368667
4357,2023,03,11,19,22,臺中市,龍井區,0,2,0,8,3,5,50,14,9,1,5,4,3,5,4,4,5,5,5,1,3,53,2,9,4,1,H01,8,20,8,20,10,16,"  ",53,53,1,21,8,H01,120.52,24.21,2,66000,387130000C,(04)23289100,(04)25368667
4358,2023,03,11,19,26,臺中市,北屯區,0,1,0,8,3,5,50,4,1,1,5,4,3,5,1,1,10,5,5,2,16,6,3,10,1,1,B03,7,6,1,5,2,5,"  ",6,6,1,5,8,B03,120.694671,24.174576,2,66000,387130000C,(04)23289100,(04)25368667
4359,2023,03,11,19,27,臺中市,大里區,0,0,0,8,,,50,,,,,,,,,,,,,,,16,"  ","  ","  ","  ",C03,"  ","  ",1,"  ",2,"  ","  ",16,"   ",1,21,"  ",C03,120.704011,24.106791,3,66000,387130000C,(04)23289100,(04)25368667
4360,2023,03,11,19,28,臺中市,北屯區,0,0,0,8,,,50,,,,,,,,,,,,,,,23,"  ","  ","  ","  ",B12,"  ","  ",1,"  ",2,"  ","  ",23,"   ",1,22,"  ",B12,120.667088,24.17321,3,66000,387130000C,(04)23289100,(04)25368667
4361,2023,03,11,19,43,臺中市,太平區,0,2,0,8,3,5,50,14,9,1,5,4,5,7,4,4,9,4,5,2,12,23,3,10,1,1,C03,7,9,1,10,2,11,14,23,23,1,22,8,C03,120.72545,24.15171,2,66000,387130000C,(04)23289100,(04)25368667
4362,2023,03,11,19,44,臺中市,北區,0,1,0,8,1,5,50,3,1,1,5,4,5,7,1,1,5,5,5,2,17,3,2,9,1,1,C03,7,5,1,10,2,13,"  ",23,42,1,22,8,C03,120.682055,24.151982,2,66000,387130000C,(04)23289100,(04)25368667
4363,2023,03,11,19,45,臺中市,北屯區,0,0,0,8,,,50,,,,,,,,,,,,,,,23,"  ","  ","  ","  ",B03,"  ","  ",1,"  ",1,"  ","  ",23,23,1,5,"  ",B03,120.687152,24.185975,3,66000,387130000C,(04)23289100,(04)25368667
4364,2023,03,11,19,47,臺中市,西屯區,0,0,0,8,,,50,,,,,,,,,,,,,,,15,"  ","  ","  ","  ",B01,"  ","  ",1,"  ",2,"  ","  ",15,"   ",1,22,"  ",B01,120.644836,24.158166,3,66000,387130000C,(04)23289100,(04)25368667
4365,2023,03,11,19,49,臺中市,太平區,0,0,0,8,,,50,,,,,,,,,,,,,,,23,"  ","  ","  ","  ",B03,"  ","  ",1,"  ",2,"  ","  ",23,"   ",1,22,"  ",B03,120.727233,24.156916,3,66000,387130000C,(04)23289100,(04)25368667
4366,2023,03,11,19,50,臺中市,中區,0,1,0,8,3,5,50,4,1,1,5,4,5,7,1,1,10,5,5,2,16,23,3,10,1,1,C03,7,5,1,10,2,14,"  ",23,23,1,21,8,C03,120.685744,24.141555,2,66000,387130000C,(04)23289100,(04)25368667
4367,2023,03,11,19,56,臺中市,北區,0,2,0,8,3,5,50,4,1,1,5,4,5,7,1,1,5,5,5,2,13,23,2,9,1,1,C03,7,9,1,10,2,11,"  ",23,23,1,21,8,C03,120.675133,24.155732,2,66000,387130000C,(04)23289100,(04)25368667
4368,2023,03,11,19,57,臺中市,龍井區,0,0,0,8,,,50,,,,,,,,,,,,,,,23,"  ","  ","  ","  ",B03,"  ","  ",1,"  ",1,"  ","  ",23,"   ",1,22,"  ",B03,120.570628,24.176417,3,66000,387130000C,(04)23289100,(04)25368667
4369,2023,03,11,20,0,臺中市,北屯區,0,0,0,8,,,30,,,,,,,,,,,,,,,12,"  ","  ","  ","  ",B03,"  ","  ",1,"  ",1,"  ","  ",12,"   ",1,5,"  ",B03,120.741016,24.165216,3,66000,387130000C,(04)23289100,(04)25368667
4370,2023,03,11,20,2,臺中市,北區,0,0,0,8,,,50,,,,,,,,,,,,,,,12,"  ","  ","  ","  ",B03,"  ","  ",1,"  ",11,"  ","  ",12,"   ",1,21,"  ",B03,120.673213,24.16307,3,66000,387130000C,(04)23289100,(04)25368667
4371,2023,03,11,20,8,臺中市,大里區,0,0,0,8,,,50,,,,,,,,,,,,,,,8,"  ","  ","  ","  ",C03,"  ","  ",1,"  ",1,"  ","  ",8,"   ",1,21,"  ",C03,120.688381,24.108075,3,66000,387130000C,(04)23289100,(04)25368667
4372,2023,03,11,20,10,臺中市,西屯區,0,0,0,8,,,50,,,,,,,,,,,,,,,7,"  ","  ","  ","  ",B01,"  ","  ",1,"  ",2,"  ","  ",7,"   ",1,4,"  ",B01,120.648285,24.196269,3,66000,387130000C,(04)23289100,(04)25368667
4373,2023,03,11,20,17,臺中市,南區,0,0,0,8,1,5,50,14,9,1,5,4,5,7,2,1,5,4,5,2,13,16,3,10,1,1,B01,7,9,1,4,2,1,"  ",16,16,1,10,4,B01,120.651725,24.12182,3,66000,387130000C,(04)23289100,(04)25368667
4374,2023,03,11,20,18,臺中市,西區,0,0,0,8,,,50,,,,,,,,,,,,,,,12,"  ","  ","  ","  ",C03,"  ","  ",1,"  ",1,"  ","  ",12,"   ",1,22,"  ",C03,120.677149,24.140255,3,66000,387130000C,(04)23289100,(04)25368667
4375,2023,03,11,20,28,臺中市,西屯區,0,1,0,8,1,5,40,3,1,1,5,4,5,7,1,1,1,3,1,2,16,7,2,9,1,1,C03,7,8,1,10,2,13,"  ",7,7,1,22,8,C03,120.619111,24.181355,2,66000,387130000C,(04)23289100,(04)25368667
4376,2023,03,11,20,29,臺中市,太平區,0,1,0,8,3,5,50,4,1,1,5,4,5,7,1,1,10,5,5,2,16,6,2,9,1,1,C03,7,5,1,10,2,12,14,6,6,1,22,8,C03,120.716896,24.131579,2,66000,387130000C,(04)23289100,(04)25368667
4377,2023,03,11,20,30,臺中市,西屯區,0,1,0,8,3,5,50,4,1,1,5,4,5,7,1,1,9,4,5,2,13,6,3,10,1,1,B03,7,6,3,18,2,2,"  ",6,6,1,12,8,B03,120.641906,24.178458,2,66000,387130000C,(04)23289100,(04)25368667
4378,2023,03,11,20,30,臺中市,沙鹿區,0,0,0,,,,30,,,,,,,,,,,,,,,19,"  ","  ","  ","  ",B03,"  ","  ",1,"  ",2,"  ","  ",19,"   ",1,18,"  ",B03,120.578534,24.221283,3,66000,387130000C,(04)23289100,(04)25368667
4379,2023,03,11,20,48,臺中市,西屯區,0,0,0,8,,,50,,,,,,,,,,,,,,,23,"  ","  ","  ","  ",C01,"  ","  ",1,"  ",1,"  ","  ",23,23,1,22,"  ",C01,120.644681,24.158113,3,66000,387130000C,(04)23289100,(04)25368667
4380,2023,03,11,20,51,臺中市,南區,0,1,0,8,3,5,50,4,9,1,5,4,5,7,1,1,5,5,5,2,16,23,3,10,3,4,B03,7,9,1,8,2,4,"  ",23,23,1,5,8,B03,120.663909,24.11688,2,66000,387130000C,(04)23289100,(04)25368667
4381,2023,03,11,20,57,臺中市,西屯區,0,0,0,8,,,60,,,,,,,,,,,,,,,23,"  ","  ","  ","  ",B03,"  ","  ",1,"  ",1,"  ","  ",23,"   ",1,22,"  ",B03,120.635758,24.172555,3,66000,387130000C,(04)23289100,(04)25368667
4382,2023,03,11,21,15,臺中市,西屯區,0,1,0,8,3,5,40,14,8,1,5,4,5,7,4,4,1,4,3,2,13,16,3,10,1,1,C03,7,9,1,10,2,11,"  ",16,16,1,4,8,C03,120.648739,24.162885,2,66000,387130000C,(04)23289100,(04)25368667
4383,2023,03,11,21,16,臺中市,太平區,0,2,0,8,3,5,50,14,9,1,5,4,5,7,4,4,9,5,5,2,9,54,3,10,4,1,H01,8,16,8,20,10,16,"  ",54,54,1,22,8,H01,120.723861,24.145644,2,66000,387130000C,(04)23289100,(04)25368667
4384,2023,03,11,21,17,臺中市,南區,0,1,0,7,3,5,50,4,1,1,5,4,5,7,1,1,10,5,5,2,16,6,3,10,1,1,B12,7,5,1,8,2,2,"  ",6,6,1,22,8,B12,120.661925,24.130102,2,66000,387130000C,(04)23289100,(04)25368667
4385,2023,03,11,21,28,臺中市,大里區,0,2,0,8,3,5,50,14,8,1,5,4,5,7,4,4,3,4,4,1,13,26,2,9,3,4,C03,7,8,1,10,2,11,"  ",26,26,1,22,9,C03,120.697068,24.111886,2,66000,387130000C,(04)23289100,(04)25368667
4386,2023,03,11,21,29,臺中市,西區,0,1,0,8,3,5,50,5,1,1,5,4,5,7,1,1,10,5,5,2,12,19,2,9,1,1,C03,7,1,1,10,2,14,"  ",19,19,1,22,9,C03,120.670487,24.146146,2,66000,387130000C,(04)23289100,(04)25368667
4387,2023,03,11,21,40,臺中市,南區,0,0,0,8,,,50,,,,,,,,,,,,,,,67,"  ","  ","  ","  ","   ","  ","  ","  ","  ","  ","  ","  ",67,"   ",1,"  ","  ","   ",120.675523,24.125616,3,66000,387130000C,(04)23289100,(04)25368667
4388,2023,03,11,21,42,臺中市,南屯區,0,2,0,8,3,5,50,14,9,1,5,4,5,7,4,4,10,5,5,2,17,10,3,10,3,4,B03,7,11,1,8,2,5,"  ",10,10,1,12,8,B03,120.64574,24.131741,2,66000,387130000C,(04)23289100,(04)25368667
4389,2023,03,11,21,46,臺中市,烏日區,0,1,0,8,1,5,50,3,1,1,5,4,5,7,4,4,9,4,4,1,13,16,2,9,1,1,C03,7,9,1,10,2,11,"  ",16,16,1,22,8,C03,120.652887,24.09456,2,66000,387130000C,(04)23289100,(04)25368667
4390,2023,03,11,21,55,臺中市,龍井區,0,1,0,8,3,5,50,11,9,1,5,4,5,7,4,4,9,5,5,2,20,23,2,9,3,4,C03,7,9,3,18,2,15,"  ",23,23,1,22,9,C03,120.573232,24.193098,2,66000,387130000C,(04)23289100,(04)25368667
4391,2023,03,11,22,0,臺中市,北屯區,0,0,0,8,,,50,,,,,,,,,,,,,,,23,"  ","  ","  ","  ",B03,"  ","  ",1,8,1,"  ","  ",23,23,1,21,"  ",B03,120.703842,24.186372,3,66000,387130000C,(04)23289100,(04)25368667
4392,2023,03,11,22,14,臺中市,西屯區,0,0,0,8,,,50,,,,,,,,,,,,,,,7,"  ","  ","  ","  ",C03,"  ","  ",1,"  ",2,"  ","  ",7,"   ",1,22,"  ",C03,120.651062,24.165307,3,66000,387130000C,(04)23289100,(04)25368667
4393,2023,03,11,22,20,臺中市,中區,0,1,0,8,3,5,50,4,1,1,5,4,5,7,1,1,10,5,5,2,16,26,3,10,1,1,B03,7,11,1,8,2,8,"  ",26,26,1,22,9,B03,120.67729,24.145711,2,66000,387130000C,(04)23289100,(04)25368667
4394,2023,03,11,22,21,臺中市,東區,0,1,0,8,2,5,50,14,9,1,5,4,5,7,4,4,9,5,5,2,14,12,3,10,3,4,B03,7,2,6,8,2,3,"  ",12,12,1,5,8,B03,120.701266,24.134108,2,66000,387130000C,(04)23289100,(04)25368667
4395,2023,03,11,22,38,臺中市,西區,0,0,0,8,3,5,50,4,1,1,5,4,5,7,1,1,5,5,5,2,13,23,"  ","  ","  ","  ",B03,"  ","  ",1,"  ",2,"  ","  ",23,"   ",1,22,"  ",B03,120.658842,24.145535,3,66000,387130000C,(04)23289100,(04)25368667
4396,2023,03,11,22,44,臺中市,大里區,0,0,0,8,,,30,,,,,,,,,,,,,,,12,"  ","  ","  ","  ",B03,"  ","  ",1,"  ",2,"  ","  ",12,"   ",1,22,"  ",B03,120.689792,24.107153,3,66000,387130000C,(04)23289100,(04)25368667
4397,2023,03,11,23,20,臺中市,清水區,0,4,0,8,3,5,50,4,1,1,5,4,5,7,3,1,10,5,5,2,15,6,2,1,1,1,B03,7,9,1,8,2,5,"  ",6,6,1,5,5,B03,120.560369,24.284116,2,66000,387130000C,(04)23289100,(04)25368667
4398,2023,03,11,23,22,臺中市,西屯區,0,0,0,8,3,5,30,14,9,1,5,4,5,7,4,4,10,5,5,2,14,12,3,10,1,1,B03,7,2,1,8,2,3,"  ",12,12,1,18,5,B03,120.645479,24.175209,3,66000,387130000C,(04)23289100,(04)25368667
4399,2023,03,11,23,23,臺中市,太平區,0,0,0,8,,,50,,,,,,,,,,,,,,,23,"  ","  ","  ","  ",B03,"  ","  ",1,"  ",2,"  ","  ",23,"   ",1,5,"  ",B03,120.727754,24.114809,3,66000,387130000C,(04)23289100,(04)25368667
4400,2023,03,11,23,30,臺中市,西屯區,0,0,0,8,,,50,,,,,,,,,,,,,,,23,"  ","  ","  ","  ",B03,"  ","  ",1,"  ",1,"  ","  ",23,"   ",1,22,"  ",B03,120.662798,24.20154,3,66000,387130000C,(04)23289100,(04)25368667
4401,2023,03,11,23,45,臺中市,南屯區,0,0,0,8,,,50,,,,,,,,,,,,,,,12,"  ","  ","  ","  ",B03,"  ","  ",1,"  ",11,"  ","  ",12,"   ",1,5,"  ",B03,120.631136,24.14899,3,66000,387130000C,(04)23289100,(04)25368667
4402,2023,03,11,23,46,臺中市,太平區,0,0,0,8,,,40,,,,,,,,,,,,,,,6,"  ","  ","  ","  ",B03,"  ","  ",1,"  ",2,"  ","  ",6,6,1,21,"  ",B03,120.725136,24.116852,3,66000,387130000C,(04)23289100,(04)25368667
4403,2023,03,11,23,47,臺中市,西屯區,0,0,0,8,3,5,50,4,1,1,5,4,5,7,2,1,10,5,5,2,16,6,3,10,1,1,B03,7,5,1,8,2,2,6,6,6,1,4,6,B03,120.644591,24.18508,3,66000,387130000C,(04)23289100,(04)25368667
4404,2023,03,11,23,52,臺中市,南區,0,1,0,7,3,5,50,15,9,1,5,4,5,7,4,4,1,5,5,2,16,19,2,9,1,1,C03,7,1,1,10,2,11,"  ",19,19,1,22,8,C03,120.657454,24.129632,2,66000,387130000C,(04)23289100,(04)25368667
4405,2023,03,11,23,54,臺中市,西屯區,0,4,0,8,3,5,80,14,9,1,5,4,5,7,4,4,1,4,5,2,16,42,3,10,3,4,B01,7,9,1,4,2,5,"  ",42,42,1,22,8,B01,120.629295,24.163794,2,66000,387130000C,(04)23289100,(04)25368667
4406,2023,03,12,0,1,臺中市,豐原區,0,2,0,8,3,5,50,4,1,1,5,4,5,7,1,1,1,2,5,2,16,23,2,9,1,1,C03,7,11,1,10,2,14,"  ",10,23,1,22,8,C03,120.725262,24.254928,2,66000,387130000C,(04)23289100,(04)25368667
4407,2023,03,12,0,29,臺中市,中區,0,1,0,8,3,5,50,4,7,1,5,4,5,7,1,1,5,4,4,2,16,6,3,10,1,1,B03,7,5,1,8,2,1,"  ",6,6,1,22,9,B03,120.679881,24.146232,2,66000,387130000C,(04)23289100,(04)25368667
4408,2023,03,12,0,37,臺中市,西屯區,0,1,0,8,3,5,50,3,2,1,5,4,5,7,4,4,1,4,5,2,12,7,3,10,1,1,B12,7,8,3,18,2,2,6,7,7,1,3,5,B12,120.61579,24.186011,2,66000,387130000C,(04)23289100,(04)25368667
4409,2023,03,12,1,10,臺中市,北區,0,1,0,8,3,5,50,4,1,1,5,4,5,7,1,1,5,4,4,2,16,27,3,10,1,1,B03,7,6,1,8,2,6,"  ",27,27,1,22,8,B03,120.679925,24.159241,2,66000,387130000C,(04)23289100,(04)25368667
4410,2023,03,12,1,29,臺中市,西屯區,0,1,0,8,3,5,50,14,9,1,5,4,5,7,4,4,9,4,5,2,18,42,2,9,3,4,C03,7,9,1,10,2,14,"  ",42,42,1,22,8,C03,120.653923,24.156261,2,66000,387130000C,(04)23289100,(04)25368667
4411,2023,03,12,1,39,臺中市,烏日區,0,1,0,8,1,5,40,14,9,1,5,4,5,7,4,4,5,5,5,2,17,42,2,9,1,1,F03,7,9,8,20,2,16,"  ",42,42,1,21,8,F03,120.647596,24.053951,2,66000,387130000C,(04)23289100,(04)25368667
4412,2023,03,12,2,33,臺中市,龍井區,0,1,0,8,3,5,50,14,9,1,5,4,5,7,4,4,9,5,5,2,20,23,2,1,1,4,C03,7,9,2,18,2,11,"  ",23,23,1,22,9,C03,120.573872,24.192041,2,66000,387130000C,(04)23289100,(04)25368667
4413,2023,03,12,2,37,臺中市,大雅區,0,1,0,8,3,5,50,4,2,1,5,4,5,7,1,1,1,4,5,1,16,16,2,8,1,1,C03,7,9,1,10,2,14,"  ",16,16,1,22,9,C03,120.646755,24.222637,2,66000,387130000C,(04)23289100,(04)25368667
4414,2023,03,12,2,58,臺中市,北屯區,0,2,0,8,3,5,50,4,1,1,5,4,5,7,2,1,10,5,5,2,13,26,2,1,1,1,B03,7,9,1,7,7,8,"  ",26,26,1,21,8,B03,120.701831,24.182039,2,66000,387130000C,(04)23289100,(04)25368667
4415,2023,03,12,4,39,臺中市,北屯區,0,0,0,8,,,50,,,,,,,,,,,,,,,23,"  ","  ","  ","  ",C03,"  ","  ",1,"  ",2,"  ","  ",23,"   ",1,22,"  ",C03,120.688289,24.181779,3,66000,387130000C,(04)23289100,(04)25368667
4416,2023,03,12,4,44,臺中市,東勢區,0,0,0,8,3,5,60,14,9,1,5,4,5,7,4,4,1,5,5,1,17,23,"  ","  ","  ","  ",B12,"  ","  ",1,"  ",9,"  ","  ",23,"   ",1,22,"  ",B12,120.833595,24.241401,3,66000,387130000C,(04)23289100,(04)25368667
4417,2023,03,12,5,2,臺中市,太平區,0,0,0,8,,,40,,,,,,,,,,,,,,,23,"  ","  ","  ","  ",B03,"  ","  ",1,"  ",11,"  ","  ",23,"   ",1,5,"  ",B03,120.715303,24.149011,3,66000,387130000C,(04)23289100,(04)25368667
4418,2023,03,12,5,15,臺中市,北區,0,0,0,,,,30,,,,,,,,,,,,,,,23,"  ","  ","  ","  ",B03,"  ","  ",1,"  ",2,"  ","  ",23,"   ",1,21,"  ",B03,120.695507,24.152649,3,66000,387130000C,(04)23289100,(04)25368667
4419,2023,03,12,6,30,臺中市,西區,0,1,0,8,1,5,50,4,1,1,5,4,5,7,1,1,10,5,5,2,23,42,2,9,1,1,C03,7,9,1,10,2,14,"  ",42,42,1,22,9,C03,120.668365,24.129905,2,66000,387130000C,(04)23289100,(04)25368667
4420,2023,03,12,6,30,臺中市,烏日區,0,1,0,8,1,5,50,4,1,1,5,4,5,7,3,1,10,5,5,2,16,6,2,9,1,1,F01,7,9,8,20,2,16,"  ",6,6,1,21,8,F01,120.61865,24.103128,2,66000,387130000C,(04)23289100,(04)25368667
4421,2023,03,12,7,5,臺中市,潭子區,0,1,0,8,1,5,30,3,2,1,5,4,5,7,4,4,10,4,5,1,17,23,2,9,1,1,C03,7,6,1,10,2,12,"  ",23,23,1,22,8,C03,120.728255,24.202859,2,66000,387130000C,(04)23289100,(04)25368667
4422,2023,03,12,7,6,臺中市,西屯區,0,1,0,8,1,5,1,14,9,1,5,4,5,7,4,4,5,4,5,1,12,23,2,9,1,1,C03,7,9,1,10,2,12,14,23,23,1,22,8,C03,120.621343,24.190175,2,66000,387130000C,(04)23289100,(04)25368667
4423,2023,03,12,7,18,臺中市,北屯區,0,0,0,8,,,50,,,,,,,,,,,,,,,17,"  ","  ","  ","  ",B03,"  ","  ",1,"  ",2,"  ","  ",17,"   ",1,21,"  ",B03,120.686415,24.189273,3,66000,387130000C,(04)23289100,(04)25368667
4424,2023,03,12,7,27,臺中市,梧棲區,0,0,0,8,,,30,,,,,,,,,,,,,,,6,"  ","  ","  ","  ",C03,"  ","  ",1,"  ",2,"  ","  ",6,6,1,3,"  ",C03,120.557992,24.258411,3,66000,387130000C,(04)23289100,(04)25368667
4425,2023,03,12,7,45,臺中市,外埔區,0,2,0,8,1,5,30,3,2,1,5,4,4,2,4,4,5,4,5,2,16,23,2,9,1,1,C03,7,9,1,10,2,14,"  ",23,23,1,4,8,C03,120.621332,24.335543,2,66000,387130000C,(04)23289100,(04)25368667
4426,2023,03,12,7,48,臺中市,沙鹿區,0,0,0,8,1,5,40,14,8,1,5,4,5,7,4,4,1,4,1,1,18,42,2,9,1,1,C03,7,9,1,10,2,12,"  ",42,42,1,22,8,C03,120.580769,24.198313,3,66000,387130000C,(04)23289100,(04)25368667
4427,2023,03,12,8,5,臺中市,北區,0,1,0,8,1,5,50,4,1,1,5,4,5,7,1,1,10,5,5,2,18,43,2,9,1,1,C01,7,6,1,9,2,12,"  ",43,43,1,22,9,C01,120.699678,24.160396,2,66000,387130000C,(04)23289100,(04)25368667
4428,2023,03,12,8,15,臺中市,清水區,0,0,0,8,,,30,,,,,,,,,,,,,,,23,"  ","  ","  ","  ",B12,"  ","  ",1,"  ",9,"  ","  ",23,"   ",1,4,"  ",B12,120.598816,24.273329,3,66000,387130000C,(04)23289100,(04)25368667
4429,2023,03,12,8,21,臺中市,南屯區,0,0,0,8,,,50,,,,,,,,,,,,,,,23,"  ","  ","  ","  ",B03,"  ","  ",1,"  ",1,"  ","  ",23,"   ",1,22,"  ",B03,120.617338,24.153381,3,66000,387130000C,(04)23289100,(04)25368667
4430,2023,03,12,8,30,臺中市,清水區,0,1,0,8,1,5,50,14,9,1,5,4,5,7,4,4,9,5,5,2,16,23,2,9,1,1,C03,7,9,1,10,2,14,"  ",23,23,1,21,8,C03,120.537127,24.267858,2,66000,387130000C,(04)23289100,(04)25368667
4431,2023,03,12,8,33,臺中市,大雅區,0,0,0,8,,,30,,,,,,,,,,,,,,,6,"  ","  ","  ","  ",B11,"  ","  ",1,"  ",2,"  ","  ",6,"   ",1,21,"  ",B11,120.66159,24.226524,3,66000,387130000C,(04)23289100,(04)25368667
4432,2023,03,12,8,33,臺中市,龍井區,0,1,0,8,1,5,30,14,9,1,5,4,5,7,4,4,10,5,5,2,18,44,2,9,3,4,C03,7,9,1,10,2,12,"  ",44,44,1,19,6,C03,120.547623,24.192336,2,66000,387130000C,(04)23289100,(04)25368667
4433,2023,03,12,8,38,臺中市,北屯區,0,2,0,8,1,5,50,3,2,1,5,4,5,7,2,1,10,5,5,2,16,1,3,10,1,1,B03,7,4,1,8,2,2,"  ",1,1,1,21,8,B03,120.733753,24.169825,2,66000,387130000C,(04)23289100,(04)25368667
4434,2023,03,12,8,42,臺中市,烏日區,0,1,0,8,1,5,50,14,9,1,5,4,5,7,4,4,9,5,5,1,16,26,3,10,1,1,B03,7,11,1,8,2,6,"  ",26,26,1,22,8,B03,120.607929,24.117784,2,66000,387130000C,(04)23289100,(04)25368667
4435,2023,03,12,8,48,臺中市,潭子區,0,0,0,8,,,30,,,,,,,,,,,,,,,23,"  ","  ","  ","  ",B03,"  ","  ",1,"  ",2,"  ","  ",23,"   ",1,22,"  ",B03,120.699746,24.199172,3,66000,387130000C,(04)23289100,(04)25368667
4436,2023,03,12,8,48,臺中市,沙鹿區,0,0,0,8,,,50,,,,,,,,,,,,,,,23,"  ","  ","  ","  ",B03,"  ","  ",1,"  ",2,"  ","  ",23,"   ",1,21,"  ",B03,120.553262,24.217627,3,66000,387130000C,(04)23289100,(04)25368667
4437,2023,03,12,8,55,臺中市,北區,0,1,0,8,1,5,50,3,2,1,5,4,5,7,4,4,7,5,5,2,18,9,2,9,3,4,C03,7,6,1,10,2,14,"  ",9,9,1,22,9,C03,120.693183,24.157819,2,66000,387130000C,(04)23289100,(04)25368667
4438,2023,03,12,8,55,臺中市,霧峰區,0,0,0,8,,,80,,,,,,,,,,,,,,,23,"  ","  ","  ","  ",B03,"  ","  ",1,"  ",2,"  ","  ",23,"   ",1,18,"  ",B03,120.684952,24.055141,3,66000,387130000C,(04)23289100,(04)25368667
4439,2023,03,12,9,0,臺中市,大雅區,0,2,0,8,1,5,50,14,9,1,5,4,5,7,4,4,1,5,5,1,17,43,2,8,1,1,C03,7,9,1,10,2,14,"  ",43,43,1,21,8,C03,120.668527,24.236426,2,66000,387130000C,(04)23289100,(04)25368667
4440,2023,03,12,9,0,臺中市,大雅區,0,1,0,8,1,5,50,5,1,1,5,4,5,7,1,1,1,4,4,1,12,7,2,9,1,1,C03,7,7,1,10,2,11,"  ",7,7,1,21,8,C03,120.666098,24.216898,2,66000,387130000C,(04)23289100,(04)25368667
4441,2023,03,12,9,11,臺中市,中區,0,1,0,8,1,5,50,5,1,1,5,4,5,7,2,1,10,5,5,2,13,23,3,10,1,1,B03,7,9,1,8,2,5,"  ",23,23,1,5,5,B03,120.681796,24.144577,2,66000,387130000C,(04)23289100,(04)25368667
4442,2023,03,12,9,12,臺中市,北屯區,0,0,0,8,,,40,,,,,,,,,,,,,,,23,"  ","  ","  ","  ",B11,"  ","  ",1,"  ",2,"  ","  ",23,"   ",1,22,"  ",B11,120.686582,24.201323,3,66000,387130000C,(04)23289100,(04)25368667
4443,2023,03,12,9,19,臺中市,沙鹿區,0,1,0,8,1,5,40,3,2,1,5,4,5,7,4,4,1,4,5,2,17,42,3,10,1,1,B03,7,15,1,8,2,1,"  ",42,42,1,19,8,B03,120.580394,24.216074,2,66000,387130000C,(04)23289100,(04)25368667
4444,2023,03,12,9,20,臺中市,豐原區,0,1,0,8,1,5,50,14,7,1,5,4,5,7,4,4,1,3,4,1,12,6,3,10,1,1,B12,7,6,1,8,1,3,"  ",6,6,1,22,8,B12,120.748357,24.267051,2,66000,387130000C,(04)23289100,(04)25368667
4445,2023,03,12,9,22,臺中市,西屯區,0,0,0,8,,,50,,,,,,,,,,,,,,,23,"  ","  ","  ","  ",B02,"  ","  ",1,"  ",1,"  ","  ",23,"   ",1,22,"  ",B02,120.656533,24.200724,3,66000,387130000C,(04)23289100,(04)25368667
4446,2023,03,12,9,23,臺中市,龍井區,0,0,0,8,,,50,,,,,,,,,,,,,,,15,"  ","  ","  ","  ",B03,"  ","  ",1,"  ",2,"  ","  ",15,15,1,10,"  ",B03,120.546041,24.192283,3,66000,387130000C,(04)23289100,(04)25368667
4447,2023,03,12,9,25,臺中市,東區,0,2,0,8,1,5,50,14,7,1,5,4,5,7,4,4,9,4,4,2,16,16,2,8,1,1,C03,7,9,1,10,2,12,"  ",16,16,1,22,8,C03,120.686927,24.129738,2,66000,387130000C,(04)23289100,(04)25368667
4448,2023,03,12,9,40,臺中市,西屯區,0,1,0,8,1,5,50,4,1,1,5,4,5,7,2,1,10,5,5,2,12,7,3,10,1,1,B03,7,8,1,8,2,2,"  ",7,7,1,22,8,B03,120.624776,24.181814,2,66000,387130000C,(04)23289100,(04)25368667
4449,2023,03,12,9,49,臺中市,大里區,0,0,0,8,,,40,,,,,,,,,,,,,,,23,"  ","  ","  ","  ",C03,"  ","  ",1,"  ",2,"  ","  ",23,"   ",1,3,"  ",C03,120.703847,24.097263,3,66000,387130000C,(04)23289100,(04)25368667