序號,年,月,日,時,分,縣市,區,死亡數量,受傷數量,2-30,天候,光線,道路類別,速限_速度(公里),道路型態,事故位置,路面鋪裝,路面狀態,路面缺陷,障礙物,視距,號誌種類,號誌動作,分向設施,快車道或一般車道間,快慢車道間,路面邊線,事故類型及型態,主要肇因,受傷程度,主要傷處,保護裝備,行動電話,當事者區分,車輛用途,當事者行動狀態,駕駛資格情形,駕駛執照種類,飲酒情形,車輛撞擊部位最初,車輛撞擊部位其他,肇事因素個別,肇事因素主要,肇事逃逸,職業,旅次目的,車種,GPS座標X,GPS座標Y,事故類別,縣市別代碼,機關代碼,市話,傳真
4450,2023,03,12,9,50,臺中市,西屯區,0,1,0,8,1,5,50,4,1,1,5,4,5,7,1,1,8,4,5,1,16,6,2,8,1,4,F01,7,5,8,20,1,16,"  ",6,6,1,4,8,F01,120.640939,24.170539,2,66000,387130000C,(04)23289100,(04)25368667
4451,2023,03,12,9,51,臺中市,西屯區,0,1,0,8,1,5,50,4,1,1,5,4,5,7,1,1,10,5,5,2,17,6,3,10,3,4,B12,7,6,1,8,2,5,"  ",6,6,1,22,9,B12,120.642998,24.176988,2,66000,387130000C,(04)23289100,(04)25368667
4452,2023,03,12,9,55,臺中市,大甲區,0,1,0,8,1,5,70,14,8,1,5,4,5,7,4,4,1,4,4,1,13,23,3,10,1,1,C03,7,9,1,10,2,12,"  ",23,17,1,22,9,C03,120.605992,24.319532,2,66000,387130000C,(04)23289100,(04)25368667
4453,2023,03,12,9,56,臺中市,南區,0,0,0,8,,,50,,,,,,,,,,,,,,,9,"  ","  ","  ","  ",B03,"  ","  ",1,"  ",2,"  ","  ",9,6,1,5,"  ",B03,120.657348,24.13381,3,66000,387130000C,(04)23289100,(04)25368667
4454,2023,03,12,9,57,臺中市,南區,0,3,0,8,1,5,50,4,1,1,5,4,5,7,1,1,10,5,5,2,16,25,2,9,1,1,C03,7,9,2,18,2,12,"  ",25,25,1,22,9,C03,120.659055,24.113813,2,66000,387130000C,(04)23289100,(04)25368667
4455,2023,03,12,10,3,臺中市,西屯區,1,0,0,8,1,5,50,4,1,1,5,4,5,7,1,1,1,4,5,2,21,42,1,1,1,1,C03,7,15,1,10,2,12,"  ",42,42,1,22,8,C03,120.651823,24.17715,1,66000,387130000C,(04)23289100,(04)25368667
4456,2023,03,12,10,5,臺中市,西屯區,0,0,0,8,,,50,,,,,,,,,,,,,,,7,"  ","  ","  ","  ",C03,"  ","  ",1,"  ",1,"  ","  ",7,"   ",1,22,"  ",C03,120.637918,24.180886,3,66000,387130000C,(04)23289100,(04)25368667
4457,2023,03,12,10,15,臺中市,太平區,0,0,0,8,,,50,,,,,,,,,,,,,,,19,"  ","  ","  ","  ",B03,"  ","  ",1,"  ",2,"  ","  ",19,"   ",1,21,"  ",B03,120.726692,24.153705,3,66000,387130000C,(04)23289100,(04)25368667
4458,2023,03,12,10,15,臺中市,后里區,0,2,0,8,1,5,30,4,2,1,5,4,5,7,4,4,4,4,5,2,16,6,2,9,1,1,C03,7,9,1,10,2,14,"  ",6,6,1,4,8,C03,120.711749,24.305063,2,66000,387130000C,(04)23289100,(04)25368667
4459,2023,03,12,10,17,臺中市,東區,0,0,0,,,,50,,,,,,,,,,,,,,,1,"  ","  ","  ","  ",C03,"  ","  ",1,"  ",2,"  ","  ",1,"   ",1,5,"  ",C03,120.692453,24.144146,3,66000,387130000C,(04)23289100,(04)25368667
4460,2023,03,12,10,19,臺中市,北屯區,0,0,0,8,,,50,,,,,,,,,,,,,,,23,"  ","  ","  ","  ",B03,"  ","  ",1,"  ",1,"  ","  ",23,"   ",1,22,"  ",B03,120.680537,24.200824,3,66000,387130000C,(04)23289100,(04)25368667
4461,2023,03,12,10,24,臺中市,南區,0,1,0,8,1,7,30,14,22,1,5,4,5,7,4,4,10,5,5,2,12,23,2,9,1,1,F01,7,9,8,20,2,16,"  ",23,23,1,5,1,F01,120.656165,24.123649,2,66000,387130000C,(04)23289100,(04)25368667
4462,2023,03,12,10,30,臺中市,西區,0,1,0,8,1,5,50,14,9,1,5,4,5,7,4,4,9,5,5,2,18,23,2,9,1,1,C03,7,9,1,10,2,14,"  ",23,23,1,21,8,C03,120.668296,24.136997,2,66000,387130000C,(04)23289100,(04)25368667
4463,2023,03,12,10,30,臺中市,北屯區,0,0,0,8,,,50,,,,,,,,,,,,,,,23,"  ","  ","  ","  ",C03,"  ","  ",1,"  ",2,"  ","  ",23,"   ",1,22,"  ",C03,120.702373,24.169853,3,66000,387130000C,(04)23289100,(04)25368667
4464,2023,03,12,10,30,臺中市,烏日區,0,1,0,8,1,5,50,3,1,1,5,4,5,7,1,1,1,4,4,2,16,25,2,1,1,1,B12,7,5,1,8,2,5,"  ",25,25,1,21,8,B12,120.641611,24.115441,2,66000,387130000C,(04)23289100,(04)25368667
4465,2023,03,12,10,37,臺中市,南屯區,0,0,0,8,,,40,,,,,,,,,,,,,,,23,"  ","  ","  ","  ",B12,"  ","  ",1,"  ",2,"  ","  ",23,"   ",1,5,"  ",B12,120.615157,24.148464,3,66000,387130000C,(04)23289100,(04)25368667
4466,2023,03,12,10,41,臺中市,霧峰區,0,1,0,8,1,5,30,14,9,1,5,4,5,7,4,4,10,5,5,1,17,19,3,10,3,4,B03,7,1,1,8,2,4,"  ",19,19,1,12,8,B03,120.686493,24.038906,2,66000,387130000C,(04)23289100,(04)25368667
4467,2023,03,12,10,42,臺中市,東區,0,0,0,,,,50,,,,,,,,,,,,,,,6,"  ","  ","  ","  ",B03,"  ","  ",1,"  ",2,"  ","  ",6,6,1,22,"  ",B03,120.690005,24.133335,3,66000,387130000C,(04)23289100,(04)25368667
4468,2023,03,12,10,42,臺中市,新社區,0,0,0,8,,,50,,,,,,,,,,,,,,,23,"  ","  ","  ","  ",B03,"  ","  ",1,"  ",2,"  ","  ",23,"   ",1,22,"  ",B03,120.798009,24.261409,3,66000,387130000C,(04)23289100,(04)25368667
4469,2023,03,12,10,50,臺中市,西屯區,0,1,0,8,1,5,50,4,1,1,5,4,5,7,4,4,5,4,5,2,15,6,2,9,1,1,C03,7,9,1,10,2,11,"  ",6,6,1,22,8,C03,120.612089,24.185346,2,66000,387130000C,(04)23289100,(04)25368667
4470,2023,03,12,10,50,臺中市,霧峰區,0,1,0,7,1,5,40,14,8,1,5,4,5,7,1,1,1,5,1,1,23,23,2,9,1,1,C03,7,9,1,10,2,14,"  ",23,23,1,22,8,C03,120.666573,24.083295,2,66000,387130000C,(04)23289100,(04)25368667
4471,2023,03,12,10,58,臺中市,大肚區,0,0,0,8,,,50,,,,,,,,,,,,,,,26,"  ","  ","  ","  ",C03,"  ","  ",3,"  ",2,"  ","  ",26,"   ",1,19,"  ",C03,120.545719,24.15009,3,66000,387130000C,(04)23289100,(04)25368667
4472,2023,03,12,10,59,臺中市,太平區,0,0,0,8,,,50,,,,,,,,,,,,,,,16,"  ","  ","  ","  ",B03,"  ","  ",1,"  ",1,"  ","  ",16,"   ",1,22,"  ",B03,120.714406,24.149378,3,66000,387130000C,(04)23289100,(04)25368667
4473,2023,03,12,11,5,臺中市,烏日區,0,1,0,8,1,5,50,14,8,1,5,4,5,7,4,4,1,4,4,1,18,16,2,9,1,1,C03,7,9,1,10,2,15,"  ",16,16,1,22,8,C03,120.640729,24.107507,2,66000,387130000C,(04)23289100,(04)25368667
4474,2023,03,12,11,5,臺中市,清水區,0,1,0,8,1,5,50,3,7,1,5,4,5,7,4,4,5,5,4,2,16,26,3,10,1,1,B12,7,11,1,8,2,4,"  ",26,26,1,21,8,B12,120.559168,24.280255,2,66000,387130000C,(04)23289100,(04)25368667
4475,2023,03,12,11,6,臺中市,北屯區,0,0,0,,,,50,,,,,,,,,,,,,,,23,"  ","  ","  ","  ",B03,"  ","  ",1,"  ",1,"  ","  ",23,"   ",1,22,"  ",B03,120.675406,24.177081,3,66000,387130000C,(04)23289100,(04)25368667
4476,2023,03,12,11,9,臺中市,北屯區,0,2,0,8,1,5,50,14,9,1,5,4,5,7,4,4,1,4,5,2,17,7,3,10,1,1,C03,7,7,1,10,2,13,"  ",7,7,1,21,8,C03,120.670553,24.173924,2,66000,387130000C,(04)23289100,(04)25368667
4477,2023,03,12,11,10,臺中市,大里區,0,0,0,8,,,40,,,,,,,,,,,,,,,23,"  ","  ","  ","  ",B03,"  ","  ",1,"  ",2,"  ","  ",23,"   ",1,21,"  ",B03,120.671663,24.102049,3,66000,387130000C,(04)23289100,(04)25368667
4478,2023,03,12,11,10,臺中市,神岡區,0,1,0,8,1,5,50,3,1,1,5,4,3,5,4,4,10,5,5,2,16,6,3,10,1,1,B03,7,5,1,8,2,1,"  ",6,6,1,22,9,B03,120.682246,24.251225,2,66000,387130000C,(04)23289100,(04)25368667
4479,2023,03,12,11,13,臺中市,大甲區,0,0,0,8,,,30,,,,,,,,,,,,,,,12,"  ","  ","  ","  ",B03,"  ","  ",1,"  ",1,"  ","  ",12,12,1,22,"  ",B03,120.653167,24.391124,3,66000,387130000C,(04)23289100,(04)25368667
4480,2023,03,12,11,19,臺中市,北區,0,0,0,,,,50,,,,,,,,,,,,,,,42,"  ","  ","  ","  ",B03,"  ","  ",1,"  ",11,"  ","  ",42,"   ",1,22,"  ",B03,120.675785,24.163221,3,66000,387130000C,(04)23289100,(04)25368667
4481,2023,03,12,11,19,臺中市,北屯區,0,4,0,8,1,5,50,4,1,1,5,4,5,7,2,1,10,5,5,2,16,6,2,9,1,1,B01,7,5,1,4,2,2,"  ",6,6,1,21,8,B01,120.6683,24.198155,2,66000,387130000C,(04)23289100,(04)25368667
4482,2023,03,12,11,19,臺中市,西屯區,0,1,0,8,1,5,50,14,7,1,5,4,5,7,4,4,5,4,4,2,13,16,2,7,1,1,C03,7,9,1,10,2,11,12,16,16,1,22,8,C03,120.649636,24.171148,2,66000,387130000C,(04)23289100,(04)25368667
4483,2023,03,12,11,20,臺中市,大里區,0,0,0,8,,,50,,,,,,,,,,,,,,,23,"  ","  ","  ","  ",C03,"  ","  ",1,"  ",1,"  ","  ",23,"   ",1,22,"  ",C03,120.685155,24.11533,3,66000,387130000C,(04)23289100,(04)25368667
4484,2023,03,12,11,21,臺中市,西區,0,0,0,,,,50,,,,,,,,,,,,,,,42,"  ","  ","  ","  ",C03,"  ","  ",1,"  ",9,"  ","  ",42,"   ",1,5,"  ",C03,120.668823,24.139266,3,66000,387130000C,(04)23289100,(04)25368667
4485,2023,03,12,11,23,臺中市,豐原區,0,1,0,8,1,5,50,14,9,1,5,4,5,7,4,4,10,5,5,2,17,19,3,10,1,1,B03,7,1,1,8,2,1,"  ",19,19,1,4,5,B03,120.71768,24.249555,2,66000,387130000C,(04)23289100,(04)25368667
4486,2023,03,12,11,24,臺中市,后里區,0,1,0,8,1,5,50,4,2,1,5,4,4,7,1,1,4,3,4,1,18,23,2,9,1,1,C03,7,9,1,10,2,11,"  ",23,23,1,4,8,C03,120.724277,24.316375,2,66000,387130000C,(04)23289100,(04)25368667
4487,2023,03,12,11,30,臺中市,豐原區,0,0,0,,,,50,,,,,,,,,,,,,,,16,"  ","  ","  ","  ",B03,"  ","  ",1,"  ",2,"  ","  ",16,"   ",1,22,"  ",B03,120.755248,24.274258,3,66000,387130000C,(04)23289100,(04)25368667
4488,2023,03,12,11,32,臺中市,北屯區,0,1,0,8,1,5,50,4,1,1,5,4,5,7,1,1,10,5,5,2,16,23,2,9,1,1,C03,7,9,3,18,2,14,"  ",23,23,1,22,8,C03,120.724519,24.169472,2,66000,387130000C,(04)23289100,(04)25368667
4489,2023,03,12,11,34,臺中市,西屯區,0,3,0,8,1,5,50,14,9,1,5,4,5,7,4,4,5,4,5,2,17,19,2,9,3,4,C03,7,1,1,10,2,14,"  ",19,19,1,22,9,C03,120.625146,24.182313,2,66000,387130000C,(04)23289100,(04)25368667
4490,2023,03,12,11,34,臺中市,大甲區,0,2,0,8,1,5,30,3,1,1,5,4,5,7,4,4,10,5,5,2,16,6,2,9,1,1,C03,7,5,1,10,2,11,"  ",6,6,1,20,8,C03,120.636951,24.351777,2,66000,387130000C,(04)23289100,(04)25368667
4491,2023,03,12,11,36,臺中市,南屯區,0,0,0,,,,50,,,,,,,,,,,,,,,23,"  ","  ","  ","  ",B03,"  ","  ",1,"  ",1,"  ","  ",23,"   ",1,22,"  ",B03,120.635631,24.143715,3,66000,387130000C,(04)23289100,(04)25368667
4492,2023,03,12,11,37,臺中市,清水區,0,0,0,8,,,50,,,,,,,,,,,,,,,16,"  ","  ","  ","  ",C03,"  ","  ",1,"  ",1,"  ","  ",16,"   ",1,21,"  ",C03,120.560511,24.278657,3,66000,387130000C,(04)23289100,(04)25368667
4493,2023,03,12,11,39,臺中市,北屯區,0,3,0,8,1,5,40,14,8,1,5,4,5,7,4,4,1,4,4,2,13,43,2,9,3,4,C03,7,9,1,10,2,11,"  ",43,43,1,21,8,C03,120.660248,24.192245,2,66000,387130000C,(04)23289100,(04)25368667
4494,2023,03,12,11,39,臺中市,太平區,0,2,0,8,1,5,50,3,1,1,5,4,5,7,4,4,10,4,5,1,16,10,2,8,1,1,C03,7,11,1,10,2,14,"  ",10,10,1,22,5,C03,120.714409,24.126434,2,66000,387130000C,(04)23289100,(04)25368667
4495,2023,03,12,11,40,臺中市,東區,0,0,0,8,,,50,,,,,,,,,,,,,,,19,"  ","  ","  ","  ",C02,"  ","  ",1,"  ",1,"  ","  ",19,"   ",1,20,"  ",C02,120.69275,24.142613,3,66000,387130000C,(04)23289100,(04)25368667
4496,2023,03,12,11,42,臺中市,西屯區,0,1,0,8,1,5,50,3,1,1,5,4,5,7,1,1,10,5,5,2,12,23,3,10,1,1,C03,7,9,4,8,2,11,"  ",23,23,1,22,8,C03,120.664281,24.173105,2,66000,387130000C,(04)23289100,(04)25368667
4497,2023,03,12,11,43,臺中市,沙鹿區,0,0,0,8,1,5,30,11,9,1,5,4,5,7,4,4,7,5,5,2,18,42,2,9,1,1,C03,7,9,1,10,2,12,"  ",42,42,1,4,8,C03,120.566339,24.240248,3,66000,387130000C,(04)23289100,(04)25368667
4498,2023,03,12,11,45,臺中市,大里區,0,0,0,8,,,50,,,,,,,,,,,,,,,23,"  ","  ","  ","  ",B03,"  ","  ",1,"  ",2,"  ","  ",23,"   ",1,21,"  ",B03,120.688495,24.107932,3,66000,387130000C,(04)23289100,(04)25368667
4499,2023,03,12,11,45,臺中市,太平區,0,0,0,8,,,50,,,,,,,,,,,,,,,16,"  ","  ","  ","  ",B12,"  ","  ",1,"  ",2,"  ","  ",16,"   ",1,21,"  ",B12,120.718028,24.133858,3,66000,387130000C,(04)23289100,(04)25368667
4500,2023,03,12,11,49,臺中市,沙鹿區,0,0,0,8,,,40,,,,,,,,,,,,,,,19,"  ","  ","  ","  ",B03,"  ","  ",1,"  ",2,"  ","  ",19,"   ",1,21,"  ",B03,120.566482,24.251763,3,66000,387130000C,(04)23289100,(04)25368667
4501,2023,03,12,11,50,臺中市,大里區,0,0,0,8,,,50,,,,,,,,,,,,,,,17,"  ","  ","  ","  ",B03,"  ","  ",1,"  ",2,"  ","  ",17,"   ",1,22,"  ",B03,120.681906,24.115103,3,66000,387130000C,(04)23289100,(04)25368667
4502,2023,03,12,11,52,臺中市,潭子區,0,0,0,8,,,50,,,,,,,,,,,,,,,6,"  ","  ","  ","  ",B03,"  ","  ",1,"  ",2,"  ","  ",6,"   ",1,22,"  ",B03,120.701795,24.192054,3,66000,387130000C,(04)23289100,(04)25368667
4503,2023,03,12,11,52,臺中市,豐原區,0,0,0,8,,,50,,,,,,,,,,,,,,,16,"  ","  ","  ","  ",C02,"  ","  ",4,"  ",2,"  ","  ",16,"   ",1,22,"  ",C02,120.728036,24.244769,3,66000,387130000C,(04)23289100,(04)25368667
4504,2023,03,12,11,54,臺中市,西區,0,0,0,8,,,50,,,,,,,,,,,,,,,23,"  ","  ","  ","  ",B03,"  ","  ",1,"  ",1,"  ","  ",23,"   ",1,21,"  ",B03,120.672401,24.138948,3,66000,387130000C,(04)23289100,(04)25368667
4505,2023,03,12,11,55,臺中市,北屯區,0,0,0,8,,,50,,,,,,,,,,,,,,,38,"  ","  ","  ","  ",B12,"  ","  ",1,"  ",1,"  ","  ",38,38,1,21,"  ",B12,120.7176,24.175445,3,66000,387130000C,(04)23289100,(04)25368667
4506,2023,03,12,11,57,臺中市,大甲區,0,2,0,8,1,5,50,3,1,1,5,4,5,7,4,4,9,5,5,1,3,51,2,7,4,5,H01,8,16,8,20,1,16,"  ",51,51,1,20,8,H01,120.625286,24.348031,2,66000,387130000C,(04)23289100,(04)25368667
4507,2023,03,12,11,58,臺中市,西屯區,0,1,0,8,1,5,50,3,18,1,5,4,5,7,2,1,10,5,5,2,3,15,3,10,1,1,B03,7,5,1,8,2,1,"  ",15,15,1,22,8,B03,120.644939,24.182314,2,66000,387130000C,(04)23289100,(04)25368667
4508,2023,03,12,12,7,臺中市,沙鹿區,0,0,0,8,,,50,,,,,,,,,,,,,,,12,"  ","  ","  ","  ",B03,"  ","  ",1,"  ",2,"  ","  ",12,"   ",1,21,"  ",B03,120.568972,24.228603,3,66000,387130000C,(04)23289100,(04)25368667
4509,2023,03,12,12,9,臺中市,北屯區,0,0,0,8,,,50,,,,,,,,,,,,,,,23,"  ","  ","  ","  ",B03,"  ","  ",1,"  ",1,"  ","  ",23,"   ",1,22,"  ",B03,120.680633,24.173398,3,66000,387130000C,(04)23289100,(04)25368667
4510,2023,03,12,12,9,臺中市,太平區,0,0,0,8,,,50,,,,,,,,,,,,,,,16,"  ","  ","  ","  ",B03,"  ","  ",1,"  ",2,"  ","  ",16,"   ",1,22,"  ",B03,120.715513,24.133527,3,66000,387130000C,(04)23289100,(04)25368667
4511,2023,03,12,12,12,臺中市,北屯區,0,0,0,8,,,50,,,,,,,,,,,,,,,23,"  ","  ","  ","  ",F06,"  ","  ",1,"  ",1,"  ","  ",23,"   ",1,22,"  ",F06,120.671568,24.174201,3,66000,387130000C,(04)23289100,(04)25368667
4512,2023,03,12,12,14,臺中市,西區,0,0,0,,,,50,,,,,,,,,,,,,,,23,"  ","  ","  ","  ",B03,"  ","  ",1,"  ",1,"  ","  ",23,"   ",1,4,"  ",B03,120.663931,24.1549,3,66000,387130000C,(04)23289100,(04)25368667
4513,2023,03,12,12,15,臺中市,清水區,0,1,0,8,1,5,50,3,1,1,5,4,5,7,4,4,10,5,5,2,16,10,3,10,1,1,B03,7,11,1,8,2,4,"  ",10,10,1,21,8,B03,120.569676,24.275339,2,66000,387130000C,(04)23289100,(04)25368667
4514,2023,03,12,12,25,臺中市,大里區,0,1,0,8,1,5,50,4,1,1,5,4,5,7,1,1,10,5,5,2,11,6,3,10,1,1,B01,7,5,1,4,2,8,"  ",6,6,1,10,8,B01,120.674383,24.114919,2,66000,387130000C,(04)23289100,(04)25368667
4515,2023,03,12,12,25,臺中市,沙鹿區,0,1,0,8,1,5,50,4,1,1,5,4,5,7,4,4,9,5,5,2,15,6,3,10,1,1,B03,7,9,1,8,2,5,"  ",6,6,1,4,8,B03,120.567117,24.254776,2,66000,387130000C,(04)23289100,(04)25368667
4516,2023,03,12,12,27,臺中市,南屯區,0,0,0,,,,50,,,,,,,,,,,,,,,19,"  ","  ","  ","  ",B03,"  ","  ",1,"  ",1,"  ","  ",19,"   ",1,22,"  ",B03,120.625897,24.151678,3,66000,387130000C,(04)23289100,(04)25368667
4517,2023,03,12,12,30,臺中市,烏日區,0,3,0,8,1,5,40,4,1,1,5,4,5,7,1,1,1,4,4,2,12,7,2,9,1,1,C03,7,7,1,10,2,14,"  ",7,7,1,21,8,C03,120.640411,24.116672,2,66000,387130000C,(04)23289100,(04)25368667
4518,2023,03,12,12,32,臺中市,南屯區,0,0,0,8,,,1,,,,,,,,,,,,,,,12,"  ","  ","  ","  ",B03,"  ","  ",1,"  ",1,"  ","  ",12,"   ",1,5,"  ",B03,120.612346,24.135524,3,66000,387130000C,(04)23289100,(04)25368667
4519,2023,03,12,12,32,臺中市,南屯區,0,2,0,8,1,5,50,14,9,1,5,4,5,7,4,4,10,5,5,2,17,42,2,9,3,4,C03,7,9,1,10,2,11,"  ",42,42,1,22,9,C03,120.63635,24.137127,2,66000,387130000C,(04)23289100,(04)25368667
4520,2023,03,12,12,33,臺中市,大里區,0,2,0,8,1,5,40,3,1,1,5,4,5,7,4,4,10,5,5,2,16,23,3,10,1,1,C03,7,5,1,10,2,14,"  ",8,23,1,3,8,C03,120.699823,24.08904,2,66000,387130000C,(04)23289100,(04)25368667
4521,2023,03,12,12,34,臺中市,南屯區,0,0,0,,,,50,,,,,,,,,,,,,,,16,"  ","  ","  ","  ",C03,"  ","  ",1,"  ",1,"  ","  ",16,"   ",1,22,"  ",C03,120.637415,24.142671,3,66000,387130000C,(04)23289100,(04)25368667
4522,2023,03,12,12,40,臺中市,潭子區,0,2,0,8,1,5,50,3,1,1,5,4,5,7,3,1,10,5,5,2,16,8,2,9,1,1,C03,7,5,1,10,2,12,"  ",8,8,1,21,8,C03,120.707179,24.210329,2,66000,387130000C,(04)23289100,(04)25368667
4523,2023,03,12,12,40,臺中市,潭子區,0,1,0,8,1,5,50,14,12,1,5,4,5,7,4,4,1,4,4,1,17,1,2,9,1,1,C03,7,9,1,10,2,14,"  ",1,1,1,16,8,C03,120.704191,24.215959,2,66000,387130000C,(04)23289100,(04)25368667
4524,2023,03,12,12,42,臺中市,大里區,0,1,0,8,1,5,50,14,9,1,5,4,5,7,4,4,5,5,5,1,17,19,3,10,3,4,B03,7,1,1,8,2,8,"  ",19,19,1,12,8,B03,120.700181,24.089003,2,66000,387130000C,(04)23289100,(04)25368667
4525,2023,03,12,12,44,臺中市,北屯區,0,0,0,8,,,50,,,,,,,,,,,,,,,16,"  ","  ","  ","  ",C03,"  ","  ",1,"  ",1,"  ","  ",16,"   ",1,21,"  ",C03,120.714241,24.17366,3,66000,387130000C,(04)23289100,(04)25368667
4526,2023,03,12,12,46,臺中市,北屯區,0,0,0,,,,50,,,,,,,,,,,,,,,26,"  ","  ","  ","  ",B12,"  ","  ",1,"  ",1,"  ","  ",26,"   ",1,21,"  ",B12,120.708418,24.186605,3,66000,387130000C,(04)23289100,(04)25368667
4527,2023,03,12,12,50,臺中市,北區,0,1,0,8,1,5,50,14,9,1,5,4,5,7,4,4,5,4,5,2,13,16,2,9,1,1,C03,7,9,1,10,2,11,"  ",16,16,1,20,8,C03,120.681166,24.160975,2,66000,387130000C,(04)23289100,(04)25368667
4528,2023,03,12,12,51,臺中市,沙鹿區,0,0,0,8,,,50,,,,,,,,,,,,,,,26,"  ","  ","  ","  ",B03,"  ","  ",1,"  ",2,"  ","  ",26,26,1,21,"  ",B03,120.566712,24.203021,3,66000,387130000C,(04)23289100,(04)25368667
4529,2023,03,12,12,53,臺中市,太平區,0,1,0,8,1,5,40,11,9,1,5,4,5,7,4,4,4,4,5,1,18,23,2,9,1,1,C01,7,9,1,9,2,14,"  ",23,23,1,22,5,C01,120.808065,24.095749,2,66000,387130000C,(04)23289100,(04)25368667
4530,2023,03,12,12,54,臺中市,西區,0,0,0,8,,,50,,,,,,,,,,,,,,,42,"  ","  ","  ","  ",B03,"  ","  ",1,"  ",1,"  ","  ",42,"   ",1,21,"  ",B03,120.653964,24.146718,3,66000,387130000C,(04)23289100,(04)25368667
4531,2023,03,12,13,0,臺中市,大里區,0,0,0,8,,,50,,,,,,,,,,,,,,,23,"  ","  ","  ","  ",B12,"  ","  ",1,"  ",2,"  ","  ",23,"   ",1,22,"  ",B12,120.674333,24.102418,3,66000,387130000C,(04)23289100,(04)25368667
4532,2023,03,12,13,1,臺中市,太平區,0,1,0,8,1,5,50,3,1,1,5,4,5,7,4,4,10,5,5,2,16,26,2,9,1,1,C03,7,9,1,10,2,11,"  ",26,26,1,22,5,C03,120.724395,24.111417,2,66000,387130000C,(04)23289100,(04)25368667
4533,2023,03,12,13,4,臺中市,西屯區,0,1,0,8,1,5,50,4,4,1,5,4,5,7,1,1,1,4,1,2,13,23,3,10,1,1,C03,7,9,1,10,2,11,"  ",23,23,1,22,8,C03,120.621138,24.183663,2,66000,387130000C,(04)23289100,(04)25368667
4534,2023,03,12,13,5,臺中市,潭子區,0,0,0,8,,,50,,,,,,,,,,,,,,,23,"  ","  ","  ","  ",B03,"  ","  ",1,"  ",2,"  ","  ",23,"   ",1,22,"  ",B03,120.702037,24.200944,3,66000,387130000C,(04)23289100,(04)25368667
4535,2023,03,12,13,5,臺中市,南區,0,1,0,8,1,5,50,14,8,1,5,4,5,7,4,4,1,4,4,2,17,23,3,10,1,1,C03,7,9,6,18,2,15,"  ",44,23,1,22,8,C03,120.652152,24.118905,2,66000,387130000C,(04)23289100,(04)25368667
4536,2023,03,12,13,8,臺中市,太平區,0,1,0,8,1,5,50,3,1,1,5,4,5,7,2,1,10,5,5,2,16,6,3,10,1,1,B12,7,5,1,8,2,8,"  ",6,6,1,21,8,B12,120.730052,24.150157,2,66000,387130000C,(04)23289100,(04)25368667
4537,2023,03,12,13,9,臺中市,西區,0,1,0,8,1,5,1,14,9,1,5,4,5,7,4,4,9,5,5,2,2,60,2,7,4,5,H01,8,16,8,20,10,16,"  ",60,60,1,22,9,H01,120.67322,24.136882,2,66000,387130000C,(04)23289100,(04)25368667
4538,2023,03,12,13,9,臺中市,神岡區,0,0,0,8,,,50,,,,,,,,,,,,,,,23,"  ","  ","  ","  ",B03,"  ","  ",1,"  ",2,"  ","  ",23,"   ",1,22,"  ",B03,120.710272,24.260452,3,66000,387130000C,(04)23289100,(04)25368667
4539,2023,03,12,13,19,臺中市,豐原區,0,0,0,8,,,50,,,,,,,,,,,,,,,23,"  ","  ","  ","  ",B03,"  ","  ",1,"  ",2,"  ","  ",23,"   ",1,22,"  ",B03,120.719619,24.260091,3,66000,387130000C,(04)23289100,(04)25368667
4540,2023,03,12,13,20,臺中市,北屯區,0,1,0,8,1,5,50,5,1,1,5,4,5,7,4,4,10,5,5,2,14,12,3,10,3,4,B03,7,2,1,8,2,3,"  ",12,12,1,21,8,B03,120.695321,24.174503,2,66000,387130000C,(04)23289100,(04)25368667
4541,2023,03,12,13,20,臺中市,大里區,0,2,0,8,1,5,50,14,8,1,5,4,5,7,4,4,9,4,4,2,17,40,3,10,1,1,B03,7,14,1,8,2,6,"  ",40,40,1,4,8,B03,120.686737,24.105017,2,66000,387130000C,(04)23289100,(04)25368667
4542,2023,03,12,13,29,臺中市,西區,0,0,0,8,,,50,,,,,,,,,,,,,,,23,"  ","  ","  ","  ",B03,"  ","  ",1,"  ",1,"  ","  ",23,"   ",1,5,"  ",B03,120.670798,24.145278,3,66000,387130000C,(04)23289100,(04)25368667
4543,2023,03,12,13,30,臺中市,西區,0,0,0,8,,,50,,,,,,,,,,,,,,,23,"  ","  ","  ","  ",B03,"  ","  ",1,"  ",1,"  ","  ",23,"   ",1,4,"  ",B03,120.657302,24.151865,3,66000,387130000C,(04)23289100,(04)25368667
4544,2023,03,12,13,33,臺中市,西區,0,1,0,8,1,5,50,4,1,1,5,4,5,7,1,1,10,5,5,2,16,6,3,10,1,1,B03,7,6,1,8,2,2,"  ",6,6,1,21,8,B03,120.665275,24.147883,2,66000,387130000C,(04)23289100,(04)25368667
4545,2023,03,12,13,44,臺中市,北屯區,0,0,0,8,,,50,,,,,,,,,,,,,,,23,"  ","  ","  ","  ",B03,"  ","  ",1,"  ",1,"  ","  ",23,"   ",1,21,"  ",B03,120.68558,24.174796,3,66000,387130000C,(04)23289100,(04)25368667