序號,年,月,日,時,分,縣市,區,死亡數量,受傷數量,2-30,天候,光線,道路類別,速限_速度(公里),道路型態,事故位置,路面鋪裝,路面狀態,路面缺陷,障礙物,視距,號誌種類,號誌動作,分向設施,快車道或一般車道間,快慢車道間,路面邊線,事故類型及型態,主要肇因,受傷程度,主要傷處,保護裝備,行動電話,當事者區分,車輛用途,當事者行動狀態,駕駛資格情形,駕駛執照種類,飲酒情形,車輛撞擊部位最初,車輛撞擊部位其他,肇事因素個別,肇事因素主要,肇事逃逸,職業,旅次目的,車種,GPS座標X,GPS座標Y,事故類別,縣市別代碼,機關代碼,市話,傳真
4546,2023,03,12,13,44,臺中市,西屯區,0,1,0,8,1,5,40,14,8,1,5,4,5,7,4,4,1,4,1,2,13,16,2,8,1,1,C03,7,9,1,10,2,11,12,16,16,1,18,8,C03,120.650215,24.162233,2,66000,387130000C,(04)23289100,(04)25368667
4547,2023,03,12,13,44,臺中市,清水區,0,1,0,8,1,5,40,14,8,1,5,4,5,7,4,4,5,5,4,2,11,19,3,10,1,1,B03,7,1,1,8,2,4,"  ",19,19,1,22,8,B03,120.570794,24.276291,2,66000,387130000C,(04)23289100,(04)25368667
4548,2023,03,12,13,45,臺中市,大雅區,0,0,0,8,,,50,,,,,,,,,,,,,,,23,"  ","  ","  ","  ",B03,"  ","  ",1,"  ",2,"  ","  ",23,"   ",1,22,"  ",B03,120.614434,24.236323,3,66000,387130000C,(04)23289100,(04)25368667
4549,2023,03,12,13,45,臺中市,東區,0,0,0,8,,,50,,,,,,,,,,,,,,,23,"  ","  ","  ","  ",B03,"  ","  ",1,"  ",9,"  ","  ",23,"   ",2,5,"  ",B03,120.70841,24.144554,3,66000,387130000C,(04)23289100,(04)25368667
4550,2023,03,12,13,45,臺中市,豐原區,0,0,0,8,,,60,,,,,,,,,,,,,,,7,"  ","  ","  ","  ",B03,"  ","  ",1,"  ",2,"  ","  ",7,"   ",1,22,"  ",B03,120.713844,24.249274,3,66000,387130000C,(04)23289100,(04)25368667
4551,2023,03,12,13,46,臺中市,西屯區,0,1,0,8,1,5,50,4,1,1,5,4,5,7,1,1,10,5,5,2,17,42,2,9,3,4,C03,7,9,1,10,2,15,"  ",42,42,1,22,9,C03,120.637855,24.163108,2,66000,387130000C,(04)23289100,(04)25368667
4552,2023,03,12,13,47,臺中市,豐原區,0,0,0,8,,,50,,,,,,,,,,,,,,,16,"  ","  ","  ","  ",B03,"  ","  ",1,"  ",2,"  ","  ",16,"   ",1,19,"  ",B03,120.744994,24.26498,3,66000,387130000C,(04)23289100,(04)25368667
4553,2023,03,12,14,2,臺中市,龍井區,0,0,0,8,,,30,,,,,,,,,,,,,,,19,"  ","  ","  ","  ",B03,"  ","  ",1,"  ",2,"  ","  ",19,19,1,22,"  ",B03,120.592564,24.188689,3,66000,387130000C,(04)23289100,(04)25368667
4554,2023,03,12,14,6,臺中市,大里區,0,2,0,8,1,5,50,14,9,1,5,4,5,7,1,1,5,5,5,1,17,17,3,10,1,1,B03,7,15,1,8,2,2,"  ",17,17,1,22,8,B03,120.68633,24.105741,2,66000,387130000C,(04)23289100,(04)25368667
4555,2023,03,12,14,12,臺中市,西屯區,0,2,0,8,1,5,50,4,1,1,5,4,5,7,1,1,8,3,4,1,16,6,2,9,1,4,F03,7,5,8,20,2,16,"  ",6,6,1,4,8,F03,120.616413,24.179556,2,66000,387130000C,(04)23289100,(04)25368667
4556,2023,03,12,14,17,臺中市,北區,0,1,0,8,1,5,50,3,1,1,5,4,5,7,4,4,10,5,5,2,16,9,3,10,1,1,B03,7,6,1,8,2,6,"  ",9,9,1,22,9,B03,120.669757,24.154439,2,66000,387130000C,(04)23289100,(04)25368667
4557,2023,03,12,14,18,臺中市,南屯區,0,0,0,,,,,,,,,,,,,,,,,,,60,"  ","  ","  ","  ","   ","  ","  ","  ","  ","  ","  ","  ",60,"   ",1,22,"  ","   ",120.648633,24.154815,3,66000,387130000C,(04)23289100,(04)25368667
4558,2023,03,12,14,20,臺中市,潭子區,0,1,0,8,1,5,40,3,1,1,5,4,5,7,4,4,10,5,5,2,11,23,2,9,3,4,C03,7,6,6,18,8,14,"  ",23,23,1,20,8,C03,120.698288,24.197935,2,66000,387130000C,(04)23289100,(04)25368667
4559,2023,03,12,14,20,臺中市,東勢區,0,0,0,8,,,50,,,,,,,,,,,,,,,6,"  ","  ","  ","  ",B03,"  ","  ",1,"  ",2,"  ","  ",6,"   ",1,22,"  ",B03,120.824774,24.258611,3,66000,387130000C,(04)23289100,(04)25368667
4560,2023,03,12,14,21,臺中市,烏日區,0,0,0,8,,,30,,,,,,,,,,,,,,,23,"  ","  ","  ","  ",B03,"  ","  ",1,"  ",2,"  ","  ",23,"   ",1,22,"  ",B03,120.618793,24.113088,3,66000,387130000C,(04)23289100,(04)25368667
4561,2023,03,12,14,22,臺中市,潭子區,0,1,0,8,1,5,50,3,1,1,5,4,5,7,3,1,5,4,4,2,17,19,3,10,1,1,B03,7,1,1,8,2,5,"  ",19,6,1,22,8,B03,120.707179,24.210329,2,66000,387130000C,(04)23289100,(04)25368667
4562,2023,03,12,14,22,臺中市,北區,0,1,0,8,1,5,50,3,1,1,5,4,5,7,4,4,10,5,5,2,16,6,3,10,1,1,B03,7,5,1,8,2,8,"  ",6,6,1,22,9,B03,120.680422,24.169742,2,66000,387130000C,(04)23289100,(04)25368667
4563,2023,03,12,14,24,臺中市,北屯區,1,0,0,8,1,5,50,14,9,1,5,4,5,7,4,4,5,4,5,2,26,21,1,9,1,1,C03,7,9,1,10,7,11,"  ",21,21,1,21,8,C03,120.751333,24.19845,1,66000,387130000C,(04)23289100,(04)25368667
4564,2023,03,12,14,26,臺中市,北屯區,0,0,0,8,,,50,,,,,,,,,,,,,,,12,"  ","  ","  ","  ",B03,"  ","  ",1,"  ",9,"  ","  ",12,"   ",1,21,"  ",B03,120.68652,24.193503,3,66000,387130000C,(04)23289100,(04)25368667
4565,2023,03,12,14,29,臺中市,北屯區,0,1,0,8,1,5,50,4,1,1,5,4,5,7,2,1,10,5,5,2,16,26,2,9,1,1,C03,7,5,3,18,2,14,"  ",26,26,1,22,8,C03,120.690746,24.163,2,66000,387130000C,(04)23289100,(04)25368667
4566,2023,03,12,14,35,臺中市,梧棲區,0,1,0,8,1,5,70,4,1,1,5,4,5,7,1,1,10,5,5,2,16,16,3,10,3,4,B03,7,6,1,7,2,5,"  ",23,16,1,22,8,B03,120.536459,24.249967,2,66000,387130000C,(04)23289100,(04)25368667
4567,2023,03,12,14,39,臺中市,西區,0,0,0,,,,50,,,,,,,,,,,,,,,23,"  ","  ","  ","  ",B03,"  ","  ",1,"  ",2,"  ","  ",23,"   ",1,4,"  ",B03,120.673826,24.140678,3,66000,387130000C,(04)23289100,(04)25368667
4568,2023,03,12,14,40,臺中市,西屯區,0,0,0,8,,,50,,,,,,,,,,,,,,,12,"  ","  ","  ","  ",B03,"  ","  ",1,"  ",9,"  ","  ",12,"   ",1,22,"  ",B03,120.617376,24.188553,3,66000,387130000C,(04)23289100,(04)25368667
4569,2023,03,12,14,50,臺中市,西屯區,0,2,0,8,1,5,30,4,1,1,5,4,5,7,4,4,10,5,5,2,15,6,2,9,1,1,C03,7,9,1,10,2,11,"  ",6,6,1,22,8,C03,120.638426,24.178915,2,66000,387130000C,(04)23289100,(04)25368667
4570,2023,03,12,14,50,臺中市,神岡區,0,2,0,8,1,5,30,3,2,1,5,4,5,7,4,4,10,5,5,1,17,13,2,9,1,1,C03,7,9,1,10,2,14,11,13,13,1,22,9,C03,120.691168,24.279846,2,66000,387130000C,(04)23289100,(04)25368667
4571,2023,03,12,15,1,臺中市,西區,0,2,0,8,1,5,50,4,1,1,5,4,5,7,1,1,10,5,5,2,12,42,2,7,1,1,C03,7,15,1,10,2,12,"  ",42,42,1,21,8,C03,120.661687,24.146708,2,66000,387130000C,(04)23289100,(04)25368667
4572,2023,03,12,15,8,臺中市,西屯區,0,0,0,8,,,50,,,,,,,,,,,,,,,42,"  ","  ","  ","  ",B03,"  ","  ",1,"  ",2,"  ","  ",42,"   ",1,22,"  ",B03,120.620657,24.184006,3,66000,387130000C,(04)23289100,(04)25368667
4573,2023,03,12,15,11,臺中市,北屯區,0,1,0,8,1,5,50,5,1,1,5,4,5,7,2,1,10,5,5,2,17,42,3,10,3,4,C03,7,9,1,10,2,12,"  ",23,42,1,21,8,C03,120.697745,24.170349,2,66000,387130000C,(04)23289100,(04)25368667
4574,2023,03,12,15,14,臺中市,大里區,0,1,0,8,1,5,50,4,2,1,5,4,5,7,1,1,10,5,5,2,16,19,2,8,1,1,C03,7,1,1,10,2,14,"  ",19,19,1,22,8,C03,120.688567,24.102195,2,66000,387130000C,(04)23289100,(04)25368667
4575,2023,03,12,15,14,臺中市,清水區,0,0,0,8,,,50,,,,,,,,,,,,,,,16,"  ","  ","  ","  ",B03,"  ","  ",1,"  ",2,"  ","  ",16,"   ",1,21,"  ",B03,120.54416,24.268027,3,66000,387130000C,(04)23289100,(04)25368667
4576,2023,03,12,15,19,臺中市,大里區,0,1,0,8,1,5,50,4,1,1,5,4,5,7,1,1,5,5,5,1,16,6,3,10,1,1,B03,7,6,1,8,2,2,"  ",6,6,1,22,9,B03,120.709059,24.082369,2,66000,387130000C,(04)23289100,(04)25368667
4577,2023,03,12,15,19,臺中市,神岡區,0,0,0,8,,,1,,,,,,,,,,,,,,,19,"  ","  ","  ","  ",B03,"  ","  ",1,"  ",2,"  ","  ",19,"   ",1,22,"  ",B03,120.680161,24.242147,3,66000,387130000C,(04)23289100,(04)25368667
4578,2023,03,12,15,25,臺中市,太平區,0,1,0,8,1,5,50,14,9,1,5,4,5,7,4,4,5,5,5,1,17,22,2,9,1,1,C03,7,9,1,10,2,11,"  ",22,22,1,22,9,C03,120.722846,24.104073,2,66000,387130000C,(04)23289100,(04)25368667
4579,2023,03,12,15,40,臺中市,北屯區,0,0,0,8,,,50,,,,,,,,,,,,,,,17,"  ","  ","  ","  ",B03,"  ","  ",1,"  ",2,"  ","  ",17,17,1,5,"  ",B03,120.740815,24.179851,3,66000,387130000C,(04)23289100,(04)25368667
4580,2023,03,12,15,49,臺中市,沙鹿區,0,1,0,8,1,5,50,4,1,1,5,4,5,7,1,1,10,5,5,2,17,9,3,10,1,1,B03,7,6,1,8,2,5,"  ",9,9,1,22,8,B03,120.570368,24.213501,2,66000,387130000C,(04)23289100,(04)25368667
4581,2023,03,12,16,3,臺中市,太平區,0,3,0,8,2,5,50,4,1,1,5,4,5,7,1,1,1,4,4,2,16,25,3,10,1,1,B03,7,5,1,8,2,1,"  ",25,25,1,21,8,B03,120.715729,24.151842,2,66000,387130000C,(04)23289100,(04)25368667
4582,2023,03,12,16,6,臺中市,烏日區,0,0,0,8,1,5,50,14,13,1,5,4,5,7,4,4,1,4,5,1,17,44,"  ","  ","  ","  ",B03,"  ","  ",1,"  ",2,"  ","  ",44,44,1,22,"  ",B03,120.639316,24.108463,3,66000,387130000C,(04)23289100,(04)25368667
4583,2023,03,12,16,13,臺中市,西屯區,0,2,0,8,1,5,50,4,1,1,5,4,5,7,1,1,10,5,5,2,16,6,2,9,1,4,C03,7,5,1,10,2,12,"  ",6,6,1,22,8,C03,120.64692,24.18534,2,66000,387130000C,(04)23289100,(04)25368667
4584,2023,03,12,16,17,臺中市,大里區,0,0,0,8,,,30,,,,,,,,,,,,,,,6,"  ","  ","  ","  ",C03,"  ","  ",1,"  ",2,"  ","  ",6,"   ",1,22,"  ",C03,120.692056,24.091347,3,66000,387130000C,(04)23289100,(04)25368667
4585,2023,03,12,16,18,臺中市,北屯區,0,1,0,8,1,5,50,4,9,1,5,4,5,7,2,1,5,5,5,1,26,23,2,9,1,1,B03,7,5,1,8,2,5,"  ",23,23,1,22,8,B03,120.693505,24.192816,2,66000,387130000C,(04)23289100,(04)25368667
4586,2023,03,12,16,20,臺中市,太平區,0,0,0,8,,,30,,,,,,,,,,,,,,,23,"  ","  ","  ","  ",B12,"  ","  ",1,"  ",2,"  ","  ",23,23,1,21,"  ",B12,120.701631,24.146708,3,66000,387130000C,(04)23289100,(04)25368667
4587,2023,03,12,16,23,臺中市,北區,0,0,0,8,,,50,,,,,,,,,,,,,,,23,"  ","  ","  ","  ",B03,"  ","  ",1,"  ",1,"  ","  ",23,"   ",1,22,"  ",B03,120.685037,24.165703,3,66000,387130000C,(04)23289100,(04)25368667
4588,2023,03,12,16,26,臺中市,大甲區,0,2,0,8,1,5,50,5,2,1,5,4,5,7,1,1,10,5,5,2,17,6,2,9,1,1,C03,7,9,1,10,2,14,"  ",6,6,1,19,8,C03,120.62411,24.34661,2,66000,387130000C,(04)23289100,(04)25368667
4589,2023,03,12,16,28,臺中市,南屯區,0,0,0,,,,,,,,,,,,,,,,,,,12,"  ","  ","  ","  ","   ","  ","  ","  ","  ","  ","  ","  ",12,"   ",1,"  ","  ","   ",120.6365,24.146786,3,66000,387130000C,(04)23289100,(04)25368667
4590,2023,03,12,16,28,臺中市,北屯區,0,0,0,,,,30,,,,,,,,,,,,,,,17,"  ","  ","  ","  ",B03,"  ","  ",1,"  ",1,"  ","  ",17,"   ",1,21,"  ",B03,120.685364,24.194338,3,66000,387130000C,(04)23289100,(04)25368667
4591,2023,03,12,16,30,臺中市,南屯區,0,1,0,8,1,5,50,14,9,1,5,4,5,7,4,4,5,5,5,2,17,23,2,9,1,1,C03,7,9,1,10,2,15,"  ",23,23,1,4,8,C03,120.648166,24.152231,2,66000,387130000C,(04)23289100,(04)25368667
4592,2023,03,12,16,36,臺中市,豐原區,0,1,0,8,1,5,50,14,9,1,5,4,5,7,4,4,10,3,5,2,17,7,3,10,1,1,B03,7,7,1,8,2,4,"  ",7,7,1,4,8,B03,120.722861,24.254294,2,66000,387130000C,(04)23289100,(04)25368667
4593,2023,03,12,16,37,臺中市,太平區,0,0,0,8,,,40,,,,,,,,,,,,,,,19,"  ","  ","  ","  ",B12,"  ","  ",1,"  ",2,"  ","  ",19,"   ",1,22,"  ",B12,120.711135,24.140902,3,66000,387130000C,(04)23289100,(04)25368667
4594,2023,03,12,16,39,臺中市,南區,0,0,0,8,,,50,,,,,,,,,,,,,,,23,"  ","  ","  ","  ",B03,"  ","  ",1,8,2,"  ","  ",23,23,1,21,"  ",B03,120.661751,24.13,3,66000,387130000C,(04)23289100,(04)25368667
4595,2023,03,12,16,40,臺中市,潭子區,0,0,0,,,,50,,,,,,,,,,,,,,,7,"  ","  ","  ","  ",C03,"  ","  ",1,"  ",2,"  ","  ",7,"   ",1,21,"  ",C03,120.703361,24.20025,3,66000,387130000C,(04)23289100,(04)25368667
4596,2023,03,12,16,42,臺中市,北屯區,0,1,0,8,1,5,50,3,1,1,5,4,5,7,1,1,10,5,5,2,17,26,3,10,3,4,B03,7,6,1,8,2,2,"  ",26,26,1,21,8,B03,120.721008,24.1669,2,66000,387130000C,(04)23289100,(04)25368667
4597,2023,03,12,16,44,臺中市,潭子區,0,2,0,8,1,5,30,4,2,1,5,4,5,7,4,4,5,4,5,1,16,8,2,9,1,1,C03,7,5,1,10,2,11,"  ",8,8,1,22,8,C03,120.709507,24.203106,2,66000,387130000C,(04)23289100,(04)25368667
4598,2023,03,12,16,50,臺中市,東勢區,0,2,0,8,1,5,50,14,9,1,5,4,5,7,4,4,2,4,5,1,12,23,2,9,1,1,C03,7,9,4,11,2,11,"  ",23,23,1,22,9,C03,120.820256,24.261053,2,66000,387130000C,(04)23289100,(04)25368667
4599,2023,03,12,16,51,臺中市,西屯區,0,2,0,8,1,5,50,4,1,1,5,4,5,7,4,4,10,5,5,2,15,6,2,9,1,1,C03,7,9,1,10,2,14,"  ",14,6,1,4,8,C03,120.655224,24.156539,2,66000,387130000C,(04)23289100,(04)25368667
4600,2023,03,12,17,9,臺中市,霧峰區,0,1,0,8,1,5,30,4,1,1,5,4,5,7,4,4,10,5,5,2,15,6,2,9,1,1,C03,7,9,1,10,2,12,"  ",6,6,1,4,8,C03,120.687849,24.042903,2,66000,387130000C,(04)23289100,(04)25368667
4601,2023,03,12,17,10,臺中市,沙鹿區,0,1,0,8,1,5,50,3,9,4,1,4,5,7,4,4,5,4,5,2,16,42,2,9,1,1,C03,7,9,1,10,2,14,"  ",42,42,1,3,8,C03,120.571151,24.24193,2,66000,387130000C,(04)23289100,(04)25368667
4602,2023,03,12,17,15,臺中市,北屯區,0,0,0,8,,,50,,,,,,,,,,,,,,,23,"  ","  ","  ","  ",B03,"  ","  ",1,8,1,"  ","  ",23,23,1,21,"  ",B03,120.686064,24.17969,3,66000,387130000C,(04)23289100,(04)25368667
4603,2023,03,12,17,16,臺中市,西區,0,0,0,8,,,50,,,,,,,,,,,,,,,23,"  ","  ","  ","  ",B12,"  ","  ",1,"  ",9,"  ","  ",23,"   ",1,9,"  ",B12,120.671343,24.145583,3,66000,387130000C,(04)23289100,(04)25368667
4604,2023,03,12,17,20,臺中市,大雅區,0,0,0,8,,,50,,,,,,,,,,,,,,,27,"  ","  ","  ","  ",C03,"  ","  ",1,"  ",1,"  ","  ",44,27,1,22,"  ",C03,120.648431,24.223373,3,66000,387130000C,(04)23289100,(04)25368667
4605,2023,03,12,17,26,臺中市,西區,0,1,0,8,1,5,50,4,1,1,5,4,5,7,1,1,10,5,5,2,13,23,2,9,1,1,C03,7,9,1,10,2,11,"  ",23,23,1,4,5,C03,120.657369,24.146726,2,66000,387130000C,(04)23289100,(04)25368667
4606,2023,03,12,17,30,臺中市,北屯區,0,1,0,8,2,5,30,4,1,1,5,4,5,7,1,1,10,5,5,2,16,1,3,10,1,1,B12,7,4,1,8,2,2,"  ",1,1,1,5,8,B12,120.662253,24.178125,2,66000,387130000C,(04)23289100,(04)25368667
4607,2023,03,12,17,35,臺中市,東區,0,1,0,8,1,5,50,14,9,1,5,4,5,7,4,4,5,4,5,2,16,6,3,10,1,1,B03,7,6,1,8,2,2,"  ",6,6,1,22,8,B03,120.682828,24.135293,2,66000,387130000C,(04)23289100,(04)25368667
4608,2023,03,12,17,42,臺中市,太平區,0,0,0,8,,,50,,,,,,,,,,,,,,,23,"  ","  ","  ","  ",C03,"  ","  ",2,"  ",2,"  ","  ",23,"   ",1,22,"  ",C03,120.750932,24.122578,3,66000,387130000C,(04)23289100,(04)25368667
4609,2023,03,12,17,43,臺中市,西區,0,0,0,8,,,50,,,,,,,,,,,,,,,26,"  ","  ","  ","  ",B03,"  ","  ",1,"  ",2,"  ","  ",26,"   ",1,21,"  ",B03,120.667697,24.130913,3,66000,387130000C,(04)23289100,(04)25368667
4610,2023,03,12,17,43,臺中市,北區,0,3,0,8,1,5,50,14,9,1,5,4,5,7,4,4,8,3,5,2,12,23,2,9,1,1,C03,7,9,1,10,2,12,"  ",23,23,1,5,8,C03,120.697745,24.155,2,66000,387130000C,(04)23289100,(04)25368667
4611,2023,03,12,17,45,臺中市,潭子區,0,1,0,8,1,5,40,11,9,1,5,4,5,7,4,4,5,5,5,2,12,1,2,9,2,1,F01,7,6,8,20,2,16,"  ",44,44,1,20,8,F01,120.699637,24.192161,2,66000,387130000C,(04)23289100,(04)25368667
4612,2023,03,12,17,46,臺中市,沙鹿區,0,0,0,8,1,5,50,3,9,1,5,4,5,7,1,1,1,4,1,2,13,23,3,10,1,1,B12,7,15,1,8,8,1,"  ",23,23,1,22,9,B12,120.568043,24.206776,3,66000,387130000C,(04)23289100,(04)25368667
4613,2023,03,12,17,50,臺中市,大里區,0,0,0,8,,,40,,,,,,,,,,,,,,,23,"  ","  ","  ","  ",B12,"  ","  ",1,"  ",2,"  ","  ",23,"   ",1,22,"  ",B12,120.692189,24.101709,3,66000,387130000C,(04)23289100,(04)25368667
4614,2023,03,12,17,54,臺中市,霧峰區,0,2,0,8,1,5,40,3,1,1,5,4,5,7,1,1,5,4,4,2,15,25,2,8,1,1,C03,7,9,1,10,2,11,"  ",25,25,1,22,9,C03,120.713599,24.07537,2,66000,387130000C,(04)23289100,(04)25368667
4615,2023,03,12,17,55,臺中市,東區,0,1,0,8,1,5,50,14,9,1,5,4,5,7,4,4,5,5,5,2,29,23,2,7,3,4,C03,7,15,4,8,2,11,"  ",23,23,1,5,8,C03,120.70123,24.134156,2,66000,387130000C,(04)23289100,(04)25368667
4616,2023,03,12,17,56,臺中市,太平區,0,1,0,8,2,5,30,11,9,1,5,4,5,7,4,4,10,5,5,2,11,23,3,10,1,1,B03,7,9,1,8,2,8,"  ",23,23,1,21,8,B03,120.709325,24.153621,2,66000,387130000C,(04)23289100,(04)25368667
4617,2023,03,12,18,2,臺中市,西屯區,0,1,0,8,2,5,50,4,1,1,5,4,5,7,1,1,10,5,5,2,12,23,3,10,1,1,C03,7,9,1,9,2,11,"  ",23,23,1,22,8,C03,120.665396,24.166806,2,66000,387130000C,(04)23289100,(04)25368667
4618,2023,03,12,18,4,臺中市,西屯區,0,0,0,8,,,40,,,,,,,,,,,,,,,23,"  ","  ","  ","  ",B02,"  ","  ",1,"  ",1,"  ","  ",23,"   ",1,4,"  ",B02,120.632608,24.170034,3,66000,387130000C,(04)23289100,(04)25368667
4619,2023,03,12,18,11,臺中市,大甲區,0,1,0,8,3,5,50,3,1,1,4,4,5,7,4,4,10,5,5,2,18,42,2,9,1,1,C03,7,5,1,10,2,14,"  ",42,42,1,21,1,C03,120.63645,24.41657,2,66000,387130000C,(04)23289100,(04)25368667
4620,2023,03,12,18,12,臺中市,西區,0,0,0,8,,,50,,,,,,,,,,,,,,,7,"  ","  ","  ","  ",B03,"  ","  ",6,"  ",1,"  ","  ",7,"   ",1,5,"  ",B03,120.665757,24.140083,3,66000,387130000C,(04)23289100,(04)25368667
4621,2023,03,12,18,15,臺中市,東區,0,2,0,8,1,5,50,4,9,1,5,4,5,7,4,4,7,5,5,2,16,10,3,10,3,4,B03,7,11,1,8,2,4,"  ",10,10,1,5,8,B03,120.705094,24.136975,2,66000,387130000C,(04)23289100,(04)25368667
4622,2023,03,12,18,20,臺中市,大肚區,0,0,0,,,,30,,,,,,,,,,,,,,,23,"  ","  ","  ","  ",B12,"  ","  ",1,"  ",2,"  ","  ",23,"   ",1,22,"  ",B12,120.578769,24.172788,3,66000,387130000C,(04)23289100,(04)25368667
4623,2023,03,12,18,20,臺中市,沙鹿區,0,2,0,8,3,5,50,4,1,1,5,4,5,7,1,1,10,5,5,2,13,16,3,10,1,1,B12,7,6,1,8,2,6,"  ",44,16,1,21,8,B12,120.561615,24.243402,2,66000,387130000C,(04)23289100,(04)25368667
4624,2023,03,12,18,22,臺中市,大雅區,0,1,0,8,3,5,50,4,1,1,5,4,5,7,1,1,5,4,5,1,16,7,3,10,1,1,B03,7,10,1,8,2,2,"  ",7,7,1,22,9,B03,120.645377,24.225616,2,66000,387130000C,(04)23289100,(04)25368667
4625,2023,03,12,18,25,臺中市,大甲區,0,0,0,8,3,6,50,4,1,1,5,4,5,7,1,1,6,3,5,1,11,6,"  ","  ","  ","  ",C03,"  ","  ",1,"  ",2,"  ","  ",6,6,1,22,"  ",C03,120.62718,24.377716,3,66000,387130000C,(04)23289100,(04)25368667
4626,2023,03,12,18,34,臺中市,清水區,0,2,0,8,2,5,50,4,1,1,5,4,5,7,4,4,8,3,5,1,15,6,3,10,1,1,B03,7,9,1,8,2,8,"  ",6,6,1,21,8,B03,120.565633,24.273362,2,66000,387130000C,(04)23289100,(04)25368667
4627,2023,03,12,18,37,臺中市,潭子區,0,0,0,8,,,60,,,,,,,,,,,,,,,18,"  ","  ","  ","  ","   ","  ","  ","  ","  ","  ","  ","  ",18,"   ",1,"  ","  ","   ",120.689611,24.22392,3,66000,387130000C,(04)23289100,(04)25368667
4628,2023,03,12,18,40,臺中市,南區,0,0,0,8,,,50,,,,,,,,,,,,,,,23,"  ","  ","  ","  ",B03,"  ","  ",1,"  ",2,"  ","  ",23,"   ",1,22,"  ",B03,120.663096,24.12759,3,66000,387130000C,(04)23289100,(04)25368667
4629,2023,03,12,18,44,臺中市,南區,0,0,0,8,,,50,,,,,,,,,,,,,,,23,"  ","  ","  ","  ",B03,"  ","  ",1,8,9,"  ","  ",23,23,1,21,"  ",B03,120.674672,24.125646,3,66000,387130000C,(04)23289100,(04)25368667
4630,2023,03,12,18,50,臺中市,北屯區,0,1,0,8,3,5,50,14,7,1,5,4,5,7,4,4,5,5,5,2,13,23,3,10,1,1,B03,7,9,1,8,2,1,"  ",23,23,1,4,8,B03,120.68798,24.173045,2,66000,387130000C,(04)23289100,(04)25368667
4631,2023,03,12,18,54,臺中市,太平區,0,0,0,8,,,50,,,,,,,,,,,,,,,23,"  ","  ","  ","  ",B03,"  ","  ",1,"  ",2,"  ","  ",44,23,1,21,"  ",B03,120.7142,24.141354,3,66000,387130000C,(04)23289100,(04)25368667
4632,2023,03,12,19,0,臺中市,霧峰區,0,0,0,8,,,50,,,,,,,,,,,,,,,23,"  ","  ","  ","  ",C03,"  ","  ",1,"  ",1,"  ","  ",23,"   ",1,22,"  ",C03,120.699959,24.075669,3,66000,387130000C,(04)23289100,(04)25368667
4633,2023,03,12,19,8,臺中市,南區,0,1,0,7,3,5,50,14,9,1,5,4,5,7,4,4,9,5,5,2,13,23,3,10,1,1,B01,7,9,1,4,2,1,"  ",23,23,1,22,8,B01,120.68277,24.131348,2,66000,387130000C,(04)23289100,(04)25368667
4634,2023,03,12,19,15,臺中市,龍井區,0,2,0,8,3,5,40,4,2,1,5,4,5,7,2,1,10,5,1,2,27,23,2,9,3,4,C03,7,9,1,10,2,11,"  ",23,23,1,22,9,C03,120.577024,24.177013,2,66000,387130000C,(04)23289100,(04)25368667
4635,2023,03,12,19,22,臺中市,南屯區,0,2,0,8,3,5,50,3,1,1,5,4,5,7,2,1,5,5,4,2,16,27,3,10,1,1,B03,7,6,1,8,2,6,"  ",27,27,1,21,8,B03,120.635151,24.13154,2,66000,387130000C,(04)23289100,(04)25368667
4636,2023,03,12,19,25,臺中市,北區,0,1,0,8,3,5,50,14,8,1,5,4,5,7,4,4,1,4,4,2,13,23,2,8,1,1,C03,7,9,1,10,2,11,"  ",23,23,1,21,8,C03,120.67491,24.16135,2,66000,387130000C,(04)23289100,(04)25368667
4637,2023,03,12,19,27,臺中市,南區,0,1,0,8,1,5,50,14,9,1,5,4,5,7,1,1,5,5,5,2,17,23,2,9,3,4,C03,7,9,1,10,2,11,"  ",23,23,1,22,8,C03,120.679294,24.123747,2,66000,387130000C,(04)23289100,(04)25368667
4638,2023,03,12,19,30,臺中市,大雅區,0,1,0,8,3,5,30,4,1,1,5,4,5,7,3,1,10,5,5,1,15,6,3,10,1,1,B03,7,9,1,8,2,1,"  ",6,6,1,22,9,B03,120.662711,24.220266,2,66000,387130000C,(04)23289100,(04)25368667
4639,2023,03,12,19,32,臺中市,南區,0,0,0,8,,,50,,,,,,,,,,,,,,,8,"  ","  ","  ","  ",C03,"  ","  ",1,"  ",2,"  ","  ",8,"   ",1,22,"  ",C03,120.657508,24.124883,3,66000,387130000C,(04)23289100,(04)25368667
4640,2023,03,12,19,33,臺中市,西屯區,0,0,0,8,,,50,,,,,,,,,,,,,,,23,"  ","  ","  ","  ",C03,"  ","  ",1,"  ",2,"  ","  ",44,23,1,22,"  ",C03,120.662418,24.16481,3,66000,387130000C,(04)23289100,(04)25368667
4641,2023,03,12,19,34,臺中市,南區,0,0,0,8,,,40,,,,,,,,,,,,,,,23,"  ","  ","  ","  ",B03,"  ","  ",1,8,2,"  ","  ",23,23,1,21,"  ",B03,120.655289,24.123219,3,66000,387130000C,(04)23289100,(04)25368667