序號,年,月,日,時,分,縣市,區,死亡數量,受傷數量,2-30,天候,光線,道路類別,速限_速度(公里),道路型態,事故位置,路面鋪裝,路面狀態,路面缺陷,障礙物,視距,號誌種類,號誌動作,分向設施,快車道或一般車道間,快慢車道間,路面邊線,事故類型及型態,主要肇因,受傷程度,主要傷處,保護裝備,行動電話,當事者區分,車輛用途,當事者行動狀態,駕駛資格情形,駕駛執照種類,飲酒情形,車輛撞擊部位最初,車輛撞擊部位其他,肇事因素個別,肇事因素主要,肇事逃逸,職業,旅次目的,車種,GPS座標X,GPS座標Y,事故類別,縣市別代碼,機關代碼,市話,傳真
4642,2023,03,12,19,46,臺中市,大里區,0,2,0,8,3,5,30,3,2,1,5,4,5,7,4,4,10,5,5,2,3,23,2,9,1,1,C03,7,9,1,10,2,11,"  ",23,23,1,4,8,C03,120.702255,24.091196,2,66000,387130000C,(04)23289100,(04)25368667
4643,2023,03,12,19,50,臺中市,后里區,0,0,0,8,3,8,50,15,22,1,5,4,5,7,4,4,10,5,5,2,12,17,"  ","  ","  ","  ",B03,"  ","  ",1,"  ",1,"  ","  ",17,"   ",1,5,"  ",B03,120.717581,24.304165,4,66000,387130000C,(04)23289100,(04)25368667
4644,2023,03,12,19,55,臺中市,沙鹿區,0,0,0,8,3,5,50,14,9,1,5,4,5,7,4,4,1,3,4,1,13,12,"  ","  ","  ","  ",B03,"  ","  ",1,"  ",2,"  ","  ",12,"   ",1,22,"  ",B03,120.561132,24.233698,3,66000,387130000C,(04)23289100,(04)25368667
4645,2023,03,12,19,57,臺中市,西屯區,0,0,0,8,,,50,,,,,,,,,,,,,,,23,"  ","  ","  ","  ",B03,"  ","  ",1,"  ",2,"  ","  ",23,"   ",1,22,"  ",B03,120.612318,24.190418,3,66000,387130000C,(04)23289100,(04)25368667
4646,2023,03,12,20,8,臺中市,北屯區,0,0,0,8,,,50,,,,,,,,,,,,,,,19,"  ","  ","  ","  ",B03,"  ","  ",1,"  ",2,"  ","  ",19,"   ",1,5,"  ",B03,120.684401,24.17204,3,66000,387130000C,(04)23289100,(04)25368667
4647,2023,03,12,20,9,臺中市,西屯區,0,0,0,8,,,30,,,,,,,,,,,,,,,23,"  ","  ","  ","  ",B03,"  ","  ",1,"  ",1,"  ","  ",23,"   ",1,22,"  ",B03,120.64669,24.185383,3,66000,387130000C,(04)23289100,(04)25368667
4648,2023,03,12,20,12,臺中市,西區,0,1,0,8,1,5,50,3,1,1,5,4,5,7,4,4,10,5,5,2,16,6,3,10,1,1,B02,7,5,1,8,2,7,"  ",6,6,1,22,9,B02,120.655135,24.150315,2,66000,387130000C,(04)23289100,(04)25368667
4649,2023,03,12,20,12,臺中市,北屯區,0,0,0,8,,,50,,,,,,,,,,,,,,,42,"  ","  ","  ","  ",B12,"  ","  ",1,"  ",1,"  ","  ",42,42,1,5,"  ",B12,120.718486,24.170235,3,66000,387130000C,(04)23289100,(04)25368667
4650,2023,03,12,20,16,臺中市,南區,0,2,0,7,3,5,50,14,9,1,5,4,5,7,4,4,5,4,5,2,18,23,2,9,1,1,C03,7,9,1,10,2,15,"  ",23,23,1,22,8,C03,120.674471,24.131913,2,66000,387130000C,(04)23289100,(04)25368667
4651,2023,03,12,20,17,臺中市,沙鹿區,0,1,0,8,3,5,50,14,9,1,5,4,5,7,4,4,5,5,5,2,17,8,3,10,1,1,B03,7,5,1,8,2,4,"  ",8,8,1,4,9,B03,120.562824,24.243656,2,66000,387130000C,(04)23289100,(04)25368667
4652,2023,03,12,20,28,臺中市,東區,0,0,0,8,,,50,,,,,,,,,,,,,,,7,"  ","  ","  ","  ",B03,"  ","  ",1,8,2,"  ","  ",7,7,1,5,"  ",B03,120.708783,24.135216,3,66000,387130000C,(04)23289100,(04)25368667
4653,2023,03,12,20,30,臺中市,外埔區,0,0,0,8,,,30,,,,,,,,,,,,,,,17,"  ","  ","  ","  ",B03,"  ","  ",1,"  ",1,"  ","  ",17,"   ",1,22,"  ",B03,120.642287,24.341689,3,66000,387130000C,(04)23289100,(04)25368667
4654,2023,03,12,20,37,臺中市,北區,0,2,0,8,3,5,50,4,1,1,5,4,5,7,1,1,10,5,5,2,11,6,2,9,1,1,C03,7,5,1,10,2,11,"  ",6,6,1,18,8,C03,120.678697,24.147201,2,66000,387130000C,(04)23289100,(04)25368667
4655,2023,03,12,20,40,臺中市,北區,0,0,0,8,,,50,,,,,,,,,,,,,,,12,"  ","  ","  ","  ",B03,"  ","  ",1,"  ",11,"  ","  ",12,"   ",1,22,"  ",B03,120.696936,24.159137,3,66000,387130000C,(04)23289100,(04)25368667
4656,2023,03,12,20,40,臺中市,沙鹿區,0,0,0,8,3,5,50,14,9,1,5,4,5,7,4,4,1,3,4,1,14,12,"  ","  ","  ","  ",B03,"  ","  ",1,"  ",2,"  ","  ",12,"   ",1,22,"  ",B03,120.568405,24.207398,3,66000,387130000C,(04)23289100,(04)25368667
4657,2023,03,12,20,50,臺中市,清水區,0,1,0,8,3,5,50,14,9,1,5,4,5,7,4,4,5,4,4,1,2,23,3,10,1,1,C03,7,9,1,10,2,11,"  ",23,23,1,5,5,C03,120.569621,24.263357,2,66000,387130000C,(04)23289100,(04)25368667
4658,2023,03,12,21,0,臺中市,南屯區,0,0,0,8,,,40,,,,,,,,,,,,,,,38,"  ","  ","  ","  ",C03,"  ","  ",1,8,9,"  ","  ",38,38,1,12,"  ",C03,120.636102,24.156203,3,66000,387130000C,(04)23289100,(04)25368667
4659,2023,03,12,21,7,臺中市,西屯區,0,0,0,8,,,40,,,,,,,,,,,,,,,19,"  ","  ","  ","  ",B03,"  ","  ",1,"  ",1,"  ","  ",19,"   ",1,22,"  ",B03,120.639139,24.169364,3,66000,387130000C,(04)23289100,(04)25368667
4660,2023,03,12,21,20,臺中市,西屯區,0,0,0,8,,,50,,,,,,,,,,,,,,,23,"  ","  ","  ","  ",C03,"  ","  ",1,"  ",1,"  ","  ",23,"   ",1,22,"  ",C03,120.644268,24.171377,3,66000,387130000C,(04)23289100,(04)25368667
4661,2023,03,12,21,21,臺中市,霧峰區,0,0,0,8,3,5,60,14,7,1,5,4,5,7,4,4,1,4,4,2,13,42,"  ","  ","  ","  ",B03,"  ","  ",1,"  ",1,"  ","  ",42,"   ",1,22,"  ",B03,120.695981,24.065091,3,66000,387130000C,(04)23289100,(04)25368667
4662,2023,03,12,21,31,臺中市,北屯區,0,1,0,8,3,5,30,4,1,1,5,4,1,7,1,1,1,5,5,2,18,13,2,9,3,4,C04,7,9,1,10,2,15,"  ",13,13,1,21,8,C04,120.668258,24.200767,2,66000,387130000C,(04)23289100,(04)25368667
4663,2023,03,12,21,37,臺中市,霧峰區,0,0,0,8,,,30,,,,,,,,,,,,,,,12,"  ","  ","  ","  ",B12,"  ","  ",1,"  ",2,"  ","  ",12,"   ",1,4,"  ",B12,120.670738,24.04255,3,66000,387130000C,(04)23289100,(04)25368667
4664,2023,03,12,21,39,臺中市,南區,0,1,0,8,3,5,50,14,9,1,5,4,5,7,4,4,5,5,5,2,17,42,2,9,3,4,B03,7,9,1,8,2,5,"  ",42,42,1,19,8,B03,120.679492,24.120829,2,66000,387130000C,(04)23289100,(04)25368667
4665,2023,03,12,21,42,臺中市,南屯區,0,0,0,8,,,50,,,,,,,,,,,,,,,23,"  ","  ","  ","  ",B12,"  ","  ",1,"  ",2,"  ","  ",23,"   ",1,5,"  ",B12,120.649948,24.135896,3,66000,387130000C,(04)23289100,(04)25368667
4666,2023,03,12,21,42,臺中市,大里區,0,1,0,8,3,5,30,3,2,1,5,4,5,7,4,4,10,5,5,1,16,6,3,10,1,1,B03,7,6,1,8,2,5,"  ",6,6,1,22,5,B03,120.693261,24.116808,2,66000,387130000C,(04)23289100,(04)25368667
4667,2023,03,12,21,48,臺中市,西屯區,0,1,0,8,3,5,30,4,1,1,5,4,5,7,4,4,10,5,5,2,15,6,2,9,1,1,C03,7,9,1,10,1,11,"  ",6,6,1,18,8,C03,120.648202,24.182884,2,66000,387130000C,(04)23289100,(04)25368667
4668,2023,03,12,21,58,臺中市,北屯區,0,0,0,8,,,40,,,,,,,,,,,,,,,12,"  ","  ","  ","  ",B03,"  ","  ",6,"  ",1,"  ","  ",12,"   ",1,5,"  ",B03,120.692808,24.164926,3,66000,387130000C,(04)23289100,(04)25368667
4669,2023,03,12,22,4,臺中市,西屯區,0,1,0,8,1,5,50,3,1,1,5,4,5,7,4,4,10,4,5,2,16,9,3,10,1,1,B03,7,6,1,8,1,2,"  ",9,9,1,4,8,B03,120.627005,24.177396,2,66000,387130000C,(04)23289100,(04)25368667
4670,2023,03,12,22,18,臺中市,豐原區,0,0,0,8,,,,,,,,,,,,,,,,,,67,"  ","  ","  ","  ","   ","  ","  ","  ","  ","  ","  ","  ",67,"   ",1,"  ","  ","   ",120.744605,24.274636,3,66000,387130000C,(04)23289100,(04)25368667
4671,2023,03,12,22,19,臺中市,東區,0,1,0,8,3,5,50,14,9,1,5,4,5,7,4,4,5,4,4,2,18,23,2,9,1,1,C03,7,9,3,18,2,11,"  ",23,23,1,21,8,C03,120.687881,24.13995,2,66000,387130000C,(04)23289100,(04)25368667
4672,2023,03,12,22,32,臺中市,太平區,0,1,0,8,1,5,50,3,1,1,5,4,5,7,1,1,5,5,5,2,17,23,2,9,1,1,C03,7,9,1,10,2,15,"  ",23,23,1,21,8,C03,120.734218,24.121613,2,66000,387130000C,(04)23289100,(04)25368667
4673,2023,03,12,22,56,臺中市,南區,0,0,0,8,,,40,,,,,,,,,,,,,,,42,"  ","  ","  ","  ",B03,"  ","  ",1,8,2,"  ","  ",42,42,1,21,"  ",B03,120.683637,24.130334,3,66000,387130000C,(04)23289100,(04)25368667
4674,2023,03,12,23,0,臺中市,霧峰區,0,1,0,8,3,5,30,4,1,1,5,4,5,7,1,1,10,5,5,2,16,25,3,10,3,4,B03,7,9,1,8,2,1,"  ",25,25,1,21,8,B03,120.700067,24.069486,2,66000,387130000C,(04)23289100,(04)25368667
4675,2023,03,12,23,13,臺中市,豐原區,0,1,0,8,4,5,50,5,1,1,5,4,5,7,1,1,4,4,5,2,15,6,3,10,1,1,B03,7,9,1,8,2,8,"  ",6,6,1,22,8,B03,120.720298,24.249344,2,66000,387130000C,(04)23289100,(04)25368667
4676,2023,03,12,23,27,臺中市,南屯區,0,0,0,8,,,50,,,,,,,,,,,,,,,23,"  ","  ","  ","  ",C04,"  ","  ",1,"  ",2,"  ","  ",23,"   ",1,5,"  ",C04,120.652895,24.144028,3,66000,387130000C,(04)23289100,(04)25368667
4677,2023,03,12,23,36,臺中市,大里區,0,1,0,8,3,5,50,4,1,1,5,4,5,7,3,1,5,4,4,1,16,6,3,10,1,1,C03,7,9,1,10,2,12,"  ",6,6,1,5,8,C03,120.685261,24.10676,2,66000,387130000C,(04)23289100,(04)25368667
4678,2023,03,13,0,6,臺中市,大里區,0,0,0,8,,,50,,,,,,,,,,,,,,,23,"  ","  ","  ","  ",C03,"  ","  ",1,"  ",11,"  ","  ",23,"   ",1,5,"  ",C03,120.68518,24.110413,3,66000,387130000C,(04)23289100,(04)25368667
4679,2023,03,13,0,13,臺中市,烏日區,0,0,0,8,,,25,,,,,,,,,,,,,,,19,"  ","  ","  ","  ",B03,"  ","  ",1,"  ",2,"  ","  ",19,"   ",1,21,"  ",B03,120.616396,24.112042,3,66000,387130000C,(04)23289100,(04)25368667
4680,2023,03,13,0,36,臺中市,大里區,0,0,0,8,,,40,,,,,,,,,,,,,,,23,"  ","  ","  ","  ",C03,"  ","  ",2,"  ",9,"  ","  ",23,"   ",1,16,"  ",C03,120.692274,24.106285,3,66000,387130000C,(04)23289100,(04)25368667
4681,2023,03,13,0,53,臺中市,西區,0,1,0,8,3,5,1,4,20,1,5,4,5,7,1,1,10,5,5,2,18,42,2,1,3,4,F01,7,15,8,20,9,16,"  ",42,42,1,22,8,F01,120.679146,24.138606,2,66000,387130000C,(04)23289100,(04)25368667
4682,2023,03,13,1,33,臺中市,豐原區,0,1,0,8,3,5,50,4,1,1,5,4,5,7,2,1,10,5,5,2,16,6,3,10,3,4,B03,7,11,1,8,2,4,"  ",6,6,1,22,8,B03,120.718955,24.251644,2,66000,387130000C,(04)23289100,(04)25368667
4683,2023,03,13,2,22,臺中市,西區,0,0,0,8,3,5,50,3,2,1,5,4,5,7,4,4,5,5,5,2,21,42,"  ","  ","  ","  ",B02,"  ","  ",1,"  ",1,"  ","  ",42,"   ",1,22,"  ",B02,120.676126,24.135716,3,66000,387130000C,(04)23289100,(04)25368667
4684,2023,03,13,2,23,臺中市,南屯區,0,1,0,8,3,5,50,15,9,1,5,4,5,7,4,4,1,4,5,2,12,17,3,10,1,4,B03,7,9,1,8,2,2,"  ",17,17,1,22,8,B03,120.646487,24.149845,2,66000,387130000C,(04)23289100,(04)25368667
4685,2023,03,13,4,1,臺中市,北區,0,1,0,8,3,5,50,3,2,1,5,4,5,7,4,4,5,4,5,2,16,6,3,10,1,1,B03,7,7,1,8,2,8,"  ",6,6,1,21,8,B03,120.691041,24.158738,2,66000,387130000C,(04)23289100,(04)25368667
4686,2023,03,13,4,54,臺中市,大里區,0,1,0,8,3,5,50,14,13,1,5,4,5,7,4,4,1,4,4,1,18,23,2,9,1,1,C03,7,6,1,10,2,14,"  ",23,23,1,5,8,C03,120.688665,24.101566,2,66000,387130000C,(04)23289100,(04)25368667
4687,2023,03,13,5,3,臺中市,西屯區,0,1,0,8,3,5,50,3,1,1,5,4,5,7,1,1,9,4,5,2,17,43,2,9,1,1,B03,7,9,1,8,8,1,"  ",43,43,1,12,8,B03,120.64966,24.17165,2,66000,387130000C,(04)23289100,(04)25368667
4688,2023,03,13,5,33,臺中市,烏日區,0,2,0,8,3,5,40,14,7,1,5,4,5,7,4,4,5,4,4,2,13,23,2,9,1,1,C03,7,9,1,10,2,11,12,23,23,1,21,8,C03,120.607068,24.122746,2,66000,387130000C,(04)23289100,(04)25368667
4689,2023,03,13,6,18,臺中市,南屯區,0,1,0,8,2,5,50,4,2,1,5,4,5,7,1,1,1,4,5,2,16,8,2,9,1,1,C03,7,5,4,8,2,14,12,8,8,1,5,1,C03,120.625666,24.145055,2,66000,387130000C,(04)23289100,(04)25368667
4690,2023,03,13,6,30,臺中市,大肚區,0,0,0,,,,50,,,,,,,,,,,,,,,17,"  ","  ","  ","  ",B12,"  ","  ",1,"  ",2,"  ","  ",17,17,1,5,"  ",B12,120.574516,24.160206,3,66000,387130000C,(04)23289100,(04)25368667
4691,2023,03,13,6,34,臺中市,北區,0,2,0,8,1,5,50,14,9,1,5,4,5,7,4,4,1,4,5,2,3,23,2,9,1,1,C03,7,9,1,10,2,15,"  ",23,23,1,22,8,C03,120.666257,24.165274,2,66000,387130000C,(04)23289100,(04)25368667
4692,2023,03,13,6,35,臺中市,清水區,0,0,0,,,,50,,,,,,,,,,,,,,,23,"  ","  ","  ","  ",B03,"  ","  ",3,"  ",2,"  ","  ",23,23,1,5,"  ",B03,120.564268,24.298593,3,66000,387130000C,(04)23289100,(04)25368667
4693,2023,03,13,6,57,臺中市,西屯區,0,2,0,8,1,5,50,4,1,1,5,4,5,7,1,1,10,5,5,2,16,6,2,9,3,4,C03,7,5,1,10,2,14,"  ",6,6,1,22,8,C03,120.646615,24.168993,2,66000,387130000C,(04)23289100,(04)25368667
4694,2023,03,13,6,59,臺中市,北區,0,0,0,,,,50,,,,,,,,,,,,,,,23,"  ","  ","  ","  ",C03,"  ","  ",1,"  ",2,"  ","  ",23,"   ",1,22,"  ",C03,120.673337,24.166906,3,66000,387130000C,(04)23289100,(04)25368667
4695,2023,03,13,7,0,臺中市,西屯區,0,1,0,8,1,5,50,14,9,1,5,4,5,7,4,4,5,2,4,2,16,1,3,10,1,1,B12,7,8,1,8,1,5,"  ",1,1,1,4,8,B12,120.610159,24.1703,2,66000,387130000C,(04)23289100,(04)25368667
4696,2023,03,13,7,4,臺中市,南區,0,2,0,8,1,5,50,4,1,1,5,4,5,7,2,1,5,5,5,2,3,52,2,8,1,1,H01,8,18,8,20,10,16,"  ",52,52,1,15,5,H01,120.663437,24.113437,2,66000,387130000C,(04)23289100,(04)25368667
4697,2023,03,13,7,4,臺中市,豐原區,0,1,0,7,1,5,50,4,2,1,5,4,5,7,1,1,5,5,4,2,11,23,3,10,1,1,B12,7,5,1,8,2,8,"  ",23,23,1,21,1,B12,120.737908,24.264726,2,66000,387130000C,(04)23289100,(04)25368667
4698,2023,03,13,7,7,臺中市,太平區,0,2,0,8,1,5,50,4,2,1,5,4,5,7,4,4,5,5,5,2,16,19,2,9,1,1,F03,7,1,8,20,2,16,"  ",19,19,1,19,8,F03,120.708691,24.158826,2,66000,387130000C,(04)23289100,(04)25368667
4699,2023,03,13,7,14,臺中市,潭子區,0,0,0,8,,,30,,,,,,,,,,,,,,,23,"  ","  ","  ","  ",B03,"  ","  ",1,"  ",2,"  ","  ",23,"   ",1,22,"  ",B03,120.722272,24.200592,3,66000,387130000C,(04)23289100,(04)25368667
4700,2023,03,13,7,17,臺中市,豐原區,0,0,0,8,,,50,,,,,,,,,,,,,,,42,"  ","  ","  ","  ",C03,"  ","  ",1,"  ",2,"  ","  ",42,"   ",1,22,"  ",C03,120.725052,24.248663,3,66000,387130000C,(04)23289100,(04)25368667
4701,2023,03,13,7,18,臺中市,沙鹿區,0,1,0,8,1,5,50,4,1,1,5,4,5,7,3,1,10,5,5,2,16,10,2,9,1,1,C03,7,11,1,10,2,11,"  ",10,10,1,22,9,C03,120.567883,24.253303,2,66000,387130000C,(04)23289100,(04)25368667
4702,2023,03,13,7,25,臺中市,北區,0,0,0,,,,30,,,,,,,,,,,,,,,43,"  ","  ","  ","  ",B12,"  ","  ",1,"  ",11,"  ","  ",43,"   ",1,22,"  ",B12,120.684214,24.161024,3,66000,387130000C,(04)23289100,(04)25368667
4703,2023,03,13,7,30,臺中市,潭子區,0,0,0,,,,60,,,,,,,,,,,,,,,16,"  ","  ","  ","  ",C03,"  ","  ",1,"  ",2,"  ","  ",16,"   ",1,22,"  ",C03,120.703171,24.198636,3,66000,387130000C,(04)23289100,(04)25368667
4704,2023,03,13,7,30,臺中市,霧峰區,0,1,0,8,1,5,50,3,2,1,5,4,5,7,1,1,9,4,4,1,13,23,3,10,1,1,B12,7,6,1,8,2,8,"  ",23,23,1,12,8,B12,120.699197,24.068843,2,66000,387130000C,(04)23289100,(04)25368667
4705,2023,03,13,7,30,臺中市,龍井區,0,3,0,8,1,5,50,4,2,1,5,4,5,7,1,1,10,5,5,2,13,23,2,9,3,4,C03,7,9,1,10,2,11,"  ",23,23,1,19,2,C03,120.551568,24.212923,2,66000,387130000C,(04)23289100,(04)25368667
4706,2023,03,13,7,30,臺中市,清水區,0,0,0,8,,,50,,,,,,,,,,,,,,,16,"  ","  ","  ","  ",B03,"  ","  ",1,"  ",2,"  ","  ",16,"   ",1,21,"  ",B03,120.548792,24.280119,3,66000,387130000C,(04)23289100,(04)25368667
4707,2023,03,13,7,32,臺中市,神岡區,0,0,0,8,,,40,,,,,,,,,,,,,,,19,"  ","  ","  ","  ",B03,"  ","  ",1,"  ",1,"  ","  ",19,"   ",1,22,"  ",B03,120.655964,24.258647,3,66000,387130000C,(04)23289100,(04)25368667
4708,2023,03,13,7,33,臺中市,大肚區,0,1,0,8,1,5,50,14,8,1,5,4,5,7,4,4,1,4,4,1,12,23,3,10,1,1,B12,7,9,1,8,2,2,"  ",23,23,1,21,8,B12,120.56755,24.12181,2,66000,387130000C,(04)23289100,(04)25368667
4709,2023,03,13,7,35,臺中市,西屯區,0,0,0,8,,,50,,,,,,,,,,,,,,,23,"  ","  ","  ","  ",B03,"  ","  ",1,"  ",1,"  ","  ",23,"   ",1,22,"  ",B03,120.653143,24.195658,3,66000,387130000C,(04)23289100,(04)25368667
4710,2023,03,13,7,35,臺中市,神岡區,0,2,0,8,1,5,30,4,1,1,5,4,3,5,3,1,10,5,5,2,16,6,2,7,1,1,C03,7,5,6,10,6,12,"  ",6,6,1,22,1,C03,120.648283,24.253636,2,66000,387130000C,(04)23289100,(04)25368667
4711,2023,03,13,7,36,臺中市,大雅區,0,0,0,8,,,50,,,,,,,,,,,,,,,23,"  ","  ","  ","  ",B03,"  ","  ",1,"  ",2,"  ","  ",23,"   ",1,22,"  ",B03,120.6509,24.20955,3,66000,387130000C,(04)23289100,(04)25368667
4712,2023,03,13,7,36,臺中市,潭子區,0,0,0,8,,,50,,,,,,,,,,,,,,,23,"  ","  ","  ","  ",B03,"  ","  ",1,"  ",2,"  ","  ",23,"   ",1,22,"  ",B03,120.717781,24.197709,3,66000,387130000C,(04)23289100,(04)25368667
4713,2023,03,13,7,37,臺中市,東勢區,0,1,0,8,1,5,50,14,9,1,5,4,5,7,4,4,5,4,5,1,16,19,2,9,1,1,F03,7,1,8,20,2,16,"  ",19,19,1,22,9,F03,120.829167,24.258897,2,66000,387130000C,(04)23289100,(04)25368667
4714,2023,03,13,7,40,臺中市,南屯區,0,1,0,8,1,5,50,14,9,1,5,4,5,7,4,4,1,4,5,2,13,23,2,9,1,1,C03,7,8,1,10,2,11,"  ",23,23,1,22,8,C03,120.620761,24.145181,2,66000,387130000C,(04)23289100,(04)25368667
4715,2023,03,13,7,41,臺中市,南區,0,0,0,8,,,50,,,,,,,,,,,,,,,23,"  ","  ","  ","  ",B03,"  ","  ",1,"  ",2,"  ","  ",23,"   ",1,6,"  ",B03,120.651772,24.112787,3,66000,387130000C,(04)23289100,(04)25368667
4716,2023,03,13,7,42,臺中市,南屯區,0,0,0,,,,50,,,,,,,,,,,,,,,7,"  ","  ","  ","  ",B03,"  ","  ",1,"  ",2,"  ","  ",7,"   ",1,22,"  ",B03,120.62339,24.1497,3,66000,387130000C,(04)23289100,(04)25368667
4717,2023,03,13,7,42,臺中市,西屯區,0,0,0,8,,,50,,,,,,,,,,,,,,,16,"  ","  ","  ","  ",B03,"  ","  ",1,"  ",2,"  ","  ",16,"   ",1,4,"  ",B03,120.628867,24.162746,3,66000,387130000C,(04)23289100,(04)25368667
4718,2023,03,13,7,46,臺中市,太平區,0,0,0,8,,,30,,,,,,,,,,,,,,,16,"  ","  ","  ","  ",C03,"  ","  ",1,"  ",1,"  ","  ",16,"   ",1,21,"  ",C03,120.703367,24.146721,3,66000,387130000C,(04)23289100,(04)25368667
4719,2023,03,13,7,48,臺中市,大里區,0,0,0,8,,,50,,,,,,,,,,,,,,,23,"  ","  ","  ","  ",B03,"  ","  ",1,"  ",2,"  ","  ",23,"   ",1,12,"  ",B03,120.699273,24.094049,3,66000,387130000C,(04)23289100,(04)25368667
4720,2023,03,13,7,48,臺中市,清水區,0,0,0,8,,,70,,,,,,,,,,,,,,,42,"  ","  ","  ","  ",A11,"  ","  ",1,"  ",3,"  ","  ",42,"   ",1,21,"  ",A11,120.589977,24.304062,3,66000,387130000C,(04)23289100,(04)25368667
4721,2023,03,13,7,49,臺中市,太平區,0,1,0,8,1,5,50,14,9,1,5,4,5,7,4,4,5,4,5,2,2,42,3,10,1,1,B03,7,15,1,8,2,2,"  ",42,42,1,21,8,B03,120.712546,24.141224,2,66000,387130000C,(04)23289100,(04)25368667
4722,2023,03,13,7,52,臺中市,北屯區,0,1,0,8,1,5,50,4,1,1,5,4,5,7,2,1,10,5,5,2,16,8,3,10,1,1,B03,7,9,1,8,2,1,"  ",44,8,1,21,8,B03,120.676378,24.19312,2,66000,387130000C,(04)23289100,(04)25368667
4723,2023,03,13,7,53,臺中市,東區,0,0,0,,,,50,,,,,,,,,,,,,,,7,"  ","  ","  ","  ",B03,"  ","  ",1,"  ",2,"  ","  ",7,"   ",1,22,"  ",B03,120.694035,24.148376,3,66000,387130000C,(04)23289100,(04)25368667
4724,2023,03,13,7,55,臺中市,大雅區,0,1,0,8,1,5,40,14,8,1,5,4,5,7,4,4,9,5,5,1,18,23,2,9,1,1,C03,7,9,1,10,2,14,"  ",23,23,1,22,9,C03,120.628222,24.20655,2,66000,387130000C,(04)23289100,(04)25368667
4725,2023,03,13,7,55,臺中市,西屯區,0,0,0,8,,,50,,,,,,,,,,,,,,,23,"  ","  ","  ","  ",B03,"  ","  ",1,"  ",2,"  ","  ",23,"   ",1,22,"  ",B03,120.589666,24.17262,3,66000,387130000C,(04)23289100,(04)25368667
4726,2023,03,13,7,55,臺中市,龍井區,0,1,0,8,1,5,50,3,2,1,5,4,5,7,4,4,9,5,5,2,17,23,3,10,1,1,C03,7,6,1,10,2,11,"  ",23,23,1,21,1,C03,120.589344,24.182824,2,66000,387130000C,(04)23289100,(04)25368667
4727,2023,03,13,7,58,臺中市,東區,0,0,0,,,,30,,,,,,,,,,,,,,,12,"  ","  ","  ","  ",B03,"  ","  ",1,"  ",1,"  ","  ",12,"   ",1,22,"  ",B03,120.697175,24.125647,3,66000,387130000C,(04)23289100,(04)25368667
4728,2023,03,13,8,0,臺中市,大雅區,0,0,0,8,,,50,,,,,,,,,,,,,,,26,"  ","  ","  ","  ",B03,"  ","  ",1,"  ",1,"  ","  ",26,"   ",1,23,"  ",B03,120.623872,24.231341,3,66000,387130000C,(04)23289100,(04)25368667
4729,2023,03,13,8,0,臺中市,北屯區,0,1,0,8,1,5,50,4,1,1,5,4,5,7,1,1,10,5,5,2,17,6,3,10,1,1,C03,7,5,1,10,2,11,"  ",6,6,1,21,8,C03,120.690354,24.175458,2,66000,387130000C,(04)23289100,(04)25368667
4730,2023,03,13,8,2,臺中市,西屯區,0,0,0,8,,,40,,,,,,,,,,,,,,,6,"  ","  ","  ","  ",C03,"  ","  ",1,"  ",1,"  ","  ",6,"   ",1,22,"  ",C03,120.652088,24.161871,3,66000,387130000C,(04)23289100,(04)25368667
4731,2023,03,13,8,3,臺中市,中區,0,1,0,8,1,5,50,14,9,1,5,4,5,7,4,4,5,4,5,2,12,23,3,10,1,1,B01,7,9,1,4,1,5,"  ",23,23,1,10,9,B01,120.682438,24.140525,2,66000,387130000C,(04)23289100,(04)25368667
4732,2023,03,13,8,3,臺中市,北區,0,1,0,8,1,5,50,3,9,1,5,4,5,7,4,4,5,5,5,2,2,23,3,10,1,1,C03,7,9,1,10,2,11,"  ",23,23,1,5,8,C03,120.669216,24.164009,2,66000,387130000C,(04)23289100,(04)25368667
4733,2023,03,13,8,5,臺中市,北屯區,0,1,0,8,1,5,50,3,1,1,5,4,5,7,4,4,10,5,5,2,16,26,3,10,1,1,B03,7,5,1,8,2,8,"  ",26,26,1,21,8,B03,120.741342,24.179787,2,66000,387130000C,(04)23289100,(04)25368667
4734,2023,03,13,8,6,臺中市,西屯區,0,1,0,8,1,5,50,14,12,1,5,4,5,7,4,4,4,4,4,2,13,16,2,9,1,1,C03,7,9,1,10,2,11,"  ",16,16,1,22,8,C03,120.633307,24.170114,2,66000,387130000C,(04)23289100,(04)25368667
4735,2023,03,13,8,7,臺中市,北屯區,0,1,0,8,1,5,50,14,9,1,5,4,5,7,4,4,5,4,5,2,26,23,2,9,1,1,C03,7,9,1,10,2,11,"  ",23,23,1,4,8,C03,120.6959,24.1649,2,66000,387130000C,(04)23289100,(04)25368667
4736,2023,03,13,8,8,臺中市,西屯區,0,0,0,8,,,40,,,,,,,,,,,,,,,6,"  ","  ","  ","  ",C03,"  ","  ",1,"  ",1,"  ","  ",6,"   ",1,22,"  ",C03,120.656865,24.16698,3,66000,387130000C,(04)23289100,(04)25368667
4737,2023,03,13,8,9,臺中市,太平區,0,1,0,8,1,5,50,14,9,1,5,4,5,7,4,4,9,4,5,2,16,6,3,10,1,1,B01,7,11,1,4,2,2,"  ",6,6,1,10,8,B01,120.724902,24.109531,2,66000,387130000C,(04)23289100,(04)25368667