序號,年,月,日,時,分,縣市,區,死亡數量,受傷數量,2-30,天候,光線,道路類別,速限_速度(公里),道路型態,事故位置,路面鋪裝,路面狀態,路面缺陷,障礙物,視距,號誌種類,號誌動作,分向設施,快車道或一般車道間,快慢車道間,路面邊線,事故類型及型態,主要肇因,受傷程度,主要傷處,保護裝備,行動電話,當事者區分,車輛用途,當事者行動狀態,駕駛資格情形,駕駛執照種類,飲酒情形,車輛撞擊部位最初,車輛撞擊部位其他,肇事因素個別,肇事因素主要,肇事逃逸,職業,旅次目的,車種,GPS座標X,GPS座標Y,事故類別,縣市別代碼,機關代碼,市話,傳真
4738,2023,03,13,8,10,臺中市,西區,0,0,0,8,,,40,,,,,,,,,,,,,,,23,"  ","  ","  ","  ",B03,"  ","  ",1,"  ",1,"  ","  ",23,"   ",1,5,"  ",B03,120.656219,24.155885,3,66000,387130000C,(04)23289100,(04)25368667
4739,2023,03,13,8,10,臺中市,北屯區,0,0,0,8,,,50,,,,,,,,,,,,,,,6,"  ","  ","  ","  ",B03,"  ","  ",1,"  ",1,"  ","  ",6,"   ",1,21,"  ",B03,120.681166,24.174458,3,66000,387130000C,(04)23289100,(04)25368667
4740,2023,03,13,8,10,臺中市,西屯區,0,0,0,8,,,50,,,,,,,,,,,,,,,16,"  ","  ","  ","  ",B03,"  ","  ",1,"  ",1,"  ","  ",16,"   ",1,22,"  ",B03,120.635879,24.181852,3,66000,387130000C,(04)23289100,(04)25368667
4741,2023,03,13,8,11,臺中市,南屯區,0,1,0,8,1,5,30,3,1,1,5,4,5,7,4,4,10,5,5,2,17,19,3,10,1,1,C03,7,1,1,10,2,14,"  ",19,19,1,22,8,C03,120.643732,24.140974,2,66000,387130000C,(04)23289100,(04)25368667
4742,2023,03,13,8,12,臺中市,北區,0,1,0,8,1,5,50,4,2,1,5,4,5,7,1,1,5,4,5,2,16,19,3,10,1,1,C03,7,1,1,10,2,12,"  ",19,19,1,5,5,C03,120.68513,24.160328,2,66000,387130000C,(04)23289100,(04)25368667
4743,2023,03,13,8,13,臺中市,豐原區,0,2,0,8,1,5,40,4,1,1,5,4,5,7,1,1,10,5,5,2,17,44,2,9,1,1,C03,7,9,1,10,2,11,"  ",44,44,1,22,8,C03,120.726743,24.255768,2,66000,387130000C,(04)23289100,(04)25368667
4744,2023,03,13,8,14,臺中市,南屯區,0,1,0,8,1,5,50,4,1,1,5,4,5,7,1,1,10,5,5,2,16,6,3,10,1,1,B03,7,5,1,8,2,8,"  ",6,6,1,5,8,B03,120.643965,24.134737,2,66000,387130000C,(04)23289100,(04)25368667
4745,2023,03,13,8,15,臺中市,潭子區,0,0,0,8,,,50,,,,,,,,,,,,,,,16,"  ","  ","  ","  ",B03,"  ","  ",1,"  ",2,"  ","  ",16,"   ",1,22,"  ",B03,120.712758,24.213103,3,66000,387130000C,(04)23289100,(04)25368667
4746,2023,03,13,8,17,臺中市,烏日區,0,0,0,8,1,5,50,14,9,1,5,4,5,7,4,4,9,5,5,2,12,17,"  ","  ","  ","  ",B03,"  ","  ",1,"  ",2,"  ","  ",17,"   ",1,22,"  ",B03,120.6263,24.105425,3,66000,387130000C,(04)23289100,(04)25368667
4747,2023,03,13,8,20,臺中市,霧峰區,0,0,0,8,,,40,,,,,,,,,,,,,,,23,"  ","  ","  ","  ",B03,"  ","  ",1,"  ",2,"  ","  ",23,23,1,12,"  ",B03,120.664648,24.059994,3,66000,387130000C,(04)23289100,(04)25368667
4748,2023,03,13,8,20,臺中市,烏日區,0,1,0,8,1,5,50,14,7,1,5,4,5,7,4,4,5,5,4,2,11,42,3,10,1,1,B12,7,15,1,8,2,8,"  ",42,42,1,21,8,B12,120.624082,24.102547,2,66000,387130000C,(04)23289100,(04)25368667
4749,2023,03,13,8,21,臺中市,南區,0,0,0,8,,,50,,,,,,,,,,,,,,,16,"  ","  ","  ","  ",B03,"  ","  ",1,"  ",2,"  ","  ",16,"   ",1,4,"  ",B03,120.67623,24.132385,3,66000,387130000C,(04)23289100,(04)25368667
4750,2023,03,13,8,21,臺中市,南屯區,0,1,0,8,1,5,50,14,7,1,5,4,5,7,4,4,5,5,4,2,16,26,3,10,1,1,B03,7,5,1,2,2,5,"  ",26,26,1,22,8,B03,120.610078,24.130513,2,66000,387130000C,(04)23289100,(04)25368667
4751,2023,03,13,8,21,臺中市,西屯區,0,0,0,8,,,30,,,,,,,,,,,,,,,23,"  ","  ","  ","  ",B03,"  ","  ",1,"  ",1,"  ","  ",23,"   ",1,4,"  ",B03,120.643835,24.18166,3,66000,387130000C,(04)23289100,(04)25368667
4752,2023,03,13,8,22,臺中市,太平區,0,0,0,8,,,40,,,,,,,,,,,,,,,16,"  ","  ","  ","  ",B03,"  ","  ",1,"  ",2,"  ","  ",16,"   ",1,21,"  ",B03,120.726972,24.115349,3,66000,387130000C,(04)23289100,(04)25368667
4753,2023,03,13,8,23,臺中市,西屯區,0,0,0,,,,50,,,,,,,,,,,,,,,16,"  ","  ","  ","  ",B03,"  ","  ",1,"  ",2,"  ","  ",16,"   ",1,22,"  ",B03,120.65189,24.161701,3,66000,387130000C,(04)23289100,(04)25368667
4754,2023,03,13,8,23,臺中市,大肚區,0,0,0,8,,,50,,,,,,,,,,,,,,,18,"  ","  ","  ","  ",B12,"  ","  ",1,"  ",2,"  ","  ",18,"   ",1,21,"  ",B12,120.576918,24.164351,3,66000,387130000C,(04)23289100,(04)25368667
4755,2023,03,13,8,23,臺中市,東勢區,0,0,0,8,,,50,,,,,,,,,,,,,,,12,"  ","  ","  ","  ",B03,"  ","  ",1,"  ",2,"  ","  ",12,"   ",1,22,"  ",B03,120.830371,24.25352,3,66000,387130000C,(04)23289100,(04)25368667
4756,2023,03,13,8,24,臺中市,太平區,0,0,0,8,,,50,,,,,,,,,,,,,,,25,"  ","  ","  ","  ",C03,"  ","  ",1,"  ",2,"  ","  ",25,"   ",1,21,"  ",C03,120.716187,24.133508,3,66000,387130000C,(04)23289100,(04)25368667
4757,2023,03,13,8,25,臺中市,北屯區,0,1,0,8,1,5,50,14,9,1,5,4,5,7,4,4,1,4,5,2,17,43,2,9,1,1,C03,7,9,1,10,2,14,"  ",43,43,1,21,8,C03,120.687818,24.182001,2,66000,387130000C,(04)23289100,(04)25368667
4758,2023,03,13,8,26,臺中市,西屯區,0,2,0,8,1,5,50,14,9,1,5,4,5,7,4,4,5,5,5,2,16,26,2,9,3,4,C03,7,5,1,10,2,14,"  ",26,26,1,22,8,C03,120.588308,24.176148,2,66000,387130000C,(04)23289100,(04)25368667
4759,2023,03,13,8,27,臺中市,烏日區,0,1,0,8,1,5,70,14,8,1,5,4,5,7,4,4,1,4,4,1,13,16,2,9,1,1,C03,7,9,1,10,2,11,"  ",16,16,1,5,8,C03,120.594825,24.112463,2,66000,387130000C,(04)23289100,(04)25368667
4760,2023,03,13,8,28,臺中市,西區,0,0,0,,,,50,,,,,,,,,,,,,,,23,"  ","  ","  ","  ",B03,"  ","  ",1,"  ",1,"  ","  ",23,"   ",1,5,"  ",B03,120.666736,24.141067,3,66000,387130000C,(04)23289100,(04)25368667
4761,2023,03,13,8,31,臺中市,西屯區,0,2,0,8,1,5,50,14,9,1,5,4,5,7,4,4,5,4,5,2,2,23,2,9,1,1,C03,7,9,1,10,2,11,"  ",23,23,1,22,8,C03,120.645079,24.177122,2,66000,387130000C,(04)23289100,(04)25368667
4762,2023,03,13,8,33,臺中市,西屯區,0,0,0,8,,,50,,,,,,,,,,,,,,,7,"  ","  ","  ","  ",B03,"  ","  ",1,"  ",1,"  ","  ",7,"   ",1,22,"  ",B03,120.656293,24.199588,3,66000,387130000C,(04)23289100,(04)25368667
4763,2023,03,13,8,33,臺中市,霧峰區,0,0,0,8,,,40,,,,,,,,,,,,,,,18,"  ","  ","  ","  ",B03,"  ","  ",1,"  ",2,"  ","  ",18,"   ",1,12,"  ",B03,120.665526,24.060125,3,66000,387130000C,(04)23289100,(04)25368667
4764,2023,03,13,8,36,臺中市,龍井區,0,1,0,8,1,5,40,14,9,1,5,4,5,7,4,4,9,4,5,1,2,42,3,10,1,1,B02,7,9,1,8,9,2,"  ",42,42,2,21,1,B02,120.591363,24.191241,2,66000,387130000C,(04)23289100,(04)25368667
4765,2023,03,13,8,40,臺中市,霧峰區,0,0,0,8,,,60,,,,,,,,,,,,,,,7,"  ","  ","  ","  ",C03,"  ","  ",1,"  ",2,"  ","  ",7,"   ",1,12,"  ",C03,120.69534,24.062709,3,66000,387130000C,(04)23289100,(04)25368667
4766,2023,03,13,8,44,臺中市,西區,0,0,0,8,,,40,,,,,,,,,,,,,,,12,"  ","  ","  ","  ",B03,"  ","  ",1,"  ",1,"  ","  ",12,"   ",1,5,"  ",B03,120.671968,24.141678,3,66000,387130000C,(04)23289100,(04)25368667
4767,2023,03,13,8,45,臺中市,北區,0,0,0,,,,50,,,,,,,,,,,,,,,7,"  ","  ","  ","  ",C03,"  ","  ",1,"  ",2,"  ","  ",7,"   ",1,22,"  ",C03,120.678678,24.169136,3,66000,387130000C,(04)23289100,(04)25368667
4768,2023,03,13,8,45,臺中市,南區,0,0,0,8,,,40,,,,,,,,,,,,,,,19,"  ","  ","  ","  ",B03,"  ","  ",1,"  ",2,"  ","  ",19,"   ",1,4,"  ",B03,120.656874,24.130874,3,66000,387130000C,(04)23289100,(04)25368667
4769,2023,03,13,8,47,臺中市,中區,0,2,0,8,1,5,50,14,9,1,5,4,5,7,4,4,10,5,5,2,13,16,2,8,1,1,C03,7,9,1,8,2,11,"  ",16,16,1,22,9,C03,120.680779,24.143815,2,66000,387130000C,(04)23289100,(04)25368667
4770,2023,03,13,8,48,臺中市,沙鹿區,0,1,0,8,1,5,50,14,7,1,5,4,5,7,4,4,5,4,4,2,13,19,3,10,1,1,B03,7,1,1,8,2,5,"  ",19,19,1,22,9,B03,120.561286,24.242613,2,66000,387130000C,(04)23289100,(04)25368667
4771,2023,03,13,8,51,臺中市,北區,0,1,0,8,1,5,50,4,1,1,5,4,5,7,1,1,10,5,5,2,16,6,3,10,1,1,C03,7,5,1,10,2,14,"  ",6,6,1,20,8,C03,120.667553,24.165158,2,66000,387130000C,(04)23289100,(04)25368667
4772,2023,03,13,8,51,臺中市,東區,0,0,0,,,,50,,,,,,,,,,,,,,,10,"  ","  ","  ","  ",B03,"  ","  ",1,"  ",2,"  ","  ",10,"   ",1,22,"  ",B03,120.694786,24.127322,3,66000,387130000C,(04)23289100,(04)25368667
4773,2023,03,13,8,51,臺中市,北屯區,0,1,0,8,1,5,50,4,18,1,5,4,5,7,2,1,10,5,5,2,3,15,3,10,1,1,B03,7,5,1,8,2,1,"  ",15,15,1,4,8,B03,120.695,24.1832,2,66000,387130000C,(04)23289100,(04)25368667
4774,2023,03,13,8,52,臺中市,北區,0,0,0,8,1,5,50,3,7,1,5,4,5,7,4,4,1,4,4,2,13,23,3,10,1,1,B03,7,9,1,8,1,1,"  ",23,16,1,5,5,B03,120.685125,24.168031,3,66000,387130000C,(04)23289100,(04)25368667
4775,2023,03,13,8,52,臺中市,豐原區,0,1,0,8,1,5,50,4,1,1,5,4,5,7,4,4,5,5,4,2,16,26,2,9,1,1,C03,7,5,1,10,2,12,"  ",26,26,1,22,8,C03,120.723572,24.264313,2,66000,387130000C,(04)23289100,(04)25368667
4776,2023,03,13,8,53,臺中市,南屯區,0,0,0,8,,,50,,,,,,,,,,,,,,,44,"  ","  ","  ","  ",B03,"  ","  ",1,"  ",1,"  ","  ",44,"   ",1,5,"  ",B03,120.645486,24.133586,3,66000,387130000C,(04)23289100,(04)25368667
4777,2023,03,13,8,56,臺中市,霧峰區,0,0,0,8,,,40,,,,,,,,,,,,,,,16,"  ","  ","  ","  ",A42,"  ","  ",1,"  ",2,"  ","  ",16,"   ",1,12,"  ",A42,120.66558,24.060211,3,66000,387130000C,(04)23289100,(04)25368667
4778,2023,03,13,8,57,臺中市,北區,0,1,0,8,1,5,50,3,2,1,5,4,5,7,4,4,3,4,4,1,17,40,3,10,3,4,B03,7,13,1,8,2,4,"  ",40,40,1,22,9,B03,120.684862,24.15466,2,66000,387130000C,(04)23289100,(04)25368667
4779,2023,03,13,8,59,臺中市,南屯區,0,1,0,8,1,5,50,3,1,1,5,4,5,7,1,1,5,4,4,2,17,16,2,9,1,1,C03,7,9,4,11,2,11,"  ",16,16,1,22,8,C03,120.626379,24.114989,2,66000,387130000C,(04)23289100,(04)25368667
4780,2023,03,13,9,2,臺中市,北屯區,0,1,0,8,1,5,50,4,1,1,5,4,5,7,2,1,10,5,5,2,16,6,3,10,1,1,B03,7,6,1,8,2,2,"  ",6,6,1,21,8,B03,120.685915,24.175875,2,66000,387130000C,(04)23289100,(04)25368667
4781,2023,03,13,9,2,臺中市,西屯區,0,1,0,8,1,5,40,3,1,1,5,4,5,7,3,1,8,4,4,1,16,6,3,10,1,4,C03,7,5,1,10,1,13,"  ",6,6,1,4,8,C03,120.657738,24.167368,2,66000,387130000C,(04)23289100,(04)25368667
4782,2023,03,13,9,6,臺中市,大雅區,0,1,0,8,1,5,50,3,1,1,5,4,5,7,4,4,5,5,5,1,14,12,3,10,1,1,A11,7,2,1,7,2,7,"  ",12,12,1,21,8,A11,120.65398,24.230134,2,66000,387130000C,(04)23289100,(04)25368667
4783,2023,03,13,9,8,臺中市,太平區,0,1,0,8,1,5,50,4,2,1,5,4,5,7,4,4,5,5,5,1,13,23,2,9,1,1,C03,7,5,1,10,2,11,"  ",23,23,1,19,8,C03,120.725497,24.14179,2,66000,387130000C,(04)23289100,(04)25368667
4784,2023,03,13,9,9,臺中市,北區,0,0,0,8,,,50,,,,,,,,,,,,,,,19,"  ","  ","  ","  ",B03,"  ","  ",1,"  ",1,"  ","  ",44,23,1,20,"  ",B03,120.680495,24.157178,3,66000,387130000C,(04)23289100,(04)25368667
4785,2023,03,13,9,12,臺中市,西屯區,0,0,0,8,,,50,,,,,,,,,,,,,,,26,"  ","  ","  ","  ",B03,"  ","  ",1,"  ",2,"  ","  ",26,"   ",1,22,"  ",B03,120.628406,24.162706,3,66000,387130000C,(04)23289100,(04)25368667
4786,2023,03,13,9,15,臺中市,清水區,0,0,0,,,,30,,,,,,,,,,,,,,,6,"  ","  ","  ","  ",B12,"  ","  ",1,"  ",2,"  ","  ",6,"   ",1,22,"  ",B12,120.559246,24.263429,3,66000,387130000C,(04)23289100,(04)25368667
4787,2023,03,13,9,22,臺中市,北屯區,0,0,0,8,,,50,,,,,,,,,,,,,,,19,"  ","  ","  ","  ",C03,"  ","  ",1,"  ",1,"  ","  ",19,"   ",1,21,"  ",C03,120.703778,24.176973,3,66000,387130000C,(04)23289100,(04)25368667
4788,2023,03,13,9,24,臺中市,中區,0,1,0,8,1,5,50,14,9,1,5,4,5,7,4,4,5,5,5,2,12,42,3,10,1,1,B03,7,9,1,8,2,2,"  ",42,42,1,5,5,B03,120.677142,24.143583,2,66000,387130000C,(04)23289100,(04)25368667
4789,2023,03,13,9,30,臺中市,大雅區,0,1,0,8,1,5,50,14,8,1,5,4,5,7,4,4,9,4,5,1,17,11,3,10,1,1,C03,7,11,1,10,2,11,"  ",11,11,1,22,9,C03,120.668558,24.214991,2,66000,387130000C,(04)23289100,(04)25368667
4790,2023,03,13,9,30,臺中市,沙鹿區,0,1,0,8,1,5,50,14,7,1,5,4,5,7,4,4,9,5,4,2,12,42,3,10,1,1,C03,7,15,1,10,2,11,"  ",42,42,1,4,8,C03,120.577838,24.222596,2,66000,387130000C,(04)23289100,(04)25368667
4791,2023,03,13,9,37,臺中市,太平區,0,1,0,8,1,5,50,14,9,1,5,4,5,7,4,4,5,4,5,2,13,23,3,10,1,1,B03,7,8,1,8,2,5,"  ",23,23,1,21,8,B03,120.734179,24.149084,2,66000,387130000C,(04)23289100,(04)25368667
4792,2023,03,13,9,38,臺中市,北區,0,1,0,8,1,5,50,4,2,1,5,4,5,7,1,1,1,4,5,2,16,6,3,10,1,1,B03,7,6,1,8,2,2,"  ",6,6,1,5,5,B03,120.678927,24.157522,2,66000,387130000C,(04)23289100,(04)25368667
4793,2023,03,13,9,39,臺中市,西屯區,0,0,0,8,,,50,,,,,,,,,,,,,,,12,"  ","  ","  ","  ",B12,"  ","  ",1,"  ",1,"  ","  ",12,"   ",1,22,"  ",B12,120.59335,24.164871,3,66000,387130000C,(04)23289100,(04)25368667
4794,2023,03,13,9,40,臺中市,南屯區,0,0,0,8,,,60,,,,,,,,,,,,,,,23,"  ","  ","  ","  ",B03,"  ","  ",1,"  ",1,"  ","  ",23,"   ",1,22,"  ",B03,120.6235,24.135279,3,66000,387130000C,(04)23289100,(04)25368667
4795,2023,03,13,9,40,臺中市,霧峰區,0,2,0,8,1,5,50,3,1,1,5,4,5,7,4,4,10,5,5,2,16,6,2,8,1,1,C03,7,5,3,18,2,11,"  ",6,6,1,19,8,C03,120.69917,24.068096,2,66000,387130000C,(04)23289100,(04)25368667
4796,2023,03,13,9,40,臺中市,清水區,0,2,0,8,1,5,70,14,7,1,5,4,5,7,3,1,1,4,1,1,16,7,3,10,1,1,A31,7,8,1,1,2,5,"  ",7,7,1,21,8,A31,120.584972,24.302726,2,66000,387130000C,(04)23289100,(04)25368667
4797,2023,03,13,9,42,臺中市,太平區,0,0,0,8,,,50,,,,,,,,,,,,,,,26,"  ","  ","  ","  ",B03,"  ","  ",1,"  ",2,"  ","  ",44,26,1,21,"  ",B03,120.71711,24.124086,3,66000,387130000C,(04)23289100,(04)25368667
4798,2023,03,13,9,45,臺中市,南屯區,0,1,0,8,1,5,40,14,9,1,5,4,5,7,1,1,8,3,5,2,17,19,3,10,1,1,B03,7,1,1,8,2,4,"  ",19,19,1,22,9,B03,120.635102,24.151438,2,66000,387130000C,(04)23289100,(04)25368667
4799,2023,03,13,9,45,臺中市,烏日區,0,0,0,8,1,5,50,4,1,1,5,4,5,7,3,1,1,5,5,2,16,6,"  ","  ","  ","  ",C03,"  ","  ",1,"  ",2,"  ","  ",6,"   ",1,22,"  ",C03,120.644256,24.112747,3,66000,387130000C,(04)23289100,(04)25368667
4800,2023,03,13,9,52,臺中市,沙鹿區,0,1,0,8,1,5,60,14,7,1,5,4,5,7,4,4,3,4,4,2,16,19,3,10,1,1,B03,7,1,1,8,2,4,"  ",19,19,1,22,9,B03,120.567925,24.2029,2,66000,387130000C,(04)23289100,(04)25368667
4801,2023,03,13,9,55,臺中市,北區,0,1,0,8,1,5,50,3,2,1,5,4,5,7,4,4,5,4,5,1,16,6,3,10,3,4,B03,7,6,1,8,2,1,"  ",6,6,1,22,9,B03,120.675785,24.163221,2,66000,387130000C,(04)23289100,(04)25368667
4802,2023,03,13,9,55,臺中市,梧棲區,0,1,0,8,1,5,50,14,9,1,5,4,5,7,4,4,5,5,5,1,13,23,3,10,1,1,B03,7,9,1,8,2,5,"  ",23,23,1,4,1,B03,120.532789,24.257403,2,66000,387130000C,(04)23289100,(04)25368667
4803,2023,03,13,10,0,臺中市,南屯區,0,0,0,8,,,40,,,,,,,,,,,,,,,23,"  ","  ","  ","  ",B02,"  ","  ",1,"  ",2,"  ","  ",23,"   ",1,5,"  ",B02,120.638497,24.140869,3,66000,387130000C,(04)23289100,(04)25368667
4804,2023,03,13,10,2,臺中市,清水區,0,0,0,8,,,30,,,,,,,,,,,,,,,23,"  ","  ","  ","  ",A31,"  ","  ",1,"  ",2,"  ","  ",23,"   ",1,21,"  ",A31,120.541372,24.279615,3,66000,387130000C,(04)23289100,(04)25368667
4805,2023,03,13,10,2,臺中市,梧棲區,0,0,0,8,,,40,,,,,,,,,,,,,,,23,"  ","  ","  ","  ",B03,"  ","  ",1,"  ",2,"  ","  ",23,"   ",1,3,"  ",B03,120.542375,24.246999,3,66000,387130000C,(04)23289100,(04)25368667
4806,2023,03,13,10,7,臺中市,潭子區,0,2,0,8,1,5,30,4,1,1,5,4,5,7,3,1,5,5,5,2,15,6,2,9,1,1,C03,7,9,1,10,2,14,"  ",6,6,1,22,8,C03,120.686162,24.215872,2,66000,387130000C,(04)23289100,(04)25368667
4807,2023,03,13,10,14,臺中市,西區,0,1,0,8,1,5,50,4,1,1,5,4,5,7,4,4,10,5,5,2,15,6,2,9,1,1,C03,7,9,1,10,2,12,"  ",6,6,1,5,8,C03,120.663123,24.145527,2,66000,387130000C,(04)23289100,(04)25368667
4808,2023,03,13,10,22,臺中市,大里區,0,1,0,8,1,5,30,3,1,1,5,4,5,7,4,4,10,5,5,2,16,6,3,10,1,1,C03,7,9,1,10,2,12,"  ",6,6,1,5,8,C03,120.693212,24.11948,2,66000,387130000C,(04)23289100,(04)25368667
4809,2023,03,13,10,24,臺中市,大里區,0,0,0,8,,,60,,,,,,,,,,,,,,,16,"  ","  ","  ","  ",B12,"  ","  ",1,"  ",2,"  ","  ",16,"   ",1,22,"  ",B12,120.681677,24.102836,3,66000,387130000C,(04)23289100,(04)25368667
4810,2023,03,13,10,27,臺中市,中區,0,0,0,8,,,50,,,,,,,,,,,,,,,30,"  ","  ","  ","  ",B12,"  ","  ",1,8,1,"  ","  ",30,30,1,22,"  ",B12,120.674312,24.14279,3,66000,387130000C,(04)23289100,(04)25368667
4811,2023,03,13,10,29,臺中市,中區,1,1,0,8,1,5,50,4,1,1,5,4,5,7,1,1,10,5,5,2,16,26,1,9,1,1,C03,7,5,6,18,1,14,"  ",26,26,1,5,5,C03,120.67729,24.145711,1,66000,387130000C,(04)23289100,(04)25368667
4812,2023,03,13,10,30,臺中市,大里區,0,0,0,8,,,40,,,,,,,,,,,,,,,42,"  ","  ","  ","  ",B12,"  ","  ",1,"  ",2,"  ","  ",42,"   ",1,9,"  ",B12,120.687224,24.093857,3,66000,387130000C,(04)23289100,(04)25368667
4813,2023,03,13,10,30,臺中市,大甲區,0,0,0,,,,40,,,,,,,,,,,,,,,12,"  ","  ","  ","  ",A11,"  ","  ",1,"  ",1,"  ","  ",12,"   ",1,10,"  ",A11,120.655894,24.390229,3,66000,387130000C,(04)23289100,(04)25368667
4814,2023,03,13,10,34,臺中市,北區,0,0,0,8,,,50,,,,,,,,,,,,,,,23,"  ","  ","  ","  ",B03,"  ","  ",1,"  ",1,"  ","  ",23,"   ",1,5,"  ",B03,120.674084,24.163084,3,66000,387130000C,(04)23289100,(04)25368667
4815,2023,03,13,10,35,臺中市,北區,0,0,0,8,1,5,50,4,2,1,5,4,5,7,4,4,5,5,5,2,17,23,3,10,1,1,A12,7,9,1,1,2,2,"  ",23,23,1,5,4,A12,120.684029,24.154615,3,66000,387130000C,(04)23289100,(04)25368667
4816,2023,03,13,10,36,臺中市,大里區,0,2,0,8,1,5,50,14,9,1,5,4,5,7,4,4,5,5,5,1,13,23,2,8,3,4,C03,7,9,1,10,2,11,"  ",23,23,1,12,8,C03,120.705658,24.087698,2,66000,387130000C,(04)23289100,(04)25368667
4817,2023,03,13,10,41,臺中市,太平區,0,0,0,8,,,50,,,,,,,,,,,,,,,16,"  ","  ","  ","  ",B03,"  ","  ",1,"  ",2,"  ","  ",16,"   ",1,21,"  ",B03,120.700547,24.147973,3,66000,387130000C,(04)23289100,(04)25368667
4818,2023,03,13,10,55,臺中市,烏日區,0,0,0,8,,,30,,,,,,,,,,,,,,,12,"  ","  ","  ","  ",A11,"  ","  ",1,"  ",2,"  ","  ",12,"   ",1,21,"  ",A11,120.619961,24.103401,3,66000,387130000C,(04)23289100,(04)25368667
4819,2023,03,13,11,0,臺中市,潭子區,0,0,0,8,,,50,,,,,,,,,,,,,,,23,"  ","  ","  ","  ",C03,"  ","  ",1,"  ",2,"  ","  ",23,"   ",1,21,"  ",C03,120.703542,24.210847,3,66000,387130000C,(04)23289100,(04)25368667
4820,2023,03,13,11,0,臺中市,豐原區,0,0,0,,,,60,,,,,,,,,,,,,,,23,"  ","  ","  ","  ",B03,"  ","  ",3,"  ",2,"  ","  ",23,"   ",1,22,"  ",B03,120.736845,24.25883,3,66000,387130000C,(04)23289100,(04)25368667
4821,2023,03,13,11,2,臺中市,大雅區,0,1,0,8,1,5,50,14,9,1,5,4,5,7,4,4,5,5,5,1,17,19,2,9,1,1,C04,7,1,1,10,2,14,"  ",19,19,1,22,8,C04,120.648511,24.226261,2,66000,387130000C,(04)23289100,(04)25368667
4822,2023,03,13,11,11,臺中市,大甲區,0,1,0,8,1,5,50,14,9,1,5,4,5,7,4,4,5,5,5,1,12,26,2,9,1,1,C03,7,8,1,10,2,12,"  ",26,26,1,19,8,C03,120.621177,24.353657,2,66000,387130000C,(04)23289100,(04)25368667
4823,2023,03,13,11,13,臺中市,中區,0,3,0,8,1,5,50,4,1,1,5,4,5,7,1,1,10,5,5,2,16,26,2,8,1,1,C03,7,5,1,10,2,14,"  ",26,26,1,10,9,C03,120.67729,24.145711,2,66000,387130000C,(04)23289100,(04)25368667
4824,2023,03,13,11,15,臺中市,北區,0,0,1,8,1,5,50,3,2,1,5,4,5,7,4,4,5,4,5,2,16,8,3,10,3,4,C03,7,5,1,10,2,12,"  ",8,8,1,22,9,C03,120.68653,24.163521,2,66000,387130000C,(04)23289100,(04)25368667
4825,2023,03,13,11,15,臺中市,外埔區,0,1,0,8,1,5,50,4,1,1,5,4,5,7,1,1,10,5,5,2,15,25,2,9,1,1,C03,7,9,1,10,2,12,"  ",25,26,1,21,1,C03,120.648257,24.325262,2,66000,387130000C,(04)23289100,(04)25368667
4826,2023,03,13,11,16,臺中市,太平區,0,2,0,8,1,5,50,4,1,1,5,4,5,7,4,4,10,5,5,2,16,6,2,9,3,4,C03,7,5,1,10,2,11,"  ",6,6,1,9,8,C03,120.712672,24.125769,2,66000,387130000C,(04)23289100,(04)25368667
4827,2023,03,13,11,26,臺中市,龍井區,0,1,0,8,1,5,50,4,1,1,5,4,5,7,1,1,9,5,5,2,16,6,3,10,1,1,B03,7,5,1,8,2,8,"  ",6,6,1,21,1,B03,120.591158,24.191225,2,66000,387130000C,(04)23289100,(04)25368667
4828,2023,03,13,11,28,臺中市,西屯區,0,0,0,8,,,50,,,,,,,,,,,,,,,7,"  ","  ","  ","  ",B03,"  ","  ",1,"  ",1,"  ","  ",7,"   ",1,22,"  ",B03,120.660202,24.171363,3,66000,387130000C,(04)23289100,(04)25368667
4829,2023,03,13,11,30,臺中市,清水區,0,3,0,8,1,5,50,14,9,1,5,4,5,7,4,4,5,5,5,1,16,26,2,2,1,1,C03,7,9,6,10,9,11,"  ",26,26,1,22,8,C03,120.567326,24.29148,2,66000,387130000C,(04)23289100,(04)25368667
4830,2023,03,13,11,33,臺中市,太平區,0,0,0,8,,,40,,,,,,,,,,,,,,,23,"  ","  ","  ","  ",B12,"  ","  ",1,"  ",2,"  ","  ",23,"   ",1,10,"  ",B12,120.722234,24.109775,3,66000,387130000C,(04)23289100,(04)25368667
4831,2023,03,13,11,36,臺中市,東區,0,0,0,8,,,50,,,,,,,,,,,,,,,23,"  ","  ","  ","  ",B03,"  ","  ",1,"  ",2,"  ","  ",23,"   ",1,5,"  ",B03,120.692483,24.151715,3,66000,387130000C,(04)23289100,(04)25368667
4832,2023,03,13,11,37,臺中市,中區,0,1,0,8,1,5,50,4,1,1,5,4,5,7,1,1,10,5,5,2,13,23,2,7,1,1,C03,7,9,1,10,1,12,"  ",23,23,1,4,5,C03,120.682168,24.140166,2,66000,387130000C,(04)23289100,(04)25368667
4833,2023,03,13,11,37,臺中市,南屯區,0,1,0,8,3,5,40,3,1,1,5,4,5,7,4,4,3,4,4,2,17,19,3,10,1,1,C03,7,1,1,10,2,14,"  ",19,19,1,22,8,C03,120.644641,24.151034,2,66000,387130000C,(04)23289100,(04)25368667