序號,年,月,日,時,分,縣市,區,死亡數量,受傷數量,2-30,天候,光線,道路類別,速限_速度(公里),道路型態,事故位置,路面鋪裝,路面狀態,路面缺陷,障礙物,視距,號誌種類,號誌動作,分向設施,快車道或一般車道間,快慢車道間,路面邊線,事故類型及型態,主要肇因,受傷程度,主要傷處,保護裝備,行動電話,當事者區分,車輛用途,當事者行動狀態,駕駛資格情形,駕駛執照種類,飲酒情形,車輛撞擊部位最初,車輛撞擊部位其他,肇事因素個別,肇事因素主要,肇事逃逸,職業,旅次目的,車種,GPS座標X,GPS座標Y,事故類別,縣市別代碼,機關代碼,市話,傳真
4834,2023,03,13,11,38,臺中市,清水區,0,1,0,8,1,5,50,14,8,1,5,4,5,7,4,4,1,4,4,2,16,18,3,10,1,1,B03,7,3,1,8,2,2,"  ",18,18,1,21,8,B03,120.57369,24.264858,2,66000,387130000C,(04)23289100,(04)25368667
4835,2023,03,13,11,38,臺中市,豐原區,0,1,0,8,1,5,30,14,8,1,5,4,5,7,4,4,4,5,4,2,14,12,3,10,1,1,B03,7,2,1,8,2,7,"  ",12,12,1,4,3,B03,120.730858,24.255252,2,66000,387130000C,(04)23289100,(04)25368667
4836,2023,03,13,11,40,臺中市,西屯區,0,1,0,8,1,5,50,3,1,1,5,4,5,7,4,4,8,4,5,1,16,6,3,10,1,4,B01,7,5,1,8,2,2,"  ",6,6,1,4,8,B01,120.593551,24.185291,2,66000,387130000C,(04)23289100,(04)25368667
4837,2023,03,13,11,40,臺中市,霧峰區,0,2,0,8,1,5,50,3,1,1,5,4,5,7,4,4,10,5,5,2,16,6,2,7,1,1,C03,7,5,1,10,2,11,"  ",6,6,1,12,8,C03,120.677874,24.062482,2,66000,387130000C,(04)23289100,(04)25368667
4838,2023,03,13,11,41,臺中市,龍井區,0,2,0,8,1,5,30,3,1,1,5,4,5,7,4,4,10,5,5,2,16,6,2,9,1,1,C03,7,6,1,10,2,11,"  ",6,6,1,21,1,C03,120.579808,24.183885,2,66000,387130000C,(04)23289100,(04)25368667
4839,2023,03,13,11,51,臺中市,大里區,0,2,0,8,1,5,30,3,1,1,5,4,5,7,4,4,10,5,5,1,16,8,2,9,1,1,C03,7,5,1,10,2,14,"  ",8,8,1,5,8,C03,120.698688,24.123165,2,66000,387130000C,(04)23289100,(04)25368667
4840,2023,03,13,11,51,臺中市,豐原區,0,0,0,8,,,50,,,,,,,,,,,,,,,16,"  ","  ","  ","  ",B03,"  ","  ",1,"  ",2,"  ","  ",16,"   ",1,22,"  ",B03,120.706388,24.250219,3,66000,387130000C,(04)23289100,(04)25368667
4841,2023,03,13,11,59,臺中市,南區,0,2,0,8,1,5,40,14,11,1,5,4,5,7,4,4,10,5,5,1,12,1,2,9,1,1,C03,7,9,1,10,2,14,"  ",1,1,1,20,8,C03,120.659523,24.125868,2,66000,387130000C,(04)23289100,(04)25368667
4842,2023,03,13,12,2,臺中市,西屯區,0,3,0,8,1,5,50,4,1,1,5,4,5,7,1,1,10,5,5,2,13,25,2,9,3,4,C03,7,9,1,10,2,11,"  ",25,25,1,22,8,C03,120.633636,24.161119,2,66000,387130000C,(04)23289100,(04)25368667
4843,2023,03,13,12,3,臺中市,西屯區,0,0,0,8,,,50,,,,,,,,,,,,,,,23,"  ","  ","  ","  ",B02,"  ","  ",1,"  ",2,"  ","  ",23,"   ",1,22,"  ",B02,120.654073,24.1646,3,66000,387130000C,(04)23289100,(04)25368667
4844,2023,03,13,12,6,臺中市,豐原區,0,0,0,8,,,50,,,,,,,,,,,,,,,23,"  ","  ","  ","  ",B03,"  ","  ",1,"  ",2,"  ","  ",23,23,1,22,"  ",B03,120.703279,24.249731,3,66000,387130000C,(04)23289100,(04)25368667
4845,2023,03,13,12,9,臺中市,南屯區,0,2,0,8,1,5,50,3,1,1,5,4,5,7,4,4,10,5,5,2,16,27,3,10,1,1,C03,7,5,1,10,2,13,"  ",27,27,1,5,8,C03,120.605363,24.136226,2,66000,387130000C,(04)23289100,(04)25368667
4846,2023,03,13,12,11,臺中市,南區,0,2,0,7,1,5,50,3,1,1,5,4,5,7,4,4,10,5,5,2,17,42,2,9,1,1,C03,7,11,1,10,2,14,"  ",42,42,1,22,9,C03,120.663535,24.116873,2,66000,387130000C,(04)23289100,(04)25368667
4847,2023,03,13,12,14,臺中市,西屯區,0,1,0,8,1,5,50,4,1,1,5,4,5,7,1,1,10,5,5,2,17,6,3,10,3,4,B03,7,5,1,8,2,8,"  ",6,6,1,22,9,B03,120.638929,24.182262,2,66000,387130000C,(04)23289100,(04)25368667
4848,2023,03,13,12,15,臺中市,西屯區,0,0,0,8,,,50,,,,,,,,,,,,,,,42,"  ","  ","  ","  ",B12,"  ","  ",1,"  ",2,"  ","  ",42,42,1,4,"  ",B12,120.613886,24.173578,3,66000,387130000C,(04)23289100,(04)25368667
4849,2023,03,13,12,20,臺中市,西屯區,0,1,0,8,1,5,40,14,8,1,5,4,5,7,1,1,1,5,1,2,16,43,3,10,3,4,B01,7,9,1,4,2,2,"  ",43,43,1,22,8,B01,120.602811,24.183318,2,66000,387130000C,(04)23289100,(04)25368667
4850,2023,03,13,12,23,臺中市,西屯區,0,2,0,8,1,5,30,4,1,1,5,4,5,7,4,4,10,5,5,2,15,6,2,8,1,1,C03,7,9,1,10,2,12,"  ",6,6,1,22,8,C03,120.644251,24.18021,2,66000,387130000C,(04)23289100,(04)25368667
4851,2023,03,13,12,24,臺中市,豐原區,0,3,0,8,1,5,50,5,1,1,5,4,5,7,1,1,4,5,4,2,17,42,2,5,1,1,C03,7,5,1,10,2,13,"  ",42,42,1,21,1,C03,120.727037,24.251782,2,66000,387130000C,(04)23289100,(04)25368667
4852,2023,03,13,12,26,臺中市,龍井區,0,1,0,8,1,5,40,3,1,1,5,4,5,7,4,4,9,5,5,2,16,44,2,9,1,1,C03,7,9,1,10,2,14,"  ",44,44,1,21,8,C03,120.585983,24.186848,2,66000,387130000C,(04)23289100,(04)25368667
4853,2023,03,13,12,33,臺中市,龍井區,0,0,0,8,,,50,,,,,,,,,,,,,,,17,"  ","  ","  ","  ",B12,"  ","  ",1,"  ",2,"  ","  ",17,"   ",1,21,"  ",B12,120.592156,24.181313,3,66000,387130000C,(04)23289100,(04)25368667
4854,2023,03,13,12,37,臺中市,北屯區,0,0,0,8,,,50,,,,,,,,,,,,,,,43,"  ","  ","  ","  ",B03,"  ","  ",1,"  ",1,"  ","  ",43,"   ",1,19,"  ",B03,120.7225,24.176,3,66000,387130000C,(04)23289100,(04)25368667
4855,2023,03,13,12,41,臺中市,龍井區,0,1,0,8,1,5,50,14,9,1,5,4,5,7,4,4,9,4,5,2,13,23,2,9,1,1,C03,7,9,1,10,2,11,"  ",23,23,1,22,1,C03,120.592784,24.182058,2,66000,387130000C,(04)23289100,(04)25368667
4856,2023,03,13,12,44,臺中市,大甲區,0,2,0,8,1,5,50,3,1,1,5,4,5,7,4,4,10,5,5,2,16,26,2,9,1,1,C03,7,5,1,10,2,14,"  ",26,26,1,6,4,C03,120.652197,24.376139,2,66000,387130000C,(04)23289100,(04)25368667
4857,2023,03,13,12,52,臺中市,西區,0,0,0,8,,,40,,,,,,,,,,,,,,,42,"  ","  ","  ","  ",B03,"  ","  ",1,8,2,"  ","  ",42,42,1,22,"  ",B03,120.658028,24.154238,3,66000,387130000C,(04)23289100,(04)25368667
4858,2023,03,13,12,53,臺中市,北區,0,1,0,8,1,5,50,4,2,1,5,4,5,7,4,4,7,5,5,2,15,6,2,8,3,4,C03,7,9,1,10,2,12,"  ",6,6,1,22,9,C03,120.683687,24.163925,2,66000,387130000C,(04)23289100,(04)25368667
4859,2023,03,13,12,53,臺中市,大甲區,0,0,0,8,1,4,40,14,9,1,5,4,5,7,1,1,3,3,3,2,23,10,3,10,3,4,B03,7,11,1,8,1,10,"  ",10,10,1,5,8,B03,120.617708,24.343644,3,66000,387130000C,(04)23289100,(04)25368667
4860,2023,03,13,12,55,臺中市,豐原區,0,0,0,,,,50,,,,,,,,,,,,,,,6,"  ","  ","  ","  ",C03,"  ","  ",1,"  ",2,"  ","  ",6,"   ",1,22,"  ",C03,120.70672,24.252736,3,66000,387130000C,(04)23289100,(04)25368667
4861,2023,03,13,12,59,臺中市,南屯區,0,0,0,8,,,50,,,,,,,,,,,,,,,23,"  ","  ","  ","  ",C03,"  ","  ",1,"  ",1,"  ","  ",23,"   ",1,22,"  ",C03,120.63999,24.143146,3,66000,387130000C,(04)23289100,(04)25368667
4862,2023,03,13,13,0,臺中市,北屯區,0,1,0,8,1,5,50,14,9,1,5,4,5,7,4,4,1,4,5,2,16,23,2,9,1,1,C03,7,9,1,10,2,12,"  ",23,23,1,21,8,C03,120.72699,24.179935,2,66000,387130000C,(04)23289100,(04)25368667
4863,2023,03,13,13,0,臺中市,沙鹿區,0,2,0,8,1,5,50,3,1,1,5,4,5,7,4,4,4,4,4,2,13,23,2,9,1,1,C03,7,9,1,10,2,11,"  ",23,23,1,22,9,C03,120.573977,24.22882,2,66000,387130000C,(04)23289100,(04)25368667
4864,2023,03,13,13,5,臺中市,龍井區,0,1,0,8,1,5,50,14,9,1,5,4,5,7,4,4,9,4,5,1,17,23,2,9,1,1,C03,7,8,3,18,2,11,"  ",23,23,1,21,8,C03,120.581438,24.175141,2,66000,387130000C,(04)23289100,(04)25368667
4865,2023,03,13,13,7,臺中市,北屯區,0,0,0,8,,,50,,,,,,,,,,,,,,,23,"  ","  ","  ","  ",B03,"  ","  ",1,"  ",1,"  ","  ",23,"   ",1,21,"  ",B03,120.69276,24.18048,3,66000,387130000C,(04)23289100,(04)25368667
4866,2023,03,13,13,13,臺中市,后里區,0,1,0,8,1,5,50,4,1,1,5,4,5,7,1,1,10,5,5,2,16,10,2,9,1,1,C03,7,11,1,10,2,11,"  ",10,26,1,6,8,C03,120.723895,24.315196,2,66000,387130000C,(04)23289100,(04)25368667
4867,2023,03,13,13,15,臺中市,后里區,0,0,0,8,,,50,,,,,,,,,,,,,,,37,"  ","  ","  ","  ",A11,"  ","  ",1,"  ",1,"  ","  ",37,"   ",1,10,"  ",A11,120.721659,24.305,4,66000,387130000C,(04)23289100,(04)25368667
4868,2023,03,13,13,17,臺中市,南區,0,2,0,8,1,5,50,4,2,1,5,4,5,7,2,1,1,4,5,2,13,23,2,9,1,1,C03,7,9,1,10,2,11,"  ",23,23,1,22,8,C03,120.650575,24.120516,2,66000,387130000C,(04)23289100,(04)25368667
4869,2023,03,13,13,29,臺中市,東區,0,1,0,7,1,5,50,4,1,1,5,4,5,7,1,1,10,5,5,2,16,1,2,9,1,1,C03,7,9,1,10,2,12,"  ",1,1,1,22,9,C03,120.663558,24.117026,2,66000,387130000C,(04)23289100,(04)25368667
4870,2023,03,13,13,30,臺中市,西屯區,0,0,0,8,,,30,,,,,,,,,,,,,,,23,"  ","  ","  ","  ",B12,"  ","  ",1,"  ",1,"  ","  ",23,"   ",1,22,"  ",B12,120.641463,24.171917,3,66000,387130000C,(04)23289100,(04)25368667
4871,2023,03,13,13,31,臺中市,大里區,0,0,0,8,,,50,,,,,,,,,,,,,,,23,"  ","  ","  ","  ",B03,"  ","  ",1,"  ",2,"  ","  ",23,"   ",1,20,"  ",B03,120.697865,24.082537,3,66000,387130000C,(04)23289100,(04)25368667
4872,2023,03,13,13,32,臺中市,北屯區,0,0,0,8,,,50,,,,,,,,,,,,,,,16,"  ","  ","  ","  ",B12,"  ","  ",1,"  ",1,"  ","  ",16,"   ",1,19,"  ",B12,120.6672,24.1732,3,66000,387130000C,(04)23289100,(04)25368667
4873,2023,03,13,13,38,臺中市,大雅區,0,2,0,8,1,5,30,4,1,1,5,4,5,7,4,4,10,5,5,2,17,23,2,7,1,1,C03,7,9,1,10,2,11,"  ",23,6,1,22,8,C03,120.653792,24.225364,2,66000,387130000C,(04)23289100,(04)25368667
4874,2023,03,13,13,38,臺中市,南區,0,0,0,8,,,40,,,,,,,,,,,,,,,23,"  ","  ","  ","  ",B03,"  ","  ",1,"  ",2,"  ","  ",23,"   ",1,19,"  ",B03,120.653184,24.113329,3,66000,387130000C,(04)23289100,(04)25368667
4875,2023,03,13,13,46,臺中市,南屯區,0,0,0,,,,50,,,,,,,,,,,,,,,6,"  ","  ","  ","  ",B03,"  ","  ",1,"  ",2,"  ","  ",6,"   ",1,22,"  ",B03,120.612558,24.13844,3,66000,387130000C,(04)23289100,(04)25368667
4876,2023,03,13,13,48,臺中市,豐原區,0,0,0,8,,,50,,,,,,,,,,,,,,,6,"  ","  ","  ","  ",C03,"  ","  ",1,"  ",2,"  ","  ",6,"   ",1,4,"  ",C03,120.720955,24.251822,3,66000,387130000C,(04)23289100,(04)25368667
4877,2023,03,13,13,50,臺中市,北區,0,0,0,8,,,30,,,,,,,,,,,,,,,17,"  ","  ","  ","  ",B03,"  ","  ",1,"  ",1,"  ","  ",17,"   ",1,22,"  ",B03,120.685913,24.15538,3,66000,387130000C,(04)23289100,(04)25368667
4878,2023,03,13,13,52,臺中市,南屯區,0,1,0,8,1,5,40,4,1,1,5,4,5,7,2,1,1,5,1,2,16,27,3,10,1,1,B03,7,6,6,8,2,5,"  ",27,27,1,12,8,B03,120.615231,24.147953,2,66000,387130000C,(04)23289100,(04)25368667
4879,2023,03,13,13,56,臺中市,潭子區,0,1,0,8,1,5,50,4,1,1,5,4,5,7,2,1,10,5,5,2,16,26,2,8,1,1,C03,7,9,1,10,2,11,"  ",23,26,1,21,8,C03,120.705472,24.211539,2,66000,387130000C,(04)23289100,(04)25368667
4880,2023,03,13,13,58,臺中市,北屯區,0,1,0,8,1,5,50,4,1,1,5,4,5,7,1,1,10,5,5,2,3,15,3,10,1,1,B03,7,5,1,8,2,1,"  ",15,15,1,21,8,B03,120.698391,24.183045,2,66000,387130000C,(04)23289100,(04)25368667
4881,2023,03,13,14,0,臺中市,北屯區,0,1,0,8,1,5,50,14,9,1,5,4,5,7,4,4,9,5,5,2,16,1,2,9,1,1,C03,7,9,1,10,2,11,"  ",1,1,1,21,8,C03,120.730311,24.162025,2,66000,387130000C,(04)23289100,(04)25368667
4882,2023,03,13,14,5,臺中市,東區,0,1,0,8,1,5,50,4,2,1,5,4,5,7,1,1,9,4,5,2,12,23,2,8,1,1,C03,7,9,1,10,2,11,"  ",23,23,1,5,1,C03,120.688965,24.128855,2,66000,387130000C,(04)23289100,(04)25368667
4883,2023,03,13,14,6,臺中市,西屯區,0,0,0,8,,,70,,,,,,,,,,,,,,,23,"  ","  ","  ","  ",B12,"  ","  ",1,"  ",2,"  ","  ",23,23,1,22,"  ",B12,120.626911,24.177451,3,66000,387130000C,(04)23289100,(04)25368667
4884,2023,03,13,14,8,臺中市,梧棲區,0,2,0,8,1,5,50,14,9,1,5,4,5,7,4,4,5,5,5,1,16,26,2,9,1,1,C03,7,11,1,10,2,14,"  ",26,26,1,9,8,C03,120.537444,24.243167,2,66000,387130000C,(04)23289100,(04)25368667
4885,2023,03,13,14,10,臺中市,大雅區,0,0,0,8,,,50,,,,,,,,,,,,,,,12,"  ","  ","  ","  ",B03,"  ","  ",1,"  ",2,"  ","  ",12,"   ",1,22,"  ",B03,120.658341,24.230833,3,66000,387130000C,(04)23289100,(04)25368667
4886,2023,03,13,14,10,臺中市,霧峰區,0,0,0,8,,,50,,,,,,,,,,,,,,,18,"  ","  ","  ","  ",B03,"  ","  ",1,"  ",2,"  ","  ",18,"   ",1,12,"  ",B03,120.699103,24.069552,3,66000,387130000C,(04)23289100,(04)25368667
4887,2023,03,13,14,15,臺中市,東區,0,1,0,7,1,5,50,3,1,1,5,4,5,7,1,1,10,5,5,2,13,23,2,9,1,1,C03,7,9,1,10,2,11,"  ",23,23,1,22,9,C03,120.70393,24.13098,2,66000,387130000C,(04)23289100,(04)25368667
4888,2023,03,13,14,23,臺中市,南屯區,0,1,0,8,1,5,50,4,1,1,5,4,5,7,2,1,10,5,5,2,16,6,3,10,1,1,B03,7,5,1,8,2,6,"  ",6,6,1,22,8,B03,120.634432,24.155706,2,66000,387130000C,(04)23289100,(04)25368667
4889,2023,03,13,14,24,臺中市,大里區,0,1,0,8,1,5,50,14,9,1,5,4,5,7,4,4,5,5,5,1,17,23,3,10,3,4,B03,7,9,1,8,2,5,"  ",23,23,1,12,8,B03,120.697855,24.08332,2,66000,387130000C,(04)23289100,(04)25368667
4890,2023,03,13,14,32,臺中市,北區,0,1,0,8,1,5,50,4,2,1,5,4,5,7,1,1,10,5,5,2,15,40,3,10,1,1,B03,7,13,1,8,2,8,"  ",40,40,1,22,8,B03,120.694418,24.159898,2,66000,387130000C,(04)23289100,(04)25368667
4891,2023,03,13,14,36,臺中市,霧峰區,0,0,0,8,,,30,,,,,,,,,,,,,,,12,"  ","  ","  ","  ",B12,"  ","  ",1,"  ",2,"  ","  ",12,"   ",1,12,"  ",B12,120.694928,24.037925,3,66000,387130000C,(04)23289100,(04)25368667
4892,2023,03,13,14,38,臺中市,太平區,0,1,0,8,1,5,50,4,18,1,5,4,5,7,1,1,10,5,5,2,3,15,2,8,1,1,B12,7,5,1,8,2,8,"  ",15,15,1,21,8,B12,120.717094,24.124027,2,66000,387130000C,(04)23289100,(04)25368667
4893,2023,03,13,14,39,臺中市,南屯區,0,1,0,8,1,5,50,14,7,1,5,4,5,7,4,4,5,4,4,2,13,16,2,8,1,1,C03,7,9,1,10,2,11,"  ",16,16,1,22,8,C03,120.613119,24.140281,2,66000,387130000C,(04)23289100,(04)25368667
4894,2023,03,13,14,40,臺中市,北區,0,0,0,8,,,50,,,,,,,,,,,,,,,18,"  ","  ","  ","  ",B12,"  ","  ",1,"  ",2,"  ","  ",18,18,1,22,"  ",B12,120.6925,24.155035,3,66000,387130000C,(04)23289100,(04)25368667
4895,2023,03,13,14,46,臺中市,東區,0,2,0,8,1,5,50,14,9,1,5,4,5,7,4,4,10,5,5,2,14,12,2,9,1,1,C03,7,9,1,10,2,14,12,44,12,1,22,8,C03,120.701477,24.142452,2,66000,387130000C,(04)23289100,(04)25368667
4896,2023,03,13,14,50,臺中市,霧峰區,0,2,0,8,1,5,50,14,7,1,5,4,5,7,4,4,9,4,4,1,3,51,2,9,4,1,H01,8,16,8,20,1,16,"  ",51,51,1,20,8,H01,120.699418,24.069619,2,66000,387130000C,(04)23289100,(04)25368667
4897,2023,03,13,14,54,臺中市,大里區,0,0,0,8,,,50,,,,,,,,,,,,,,,17,"  ","  ","  ","  ",A12,"  ","  ",1,"  ",2,"  ","  ",17,"   ",1,12,"  ",A12,120.690064,24.092694,3,66000,387130000C,(04)23289100,(04)25368667
4898,2023,03,13,14,57,臺中市,南屯區,0,0,0,,,,50,,,,,,,,,,,,,,,18,"  ","  ","  ","  ",B03,"  ","  ",1,"  ",2,"  ","  ",18,"   ",1,22,"  ",B03,120.636936,24.141793,3,66000,387130000C,(04)23289100,(04)25368667
4899,2023,03,13,14,57,臺中市,西屯區,0,0,0,8,,,50,,,,,,,,,,,,,,,7,"  ","  ","  ","  ",B03,"  ","  ",1,"  ",1,"  ","  ",7,"   ",1,4,"  ",B03,120.63483,24.172255,3,66000,387130000C,(04)23289100,(04)25368667
4900,2023,03,13,15,0,臺中市,東區,0,1,0,8,1,5,50,4,1,1,5,4,5,7,1,1,10,5,5,2,13,23,3,10,1,1,B03,7,9,1,8,2,1,"  ",23,23,1,22,8,B03,120.702044,24.142702,2,66000,387130000C,(04)23289100,(04)25368667
4901,2023,03,13,15,10,臺中市,霧峰區,0,5,0,8,1,5,60,14,7,1,5,4,5,7,4,4,1,4,4,1,13,23,2,9,1,1,B02,7,9,1,8,2,1,"  ",23,23,1,4,5,B02,120.696745,24.069438,2,66000,387130000C,(04)23289100,(04)25368667
4902,2023,03,13,15,10,臺中市,大肚區,0,0,0,8,,,30,,,,,,,,,,,,,,,12,"  ","  ","  ","  ",B03,"  ","  ",1,"  ",2,"  ","  ",12,"   ",1,1,"  ",B03,120.577514,24.119729,3,66000,387130000C,(04)23289100,(04)25368667
4903,2023,03,13,15,22,臺中市,北區,0,0,0,8,,,50,,,,,,,,,,,,,,,17,"  ","  ","  ","  ",B03,"  ","  ",1,"  ",11,"  ","  ",17,"   ",1,22,"  ",B03,120.673773,24.165153,3,66000,387130000C,(04)23289100,(04)25368667
4904,2023,03,13,15,30,臺中市,西屯區,0,0,0,8,,,50,,,,,,,,,,,,,,,43,"  ","  ","  ","  ",B03,"  ","  ",1,"  ",2,"  ","  ",43,"   ",1,22,"  ",B03,120.638588,24.158586,3,66000,387130000C,(04)23289100,(04)25368667
4905,2023,03,13,15,31,臺中市,豐原區,0,2,0,8,1,5,50,4,1,1,5,4,5,7,1,1,10,5,5,2,16,6,2,7,1,1,F03,7,5,8,20,2,16,"  ",6,6,1,22,8,F03,120.713963,24.25346,2,66000,387130000C,(04)23289100,(04)25368667
4906,2023,03,13,15,34,臺中市,霧峰區,0,1,0,8,1,5,50,14,9,1,5,4,5,7,4,4,5,5,5,2,13,23,3,10,1,1,B03,7,9,1,8,3,5,"  ",23,23,1,22,9,B03,120.700415,24.061215,2,66000,387130000C,(04)23289100,(04)25368667
4907,2023,03,13,15,43,臺中市,東區,0,0,0,8,,,50,,,,,,,,,,,,,,,7,"  ","  ","  ","  ",B12,"  ","  ",1,8,9,"  ","  ",7,7,1,21,"  ",B12,120.700082,24.132455,3,66000,387130000C,(04)23289100,(04)25368667
4908,2023,03,13,15,45,臺中市,中區,0,0,0,8,,,50,,,,,,,,,,,,,,,23,"  ","  ","  ","  ",C03,"  ","  ",1,"  ",2,"  ","  ",23,"   ",1,5,"  ",C03,120.677135,24.140525,3,66000,387130000C,(04)23289100,(04)25368667
4909,2023,03,13,15,45,臺中市,烏日區,0,1,0,8,1,5,30,5,1,1,5,4,5,7,2,1,10,5,5,2,16,6,3,10,3,4,B12,7,9,1,6,2,8,"  ",6,6,1,21,9,B12,120.651389,24.055686,2,66000,387130000C,(04)23289100,(04)25368667
4910,2023,03,13,15,46,臺中市,南區,0,0,0,8,,,50,,,,,,,,,,,,,,,67,"  ","  ","  ","  ","   ","  ","  ","  ","  ","  ","  ","  ",67,"   ",1,"  ","  ","   ",120.650426,24.11553,3,66000,387130000C,(04)23289100,(04)25368667
4911,2023,03,13,15,46,臺中市,豐原區,0,0,0,8,,,50,,,,,,,,,,,,,,,23,"  ","  ","  ","  ",B03,"  ","  ",1,"  ",2,"  ","  ",23,"   ",1,22,"  ",B03,120.70916,24.250305,3,66000,387130000C,(04)23289100,(04)25368667
4912,2023,03,13,15,47,臺中市,北屯區,0,1,0,7,1,5,50,14,9,1,5,4,5,7,4,4,3,4,5,2,17,23,2,9,1,1,C03,7,9,1,10,2,12,"  ",23,23,1,22,8,C03,120.69681,24.168961,2,66000,387130000C,(04)23289100,(04)25368667
4913,2023,03,13,15,48,臺中市,潭子區,0,0,0,8,,,40,,,,,,,,,,,,,,,12,"  ","  ","  ","  ",B03,"  ","  ",1,"  ",2,"  ","  ",12,"   ",1,22,"  ",B03,120.703323,24.207069,4,66000,387130000C,(04)23289100,(04)25368667
4914,2023,03,13,15,51,臺中市,西屯區,0,0,0,8,,,50,,,,,,,,,,,,,,,23,"  ","  ","  ","  ",B03,"  ","  ",1,"  ",1,"  ","  ",23,"   ",1,22,"  ",B03,120.63703,24.170923,3,66000,387130000C,(04)23289100,(04)25368667
4915,2023,03,13,15,52,臺中市,南屯區,0,0,0,8,,,80,,,,,,,,,,,,,,,7,"  ","  ","  ","  ",B03,"  ","  ",4,"  ",11,"  ","  ",7,"   ",2,22,"  ",B03,120.622996,24.144901,3,66000,387130000C,(04)23289100,(04)25368667
4916,2023,03,13,15,56,臺中市,西屯區,0,0,0,8,,,50,,,,,,,,,,,,,,,23,"  ","  ","  ","  ",B12,"  ","  ",1,"  ",1,"  ","  ",23,"   ",1,22,"  ",B12,120.624484,24.185278,3,66000,387130000C,(04)23289100,(04)25368667
4917,2023,03,13,15,58,臺中市,西屯區,0,0,0,8,,,50,,,,,,,,,,,,,,,26,"  ","  ","  ","  ",B03,"  ","  ",1,"  ",1,"  ","  ",26,"   ",1,4,"  ",B03,120.624954,24.181178,3,66000,387130000C,(04)23289100,(04)25368667
4918,2023,03,13,16,10,臺中市,豐原區,0,3,0,8,1,5,50,3,2,1,5,4,5,7,4,4,4,5,4,2,17,6,2,9,1,1,C03,7,5,3,18,2,11,"  ",6,6,1,20,5,C03,120.719933,24.253544,2,66000,387130000C,(04)23289100,(04)25368667
4919,2023,03,13,16,13,臺中市,沙鹿區,0,0,0,8,,,60,,,,,,,,,,,,,,,23,"  ","  ","  ","  ",B12,"  ","  ",1,"  ",2,"  ","  ",23,"   ",1,22,"  ",B12,120.565909,24.238734,3,66000,387130000C,(04)23289100,(04)25368667
4920,2023,03,13,16,16,臺中市,南屯區,0,0,0,,,,50,,,,,,,,,,,,,,,18,"  ","  ","  ","  ",B03,"  ","  ",1,"  ",1,"  ","  ",18,"   ",1,22,"  ",B03,120.650098,24.150575,3,66000,387130000C,(04)23289100,(04)25368667
4921,2023,03,13,16,17,臺中市,龍井區,0,0,0,8,,,50,,,,,,,,,,,,,,,6,"  ","  ","  ","  ",B12,"  ","  ",1,"  ",2,"  ","  ",6,"   ",1,4,"  ",B12,120.53063,24.179213,3,66000,387130000C,(04)23289100,(04)25368667
4922,2023,03,13,16,18,臺中市,霧峰區,0,1,0,8,1,5,30,14,9,1,5,4,5,7,4,4,5,5,5,1,27,44,2,9,1,1,C03,7,9,1,9,2,12,"  ",44,44,1,22,8,C03,120.672474,24.078758,2,66000,387130000C,(04)23289100,(04)25368667
4923,2023,03,13,16,20,臺中市,霧峰區,0,0,0,8,,,40,,,,,,,,,,,,,,,25,"  ","  ","  ","  ",B12,"  ","  ",1,"  ",2,"  ","  ",25,"   ",1,10,"  ",B12,120.663324,24.062902,3,66000,387130000C,(04)23289100,(04)25368667
4924,2023,03,13,16,25,臺中市,西屯區,0,1,0,8,1,5,40,3,2,1,5,4,5,7,2,1,1,5,1,2,16,6,3,10,1,1,B03,7,6,1,8,1,5,"  ",6,6,1,22,8,B03,120.615411,24.183458,2,66000,387130000C,(04)23289100,(04)25368667
4925,2023,03,13,16,26,臺中市,豐原區,0,0,0,8,,,50,,,,,,,,,,,,,,,19,"  ","  ","  ","  ",B03,"  ","  ",1,"  ",11,"  ","  ",19,"   ",2,22,"  ",B03,120.71228,24.253024,3,66000,387130000C,(04)23289100,(04)25368667
4926,2023,03,13,16,27,臺中市,南區,0,0,0,8,,,40,,,,,,,,,,,,,,,23,"  ","  ","  ","  ",B03,"  ","  ",1,8,2,"  ","  ",23,23,1,5,"  ",B03,120.64627,24.110483,3,66000,387130000C,(04)23289100,(04)25368667
4927,2023,03,13,16,29,臺中市,南屯區,0,1,0,8,1,5,50,14,9,1,5,4,5,7,4,4,4,3,5,2,18,23,2,9,1,1,C03,7,9,1,10,2,12,"  ",23,23,1,22,8,C03,120.649651,24.142298,2,66000,387130000C,(04)23289100,(04)25368667
4928,2023,03,13,16,30,臺中市,大甲區,0,0,0,,,,30,,,,,,,,,,,,,,,7,"  ","  ","  ","  ",B03,"  ","  ",1,"  ",1,"  ","  ",7,7,1,22,"  ",B03,120.63727,24.356725,3,66000,387130000C,(04)23289100,(04)25368667
4929,2023,03,13,16,38,臺中市,北區,0,1,0,8,1,5,50,4,1,1,5,4,5,7,1,1,10,5,5,2,16,7,3,10,1,1,C03,7,8,1,10,2,12,"  ",7,7,1,22,8,C03,120.685574,24.153539,2,66000,387130000C,(04)23289100,(04)25368667