序號,年,月,日,時,分,縣市,區,死亡數量,受傷數量,2-30,天候,光線,道路類別,速限_速度(公里),道路型態,事故位置,路面鋪裝,路面狀態,路面缺陷,障礙物,視距,號誌種類,號誌動作,分向設施,快車道或一般車道間,快慢車道間,路面邊線,事故類型及型態,主要肇因,受傷程度,主要傷處,保護裝備,行動電話,當事者區分,車輛用途,當事者行動狀態,駕駛資格情形,駕駛執照種類,飲酒情形,車輛撞擊部位最初,車輛撞擊部位其他,肇事因素個別,肇事因素主要,肇事逃逸,職業,旅次目的,車種,GPS座標X,GPS座標Y,事故類別,縣市別代碼,機關代碼,市話,傳真
4930,2023,03,13,16,38,臺中市,龍井區,0,0,0,8,,,40,,,,,,,,,,,,,,,23,"  ","  ","  ","  ",B12,"  ","  ",1,"  ",2,"  ","  ",23,"   ",1,5,"  ",B12,120.517462,24.226019,3,66000,387130000C,(04)23289100,(04)25368667
4931,2023,03,13,16,40,臺中市,南區,0,2,0,7,2,5,50,14,9,1,5,4,5,7,4,4,5,5,5,2,16,26,2,9,1,1,C03,7,9,1,10,2,14,"  ",26,26,1,22,8,C03,120.662706,24.12042,2,66000,387130000C,(04)23289100,(04)25368667
4932,2023,03,13,16,40,臺中市,南屯區,0,0,0,,,,30,,,,,,,,,,,,,,,23,"  ","  ","  ","  ",B03,"  ","  ",1,"  ",2,"  ","  ",23,23,1,22,"  ",B03,120.635441,24.136623,3,66000,387130000C,(04)23289100,(04)25368667
4933,2023,03,13,16,46,臺中市,南屯區,0,0,0,8,,,50,,,,,,,,,,,,,,,7,"  ","  ","  ","  ",B03,"  ","  ",1,"  ",1,"  ","  ",44,7,1,22,"  ",B03,120.631949,24.126133,3,66000,387130000C,(04)23289100,(04)25368667
4934,2023,03,13,16,50,臺中市,沙鹿區,0,0,0,,,,60,,,,,,,,,,,,,,,16,"  ","  ","  ","  ",B03,"  ","  ",1,"  ",2,"  ","  ",16,"   ",1,22,"  ",B03,120.568814,24.223568,3,66000,387130000C,(04)23289100,(04)25368667
4935,2023,03,13,16,51,臺中市,南區,0,1,0,8,1,5,50,4,1,1,5,4,5,7,1,1,10,5,5,2,16,6,3,10,1,1,B12,7,6,1,8,2,2,"  ",6,6,1,22,8,B12,120.650302,24.115825,2,66000,387130000C,(04)23289100,(04)25368667
4936,2023,03,13,16,51,臺中市,北屯區,0,0,0,8,,,50,,,,,,,,,,,,,,,43,"  ","  ","  ","  ","   ","  ","  ","  ","  ","  ","  ","  ",43,"   ",1,"  ","  ","   ",120.713013,24.168271,3,66000,387130000C,(04)23289100,(04)25368667
4937,2023,03,13,16,52,臺中市,北區,0,1,0,8,2,5,50,14,9,1,5,4,5,7,4,4,2,4,5,2,12,42,2,9,1,1,C03,7,9,1,8,2,12,"  ",42,42,1,22,8,C03,120.676862,24.173143,2,66000,387130000C,(04)23289100,(04)25368667
4938,2023,03,13,16,52,臺中市,東區,0,3,0,8,1,5,50,3,1,1,5,4,5,7,4,4,10,5,5,2,12,7,3,10,1,1,C03,7,8,1,10,9,15,"  ",7,7,1,21,8,C03,120.698249,24.149605,2,66000,387130000C,(04)23289100,(04)25368667
4939,2023,03,13,16,56,臺中市,北區,0,1,0,8,1,5,30,4,1,1,5,4,5,7,4,4,10,5,5,2,15,6,2,9,1,1,F01,7,9,8,20,2,16,"  ",6,6,1,22,9,F01,120.697608,24.160368,2,66000,387130000C,(04)23289100,(04)25368667
4940,2023,03,13,16,57,臺中市,北區,0,1,0,8,1,5,50,14,9,1,5,4,5,7,3,1,1,4,4,2,18,23,2,9,1,1,C03,7,9,1,10,2,14,"  ",23,23,1,5,1,C03,120.672687,24.167981,2,66000,387130000C,(04)23289100,(04)25368667
4941,2023,03,13,16,59,臺中市,西屯區,0,0,0,8,,,30,,,,,,,,,,,,,,,19,"  ","  ","  ","  ",C03,"  ","  ",1,"  ",1,"  ","  ",19,"   ",1,22,"  ",C03,120.615358,24.183974,3,66000,387130000C,(04)23289100,(04)25368667
4942,2023,03,13,17,0,臺中市,沙鹿區,0,0,0,8,,,30,,,,,,,,,,,,,,,5,"  ","  ","  ","  ",B03,"  ","  ",1,"  ",2,"  ","  ",5,"   ",1,22,"  ",B03,120.561771,24.248099,3,66000,387130000C,(04)23289100,(04)25368667
4943,2023,03,13,17,2,臺中市,南屯區,0,1,0,8,1,5,50,14,9,1,5,4,5,7,4,4,1,4,5,2,13,42,3,10,1,1,B03,7,9,1,8,2,1,"  ",42,42,1,22,8,B03,120.620299,24.145171,2,66000,387130000C,(04)23289100,(04)25368667
4944,2023,03,13,17,2,臺中市,西屯區,0,0,0,8,,,50,,,,,,,,,,,,,,,26,"  ","  ","  ","  ",B03,"  ","  ",1,"  ",2,"  ","  ",44,26,1,22,"  ",B03,120.645603,24.172718,3,66000,387130000C,(04)23289100,(04)25368667
4945,2023,03,13,17,2,臺中市,西屯區,0,1,0,8,1,5,30,11,9,1,5,4,5,7,4,4,10,5,5,2,11,42,3,10,1,1,B03,7,9,1,8,2,4,"  ",42,42,1,22,5,B03,120.652111,24.174348,2,66000,387130000C,(04)23289100,(04)25368667
4946,2023,03,13,17,9,臺中市,西屯區,0,1,0,8,1,5,50,4,1,1,5,4,5,7,4,4,10,5,5,2,16,6,2,7,1,1,C03,7,9,1,10,2,12,"  ",6,6,1,4,8,C03,120.650434,24.167125,2,66000,387130000C,(04)23289100,(04)25368667
4947,2023,03,13,17,10,臺中市,北屯區,0,1,0,8,1,5,40,14,8,1,5,4,5,7,4,4,9,5,4,2,1,60,2,1,4,5,H01,8,16,8,20,10,16,"  ",60,60,1,21,8,H01,120.696815,24.175526,2,66000,387130000C,(04)23289100,(04)25368667
4948,2023,03,13,17,13,臺中市,南屯區,0,1,0,8,1,5,50,5,1,1,5,4,5,7,2,1,10,5,5,2,3,15,3,10,1,1,B03,7,5,1,8,2,1,"  ",15,15,1,22,8,B03,120.646641,24.14273,2,66000,387130000C,(04)23289100,(04)25368667
4949,2023,03,13,17,15,臺中市,大雅區,0,0,0,8,,,50,,,,,,,,,,,,,,,6,"  ","  ","  ","  ",C03,"  ","  ",1,"  ",2,"  ","  ",6,"   ",1,22,"  ",C03,120.665462,24.215841,3,66000,387130000C,(04)23289100,(04)25368667
4950,2023,03,13,17,15,臺中市,沙鹿區,0,1,0,8,1,5,50,14,9,1,5,4,5,7,1,1,10,5,5,1,13,23,2,9,1,1,C03,7,9,1,10,2,11,"  ",23,23,1,18,9,C03,120.579309,24.221254,2,66000,387130000C,(04)23289100,(04)25368667
4951,2023,03,13,17,15,臺中市,清水區,0,2,0,8,1,5,50,4,1,1,5,4,5,7,4,4,5,4,4,2,15,6,2,9,1,1,C03,7,9,1,10,2,11,"  ",6,6,1,22,8,C03,120.576943,24.26895,2,66000,387130000C,(04)23289100,(04)25368667
4952,2023,03,13,17,16,臺中市,西屯區,0,0,0,8,,,50,,,,,,,,,,,,,,,23,"  ","  ","  ","  ",B03,"  ","  ",1,"  ",1,"  ","  ",23,"   ",1,22,"  ",B03,120.612753,24.171707,3,66000,387130000C,(04)23289100,(04)25368667
4953,2023,03,13,17,16,臺中市,龍井區,0,2,0,8,1,5,50,3,2,1,5,4,5,7,4,4,5,5,5,2,16,43,2,9,3,4,C03,7,6,1,10,2,11,"  ",43,43,1,22,9,C03,120.573061,24.191996,2,66000,387130000C,(04)23289100,(04)25368667
4954,2023,03,13,17,17,臺中市,西屯區,0,1,0,8,1,5,50,14,9,1,5,4,5,7,4,4,4,3,5,2,12,23,3,10,1,1,B03,7,9,1,8,2,5,"  ",23,23,1,22,8,B03,120.621907,24.174213,2,66000,387130000C,(04)23289100,(04)25368667
4955,2023,03,13,17,19,臺中市,西屯區,0,1,0,8,1,5,50,14,9,1,5,4,5,7,4,4,10,4,5,2,16,19,3,10,1,1,B03,7,1,1,8,2,6,"  ",19,19,1,22,8,B03,120.650801,24.182118,2,66000,387130000C,(04)23289100,(04)25368667
4956,2023,03,13,17,21,臺中市,豐原區,0,1,0,8,1,5,50,3,1,1,5,4,5,7,1,1,1,4,4,1,13,16,2,9,1,1,C03,7,9,3,18,2,14,"  ",16,16,1,22,8,C03,120.746824,24.265941,2,66000,387130000C,(04)23289100,(04)25368667
4957,2023,03,13,17,22,臺中市,西屯區,0,0,0,8,,,50,,,,,,,,,,,,,,,7,"  ","  ","  ","  ",B03,"  ","  ",1,"  ",1,"  ","  ",7,"   ",1,22,"  ",B03,120.63861,24.175366,3,66000,387130000C,(04)23289100,(04)25368667
4958,2023,03,13,17,22,臺中市,大肚區,0,0,0,8,,,40,,,,,,,,,,,,,,,23,"  ","  ","  ","  ",C03,"  ","  ",1,"  ",2,"  ","  ",23,"   ",1,4,"  ",C03,120.54237,24.16939,3,66000,387130000C,(04)23289100,(04)25368667
4959,2023,03,13,17,24,臺中市,大里區,0,1,0,8,2,5,50,4,1,1,5,4,5,7,1,1,10,5,5,2,13,26,3,10,1,1,B03,7,6,1,8,2,7,"  ",26,26,1,22,8,B03,120.679251,24.114121,2,66000,387130000C,(04)23289100,(04)25368667
4960,2023,03,13,17,24,臺中市,后里區,0,1,0,8,1,5,50,3,1,1,5,4,5,7,4,4,10,5,5,2,13,23,3,10,1,1,A41,7,9,1,1,2,1,"  ",23,23,1,10,8,A41,120.706984,24.311324,2,66000,387130000C,(04)23289100,(04)25368667
4961,2023,03,13,17,25,臺中市,北屯區,0,1,0,8,2,5,50,3,1,1,5,4,5,7,2,1,10,5,5,2,16,6,3,10,1,1,B03,7,6,1,8,2,2,"  ",6,6,1,22,8,B03,120.733545,24.175823,2,66000,387130000C,(04)23289100,(04)25368667
4962,2023,03,13,17,28,臺中市,北屯區,0,0,0,8,,,50,,,,,,,,,,,,,,,23,"  ","  ","  ","  ",B03,"  ","  ",1,"  ",2,"  ","  ",23,23,1,22,"  ",B03,120.686128,24.178735,3,66000,387130000C,(04)23289100,(04)25368667
4963,2023,03,13,17,28,臺中市,大里區,0,1,0,8,1,5,50,3,1,1,5,4,5,7,4,4,5,4,4,2,16,6,3,10,1,1,B12,7,5,1,8,2,1,"  ",6,6,1,22,9,B12,120.728894,24.091436,2,66000,387130000C,(04)23289100,(04)25368667
4964,2023,03,13,17,29,臺中市,北區,0,1,0,8,1,5,50,14,7,1,5,4,5,7,4,4,5,5,4,2,13,23,2,8,1,1,C03,7,9,1,10,2,11,"  ",23,23,1,22,8,C03,120.681811,24.159201,2,66000,387130000C,(04)23289100,(04)25368667
4965,2023,03,13,17,29,臺中市,西屯區,0,1,0,8,3,5,50,8,9,1,5,4,5,7,4,4,1,4,4,2,13,23,3,10,1,1,B03,7,9,1,8,2,3,"  ",44,23,1,22,8,B03,120.621138,24.183663,2,66000,387130000C,(04)23289100,(04)25368667
4966,2023,03,13,17,29,臺中市,太平區,0,1,0,8,1,5,50,14,9,1,5,4,5,7,4,4,5,5,5,2,18,23,2,9,1,1,C03,7,9,1,10,2,12,"  ",23,23,1,21,8,C03,120.73294,24.134995,2,66000,387130000C,(04)23289100,(04)25368667
4967,2023,03,13,17,30,臺中市,南屯區,0,0,0,8,,,50,,,,,,,,,,,,,,,17,"  ","  ","  ","  ",B03,"  ","  ",1,"  ",1,"  ","  ",17,"   ",1,22,"  ",B03,120.649551,24.141691,3,66000,387130000C,(04)23289100,(04)25368667
4968,2023,03,13,17,30,臺中市,南屯區,0,0,0,8,,,50,,,,,,,,,,,,,,,23,"  ","  ","  ","  ",C03,"  ","  ",1,10,2,"  ","  ",23,23,1,12,"  ",C03,120.649827,24.148829,3,66000,387130000C,(04)23289100,(04)25368667
4969,2023,03,13,17,30,臺中市,西屯區,0,0,0,8,,,50,,,,,,,,,,,,,,,19,"  ","  ","  ","  ",C03,"  ","  ",1,"  ",1,"  ","  ",19,"   ",1,22,"  ",C03,120.605857,24.190102,3,66000,387130000C,(04)23289100,(04)25368667
4970,2023,03,13,17,30,臺中市,霧峰區,0,0,0,8,,,50,,,,,,,,,,,,,,,8,"  ","  ","  ","  ",C03,"  ","  ",1,"  ",2,"  ","  ",8,"   ",1,22,"  ",C03,120.700067,24.069486,3,66000,387130000C,(04)23289100,(04)25368667
4971,2023,03,13,17,30,臺中市,梧棲區,0,1,0,8,1,5,50,4,1,1,5,4,5,7,1,1,10,5,5,1,16,9,3,10,3,4,B03,7,6,1,8,2,6,"  ",9,9,1,22,8,B03,120.534929,24.246501,2,66000,387130000C,(04)23289100,(04)25368667
4972,2023,03,13,17,34,臺中市,梧棲區,0,1,0,8,1,5,40,4,1,1,5,4,5,7,1,1,1,4,3,1,12,19,3,10,1,1,B03,7,1,1,8,2,8,"  ",19,19,1,9,8,B03,120.538857,24.249334,2,66000,387130000C,(04)23289100,(04)25368667
4973,2023,03,13,17,35,臺中市,西屯區,0,2,0,8,2,5,50,4,1,1,5,4,5,7,2,1,10,5,5,2,13,16,2,9,1,1,C03,7,9,1,10,2,11,"  ",16,16,1,22,8,C03,120.658669,24.174437,2,66000,387130000C,(04)23289100,(04)25368667
4974,2023,03,13,17,38,臺中市,太平區,0,2,0,8,1,5,50,3,1,1,5,4,5,7,4,4,10,5,5,2,16,4,2,9,3,4,C03,7,9,1,10,2,11,"  ",4,4,1,9,8,C03,120.70319,24.149145,2,66000,387130000C,(04)23289100,(04)25368667
4975,2023,03,13,17,39,臺中市,西屯區,0,0,0,8,,,40,,,,,,,,,,,,,,,12,"  ","  ","  ","  ",B03,"  ","  ",1,"  ",1,"  ","  ",12,"   ",1,22,"  ",B03,120.657973,24.169612,3,66000,387130000C,(04)23289100,(04)25368667
4976,2023,03,13,17,40,臺中市,大雅區,0,0,0,8,,,50,,,,,,,,,,,,,,,23,"  ","  ","  ","  ",B03,"  ","  ",1,"  ",2,"  ","  ",23,"   ",1,22,"  ",B03,120.645147,24.222496,3,66000,387130000C,(04)23289100,(04)25368667
4977,2023,03,13,17,42,臺中市,北屯區,0,2,0,8,1,5,50,4,1,1,5,4,5,7,2,1,10,5,5,2,17,42,2,9,3,4,F01,7,6,8,20,2,16,"  ",42,42,1,21,8,F01,120.671268,24.173885,2,66000,387130000C,(04)23289100,(04)25368667
4978,2023,03,13,17,45,臺中市,梧棲區,0,0,0,8,,,50,,,,,,,,,,,,,,,23,"  ","  ","  ","  ",B03,"  ","  ",1,"  ",2,"  ","  ",23,"   ",1,22,"  ",B03,120.549536,24.23874,3,66000,387130000C,(04)23289100,(04)25368667
4979,2023,03,13,17,46,臺中市,西屯區,0,0,0,8,,,50,,,,,,,,,,,,,,,6,"  ","  ","  ","  ",B03,"  ","  ",1,"  ",2,"  ","  ",6,"   ",1,22,"  ",B03,120.614003,24.174618,3,66000,387130000C,(04)23289100,(04)25368667
4980,2023,03,13,17,47,臺中市,梧棲區,0,2,0,8,2,5,50,14,8,1,5,4,5,7,4,4,1,4,3,1,17,23,2,9,1,1,C03,7,9,1,10,2,11,"  ",23,23,1,18,2,C03,120.554702,24.242924,2,66000,387130000C,(04)23289100,(04)25368667
4981,2023,03,13,17,48,臺中市,潭子區,0,3,0,8,3,5,50,3,4,1,5,4,5,7,2,1,5,4,5,2,13,23,2,9,1,1,C03,7,9,1,10,2,11,"  ",23,23,1,22,8,C03,120.717781,24.197709,2,66000,387130000C,(04)23289100,(04)25368667
4982,2023,03,13,17,52,臺中市,南屯區,0,0,0,,,,50,,,,,,,,,,,,,,,17,"  ","  ","  ","  ",A05,"  ","  ",1,"  ",2,"  ","  ",17,"   ",1,22,"  ",A05,120.60039,24.142028,3,66000,387130000C,(04)23289100,(04)25368667
4983,2023,03,13,17,53,臺中市,北區,0,0,0,8,,,50,,,,,,,,,,,,,,,23,"  ","  ","  ","  ",B12,"  ","  ",1,"  ",1,"  ","  ",23,"   ",1,22,"  ",B12,120.684589,24.166735,3,66000,387130000C,(04)23289100,(04)25368667
4984,2023,03,13,17,53,臺中市,霧峰區,0,0,0,8,,,50,,,,,,,,,,,,,,,1,"  ","  ","  ","  ",B03,"  ","  ",1,"  ",2,"  ","  ",1,"   ",1,4,"  ",B03,120.698302,24.061913,3,66000,387130000C,(04)23289100,(04)25368667
4985,2023,03,13,17,57,臺中市,西屯區,0,0,0,8,,,50,,,,,,,,,,,,,,,12,"  ","  ","  ","  ",B12,"  ","  ",1,"  ",1,"  ","  ",12,"   ",1,4,"  ",B12,120.62826,24.180253,3,66000,387130000C,(04)23289100,(04)25368667
4986,2023,03,13,18,0,臺中市,沙鹿區,0,0,0,8,,,40,,,,,,,,,,,,,,,42,"  ","  ","  ","  ",C03,"  ","  ",1,"  ",1,"  ","  ",42,"   ",1,16,"  ",C03,120.586322,24.250119,3,66000,387130000C,(04)23289100,(04)25368667
4987,2023,03,13,18,3,臺中市,南屯區,0,2,0,8,1,5,40,3,1,1,1,4,5,7,4,4,10,5,5,2,17,26,2,9,3,4,C03,7,9,1,10,2,11,"  ",44,26,1,12,8,C03,120.626321,24.114839,2,66000,387130000C,(04)23289100,(04)25368667
4988,2023,03,13,18,4,臺中市,北屯區,0,2,0,8,3,5,50,3,1,1,5,4,1,7,1,1,1,4,5,2,15,25,2,9,1,1,C03,7,9,1,10,2,11,"  ",25,25,1,22,8,C03,120.678248,24.200795,2,66000,387130000C,(04)23289100,(04)25368667
4989,2023,03,13,18,6,臺中市,東區,0,1,0,8,3,5,50,14,9,1,5,4,5,7,4,4,9,5,5,2,16,10,3,10,3,4,C03,7,11,1,10,2,13,"  ",10,10,1,5,8,C03,120.646196,24.110536,2,66000,387130000C,(04)23289100,(04)25368667
4990,2023,03,13,18,9,臺中市,北屯區,0,1,0,8,1,5,50,4,18,1,5,4,5,7,1,1,10,5,5,2,3,15,3,10,1,1,B03,7,5,1,8,2,4,"  ",15,15,1,21,8,B03,120.676156,24.174511,2,66000,387130000C,(04)23289100,(04)25368667
4991,2023,03,13,18,14,臺中市,西屯區,0,1,0,8,4,5,30,4,2,1,5,4,5,7,4,4,10,5,5,2,15,6,3,10,1,1,C03,7,9,4,11,2,14,"  ",6,6,1,22,8,C03,120.655031,24.171416,2,66000,387130000C,(04)23289100,(04)25368667
4992,2023,03,13,18,16,臺中市,大雅區,0,1,0,8,3,5,30,3,2,1,5,4,5,7,4,4,10,5,5,2,16,5,3,10,1,1,C03,7,9,1,10,2,14,"  ",5,5,1,22,9,C03,120.619811,24.223617,2,66000,387130000C,(04)23289100,(04)25368667
4993,2023,03,13,18,17,臺中市,南區,0,1,0,8,3,5,50,4,1,1,5,4,5,7,1,1,10,5,5,2,16,10,3,10,1,1,B03,7,11,1,10,2,2,"  ",10,10,1,22,8,B03,120.653495,24.122737,2,66000,387130000C,(04)23289100,(04)25368667
4994,2023,03,13,18,20,臺中市,潭子區,0,1,0,8,3,5,60,4,1,1,5,4,5,7,2,1,10,5,5,2,17,23,2,9,1,1,C03,7,9,1,10,2,14,"  ",23,23,1,22,8,C03,120.705022,24.207144,2,66000,387130000C,(04)23289100,(04)25368667
4995,2023,03,13,18,22,臺中市,西屯區,0,1,0,8,3,5,50,3,1,1,5,4,5,7,4,4,10,5,5,2,17,9,3,10,1,1,B03,7,6,1,8,2,2,"  ",9,9,1,22,5,B03,120.641904,24.159453,2,66000,387130000C,(04)23289100,(04)25368667
4996,2023,03,13,18,25,臺中市,大雅區,0,0,0,8,,,50,,,,,,,,,,,,,,,23,"  ","  ","  ","  ",B03,"  ","  ",1,"  ",2,"  ","  ",23,"   ",1,22,"  ",B03,120.667642,24.2156,3,66000,387130000C,(04)23289100,(04)25368667
4997,2023,03,13,18,26,臺中市,大雅區,0,0,0,8,,,,,,,,,,,,,,,,,,43,"  ","  ","  ","  ","   ","  ","  ","  ","  ","  ","  ","  ",43,"   ",1,"  ","  ","   ",120.673254,24.222477,3,66000,387130000C,(04)23289100,(04)25368667
4998,2023,03,13,18,26,臺中市,南屯區,0,0,0,8,,,50,,,,,,,,,,,,,,,23,"  ","  ","  ","  ",B03,"  ","  ",1,"  ",1,"  ","  ",23,"   ",1,4,"  ",B03,120.63625,24.151284,4,66000,387130000C,(04)23289100,(04)25368667
4999,2023,03,13,18,27,臺中市,潭子區,0,1,0,8,3,5,50,11,9,1,5,4,5,7,4,4,9,4,5,1,29,23,2,9,1,1,C03,7,9,1,10,7,11,"  ",23,23,1,22,8,C03,120.679038,24.223091,2,66000,387130000C,(04)23289100,(04)25368667
5000,2023,03,13,18,27,臺中市,西區,0,0,0,8,,,50,,,,,,,,,,,,,,,23,"  ","  ","  ","  ",B03,"  ","  ",1,"  ",1,"  ","  ",23,"   ",1,2,"  ",B03,120.665264,24.14539,3,66000,387130000C,(04)23289100,(04)25368667
5001,2023,03,13,18,27,臺中市,南屯區,0,0,0,8,,,50,,,,,,,,,,,,,,,42,"  ","  ","  ","  ",B03,"  ","  ",1,"  ",1,"  ","  ",42,"   ",1,22,"  ",B03,120.6379,24.147747,3,66000,387130000C,(04)23289100,(04)25368667
5002,2023,03,13,18,28,臺中市,東區,0,1,0,8,2,5,50,3,1,1,5,4,5,7,4,4,10,5,5,2,16,6,3,10,1,1,B03,7,5,1,8,2,8,"  ",6,6,1,21,8,B03,120.705482,24.132204,2,66000,387130000C,(04)23289100,(04)25368667
5003,2023,03,13,18,28,臺中市,北屯區,0,1,0,8,3,5,50,14,9,1,5,4,5,7,4,4,3,4,5,2,13,16,2,9,1,1,C03,7,9,1,10,2,11,"  ",16,16,1,22,8,C03,120.692503,24.18284,2,66000,387130000C,(04)23289100,(04)25368667
5004,2023,03,13,18,28,臺中市,北屯區,0,0,0,8,,,40,,,,,,,,,,,,,,,18,"  ","  ","  ","  ",B03,"  ","  ",1,8,1,"  ","  ",18,18,1,21,"  ",B03,120.674159,24.193311,3,66000,387130000C,(04)23289100,(04)25368667
5005,2023,03,13,18,29,臺中市,北屯區,0,2,0,8,3,5,50,4,1,1,5,4,5,7,2,1,3,4,5,2,13,23,2,9,1,1,C03,7,9,1,10,2,15,"  ",44,23,1,22,8,C03,120.68624,24.188258,2,66000,387130000C,(04)23289100,(04)25368667
5006,2023,03,13,18,32,臺中市,北區,0,0,0,8,,,50,,,,,,,,,,,,,,,16,"  ","  ","  ","  ",C03,"  ","  ",1,"  ",1,"  ","  ",16,"   ",1,22,"  ",C03,120.683525,24.147811,3,66000,387130000C,(04)23289100,(04)25368667
5007,2023,03,13,18,33,臺中市,西屯區,0,1,0,8,3,5,1,14,8,1,5,4,5,7,2,1,1,3,1,2,3,52,3,10,4,5,H01,8,16,8,20,10,16,"  ",52,52,1,22,8,H01,120.603229,24.182753,2,66000,387130000C,(04)23289100,(04)25368667
5008,2023,03,13,18,35,臺中市,南區,0,0,0,8,,,50,,,,,,,,,,,,,,,42,"  ","  ","  ","  ",B03,"  ","  ",1,8,2,"  ","  ",42,42,1,5,"  ",B03,120.66998,24.114118,3,66000,387130000C,(04)23289100,(04)25368667
5009,2023,03,13,18,35,臺中市,霧峰區,0,1,0,8,4,5,30,4,1,1,5,4,5,7,4,4,10,5,5,1,15,6,2,9,1,1,F01,7,9,8,20,2,16,"  ",6,6,1,22,9,F01,120.681207,24.041468,2,66000,387130000C,(04)23289100,(04)25368667
5010,2023,03,13,18,35,臺中市,豐原區,0,1,0,8,3,5,50,3,2,1,5,4,5,7,1,1,1,3,4,2,29,42,2,9,1,1,C02,7,9,1,10,2,14,"  ",42,42,1,22,8,C02,120.728215,24.258319,2,66000,387130000C,(04)23289100,(04)25368667
5011,2023,03,13,18,36,臺中市,南區,0,0,0,8,,,50,,,,,,,,,,,,,,,42,"  ","  ","  ","  ",B12,"  ","  ",1,"  ",2,"  ","  ",42,"   ",1,22,"  ",B12,120.658698,24.114098,3,66000,387130000C,(04)23289100,(04)25368667
5012,2023,03,13,18,38,臺中市,西屯區,0,0,0,8,,,60,,,,,,,,,,,,,,,23,"  ","  ","  ","  ",B03,"  ","  ",1,"  ",1,"  ","  ",23,"   ",1,22,"  ",B03,120.657813,24.158215,3,66000,387130000C,(04)23289100,(04)25368667
5013,2023,03,13,18,40,臺中市,潭子區,0,1,0,8,3,5,40,14,8,1,5,4,5,7,4,4,1,4,4,1,14,12,3,10,1,1,B12,7,2,1,8,2,3,"  ",12,12,1,22,8,B12,120.706252,24.219164,2,66000,387130000C,(04)23289100,(04)25368667
5014,2023,03,13,18,40,臺中市,潭子區,0,0,0,8,,,40,,,,,,,,,,,,,,,23,"  ","  ","  ","  ",B03,"  ","  ",1,"  ",2,"  ","  ",23,"   ",1,21,"  ",B03,120.70925,24.205182,3,66000,387130000C,(04)23289100,(04)25368667
5015,2023,03,13,18,46,臺中市,龍井區,0,1,0,8,4,5,70,14,8,1,5,4,5,7,4,4,1,4,1,1,17,7,2,9,1,1,C03,7,9,1,10,2,14,"  ",44,7,1,11,1,C03,120.50692,24.202161,2,66000,387130000C,(04)23289100,(04)25368667
5016,2023,03,13,18,48,臺中市,北區,0,2,0,8,3,5,30,4,1,1,5,4,5,7,4,4,10,5,5,2,15,6,2,4,1,1,C04,7,9,1,10,3,11,"  ",6,6,1,22,9,C04,120.673218,24.164497,2,66000,387130000C,(04)23289100,(04)25368667
5017,2023,03,13,18,56,臺中市,太平區,0,0,0,8,,,50,,,,,,,,,,,,,,,12,"  ","  ","  ","  ",B12,"  ","  ",1,"  ",2,"  ","  ",12,"   ",1,21,"  ",B12,120.717462,24.117602,3,66000,387130000C,(04)23289100,(04)25368667
5018,2023,03,13,18,57,臺中市,后里區,0,1,0,8,3,5,30,4,1,1,5,4,5,7,4,4,10,5,5,2,15,6,2,8,1,1,C03,7,9,1,10,2,11,"  ",6,6,1,21,8,C03,120.726135,24.305585,2,66000,387130000C,(04)23289100,(04)25368667
5019,2023,03,13,18,58,臺中市,大雅區,0,0,0,8,4,5,30,4,1,1,5,4,5,7,4,4,10,5,5,2,15,6,3,10,1,1,B03,7,9,1,8,2,1,"  ",6,6,1,22,9,B03,120.66541,24.232578,3,66000,387130000C,(04)23289100,(04)25368667
5020,2023,03,13,19,0,臺中市,大雅區,0,0,0,8,,,30,,,,,,,,,,,,,,,12,"  ","  ","  ","  ",B03,"  ","  ",1,"  ",9,"  ","  ",12,"   ",1,22,"  ",B03,120.658191,24.224275,3,66000,387130000C,(04)23289100,(04)25368667
5021,2023,03,13,19,6,臺中市,東區,0,3,0,8,2,5,50,4,1,1,5,4,1,7,1,1,10,5,5,2,16,6,2,9,1,1,C03,7,5,1,10,2,12,"  ",6,6,1,21,8,C03,120.696605,24.133089,2,66000,387130000C,(04)23289100,(04)25368667
5022,2023,03,13,19,6,臺中市,北屯區,0,0,0,8,,,50,,,,,,,,,,,,,,,23,"  ","  ","  ","  ",C03,"  ","  ",1,"  ",1,"  ","  ",23,"   ",1,22,"  ",C03,120.69291,24.183051,3,66000,387130000C,(04)23289100,(04)25368667
5023,2023,03,13,19,7,臺中市,南屯區,0,0,0,8,,,50,,,,,,,,,,,,,,,23,"  ","  ","  ","  ",B03,"  ","  ",1,"  ",1,"  ","  ",23,"   ",1,22,"  ",B03,120.636513,24.146111,3,66000,387130000C,(04)23289100,(04)25368667
5024,2023,03,13,19,8,臺中市,西屯區,0,0,0,8,,,50,,,,,,,,,,,,,,,42,"  ","  ","  ","  ",B03,"  ","  ",1,"  ",1,"  ","  ",42,"   ",1,4,"  ",B03,120.657167,24.163288,3,66000,387130000C,(04)23289100,(04)25368667
5025,2023,03,13,19,12,臺中市,西屯區,0,0,0,8,,,50,,,,,,,,,,,,,,,12,"  ","  ","  ","  ",B12,"  ","  ",1,"  ",1,"  ","  ",12,"   ",1,22,"  ",B12,120.635381,24.164502,3,66000,387130000C,(04)23289100,(04)25368667