序號,年,月,日,時,分,縣市,區,死亡數量,受傷數量,2-30,天候,光線,道路類別,速限_速度(公里),道路型態,事故位置,路面鋪裝,路面狀態,路面缺陷,障礙物,視距,號誌種類,號誌動作,分向設施,快車道或一般車道間,快慢車道間,路面邊線,事故類型及型態,主要肇因,受傷程度,主要傷處,保護裝備,行動電話,當事者區分,車輛用途,當事者行動狀態,駕駛資格情形,駕駛執照種類,飲酒情形,車輛撞擊部位最初,車輛撞擊部位其他,肇事因素個別,肇事因素主要,肇事逃逸,職業,旅次目的,車種,GPS座標X,GPS座標Y,事故類別,縣市別代碼,機關代碼,市話,傳真
5026,2023,03,13,19,22,臺中市,南屯區,0,1,0,8,3,5,40,3,1,1,5,4,5,7,4,4,5,5,4,2,16,19,3,10,1,1,C03,7,1,1,10,2,14,"  ",19,19,1,4,1,C03,120.626291,24.115494,2,66000,387130000C,(04)23289100,(04)25368667
5027,2023,03,13,19,24,臺中市,沙鹿區,0,1,0,8,3,5,40,14,8,1,5,4,5,7,4,4,10,4,5,1,17,42,3,10,2,2,C03,7,15,1,10,2,15,"  ",42,42,1,4,1,C03,120.581243,24.206029,2,66000,387130000C,(04)23289100,(04)25368667
5028,2023,03,13,19,25,臺中市,沙鹿區,0,0,0,8,,,60,,,,,,,,,,,,,,,23,"  ","  ","  ","  ",B03,"  ","  ",1,"  ",2,"  ","  ",23,"   ",1,5,"  ",B03,120.597414,24.250125,3,66000,387130000C,(04)23289100,(04)25368667
5029,2023,03,13,19,28,臺中市,西屯區,0,2,0,8,3,5,40,14,8,1,5,4,1,7,4,4,1,3,4,2,13,16,2,9,1,1,C03,7,9,1,10,2,11,"  ",16,16,1,22,8,C03,120.632828,24.179817,2,66000,387130000C,(04)23289100,(04)25368667
5030,2023,03,13,19,34,臺中市,西屯區,0,1,0,8,3,5,50,14,9,1,5,4,5,7,4,4,9,4,5,2,18,42,2,9,3,4,C03,7,9,1,10,2,12,"  ",42,42,1,22,8,C03,120.657885,24.158405,2,66000,387130000C,(04)23289100,(04)25368667
5031,2023,03,13,19,42,臺中市,后里區,0,1,0,8,1,5,60,4,1,1,5,4,5,7,1,1,10,5,5,2,16,25,2,9,1,1,C03,7,9,1,10,2,11,"  ",25,25,1,22,8,C03,120.724277,24.316375,2,66000,387130000C,(04)23289100,(04)25368667
5032,2023,03,13,19,49,臺中市,后里區,0,1,0,8,3,5,30,3,2,1,5,4,5,7,4,4,10,5,5,2,29,66,"  ","  ","  ","  ","   ","  ","  ","  ","  ","  ","  ","  ",66,66,1,"  ","  ","   ",120.722936,24.309201,2,66000,387130000C,(04)23289100,(04)25368667
5033,2023,03,13,19,50,臺中市,西屯區,0,0,0,8,,,50,,,,,,,,,,,,,,,42,"  ","  ","  ","  ",C03,"  ","  ",1,"  ",1,"  ","  ",42,"   ",1,4,"  ",C03,120.641352,24.156523,3,66000,387130000C,(04)23289100,(04)25368667
5034,2023,03,13,19,55,臺中市,西屯區,0,0,0,8,,,50,,,,,,,,,,,,,,,23,"  ","  ","  ","  ",B02,"  ","  ",1,"  ",1,"  ","  ",23,"   ",1,22,"  ",B02,120.645482,24.179007,3,66000,387130000C,(04)23289100,(04)25368667
5035,2023,03,13,20,1,臺中市,西屯區,0,2,0,8,3,5,50,14,9,1,5,4,5,7,4,4,1,4,5,2,17,23,2,9,1,1,C03,7,9,1,10,2,11,14,23,23,1,22,5,C03,120.644097,24.171613,2,66000,387130000C,(04)23289100,(04)25368667
5036,2023,03,13,20,6,臺中市,西區,0,1,0,8,3,5,50,4,1,1,5,4,5,7,2,1,10,5,5,2,17,42,2,9,1,1,C03,7,9,1,10,2,12,"  ",42,42,1,22,9,C03,120.662609,24.155678,2,66000,387130000C,(04)23289100,(04)25368667
5037,2023,03,13,20,7,臺中市,南屯區,0,1,0,8,3,5,50,4,4,1,5,4,5,7,1,1,5,4,5,2,12,7,2,9,3,4,C03,7,7,1,10,2,11,"  ",7,7,1,22,8,C03,120.652786,24.135911,2,66000,387130000C,(04)23289100,(04)25368667
5038,2023,03,13,20,9,臺中市,大里區,0,1,0,8,3,5,30,4,1,1,5,4,5,7,4,4,10,5,5,2,15,6,2,7,1,1,C03,7,9,1,10,2,11,"  ",6,6,1,4,5,C03,120.70888,24.084027,2,66000,387130000C,(04)23289100,(04)25368667
5039,2023,03,13,20,10,臺中市,大里區,0,0,0,8,,,50,,,,,,,,,,,,,,,19,"  ","  ","  ","  ",C03,"  ","  ",1,"  ",9,"  ","  ",19,"   ",1,22,"  ",C03,120.687695,24.102156,3,66000,387130000C,(04)23289100,(04)25368667
5040,2023,03,13,20,10,臺中市,大甲區,0,2,0,8,3,5,50,4,1,1,5,4,5,7,4,4,10,5,5,2,15,6,2,7,1,1,C03,7,9,1,10,2,11,"  ",6,6,1,21,8,C03,120.619883,24.347034,2,66000,387130000C,(04)23289100,(04)25368667
5041,2023,03,13,20,11,臺中市,大雅區,0,2,0,8,3,5,50,3,2,1,5,4,5,7,1,1,1,4,5,1,16,25,2,9,1,1,C03,7,9,1,10,2,11,"  ",25,25,1,22,9,C03,120.643118,24.228259,2,66000,387130000C,(04)23289100,(04)25368667
5042,2023,03,13,20,12,臺中市,南屯區,0,0,0,,,,50,,,,,,,,,,,,,,,23,"  ","  ","  ","  ",B03,"  ","  ",1,"  ",1,"  ","  ",23,"   ",1,22,"  ",B03,120.609883,24.140483,3,66000,387130000C,(04)23289100,(04)25368667
5043,2023,03,13,20,15,臺中市,烏日區,0,0,0,8,,,50,,,,,,,,,,,,,,,23,"  ","  ","  ","  ",B03,"  ","  ",1,"  ",2,"  ","  ",23,"   ",1,22,"  ",B03,120.626194,24.106035,3,66000,387130000C,(04)23289100,(04)25368667
5044,2023,03,13,20,24,臺中市,大雅區,0,0,0,8,,,50,,,,,,,,,,,,,,,25,"  ","  ","  ","  ",F03,"  ","  ",8,"  ",2,"  ","  ",25,"   ",1,22,"  ",F03,120.630216,24.209988,3,66000,387130000C,(04)23289100,(04)25368667
5045,2023,03,13,20,25,臺中市,西屯區,0,1,0,8,3,5,40,4,1,1,5,4,5,7,2,1,10,5,5,2,12,9,3,10,1,1,B03,7,6,1,8,2,2,"  ",9,9,1,22,8,B03,120.621549,24.180068,2,66000,387130000C,(04)23289100,(04)25368667
5046,2023,03,13,20,25,臺中市,沙鹿區,0,1,0,8,3,5,50,11,9,1,5,4,5,7,4,4,5,4,5,2,18,43,2,9,1,1,C03,7,9,1,10,2,14,"  ",43,43,1,22,8,C03,120.558254,24.221187,2,66000,387130000C,(04)23289100,(04)25368667
5047,2023,03,13,20,28,臺中市,烏日區,0,1,0,8,3,5,50,3,1,1,5,4,5,7,1,1,1,2,1,1,16,25,3,10,3,4,B03,7,9,1,8,2,6,"  ",25,25,1,21,9,B03,120.586687,24.113244,2,66000,387130000C,(04)23289100,(04)25368667
5048,2023,03,13,20,36,臺中市,西屯區,0,1,0,8,3,5,40,3,1,1,5,4,5,7,4,4,10,5,5,2,17,8,3,10,1,1,C03,7,5,1,10,2,15,"  ",8,6,1,22,8,C03,120.646206,24.186397,2,66000,387130000C,(04)23289100,(04)25368667
5049,2023,03,13,20,37,臺中市,南屯區,0,1,0,8,1,5,40,3,1,1,5,4,5,7,4,4,10,5,5,2,17,40,2,9,3,4,F01,7,9,8,20,2,16,"  ",44,40,1,12,8,F01,120.639258,24.151129,2,66000,387130000C,(04)23289100,(04)25368667
5050,2023,03,13,20,38,臺中市,龍井區,0,0,0,8,,,50,,,,,,,,,,,,,,,25,"  ","  ","  ","  ",C03,"  ","  ",1,"  ",2,"  ","  ",25,"   ",1,5,"  ",C03,120.50528,24.206884,3,66000,387130000C,(04)23289100,(04)25368667
5051,2023,03,13,20,55,臺中市,霧峰區,0,2,0,8,3,5,60,14,7,1,5,4,5,7,1,1,1,4,4,1,13,21,2,9,1,1,C03,7,9,1,10,8,11,"  ",21,21,1,22,9,C03,120.691932,24.043529,2,66000,387130000C,(04)23289100,(04)25368667
5052,2023,03,13,21,1,臺中市,太平區,0,0,0,,,,50,,,,,,,,,,,,,,,23,"  ","  ","  ","  ",B03,"  ","  ",1,"  ",2,"  ","  ",23,"   ",1,5,"  ",B03,120.733183,24.150526,3,66000,387130000C,(04)23289100,(04)25368667
5053,2023,03,13,21,30,臺中市,沙鹿區,0,1,0,8,3,5,30,4,1,1,5,4,5,7,4,4,10,5,5,2,16,6,2,9,1,1,C04,7,5,4,11,2,12,"  ",6,6,1,5,5,C04,120.570776,24.237999,2,66000,387130000C,(04)23289100,(04)25368667
5054,2023,03,13,21,35,臺中市,大里區,0,1,0,8,4,5,50,4,2,1,5,4,5,7,1,1,5,5,5,1,13,23,2,9,1,1,C03,7,9,3,18,2,11,"  ",23,23,1,19,1,C03,120.666205,24.109178,2,66000,387130000C,(04)23289100,(04)25368667
5055,2023,03,13,21,38,臺中市,南區,0,1,0,8,3,5,50,4,2,1,5,4,5,7,2,1,5,2,5,2,13,23,3,10,3,4,B03,7,9,1,8,2,1,"  ",23,23,1,5,8,B03,120.66988,24.114843,2,66000,387130000C,(04)23289100,(04)25368667
5056,2023,03,13,21,41,臺中市,潭子區,0,1,0,8,3,5,60,14,8,1,5,4,5,7,4,4,1,4,4,1,13,16,2,8,1,1,C03,7,9,1,10,2,11,"  ",16,16,1,22,8,C03,120.704555,24.204319,2,66000,387130000C,(04)23289100,(04)25368667
5057,2023,03,13,21,43,臺中市,北區,0,0,0,8,,,50,,,,,,,,,,,,,,,17,"  ","  ","  ","  ",C03,"  ","  ",1,"  ",2,"  ","  ",17,"   ",1,21,"  ",C03,120.684163,24.151328,3,66000,387130000C,(04)23289100,(04)25368667
5058,2023,03,13,21,52,臺中市,東區,0,1,0,8,3,5,50,14,22,1,5,4,5,7,1,1,3,4,5,2,18,23,2,9,1,1,C03,7,9,3,18,11,11,"  ",23,23,1,22,8,C03,120.694198,24.143302,2,66000,387130000C,(04)23289100,(04)25368667
5059,2023,03,13,22,14,臺中市,潭子區,0,0,0,8,,,50,,,,,,,,,,,,,,,25,"  ","  ","  ","  ",B03,"  ","  ",1,"  ",2,"  ","  ",25,"   ",1,22,"  ",B03,120.706641,24.20088,3,66000,387130000C,(04)23289100,(04)25368667
5060,2023,03,13,22,14,臺中市,南屯區,0,0,0,8,,,50,,,,,,,,,,,,,,,12,"  ","  ","  ","  ",B03,"  ","  ",1,"  ",1,"  ","  ",12,"   ",1,5,"  ",B03,120.641218,24.138713,3,66000,387130000C,(04)23289100,(04)25368667
5061,2023,03,13,22,15,臺中市,西屯區,0,1,0,8,3,5,40,3,1,1,5,4,5,7,1,1,10,5,5,2,16,6,3,10,3,4,B03,7,6,1,8,2,5,"  ",6,6,1,22,8,B03,120.61693,24.182648,2,66000,387130000C,(04)23289100,(04)25368667
5062,2023,03,13,22,15,臺中市,大里區,0,1,0,8,3,5,50,8,12,1,5,4,5,7,4,4,3,4,4,2,12,7,2,9,2,1,F01,7,7,8,20,2,16,"  ",7,7,1,11,5,F01,120.6924,24.100516,2,66000,387130000C,(04)23289100,(04)25368667
5063,2023,03,13,22,19,臺中市,豐原區,0,1,0,8,3,5,50,4,1,1,5,4,5,7,1,1,10,5,5,2,15,25,2,8,1,1,C03,7,9,1,10,2,11,"  ",44,25,1,22,8,C03,120.704251,24.231671,2,66000,387130000C,(04)23289100,(04)25368667
5064,2023,03,13,22,30,臺中市,西屯區,0,1,0,8,1,5,50,4,1,1,5,4,5,7,2,1,10,5,5,2,16,6,3,10,1,1,B03,7,5,1,8,2,7,"  ",6,6,1,22,8,B03,120.651201,24.166899,2,66000,387130000C,(04)23289100,(04)25368667
5065,2023,03,13,22,30,臺中市,龍井區,0,3,0,8,3,5,40,14,8,1,5,4,5,7,4,4,1,4,1,1,13,23,2,9,1,1,C03,7,9,1,10,2,11,"  ",23,23,1,18,2,C03,120.580147,24.193168,2,66000,387130000C,(04)23289100,(04)25368667
5066,2023,03,13,22,33,臺中市,北屯區,0,0,0,8,,,50,,,,,,,,,,,,,,,18,"  ","  ","  ","  ",A11,"  ","  ",1,"  ",11,"  ","  ",18,"   ",1,22,"  ",A11,120.729831,24.158601,3,66000,387130000C,(04)23289100,(04)25368667
5067,2023,03,13,22,33,臺中市,大里區,0,1,0,8,3,5,50,14,13,1,5,4,5,7,4,4,5,4,5,1,13,23,2,9,1,1,C03,7,9,4,8,2,11,"  ",23,23,1,6,7,C03,120.687855,24.1008,2,66000,387130000C,(04)23289100,(04)25368667
5068,2023,03,13,23,2,臺中市,北區,0,2,0,8,3,5,50,4,1,1,5,4,5,7,1,1,10,5,5,2,16,6,2,8,1,1,C03,7,5,1,10,2,14,"  ",6,6,1,22,8,C03,120.685119,24.165279,2,66000,387130000C,(04)23289100,(04)25368667
5069,2023,03,13,23,9,臺中市,西屯區,0,1,0,8,3,5,50,4,1,1,5,4,5,7,1,1,10,5,5,2,12,8,2,9,1,1,C03,7,5,1,10,2,15,"  ",8,8,1,22,8,C03,120.644235,24.174757,2,66000,387130000C,(04)23289100,(04)25368667
5070,2023,03,13,23,11,臺中市,南屯區,0,1,0,8,3,5,50,14,7,1,5,4,5,7,4,4,5,5,4,2,16,10,3,10,1,4,B03,7,11,1,8,2,4,"  ",10,10,1,22,8,B03,120.634844,24.154444,2,66000,387130000C,(04)23289100,(04)25368667
5071,2023,03,13,23,34,臺中市,梧棲區,0,0,0,8,,,30,,,,,,,,,,,,,,,6,"  ","  ","  ","  ",C03,"  ","  ",1,"  ",2,"  ","  ",6,6,1,18,"  ",C03,120.551957,24.254653,3,66000,387130000C,(04)23289100,(04)25368667
5072,2023,03,14,0,47,臺中市,西屯區,0,0,0,8,,,30,,,,,,,,,,,,,,,23,"  ","  ","  ","  ",C03,"  ","  ",1,"  ",2,"  ","  ",23,"   ",1,22,"  ",C03,120.648469,24.183208,3,66000,387130000C,(04)23289100,(04)25368667
5073,2023,03,14,0,57,臺中市,北區,0,0,0,8,3,5,50,4,1,1,5,4,5,7,2,1,10,5,5,2,12,26,"  ","  ","  ","  ",C03,"  ","  ",1,"  ",2,"  ","  ",26,26,1,22,"  ",C03,120.680428,24.153276,3,66000,387130000C,(04)23289100,(04)25368667
5074,2023,03,14,1,9,臺中市,東勢區,0,0,0,8,,,50,,,,,,,,,,,,,,,23,"  ","  ","  ","  ",B03,"  ","  ",1,"  ",2,"  ","  ",23,"   ",1,22,"  ",B03,120.838633,24.217347,3,66000,387130000C,(04)23289100,(04)25368667
5075,2023,03,14,1,26,臺中市,南區,0,0,0,8,,,50,,,,,,,,,,,,,,,23,"  ","  ","  ","  ",B12,"  ","  ",1,"  ",2,"  ","  ",23,"   ",1,22,"  ",B12,120.667061,24.128635,3,66000,387130000C,(04)23289100,(04)25368667
5076,2023,03,14,1,30,臺中市,沙鹿區,0,1,0,8,3,5,60,5,1,1,5,4,5,7,2,1,10,5,5,2,15,25,3,10,1,1,B03,7,9,3,18,1,1,"  ",25,25,1,9,5,B03,120.569563,24.237414,2,66000,387130000C,(04)23289100,(04)25368667
5077,2023,03,14,3,31,臺中市,西屯區,0,0,0,8,,,50,,,,,,,,,,,,,,,17,"  ","  ","  ","  ",B03,"  ","  ",1,"  ",1,"  ","  ",17,17,1,18,"  ",B03,120.646155,24.16789,3,66000,387130000C,(04)23289100,(04)25368667
5078,2023,03,14,4,11,臺中市,北區,0,1,0,8,3,5,50,14,8,1,5,4,5,7,4,4,9,4,4,2,8,23,3,10,1,1,C03,7,9,1,10,11,12,"  ",23,23,2,22,8,C03,120.678054,24.15018,2,66000,387130000C,(04)23289100,(04)25368667
5079,2023,03,14,4,26,臺中市,西區,0,0,1,8,3,5,50,4,2,1,5,4,5,7,4,4,5,4,5,2,17,26,5,9,3,4,F01,7,11,8,20,2,16,"  ",26,26,1,21,8,F01,120.661687,24.147865,2,66000,387130000C,(04)23289100,(04)25368667
5080,2023,03,14,5,5,臺中市,西區,1,0,0,8,3,5,50,4,18,1,5,4,5,7,1,1,10,5,5,2,9,15,3,10,3,4,B03,7,9,1,8,2,1,"  ",15,15,1,5,7,B03,120.650876,24.144962,1,66000,387130000C,(04)23289100,(04)25368667
5081,2023,03,14,5,7,臺中市,烏日區,0,1,0,8,3,5,50,4,1,1,5,4,5,7,2,1,10,5,5,2,16,6,3,10,1,1,B03,7,5,1,8,2,8,"  ",6,6,1,21,1,B03,120.624964,24.106272,2,66000,387130000C,(04)23289100,(04)25368667
5082,2023,03,14,6,38,臺中市,神岡區,0,1,0,8,1,5,30,15,9,1,5,4,5,7,4,4,10,5,5,1,17,19,3,10,1,1,B03,7,1,1,8,2,8,"  ",19,19,1,22,8,B03,120.683335,24.274667,2,66000,387130000C,(04)23289100,(04)25368667
5083,2023,03,14,6,46,臺中市,北屯區,0,1,0,8,1,5,50,4,1,1,5,4,5,7,4,4,10,5,5,2,15,6,3,10,1,1,B03,7,9,1,8,2,1,"  ",6,6,1,21,8,B03,120.718149,24.172692,2,66000,387130000C,(04)23289100,(04)25368667
5084,2023,03,14,6,47,臺中市,北屯區,0,0,0,8,,,50,,,,,,,,,,,,,,,23,"  ","  ","  ","  ",B03,"  ","  ",1,"  ",2,"  ","  ",23,"   ",1,4,"  ",B03,120.662608,24.1884,3,66000,387130000C,(04)23289100,(04)25368667
5085,2023,03,14,6,50,臺中市,霧峰區,0,0,0,8,,,30,,,,,,,,,,,,,,,17,"  ","  ","  ","  ",B03,"  ","  ",1,"  ",2,"  ","  ",17,"   ",1,22,"  ",B03,120.711031,24.076932,3,66000,387130000C,(04)23289100,(04)25368667
5086,2023,03,14,6,59,臺中市,大雅區,0,0,0,8,,,50,,,,,,,,,,,,,,,7,"  ","  ","  ","  ",B03,"  ","  ",1,"  ",2,"  ","  ",7,"   ",1,22,"  ",B03,120.646678,24.22271,3,66000,387130000C,(04)23289100,(04)25368667
5087,2023,03,14,6,59,臺中市,大雅區,0,1,0,8,1,5,50,3,1,1,5,4,5,7,1,1,5,5,4,1,17,38,3,10,1,1,B03,7,14,1,8,2,15,"  ",38,38,1,22,8,B03,120.650839,24.216461,2,66000,387130000C,(04)23289100,(04)25368667
5088,2023,03,14,7,1,臺中市,梧棲區,0,0,0,8,,,50,,,,,,,,,,,,,,,12,"  ","  ","  ","  ",B03,"  ","  ",1,"  ",2,"  ","  ",12,"   ",1,9,"  ",B03,120.5341,24.253386,3,66000,387130000C,(04)23289100,(04)25368667
5089,2023,03,14,7,2,臺中市,北屯區,0,2,0,8,1,5,50,14,7,1,5,4,5,7,4,4,1,4,4,2,13,16,2,9,3,4,C01,7,9,1,9,2,11,"  ",16,44,1,21,8,C01,120.686446,24.189806,2,66000,387130000C,(04)23289100,(04)25368667
5090,2023,03,14,7,5,臺中市,西屯區,0,1,0,8,1,5,50,14,9,1,5,4,5,7,4,4,8,3,5,1,29,43,2,9,1,1,C03,7,9,1,10,2,12,"  ",43,43,1,22,8,C03,120.617972,24.188383,2,66000,387130000C,(04)23289100,(04)25368667
5091,2023,03,14,7,7,臺中市,沙鹿區,0,0,0,,,,50,,,,,,,,,,,,,,,26,"  ","  ","  ","  ",B03,"  ","  ",1,"  ",2,"  ","  ",26,"   ",1,22,"  ",B03,120.567099,24.204594,3,66000,387130000C,(04)23289100,(04)25368667
5092,2023,03,14,7,10,臺中市,大甲區,0,1,0,8,1,5,50,4,1,1,5,4,5,7,1,1,10,5,5,2,16,17,3,10,1,1,C03,7,6,1,10,2,12,"  ",17,17,1,22,9,C03,120.624336,24.366418,2,66000,387130000C,(04)23289100,(04)25368667
5093,2023,03,14,7,11,臺中市,北屯區,0,1,0,8,1,5,50,4,1,1,5,4,5,7,4,4,10,5,5,2,16,6,3,10,1,1,B03,7,5,1,8,2,1,"  ",6,6,1,21,8,B03,120.703906,24.181327,2,66000,387130000C,(04)23289100,(04)25368667
5094,2023,03,14,7,11,臺中市,豐原區,0,2,0,8,1,5,50,4,1,1,5,4,5,7,1,1,1,5,5,2,13,23,3,10,3,4,B03,7,6,1,8,2,5,"  ",23,23,1,20,8,B03,120.714178,24.244888,2,66000,387130000C,(04)23289100,(04)25368667
5095,2023,03,14,7,20,臺中市,潭子區,0,0,0,8,,,60,,,,,,,,,,,,,,,23,"  ","  ","  ","  ",B03,"  ","  ",6,"  ",2,"  ","  ",23,"   ",1,22,"  ",B03,120.704556,24.209291,3,66000,387130000C,(04)23289100,(04)25368667
5096,2023,03,14,7,20,臺中市,北屯區,0,0,0,8,,,50,,,,,,,,,,,,,,,6,"  ","  ","  ","  ",C03,"  ","  ",1,"  ",1,"  ","  ",6,"   ",1,4,"  ",C03,120.6706,24.1869,3,66000,387130000C,(04)23289100,(04)25368667
5097,2023,03,14,7,20,臺中市,大里區,0,0,0,8,,,50,,,,,,,,,,,,,,,23,"  ","  ","  ","  ",B03,"  ","  ",1,"  ",1,"  ","  ",23,"   ",1,9,"  ",B03,120.697835,24.081504,3,66000,387130000C,(04)23289100,(04)25368667
5098,2023,03,14,7,20,臺中市,大甲區,0,0,0,8,,,50,,,,,,,,,,,,,,,6,"  ","  ","  ","  ",B03,"  ","  ",1,"  ",2,"  ","  ",6,6,1,21,"  ",B03,120.626249,24.353768,3,66000,387130000C,(04)23289100,(04)25368667
5099,2023,03,14,7,21,臺中市,北屯區,0,0,0,8,,,50,,,,,,,,,,,,,,,16,"  ","  ","  ","  ",B02,"  ","  ",1,"  ",1,"  ","  ",16,"   ",1,22,"  ",B02,120.674194,24.204205,3,66000,387130000C,(04)23289100,(04)25368667
5100,2023,03,14,7,23,臺中市,北屯區,0,0,0,8,,,50,,,,,,,,,,,,,,,23,"  ","  ","  ","  ",B12,"  ","  ",1,"  ",3,"  ","  ",23,"   ",1,21,"  ",B12,120.682498,24.18202,3,66000,387130000C,(04)23289100,(04)25368667
5101,2023,03,14,7,25,臺中市,龍井區,0,0,0,8,,,30,,,,,,,,,,,,,,,23,"  ","  ","  ","  ",B03,"  ","  ",1,"  ",2,"  ","  ",23,"   ",1,22,"  ",B03,120.576698,24.176406,3,66000,387130000C,(04)23289100,(04)25368667
5102,2023,03,14,7,29,臺中市,豐原區,0,2,0,8,1,5,30,14,9,1,5,4,5,7,4,4,10,5,5,2,11,23,2,9,1,1,C03,7,9,1,10,2,14,"  ",23,23,1,21,8,C03,120.699485,24.248278,2,66000,387130000C,(04)23289100,(04)25368667
5103,2023,03,14,7,30,臺中市,潭子區,0,0,0,8,,,60,,,,,,,,,,,,,,,9,"  ","  ","  ","  ",B03,"  ","  ",1,"  ",2,"  ","  ",9,9,1,22,"  ",B03,120.70359,24.201162,3,66000,387130000C,(04)23289100,(04)25368667
5104,2023,03,14,7,30,臺中市,梧棲區,0,2,0,8,1,5,50,3,1,1,5,4,5,7,1,1,10,5,5,2,12,8,2,9,1,1,C03,7,5,1,10,2,13,"  ",8,8,1,9,1,C03,120.537628,24.25334,2,66000,387130000C,(04)23289100,(04)25368667
5105,2023,03,14,7,30,臺中市,神岡區,0,1,0,8,1,5,50,4,2,1,5,4,5,7,1,1,5,5,5,1,16,26,2,9,1,1,C03,7,4,1,10,2,14,"  ",26,26,1,21,8,C03,120.682556,24.24349,2,66000,387130000C,(04)23289100,(04)25368667
5106,2023,03,14,7,33,臺中市,大里區,0,1,0,8,1,5,50,14,7,1,5,4,5,7,4,4,1,4,4,2,18,23,2,9,1,1,C03,7,9,1,10,2,12,"  ",23,23,1,5,8,C03,120.690347,24.123165,2,66000,387130000C,(04)23289100,(04)25368667
5107,2023,03,14,7,33,臺中市,太平區,0,0,0,8,,,80,,,,,,,,,,,,,,,16,"  ","  ","  ","  ",B03,"  ","  ",1,"  ",2,1,"  ",16,16,1,22,"  ",B03,120.717679,24.157955,3,66000,387130000C,(04)23289100,(04)25368667
5108,2023,03,14,7,34,臺中市,西屯區,0,0,0,8,,,50,,,,,,,,,,,,,,,16,"  ","  ","  ","  ",B01,"  ","  ",1,"  ",2,"  ","  ",16,"   ",1,22,"  ",B01,120.64281,24.165531,3,66000,387130000C,(04)23289100,(04)25368667
5109,2023,03,14,7,34,臺中市,后里區,0,1,0,8,2,5,50,3,1,1,5,4,5,7,2,1,10,5,5,1,18,43,2,9,1,1,C03,7,6,1,10,2,15,"  ",43,43,1,22,8,C03,120.723658,24.294658,2,66000,387130000C,(04)23289100,(04)25368667
5110,2023,03,14,7,35,臺中市,北屯區,0,1,0,8,1,5,50,3,1,1,5,4,5,7,1,1,10,5,5,2,27,23,2,9,1,1,C03,7,9,1,10,2,11,"  ",23,23,1,21,8,C03,120.719023,24.184393,2,66000,387130000C,(04)23289100,(04)25368667
5111,2023,03,14,7,36,臺中市,龍井區,0,0,0,8,,,30,,,,,,,,,,,,,,,12,"  ","  ","  ","  ",B03,"  ","  ",1,"  ",11,"  ","  ",12,"   ",2,22,"  ",B03,120.589789,24.181887,3,66000,387130000C,(04)23289100,(04)25368667
5112,2023,03,14,7,36,臺中市,沙鹿區,0,1,0,8,1,5,50,3,1,1,5,4,5,7,4,4,5,5,4,2,16,7,2,9,1,1,C03,7,7,1,10,2,14,"  ",7,7,1,22,9,C03,120.573908,24.228934,2,66000,387130000C,(04)23289100,(04)25368667
5113,2023,03,14,7,37,臺中市,大雅區,0,0,0,8,,,50,,,,,,,,,,,,,,,16,"  ","  ","  ","  ",B03,"  ","  ",1,"  ",2,"  ","  ",16,"   ",1,22,"  ",B03,120.650372,24.221417,3,66000,387130000C,(04)23289100,(04)25368667
5114,2023,03,14,7,37,臺中市,南屯區,0,1,0,8,1,5,40,3,1,1,5,4,5,7,4,4,1,4,1,2,16,6,3,10,1,1,B03,7,6,1,8,2,5,"  ",6,6,1,22,8,B03,120.623811,24.153715,2,66000,387130000C,(04)23289100,(04)25368667
5115,2023,03,14,7,38,臺中市,大里區,0,0,0,8,,,80,,,,,,,,,,,,,,,16,"  ","  ","  ","  ",B12,"  ","  ",1,"  ",2,"  ","  ",16,"   ",1,5,"  ",B12,120.682468,24.078498,3,66000,387130000C,(04)23289100,(04)25368667
5116,2023,03,14,7,40,臺中市,大雅區,0,1,0,8,1,5,30,14,9,1,5,4,5,7,4,4,10,5,5,2,17,23,2,9,1,1,C03,7,9,1,10,2,15,"  ",23,23,1,22,8,C03,120.63723,24.222823,2,66000,387130000C,(04)23289100,(04)25368667
5117,2023,03,14,7,40,臺中市,北屯區,0,0,0,8,,,50,,,,,,,,,,,,,,,16,"  ","  ","  ","  ",B03,"  ","  ",1,"  ",1,"  ","  ",16,"   ",1,21,"  ",B03,120.6911,24.1628,3,66000,387130000C,(04)23289100,(04)25368667
5118,2023,03,14,7,40,臺中市,西屯區,0,1,0,8,1,5,50,3,1,1,5,4,5,7,4,4,10,5,5,2,16,6,3,10,1,1,B03,7,5,1,8,2,8,"  ",6,6,1,22,8,B03,120.635881,24.173486,2,66000,387130000C,(04)23289100,(04)25368667
5119,2023,03,14,7,45,臺中市,南屯區,0,0,0,,,,50,,,,,,,,,,,,,,,19,"  ","  ","  ","  ",B03,"  ","  ",3,"  ",2,"  ","  ",19,"   ",1,22,"  ",B03,120.60736,24.136125,3,66000,387130000C,(04)23289100,(04)25368667
5120,2023,03,14,7,45,臺中市,大里區,0,1,0,8,1,5,40,3,1,1,5,4,5,7,4,4,10,5,5,2,16,6,3,10,1,1,B03,7,5,1,8,2,5,"  ",6,6,1,19,8,B03,120.701252,24.083377,2,66000,387130000C,(04)23289100,(04)25368667
5121,2023,03,14,7,45,臺中市,龍井區,0,1,0,8,1,5,40,4,1,1,5,4,5,7,3,1,10,5,5,2,18,23,3,10,3,4,A31,7,5,1,1,2,15,"  ",42,23,1,9,1,A31,120.509281,24.218629,2,66000,387130000C,(04)23289100,(04)25368667
5122,2023,03,14,7,47,臺中市,東區,0,2,0,8,1,5,50,4,1,1,5,4,5,7,1,1,10,5,5,2,13,16,2,9,1,1,C03,7,9,1,10,2,11,"  ",16,16,1,22,8,C03,120.70631,24.129682,2,66000,387130000C,(04)23289100,(04)25368667