序號,年,月,日,時,分,縣市,區,死亡數量,受傷數量,2-30,天候,光線,道路類別,速限_速度(公里),道路型態,事故位置,路面鋪裝,路面狀態,路面缺陷,障礙物,視距,號誌種類,號誌動作,分向設施,快車道或一般車道間,快慢車道間,路面邊線,事故類型及型態,主要肇因,受傷程度,主要傷處,保護裝備,行動電話,當事者區分,車輛用途,當事者行動狀態,駕駛資格情形,駕駛執照種類,飲酒情形,車輛撞擊部位最初,車輛撞擊部位其他,肇事因素個別,肇事因素主要,肇事逃逸,職業,旅次目的,車種,GPS座標X,GPS座標Y,事故類別,縣市別代碼,機關代碼,市話,傳真
5123,2023,03,14,7,47,臺中市,后里區,0,1,0,8,1,5,50,3,1,1,5,4,5,7,4,4,10,5,5,2,16,6,3,10,1,1,B03,7,6,1,8,2,6,"  ",6,6,1,21,1,B03,120.718561,24.295883,2,66000,387130000C,(04)23289100,(04)25368667
5124,2023,03,14,7,49,臺中市,太平區,0,0,0,8,,,50,,,,,,,,,,,,,,,6,"  ","  ","  ","  ",B03,"  ","  ",1,"  ",1,"  ","  ",6,"   ",1,21,"  ",B03,120.714023,24.152546,3,66000,387130000C,(04)23289100,(04)25368667
5125,2023,03,14,7,50,臺中市,北屯區,0,0,0,8,,,50,,,,,,,,,,,,,,,23,"  ","  ","  ","  ",B03,"  ","  ",1,"  ",1,"  ","  ",23,"   ",1,21,"  ",B03,120.71106,24.179836,3,66000,387130000C,(04)23289100,(04)25368667
5126,2023,03,14,7,50,臺中市,西屯區,0,0,0,8,,,30,,,,,,,,,,,,,,,23,"  ","  ","  ","  ",C03,"  ","  ",1,"  ",2,"  ","  ",23,23,1,22,"  ",C03,120.618439,24.177218,3,66000,387130000C,(04)23289100,(04)25368667
5127,2023,03,14,7,50,臺中市,大肚區,0,1,0,8,1,5,50,14,8,1,5,4,5,7,1,1,1,4,4,1,13,23,3,10,1,1,C03,7,9,1,10,2,11,"  ",23,23,1,21,8,C03,120.55611,24.12809,2,66000,387130000C,(04)23289100,(04)25368667
5128,2023,03,14,7,51,臺中市,北區,0,2,0,8,1,5,50,4,2,1,5,4,5,7,2,1,5,4,4,1,16,10,2,9,3,4,C03,7,11,1,10,2,12,"  ",10,10,1,22,9,C03,120.672053,24.159229,2,66000,387130000C,(04)23289100,(04)25368667
5129,2023,03,14,7,51,臺中市,大里區,0,2,0,8,1,5,50,3,1,1,5,4,5,7,4,4,5,4,5,1,16,6,2,9,3,4,C03,7,5,1,10,2,12,"  ",6,6,1,22,9,C03,120.680352,24.099968,2,66000,387130000C,(04)23289100,(04)25368667
5130,2023,03,14,7,51,臺中市,豐原區,0,2,0,8,1,5,50,4,1,1,5,4,5,7,3,1,5,5,4,2,16,6,2,9,1,1,C03,7,9,1,10,2,11,"  ",6,6,1,21,1,C03,120.716091,24.246902,2,66000,387130000C,(04)23289100,(04)25368667
5131,2023,03,14,7,53,臺中市,北區,0,3,0,8,1,5,50,14,9,1,5,4,5,7,4,4,5,5,5,2,17,26,2,9,1,1,C03,7,5,1,10,2,14,"  ",26,26,1,22,9,C03,120.67957,24.14851,2,66000,387130000C,(04)23289100,(04)25368667
5132,2023,03,14,7,54,臺中市,北區,0,0,0,8,,,30,,,,,,,,,,,,,,,23,"  ","  ","  ","  ","   ","  ","  ","  ","  ","  ","  ","  ",23,"   ",1,"  ","  ","   ",120.676121,24.147223,3,66000,387130000C,(04)23289100,(04)25368667
5133,2023,03,14,7,57,臺中市,北區,0,2,0,8,1,5,50,3,1,1,5,4,5,7,4,4,5,5,5,2,16,6,2,8,1,1,C03,7,5,1,10,2,11,"  ",6,6,1,5,5,C03,120.683673,24.157643,2,66000,387130000C,(04)23289100,(04)25368667
5134,2023,03,14,7,57,臺中市,西屯區,0,1,0,8,1,5,50,3,1,1,5,4,5,7,4,4,10,5,5,2,17,6,3,10,1,1,B03,7,6,1,8,2,5,"  ",6,6,1,21,8,B03,120.626545,24.177858,2,66000,387130000C,(04)23289100,(04)25368667
5135,2023,03,14,7,57,臺中市,烏日區,0,0,0,8,1,5,50,4,5,1,5,4,5,7,1,1,1,4,4,1,23,42,"  ","  ","  ","  ",B03,"  ","  ",1,"  ",2,"  ","  ",42,"   ",1,22,"  ",B03,120.638134,24.107693,3,66000,387130000C,(04)23289100,(04)25368667
5136,2023,03,14,7,59,臺中市,南屯區,0,1,0,8,1,5,30,4,1,1,5,4,5,7,4,4,10,5,5,2,15,6,3,10,1,1,C03,7,9,1,10,2,11,"  ",6,6,1,22,8,C03,120.639306,24.137679,2,66000,387130000C,(04)23289100,(04)25368667
5137,2023,03,14,7,59,臺中市,烏日區,0,1,0,8,1,5,50,4,1,1,5,4,5,7,1,1,10,5,5,2,18,23,2,9,1,1,C03,7,5,1,10,2,14,"  ",23,23,1,9,1,C03,120.650386,24.106455,2,66000,387130000C,(04)23289100,(04)25368667
5138,2023,03,14,7,59,臺中市,沙鹿區,0,2,0,8,1,5,40,3,8,1,5,4,5,7,4,4,1,4,4,2,13,16,2,9,1,1,C03,7,9,1,10,2,11,"  ",16,16,1,18,7,C03,120.565429,24.249645,2,66000,387130000C,(04)23289100,(04)25368667
5139,2023,03,14,7,59,臺中市,豐原區,0,0,0,8,,,50,,,,,,,,,,,,,,,25,"  ","  ","  ","  ",C03,"  ","  ",1,"  ",2,"  ","  ",25,"   ",1,4,"  ",C03,120.718672,24.244883,3,66000,387130000C,(04)23289100,(04)25368667
5140,2023,03,14,8,0,臺中市,北區,0,3,0,8,1,5,50,14,7,1,5,4,5,7,4,4,1,4,4,2,17,42,2,9,1,1,C03,7,9,1,10,2,12,"  ",42,42,1,20,8,C03,120.673055,24.168207,2,66000,387130000C,(04)23289100,(04)25368667
5141,2023,03,14,8,0,臺中市,南屯區,0,3,0,8,1,5,50,4,1,5,5,4,5,7,2,1,10,5,5,2,16,6,2,9,1,1,C03,7,5,1,10,2,12,"  ",6,6,1,22,8,C03,120.610336,24.134252,2,66000,387130000C,(04)23289100,(04)25368667
5142,2023,03,14,8,1,臺中市,烏日區,0,0,0,8,,,50,,,,,,,,,,,,,,,23,"  ","  ","  ","  ",C03,"  ","  ",1,"  ",2,"  ","  ",23,"   ",1,21,"  ",C03,120.625198,24.10728,3,66000,387130000C,(04)23289100,(04)25368667
5143,2023,03,14,8,5,臺中市,南區,0,2,0,8,1,5,40,3,1,1,5,4,5,7,4,4,10,5,5,2,17,6,3,10,1,1,B03,7,14,1,8,2,15,"  ",6,6,1,3,5,B03,120.670555,24.11318,2,66000,387130000C,(04)23289100,(04)25368667
5144,2023,03,14,8,5,臺中市,西屯區,0,1,0,8,1,5,50,4,2,1,5,4,5,7,1,1,5,5,5,2,13,16,2,8,1,1,C03,7,9,1,10,2,11,"  ",16,16,1,22,8,C03,120.641896,24.177991,2,66000,387130000C,(04)23289100,(04)25368667
5145,2023,03,14,8,5,臺中市,大里區,0,0,0,8,,,50,,,,,,,,,,,,,,,16,"  ","  ","  ","  ",F03,"  ","  ",8,"  ",2,"  ","  ",16,"   ",1,12,"  ",F03,120.688428,24.086433,3,66000,387130000C,(04)23289100,(04)25368667
5146,2023,03,14,8,9,臺中市,西區,0,0,0,8,,,50,,,,,,,,,,,,,,,8,"  ","  ","  ","  ",C03,"  ","  ",1,"  ",1,"  ","  ",8,"   ",1,21,"  ",C03,120.674312,24.14279,3,66000,387130000C,(04)23289100,(04)25368667
5147,2023,03,14,8,15,臺中市,中區,0,0,0,8,,,50,,,,,,,,,,,,,,,18,"  ","  ","  ","  ",B03,"  ","  ",1,8,2,"  ","  ",18,18,1,22,"  ",B03,120.680679,24.138993,3,66000,387130000C,(04)23289100,(04)25368667
5148,2023,03,14,8,17,臺中市,太平區,0,2,0,8,1,5,50,4,1,1,5,4,5,7,1,1,5,5,5,1,17,43,3,10,1,1,C03,7,9,1,9,2,12,"  ",43,43,1,18,8,C03,120.715287,24.158896,2,66000,387130000C,(04)23289100,(04)25368667
5149,2023,03,14,8,17,臺中市,豐原區,0,1,0,8,1,5,50,3,2,1,5,4,5,7,1,1,5,5,5,2,16,23,2,9,1,1,C04,7,9,1,11,2,14,"  ",23,23,1,20,8,C04,120.698168,24.245246,2,66000,387130000C,(04)23289100,(04)25368667
5150,2023,03,14,8,18,臺中市,南屯區,0,2,0,8,1,5,40,4,9,1,5,4,5,7,1,1,9,5,5,2,17,6,2,9,1,1,C03,7,5,1,10,2,11,"  ",6,6,1,22,9,C03,120.653254,24.128742,2,66000,387130000C,(04)23289100,(04)25368667
5151,2023,03,14,8,23,臺中市,北屯區,0,1,0,8,1,5,50,4,1,1,5,4,5,7,2,1,10,5,5,2,16,43,2,7,1,1,F02,7,9,8,20,2,16,"  ",43,43,1,20,8,F02,120.667761,24.179251,2,66000,387130000C,(04)23289100,(04)25368667
5152,2023,03,14,8,25,臺中市,北屯區,0,0,0,8,,,50,,,,,,,,,,,,,,,6,"  ","  ","  ","  ",B03,"  ","  ",1,"  ",1,"  ","  ",6,6,1,21,"  ",B03,120.667153,24.179886,3,66000,387130000C,(04)23289100,(04)25368667
5153,2023,03,14,8,25,臺中市,西屯區,0,0,0,8,,,50,,,,,,,,,,,,,,,1,"  ","  ","  ","  ",B03,"  ","  ",1,"  ",2,"  ","  ",1,"   ",1,22,"  ",B03,120.651891,24.206938,3,66000,387130000C,(04)23289100,(04)25368667
5154,2023,03,14,8,26,臺中市,大肚區,0,1,0,8,1,5,50,14,9,1,5,4,5,7,4,4,9,4,5,2,16,6,3,10,1,1,B02,7,6,1,8,2,6,"  ",6,6,1,21,1,B02,120.545386,24.151266,2,66000,387130000C,(04)23289100,(04)25368667
5155,2023,03,14,8,29,臺中市,太平區,0,0,0,8,,,50,,,,,,,,,,,,,,,26,"  ","  ","  ","  ",A41,"  ","  ",1,"  ",2,2,"  ",26,26,1,22,"  ",A41,120.716215,24.133517,3,66000,387130000C,(04)23289100,(04)25368667
5156,2023,03,14,8,30,臺中市,潭子區,0,1,0,8,1,5,50,4,1,1,5,4,5,7,1,1,1,4,4,1,17,6,3,10,1,1,B12,7,6,1,8,2,6,"  ",6,6,1,22,8,B12,120.688108,24.215965,2,66000,387130000C,(04)23289100,(04)25368667
5157,2023,03,14,8,31,臺中市,北屯區,0,1,0,8,1,7,80,14,9,1,5,4,5,7,4,4,1,3,5,1,13,16,2,2,1,1,B03,7,9,1,8,2,1,"  ",16,16,1,21,8,B03,120.720843,24.169958,2,66000,387130000C,(04)23289100,(04)25368667
5158,2023,03,14,8,35,臺中市,西區,0,1,0,7,1,5,50,4,1,1,5,4,5,7,1,1,10,5,5,2,13,16,2,9,1,1,C03,7,9,1,10,2,11,"  ",16,16,1,21,8,C03,120.661673,24.150865,2,66000,387130000C,(04)23289100,(04)25368667
5159,2023,03,14,8,35,臺中市,太平區,0,1,0,8,1,5,30,3,1,1,5,4,5,7,4,4,10,5,5,2,16,42,3,10,1,1,B12,7,6,6,18,2,6,"  ",42,42,1,21,8,B12,120.734305,24.147819,2,66000,387130000C,(04)23289100,(04)25368667
5160,2023,03,14,8,37,臺中市,北屯區,0,0,0,8,,,30,,,,,,,,,,,,,,,12,"  ","  ","  ","  ",B03,"  ","  ",1,"  ",11,"  ","  ",12,"   ",1,22,"  ",B03,120.68398,24.196811,3,66000,387130000C,(04)23289100,(04)25368667
5161,2023,03,14,8,37,臺中市,西屯區,0,1,0,8,1,5,40,4,1,1,5,4,5,7,4,4,10,5,5,2,16,19,3,10,3,4,B03,7,1,1,8,2,8,"  ",19,19,1,22,8,B03,120.61569,24.175648,2,66000,387130000C,(04)23289100,(04)25368667
5162,2023,03,14,8,39,臺中市,豐原區,0,1,0,8,1,5,50,14,7,1,5,4,5,7,4,4,9,5,4,2,12,10,3,10,1,1,B12,7,11,1,8,2,4,"  ",10,10,1,21,1,B12,120.708909,24.241261,2,66000,387130000C,(04)23289100,(04)25368667
5163,2023,03,14,8,40,臺中市,南屯區,0,0,0,8,,,50,,,,,,,,,,,,,,,16,"  ","  ","  ","  ",C03,"  ","  ",1,"  ",2,"  ","  ",16,"   ",1,22,"  ",C03,120.62279,24.145053,3,66000,387130000C,(04)23289100,(04)25368667
5164,2023,03,14,8,43,臺中市,西屯區,0,0,0,8,,,50,,,,,,,,,,,,,,,17,"  ","  ","  ","  ",B03,"  ","  ",1,"  ",2,"  ","  ",17,17,1,22,"  ",B03,120.589131,24.17398,3,66000,387130000C,(04)23289100,(04)25368667
5165,2023,03,14,8,43,臺中市,沙鹿區,0,2,0,8,1,5,50,3,2,1,5,4,5,7,4,4,8,3,4,1,17,9,2,9,3,4,C03,7,6,1,10,2,12,"  ",9,9,1,22,8,C03,120.582594,24.222208,2,66000,387130000C,(04)23289100,(04)25368667
5166,2023,03,14,8,44,臺中市,大里區,0,1,0,8,1,5,40,14,8,1,5,4,5,7,4,4,1,4,1,1,18,44,2,9,1,1,C03,7,9,1,10,2,12,"  ",44,44,1,5,8,C03,120.66674,24.083334,2,66000,387130000C,(04)23289100,(04)25368667
5167,2023,03,14,8,46,臺中市,西屯區,0,0,0,8,,,70,,,,,,,,,,,,,,,7,"  ","  ","  ","  ",B03,"  ","  ",2,"  ",1,"  ","  ",7,"   ",1,21,"  ",B03,120.627871,24.17694,3,66000,387130000C,(04)23289100,(04)25368667
5168,2023,03,14,8,49,臺中市,西區,0,1,0,8,1,5,50,3,1,1,5,4,5,7,4,4,1,4,5,2,16,6,2,9,1,1,C03,7,9,1,10,2,11,"  ",23,6,1,21,8,C03,120.657737,24.154201,2,66000,387130000C,(04)23289100,(04)25368667
5169,2023,03,14,8,49,臺中市,西屯區,0,1,0,8,1,5,50,4,1,1,5,4,5,7,1,1,3,4,4,2,16,6,3,10,1,1,B03,7,6,1,8,2,5,"  ",6,6,1,22,8,B03,120.64403,24.160715,2,66000,387130000C,(04)23289100,(04)25368667
5170,2023,03,14,8,50,臺中市,北屯區,0,1,0,8,1,5,50,4,1,1,5,4,5,7,1,1,10,5,5,2,17,26,2,9,1,1,C03,7,7,1,10,2,13,"  ",26,26,1,4,8,C03,120.6855,24.1721,2,66000,387130000C,(04)23289100,(04)25368667
5171,2023,03,14,8,51,臺中市,沙鹿區,0,0,0,8,,,30,,,,,,,,,,,,,,,12,"  ","  ","  ","  ",B03,"  ","  ",1,"  ",2,"  ","  ",12,"   ",1,4,"  ",B03,120.570255,24.242757,3,66000,387130000C,(04)23289100,(04)25368667
5172,2023,03,14,8,58,臺中市,南屯區,0,1,0,8,1,5,50,8,9,1,5,4,5,7,4,4,2,4,5,2,17,23,2,9,1,1,C03,7,8,1,10,2,11,"  ",23,23,1,22,8,C03,120.598422,24.155204,2,66000,387130000C,(04)23289100,(04)25368667
5173,2023,03,14,8,58,臺中市,西屯區,0,1,0,8,1,5,50,14,9,1,5,4,5,7,4,4,5,4,5,2,13,23,2,8,1,1,C03,7,9,1,10,2,14,"  ",23,23,1,18,8,C03,120.652713,24.165863,2,66000,387130000C,(04)23289100,(04)25368667
5174,2023,03,14,8,59,臺中市,沙鹿區,0,0,0,8,,,30,,,,,,,,,,,,,,,19,"  ","  ","  ","  ",C03,"  ","  ",1,"  ",2,"  ","  ",19,"   ",1,22,"  ",C03,120.559171,24.237448,3,66000,387130000C,(04)23289100,(04)25368667
5175,2023,03,14,9,2,臺中市,東區,0,0,0,6,,,50,,,,,,,,,,,,,,,23,"  ","  ","  ","  ",B03,"  ","  ",1,"  ",2,"  ","  ",23,"   ",1,5,"  ",B03,120.710405,24.140847,3,66000,387130000C,(04)23289100,(04)25368667
5176,2023,03,14,9,4,臺中市,西區,0,1,0,8,1,5,50,14,7,1,5,4,5,7,4,4,1,4,4,2,13,16,2,8,1,1,C03,7,9,1,10,1,11,"  ",16,16,1,22,9,C03,120.674465,24.148677,2,66000,387130000C,(04)23289100,(04)25368667
5177,2023,03,14,9,4,臺中市,西屯區,0,0,0,8,,,50,,,,,,,,,,,,,,,23,"  ","  ","  ","  ",C02,"  ","  ",1,"  ",11,"  ","  ",23,"   ",1,22,"  ",C02,120.615205,24.18662,3,66000,387130000C,(04)23289100,(04)25368667
5178,2023,03,14,9,5,臺中市,霧峰區,0,0,0,8,,,50,,,,,,,,,,,,,,,6,"  ","  ","  ","  ",C03,"  ","  ",4,"  ",2,"  ","  ",6,"   ",1,20,"  ",C03,120.699026,24.066143,3,66000,387130000C,(04)23289100,(04)25368667
5179,2023,03,14,9,16,臺中市,梧棲區,0,0,0,8,,,30,,,,,,,,,,,,,,,23,"  ","  ","  ","  ",B03,"  ","  ",1,"  ",1,"  ","  ",23,"   ",1,5,"  ",B03,120.542093,24.246076,3,66000,387130000C,(04)23289100,(04)25368667
5180,2023,03,14,9,20,臺中市,大里區,0,0,0,8,,,40,,,,,,,,,,,,,,,23,"  ","  ","  ","  ",B12,"  ","  ",1,"  ",2,"  ","  ",23,"   ",1,20,"  ",B12,120.691854,24.101271,3,66000,387130000C,(04)23289100,(04)25368667
5181,2023,03,14,9,20,臺中市,霧峰區,0,1,0,8,1,5,50,4,2,1,5,4,5,7,4,4,9,4,4,1,13,16,2,8,1,1,C03,7,9,1,10,2,11,"  ",16,16,1,18,8,C03,120.698783,24.066213,2,66000,387130000C,(04)23289100,(04)25368667
5182,2023,03,14,9,24,臺中市,西區,0,0,0,8,,,50,,,,,,,,,,,,,,,23,"  ","  ","  ","  ",C03,"  ","  ",1,"  ",2,"  ","  ",23,"   ",1,5,"  ",C03,120.676286,24.138555,3,66000,387130000C,(04)23289100,(04)25368667
5183,2023,03,14,9,25,臺中市,東區,0,2,0,8,1,5,50,4,1,1,5,4,5,7,1,1,10,5,5,2,13,23,2,8,1,1,C03,7,9,1,10,2,14,"  ",23,23,1,22,8,C03,120.692403,24.142726,2,66000,387130000C,(04)23289100,(04)25368667
5184,2023,03,14,9,25,臺中市,北屯區,0,0,0,6,,,50,,,,,,,,,,,,,,,18,"  ","  ","  ","  ",B03,"  ","  ",1,8,1,1,"  ",18,18,1,21,"  ",B03,120.725023,24.165408,3,66000,387130000C,(04)23289100,(04)25368667
5185,2023,03,14,9,33,臺中市,西屯區,0,1,0,8,1,5,50,5,1,1,5,4,5,7,2,1,10,5,5,2,13,23,3,10,3,4,B03,7,9,1,8,2,1,"  ",23,23,1,22,8,B03,120.643336,24.166549,2,66000,387130000C,(04)23289100,(04)25368667
5186,2023,03,14,9,33,臺中市,霧峰區,0,1,0,8,1,5,50,3,2,1,4,4,5,7,3,1,5,5,4,1,17,3,3,10,3,4,C03,7,6,1,10,2,12,"  ",3,3,1,12,8,C03,120.697175,24.069666,2,66000,387130000C,(04)23289100,(04)25368667
5187,2023,03,14,9,34,臺中市,南區,0,0,0,8,,,50,,,,,,,,,,,,,,,12,"  ","  ","  ","  ",B02,"  ","  ",1,"  ",2,"  ","  ",12,"   ",1,18,"  ",B02,120.682694,24.122352,3,66000,387130000C,(04)23289100,(04)25368667
5188,2023,03,14,9,36,臺中市,烏日區,0,2,0,8,1,5,30,4,1,1,5,4,5,7,4,4,10,5,5,2,16,6,2,9,1,1,B03,7,9,1,8,2,2,"  ",6,6,1,21,8,B03,120.648704,24.064988,2,66000,387130000C,(04)23289100,(04)25368667
5189,2023,03,14,9,43,臺中市,北屯區,0,1,0,8,1,5,50,14,9,1,5,4,5,7,4,4,1,4,5,2,29,23,2,9,1,1,C03,7,9,1,10,2,14,"  ",23,23,1,21,8,C03,120.719334,24.16215,2,66000,387130000C,(04)23289100,(04)25368667
5190,2023,03,14,9,44,臺中市,西屯區,0,0,0,8,,,50,,,,,,,,,,,,,,,23,"  ","  ","  ","  ",C03,"  ","  ",1,"  ",1,"  ","  ",23,"   ",1,22,"  ",C03,120.602776,24.183733,3,66000,387130000C,(04)23289100,(04)25368667
5191,2023,03,14,9,46,臺中市,西屯區,0,1,0,8,1,5,50,4,1,1,5,4,5,7,4,4,5,4,5,2,16,8,2,8,1,1,F01,7,5,8,20,2,16,"  ",8,8,1,22,8,F01,120.624518,24.186026,2,66000,387130000C,(04)23289100,(04)25368667
5192,2023,03,14,9,52,臺中市,龍井區,0,1,0,8,1,5,60,4,1,1,5,4,5,7,1,1,1,5,5,2,16,26,3,10,1,1,B03,7,6,1,8,2,6,"  ",26,26,1,22,8,B03,120.581666,24.175666,2,66000,387130000C,(04)23289100,(04)25368667
5193,2023,03,14,9,53,臺中市,南區,0,1,0,8,1,5,50,14,9,1,5,4,5,7,4,4,5,4,5,2,13,16,3,10,1,1,C03,7,9,1,10,11,11,"  ",16,16,1,22,8,C03,120.652353,24.122096,2,66000,387130000C,(04)23289100,(04)25368667
5194,2023,03,14,9,53,臺中市,北屯區,0,2,0,8,1,5,50,14,9,1,5,4,5,7,4,4,1,4,5,2,13,23,2,9,3,4,C03,7,9,1,10,2,11,"  ",23,23,1,21,8,C03,120.690676,24.171636,2,66000,387130000C,(04)23289100,(04)25368667
5195,2023,03,14,9,54,臺中市,太平區,0,1,0,8,1,5,50,3,1,1,5,4,5,7,3,1,5,5,5,1,3,51,2,7,4,5,H01,8,20,8,20,10,16,"  ",51,51,1,21,8,H01,120.722099,24.119383,2,66000,387130000C,(04)23289100,(04)25368667
5196,2023,03,14,9,55,臺中市,北區,0,0,0,8,1,5,50,14,9,1,5,4,5,7,4,4,9,5,5,2,12,23,3,10,1,1,B12,7,9,1,2,1,2,"  ",23,23,1,5,5,B12,120.686068,24.148103,3,66000,387130000C,(04)23289100,(04)25368667
5197,2023,03,14,9,56,臺中市,大里區,0,1,0,8,1,5,50,4,1,1,5,4,5,7,1,1,10,5,5,1,12,17,3,10,1,1,B12,7,9,6,18,2,2,"  ",17,17,1,5,8,B12,120.697003,24.111293,2,66000,387130000C,(04)23289100,(04)25368667
5198,2023,03,14,10,1,臺中市,南屯區,0,2,0,8,1,5,50,3,1,1,5,4,5,7,4,4,10,5,5,2,16,6,2,9,1,1,C03,7,5,1,10,2,11,"  ",6,6,1,22,8,C03,120.603867,24.136334,2,66000,387130000C,(04)23289100,(04)25368667
5199,2023,03,14,10,7,臺中市,西屯區,0,1,0,8,1,5,40,3,1,1,5,4,5,7,4,4,5,5,4,2,16,14,2,9,1,1,C03,7,9,1,9,2,11,"  ",14,14,1,22,8,C03,120.62795,24.183976,2,66000,387130000C,(04)23289100,(04)25368667
5200,2023,03,14,10,16,臺中市,西屯區,0,0,0,8,,,50,,,,,,,,,,,,,,,23,"  ","  ","  ","  ",B11,"  ","  ",1,"  ",1,"  ","  ",23,"   ",1,10,"  ",B11,120.656153,24.198646,3,66000,387130000C,(04)23289100,(04)25368667
5201,2023,03,14,10,24,臺中市,北屯區,0,2,0,8,1,5,50,4,1,1,5,4,5,7,3,1,10,5,5,2,15,6,2,9,1,1,C03,7,9,1,10,2,12,"  ",6,6,1,21,8,C03,120.683226,24.197218,2,66000,387130000C,(04)23289100,(04)25368667
5202,2023,03,14,10,25,臺中市,新社區,0,1,0,8,1,5,50,3,9,1,5,4,5,7,4,4,4,5,5,1,13,23,3,10,3,4,B12,7,12,1,8,2,6,"  ",42,23,1,22,8,B12,120.782839,24.214559,2,66000,387130000C,(04)23289100,(04)25368667
5203,2023,03,14,10,30,臺中市,大里區,0,0,0,8,,,30,,,,,,,,,,,,,,,12,"  ","  ","  ","  ",A11,"  ","  ",1,"  ",2,"  ","  ",12,"   ",1,5,"  ",A11,120.68357,24.095243,3,66000,387130000C,(04)23289100,(04)25368667
5204,2023,03,14,10,32,臺中市,神岡區,0,0,0,8,,,50,,,,,,,,,,,,,,,16,"  ","  ","  ","  ",B03,"  ","  ",1,"  ",1,"  ","  ",16,"   ",1,22,"  ",B03,120.656661,24.251468,3,66000,387130000C,(04)23289100,(04)25368667
5205,2023,03,14,10,35,臺中市,南區,0,0,0,8,,,50,,,,,,,,,,,,,,,7,"  ","  ","  ","  ",B03,"  ","  ",1,"  ",2,"  ","  ",7,"   ",1,5,"  ",B03,120.650118,24.120638,3,66000,387130000C,(04)23289100,(04)25368667
5206,2023,03,14,10,37,臺中市,外埔區,0,1,0,8,1,5,30,4,1,1,5,4,5,3,1,1,10,5,5,2,15,25,2,9,1,1,C03,7,9,3,18,2,11,"  ",25,25,1,22,8,C03,120.636717,24.324045,2,66000,387130000C,(04)23289100,(04)25368667
5207,2023,03,14,10,40,臺中市,大里區,0,2,0,8,1,5,50,14,7,1,5,4,5,7,4,4,5,2,4,2,12,8,2,8,1,1,F01,7,5,8,20,2,16,"  ",8,8,1,21,8,F01,120.685781,24.103737,2,66000,387130000C,(04)23289100,(04)25368667
5208,2023,03,14,10,40,臺中市,霧峰區,0,0,0,8,,,50,,,,,,,,,,,,,,,23,"  ","  ","  ","  ",B03,"  ","  ",1,"  ",2,"  ","  ",23,"   ",1,9,"  ",B03,120.697537,24.056201,3,66000,387130000C,(04)23289100,(04)25368667
5209,2023,03,14,10,44,臺中市,西屯區,0,1,0,8,1,5,50,4,2,1,5,4,5,7,2,1,8,3,5,1,17,23,2,9,1,1,C03,7,9,1,10,2,11,"  ",23,23,1,22,8,C03,120.655947,24.169636,2,66000,387130000C,(04)23289100,(04)25368667
5210,2023,03,14,10,45,臺中市,南區,0,2,0,8,1,5,50,4,1,1,5,4,5,7,4,4,10,5,5,2,15,6,2,9,1,1,C03,7,9,1,10,2,14,"  ",6,6,1,3,5,C03,120.681842,24.124912,2,66000,387130000C,(04)23289100,(04)25368667
5211,2023,03,14,10,45,臺中市,西屯區,0,0,0,8,,,50,,,,,,,,,,,,,,,42,"  ","  ","  ","  ",B11,"  ","  ",1,"  ",3,"  ","  ",42,"   ",1,22,"  ",B11,120.64315,24.177965,3,66000,387130000C,(04)23289100,(04)25368667
5212,2023,03,14,10,46,臺中市,南屯區,0,0,0,8,,,30,,,,,,,,,,,,,,,12,"  ","  ","  ","  ",B03,"  ","  ",1,"  ",1,"  ","  ",12,"   ",1,22,"  ",B03,120.649938,24.144023,3,66000,387130000C,(04)23289100,(04)25368667
5213,2023,03,14,10,48,臺中市,大里區,0,3,0,8,1,5,50,4,2,1,5,4,5,7,1,1,5,4,5,1,13,23,2,8,3,4,C03,7,9,1,10,2,11,"  ",23,23,1,20,9,C03,120.676381,24.115125,2,66000,387130000C,(04)23289100,(04)25368667
5214,2023,03,14,10,50,臺中市,東區,0,0,0,,,,50,,,,,,,,,,,,,,,23,"  ","  ","  ","  ",B12,"  ","  ",1,"  ",2,"  ","  ",23,"   ",1,22,"  ",B12,120.687333,24.129583,3,66000,387130000C,(04)23289100,(04)25368667
5215,2023,03,14,11,0,臺中市,大雅區,0,0,0,8,,,50,,,,,,,,,,,,,,,16,"  ","  ","  ","  ",B03,"  ","  ",1,"  ",2,"  ","  ",16,"   ",1,22,"  ",B03,120.655938,24.23878,3,66000,387130000C,(04)23289100,(04)25368667
5216,2023,03,14,11,3,臺中市,西屯區,0,0,0,8,,,50,,,,,,,,,,,,,,,16,"  ","  ","  ","  ",C03,"  ","  ",1,"  ",1,"  ","  ",16,"   ",1,22,"  ",C03,120.634506,24.174433,3,66000,387130000C,(04)23289100,(04)25368667
5217,2023,03,14,11,6,臺中市,南區,0,1,0,8,1,5,50,4,1,1,5,4,5,7,1,1,9,4,5,2,12,9,3,10,1,1,B03,7,6,1,8,2,2,"  ",9,9,1,5,1,B03,120.68295,24.134424,2,66000,387130000C,(04)23289100,(04)25368667
5218,2023,03,14,11,10,臺中市,北區,0,1,0,8,1,5,50,4,1,1,5,4,5,7,1,1,10,5,5,2,16,6,3,10,1,1,B03,7,6,1,8,2,6,"  ",6,6,1,22,9,B03,120.676066,24.148135,2,66000,387130000C,(04)23289100,(04)25368667
5219,2023,03,14,11,13,臺中市,西屯區,0,1,0,8,1,5,50,3,1,1,5,4,5,7,4,4,10,5,5,2,16,6,3,10,1,1,A12,7,6,1,7,2,2,"  ",6,6,1,21,8,A12,120.61822,24.162658,2,66000,387130000C,(04)23289100,(04)25368667