序號,年,月,日,時,分,縣市,區,死亡數量,受傷數量,2-30,天候,光線,道路類別,速限_速度(公里),道路型態,事故位置,路面鋪裝,路面狀態,路面缺陷,障礙物,視距,號誌種類,號誌動作,分向設施,快車道或一般車道間,快慢車道間,路面邊線,事故類型及型態,主要肇因,受傷程度,主要傷處,保護裝備,行動電話,當事者區分,車輛用途,當事者行動狀態,駕駛資格情形,駕駛執照種類,飲酒情形,車輛撞擊部位最初,車輛撞擊部位其他,肇事因素個別,肇事因素主要,肇事逃逸,職業,旅次目的,車種,GPS座標X,GPS座標Y,事故類別,縣市別代碼,機關代碼,市話,傳真
5220,2023,03,14,11,13,臺中市,西屯區,0,1,0,8,1,5,50,4,2,1,5,4,5,7,4,4,8,3,5,1,17,43,2,9,1,1,C03,7,9,1,10,2,14,"  ",43,43,1,22,8,C03,120.649465,24.158359,2,66000,387130000C,(04)23289100,(04)25368667
5221,2023,03,14,11,15,臺中市,龍井區,0,1,0,8,1,5,50,14,9,1,5,4,5,7,4,4,5,5,5,1,17,40,3,10,3,4,B03,7,13,1,7,2,4,"  ",40,40,1,21,8,B03,120.523458,24.20293,2,66000,387130000C,(04)23289100,(04)25368667
5222,2023,03,14,11,17,臺中市,北區,0,0,0,8,1,5,50,11,9,1,5,4,5,7,4,4,5,5,5,2,12,23,3,10,1,1,B03,7,9,1,8,1,2,"  ",23,23,1,5,5,B03,120.665269,24.16156,3,66000,387130000C,(04)23289100,(04)25368667
5223,2023,03,14,11,27,臺中市,北區,0,0,0,,,,50,,,,,,,,,,,,,,,12,"  ","  ","  ","  ",B12,"  ","  ",1,"  ",2,"  ","  ",12,"   ",1,22,"  ",B12,120.669239,24.166281,3,66000,387130000C,(04)23289100,(04)25368667
5224,2023,03,14,11,30,臺中市,南屯區,0,0,0,,,,40,,,,,,,,,,,,,,,23,"  ","  ","  ","  ",B03,"  ","  ",1,"  ",1,"  ","  ",23,"   ",1,22,"  ",B03,120.624154,24.149042,3,66000,387130000C,(04)23289100,(04)25368667
5225,2023,03,14,11,30,臺中市,西屯區,0,0,0,8,,,40,,,,,,,,,,,,,,,23,"  ","  ","  ","  ",B12,"  ","  ",1,"  ",1,"  ","  ",23,"   ",1,22,"  ",B12,120.634911,24.165928,3,66000,387130000C,(04)23289100,(04)25368667
5226,2023,03,14,11,31,臺中市,西屯區,0,0,0,8,,,40,,,,,,,,,,,,,,,23,"  ","  ","  ","  ",B03,"  ","  ",1,"  ",1,"  ","  ",23,"   ",1,22,"  ",B03,120.634536,24.176072,3,66000,387130000C,(04)23289100,(04)25368667
5227,2023,03,14,11,35,臺中市,南區,0,0,0,8,,,50,,,,,,,,,,,,,,,6,"  ","  ","  ","  ",B03,"  ","  ",1,"  ",2,"  ","  ",6,"   ",1,4,"  ",B03,120.675157,24.124125,4,66000,387130000C,(04)23289100,(04)25368667
5228,2023,03,14,11,35,臺中市,西屯區,0,0,0,8,,,50,,,,,,,,,,,,,,,23,"  ","  ","  ","  ",B03,"  ","  ",1,"  ",2,"  ","  ",23,"   ",1,21,"  ",B03,120.638755,24.185361,3,66000,387130000C,(04)23289100,(04)25368667
5229,2023,03,14,11,36,臺中市,龍井區,0,0,0,8,,,60,,,,,,,,,,,,,,,23,"  ","  ","  ","  ",B12,"  ","  ",1,"  ",2,"  ","  ",23,"   ",1,21,"  ",B12,120.582313,24.172505,3,66000,387130000C,(04)23289100,(04)25368667
5230,2023,03,14,11,37,臺中市,西區,0,1,0,8,1,5,50,4,1,1,5,4,5,7,1,1,10,5,5,2,16,9,3,10,1,1,B03,7,6,1,8,2,2,"  ",9,9,1,21,8,B03,120.674271,24.148307,2,66000,387130000C,(04)23289100,(04)25368667
5231,2023,03,14,11,37,臺中市,豐原區,0,0,0,8,,,50,,,,,,,,,,,,,,,16,"  ","  ","  ","  ",B03,"  ","  ",1,"  ",2,"  ","  ",16,"   ",1,21,"  ",B03,120.759183,24.277708,3,66000,387130000C,(04)23289100,(04)25368667
5232,2023,03,14,11,39,臺中市,西屯區,0,1,0,8,1,5,30,3,1,1,5,4,5,7,3,1,10,5,5,2,16,6,3,10,1,1,A32,7,6,1,1,2,8,"  ",6,6,1,10,8,A32,120.623361,24.19339,2,66000,387130000C,(04)23289100,(04)25368667
5233,2023,03,14,11,43,臺中市,太平區,0,1,0,8,1,5,50,14,9,1,5,4,5,7,4,4,5,4,5,2,16,10,2,7,1,1,C03,7,11,1,10,2,14,"  ",10,10,1,22,8,C03,120.732875,24.15051,2,66000,387130000C,(04)23289100,(04)25368667
5234,2023,03,14,11,48,臺中市,龍井區,0,1,0,8,1,5,60,3,1,1,5,4,5,7,1,1,1,5,5,2,16,9,3,10,1,1,B03,7,6,1,8,2,5,"  ",9,9,1,18,8,B03,120.57977,24.189015,2,66000,387130000C,(04)23289100,(04)25368667
5235,2023,03,14,11,54,臺中市,北屯區,0,0,0,8,,,30,,,,,,,,,,,,,,,12,"  ","  ","  ","  ",B03,"  ","  ",1,"  ",2,"  ","  ",12,"   ",1,5,"  ",B03,120.68801,24.176156,3,66000,387130000C,(04)23289100,(04)25368667
5236,2023,03,14,11,56,臺中市,大雅區,0,0,0,8,,,30,,,,,,,,,,,,,,,19,"  ","  ","  ","  ",B12,"  ","  ",1,"  ",1,"  ","  ",19,"   ",1,22,"  ",B12,120.653285,24.226361,3,66000,387130000C,(04)23289100,(04)25368667
5237,2023,03,14,11,58,臺中市,潭子區,0,0,0,8,,,30,,,,,,,,,,,,,,,42,"  ","  ","  ","  ",B12,"  ","  ",1,"  ",2,"  ","  ",42,"   ",1,22,"  ",B12,120.704399,24.192902,3,66000,387130000C,(04)23289100,(04)25368667
5238,2023,03,14,12,1,臺中市,西屯區,0,1,0,8,1,5,50,3,2,1,5,4,5,7,4,4,8,3,5,1,17,6,3,10,1,1,B03,7,5,1,8,2,4,"  ",6,6,1,22,8,B03,120.640302,24.162649,2,66000,387130000C,(04)23289100,(04)25368667
5239,2023,03,14,12,5,臺中市,東區,0,0,0,,,,50,,,,,,,,,,,,,,,1,"  ","  ","  ","  ",B12,"  ","  ",1,"  ",2,"  ","  ",1,"   ",1,22,"  ",B12,120.689713,24.14293,3,66000,387130000C,(04)23289100,(04)25368667
5240,2023,03,14,12,9,臺中市,豐原區,0,0,0,,,,50,,,,,,,,,,,,,,,19,"  ","  ","  ","  ",C03,"  ","  ",4,"  ",2,"  ","  ",19,19,1,22,"  ",C03,120.728829,24.250817,3,66000,387130000C,(04)23289100,(04)25368667
5241,2023,03,14,12,10,臺中市,神岡區,0,1,0,8,1,5,50,3,1,1,5,4,5,7,4,4,5,5,4,2,16,6,3,10,1,1,B03,7,6,1,8,2,2,"  ",6,6,1,21,8,B03,120.695621,24.239211,2,66000,387130000C,(04)23289100,(04)25368667
5242,2023,03,14,12,11,臺中市,南區,0,0,0,8,,,50,,,,,,,,,,,,,,,17,"  ","  ","  ","  ",C03,"  ","  ",1,"  ",2,"  ","  ",17,17,1,5,"  ",C03,120.661024,24.123017,3,66000,387130000C,(04)23289100,(04)25368667
5243,2023,03,14,12,16,臺中市,南屯區,0,1,0,8,1,5,50,4,1,1,5,4,5,7,1,1,10,5,5,2,18,23,2,9,1,1,C03,7,9,1,10,2,12,"  ",23,23,1,22,8,C03,120.653143,24.133246,2,66000,387130000C,(04)23289100,(04)25368667
5244,2023,03,14,12,16,臺中市,北屯區,0,1,0,8,1,5,50,11,7,1,5,4,5,7,4,4,5,5,4,2,18,23,2,9,1,1,C03,7,9,5,10,2,12,"  ",23,23,1,21,8,C03,120.709278,24.17401,2,66000,387130000C,(04)23289100,(04)25368667
5245,2023,03,14,12,18,臺中市,大甲區,0,1,0,8,1,5,50,4,1,1,5,4,5,7,4,4,10,5,5,2,16,6,2,9,1,1,C03,7,5,1,10,2,11,"  ",6,6,1,9,8,C03,120.648399,24.403261,2,66000,387130000C,(04)23289100,(04)25368667
5246,2023,03,14,12,19,臺中市,西屯區,0,0,0,8,,,80,,,,,,,,,,,,,,,7,"  ","  ","  ","  ",B03,"  ","  ",1,"  ",1,"  ","  ",7,"   ",1,22,"  ",B03,120.662546,24.200725,3,66000,387130000C,(04)23289100,(04)25368667
5247,2023,03,14,12,19,臺中市,大甲區,0,0,0,6,1,6,50,14,9,1,5,4,5,7,4,4,4,5,5,1,13,23,3,10,1,1,B03,7,3,1,8,1,1,"  ",23,23,1,22,9,B03,120.652154,24.382126,3,66000,387130000C,(04)23289100,(04)25368667
5248,2023,03,14,12,20,臺中市,西屯區,0,0,0,8,,,50,,,,,,,,,,,,,,,23,"  ","  ","  ","  ",B03,"  ","  ",1,"  ",1,"  ","  ",23,"   ",1,22,"  ",B03,120.651225,24.164741,3,66000,387130000C,(04)23289100,(04)25368667
5249,2023,03,14,12,20,臺中市,大里區,0,2,0,8,1,5,50,14,7,1,5,4,5,7,4,4,5,2,5,1,16,19,2,9,1,1,C03,7,1,1,10,2,11,"  ",19,19,1,20,8,C03,120.688209,24.120619,2,66000,387130000C,(04)23289100,(04)25368667
5250,2023,03,14,12,20,臺中市,大里區,0,1,0,8,1,5,50,14,8,1,5,4,5,7,4,4,9,4,4,2,17,42,2,8,1,1,C03,7,9,6,18,2,11,"  ",42,42,1,20,8,C03,120.702167,24.093263,2,66000,387130000C,(04)23289100,(04)25368667
5251,2023,03,14,12,23,臺中市,南區,0,0,0,8,,,50,,,,,,,,,,,,,,,23,"  ","  ","  ","  ",C03,"  ","  ",1,"  ",2,"  ","  ",23,"   ",1,4,"  ",C03,120.675693,24.129999,3,66000,387130000C,(04)23289100,(04)25368667
5252,2023,03,14,12,30,臺中市,西區,0,1,0,8,1,5,50,14,7,1,5,4,5,7,4,4,1,4,4,2,12,7,2,9,1,1,C03,7,7,1,10,2,14,"  ",7,7,1,22,9,C03,120.67487,24.149006,2,66000,387130000C,(04)23289100,(04)25368667
5253,2023,03,14,12,30,臺中市,東區,0,0,0,8,,,40,,,,,,,,,,,,,,,43,"  ","  ","  ","  ","   ","  ","  ","  ","  ","  ","  ","  ",43,"   ",1,"  ","  ","   ",120.710813,24.144454,3,66000,387130000C,(04)23289100,(04)25368667
5254,2023,03,14,12,31,臺中市,西屯區,0,1,0,8,1,5,50,4,2,1,5,4,5,7,4,4,5,4,5,2,13,23,2,9,1,1,C03,7,7,1,10,2,11,12,23,23,1,22,8,C03,120.633751,24.182573,2,66000,387130000C,(04)23289100,(04)25368667
5255,2023,03,14,12,36,臺中市,南屯區,0,2,0,8,1,5,30,14,8,1,5,4,5,7,4,4,5,4,4,2,17,11,2,9,1,1,F01,7,11,8,20,2,16,"  ",11,11,1,22,8,F01,120.616765,24.139493,2,66000,387130000C,(04)23289100,(04)25368667
5256,2023,03,14,12,36,臺中市,西屯區,0,2,0,8,1,5,50,14,9,1,5,4,5,7,4,4,5,4,4,2,16,6,2,9,1,1,C03,7,6,1,10,2,12,"  ",6,6,1,22,8,C03,120.618139,24.177677,2,66000,387130000C,(04)23289100,(04)25368667
5257,2023,03,14,12,40,臺中市,西屯區,0,0,0,8,,,50,,,,,,,,,,,,,,,19,"  ","  ","  ","  ",C03,"  ","  ",1,"  ",11,"  ","  ",19,"   ",1,22,"  ",C03,120.645124,24.181139,3,66000,387130000C,(04)23289100,(04)25368667
5258,2023,03,14,12,44,臺中市,南屯區,0,1,0,8,1,5,50,4,1,1,5,4,5,7,1,1,10,5,5,2,16,9,3,10,1,1,B03,7,6,1,8,2,5,"  ",9,9,1,22,8,B03,120.635931,24.144723,2,66000,387130000C,(04)23289100,(04)25368667
5259,2023,03,14,12,45,臺中市,太平區,0,1,0,8,1,5,40,3,2,1,5,4,5,7,4,4,5,4,4,2,18,42,2,9,1,1,C03,7,9,1,10,2,12,"  ",42,42,1,21,8,C03,120.716813,24.101782,2,66000,387130000C,(04)23289100,(04)25368667
5260,2023,03,14,12,46,臺中市,潭子區,0,0,0,8,,,50,,,,,,,,,,,,,,,23,"  ","  ","  ","  ",B12,"  ","  ",1,"  ",2,"  ","  ",23,"   ",1,22,"  ",B12,120.706889,24.200717,3,66000,387130000C,(04)23289100,(04)25368667
5261,2023,03,14,12,49,臺中市,西屯區,0,1,0,8,1,5,40,4,1,1,5,4,5,7,1,1,10,5,5,2,2,23,3,10,3,4,C04,7,9,1,10,2,11,"  ",23,23,1,22,8,C04,120.64866,24.17501,2,66000,387130000C,(04)23289100,(04)25368667
5262,2023,03,14,12,52,臺中市,龍井區,0,0,0,8,,,50,,,,,,,,,,,,,,,19,"  ","  ","  ","  ",B12,"  ","  ",1,"  ",2,"  ","  ",19,"   ",1,21,"  ",B12,120.584171,24.182326,3,66000,387130000C,(04)23289100,(04)25368667
5263,2023,03,14,12,54,臺中市,南屯區,0,1,0,8,1,5,50,14,9,1,5,4,5,7,4,4,3,4,5,2,17,6,2,9,1,1,C03,7,6,1,10,2,12,"  ",6,6,1,22,8,C03,120.639221,24.141972,2,66000,387130000C,(04)23289100,(04)25368667
5264,2023,03,14,12,55,臺中市,東區,0,0,0,8,,,50,,,,,,,,,,,,,,,7,"  ","  ","  ","  ",C03,"  ","  ",1,"  ",2,"  ","  ",7,"   ",1,20,"  ",C03,120.690426,24.125005,3,66000,387130000C,(04)23289100,(04)25368667
5265,2023,03,14,13,1,臺中市,太平區,0,1,0,8,1,5,50,3,1,1,5,4,5,7,1,1,5,3,5,2,18,23,2,9,1,1,C04,7,9,1,10,2,14,"  ",23,23,1,9,8,C04,120.718839,24.15823,2,66000,387130000C,(04)23289100,(04)25368667
5266,2023,03,14,13,5,臺中市,太平區,0,1,0,8,1,5,50,14,9,1,5,4,5,7,4,4,5,4,5,1,13,16,2,8,1,1,C03,7,9,1,10,1,11,"  ",16,16,1,22,8,C03,120.719062,24.133613,2,66000,387130000C,(04)23289100,(04)25368667
5267,2023,03,14,13,10,臺中市,太平區,0,0,0,8,,,30,,,,,,,,,,,,,,,23,"  ","  ","  ","  ",A12,"  ","  ",1,"  ",1,"  ","  ",23,"   ",1,10,"  ",A12,120.706088,24.114919,3,66000,387130000C,(04)23289100,(04)25368667
5268,2023,03,14,13,15,臺中市,西屯區,0,1,0,8,1,5,50,14,9,1,5,4,5,7,4,4,5,4,5,2,13,23,3,10,1,1,B03,7,9,3,18,2,1,"  ",23,23,1,22,8,B03,120.638529,24.180524,2,66000,387130000C,(04)23289100,(04)25368667
5269,2023,03,14,13,19,臺中市,大甲區,0,1,0,8,1,5,50,4,1,1,5,4,5,7,4,4,10,5,5,2,15,6,2,9,1,1,C03,7,9,6,18,2,11,"  ",6,6,1,5,8,C03,120.651733,24.403829,2,66000,387130000C,(04)23289100,(04)25368667
5270,2023,03,14,13,20,臺中市,東區,0,1,0,8,1,5,50,4,1,1,5,4,5,7,2,1,10,5,5,2,17,16,2,9,1,1,C03,7,9,1,10,2,15,"  ",16,16,1,22,8,C03,120.694441,24.148083,2,66000,387130000C,(04)23289100,(04)25368667
5271,2023,03,14,13,26,臺中市,北屯區,0,1,0,8,1,5,50,4,2,1,5,4,5,7,1,1,3,4,4,2,16,25,3,10,1,1,C03,7,9,1,10,2,13,"  ",25,25,1,22,8,C03,120.676153,24.173555,2,66000,387130000C,(04)23289100,(04)25368667
5272,2023,03,14,13,28,臺中市,北屯區,0,2,0,8,1,5,50,14,9,1,5,4,5,7,4,4,1,4,5,2,13,16,2,9,1,1,C03,7,9,1,10,2,11,"  ",16,23,1,21,8,C03,120.709233,24.173906,2,66000,387130000C,(04)23289100,(04)25368667
5273,2023,03,14,13,30,臺中市,北區,0,0,0,8,,,50,,,,,,,,,,,,,,,16,"  ","  ","  ","  ",B12,"  ","  ",1,"  ",1,"  ","  ",16,"   ",1,22,"  ",B12,120.68159,24.151103,3,66000,387130000C,(04)23289100,(04)25368667
5274,2023,03,14,13,30,臺中市,南區,0,2,0,8,1,5,50,4,1,1,5,4,5,7,3,1,9,4,5,2,11,8,2,9,1,1,C03,7,5,1,10,2,12,"  ",8,8,1,5,1,C03,120.678263,24.130931,2,66000,387130000C,(04)23289100,(04)25368667
5275,2023,03,14,13,30,臺中市,神岡區,0,0,0,8,,,50,,,,,,,,,,,,,,,6,"  ","  ","  ","  ",B03,"  ","  ",1,"  ",2,"  ","  ",6,"   ",1,12,"  ",B03,120.631469,24.241296,3,66000,387130000C,(04)23289100,(04)25368667
5276,2023,03,14,13,33,臺中市,龍井區,0,1,0,8,1,5,30,11,9,1,5,4,5,7,4,4,10,5,5,2,18,42,2,9,1,1,C03,7,6,1,10,2,12,"  ",42,42,1,18,8,C03,120.589125,24.183458,2,66000,387130000C,(04)23289100,(04)25368667
5277,2023,03,14,13,33,臺中市,清水區,0,0,0,8,,,50,,,,,,,,,,,,,,,23,"  ","  ","  ","  ",B03,"  ","  ",1,"  ",1,"  ","  ",23,"   ",1,21,"  ",B03,120.575186,24.271905,3,66000,387130000C,(04)23289100,(04)25368667
5278,2023,03,14,13,35,臺中市,西屯區,0,2,0,8,1,5,50,4,1,1,5,4,5,7,1,1,10,5,5,2,17,6,3,10,1,1,B02,7,6,1,8,2,6,"  ",6,6,2,21,8,B02,120.634443,24.179505,2,66000,387130000C,(04)23289100,(04)25368667
5279,2023,03,14,13,39,臺中市,北區,0,0,0,,,,50,,,,,,,,,,,,,,,7,"  ","  ","  ","  ",B03,"  ","  ",1,"  ",11,"  ","  ",7,"   ",1,22,"  ",B03,120.675007,24.157088,3,66000,387130000C,(04)23289100,(04)25368667
5280,2023,03,14,13,44,臺中市,西區,0,1,0,8,1,5,40,4,1,1,5,4,5,7,2,1,10,5,5,2,12,1,2,8,1,1,C03,7,4,1,10,1,13,"  ",1,1,1,5,8,C03,120.656756,24.147768,2,66000,387130000C,(04)23289100,(04)25368667
5281,2023,03,14,13,45,臺中市,北屯區,0,0,0,8,,,50,,,,,,,,,,,,,,,23,"  ","  ","  ","  ",A11,"  ","  ",1,"  ",2,"  ","  ",23,"   ",1,21,"  ",A11,120.707008,24.193961,3,66000,387130000C,(04)23289100,(04)25368667
5282,2023,03,14,14,0,臺中市,南屯區,0,1,0,8,1,5,50,4,2,1,5,4,5,7,2,1,10,5,5,2,13,23,3,10,1,1,B03,7,9,1,8,2,1,"  ",23,23,1,22,8,B03,120.643947,24.132044,2,66000,387130000C,(04)23289100,(04)25368667
5283,2023,03,14,14,2,臺中市,南區,0,1,0,8,1,5,50,4,1,1,5,4,5,7,4,4,10,5,5,2,15,6,3,10,1,1,B03,7,9,1,8,2,6,"  ",6,6,1,22,8,B03,120.655703,24.126064,2,66000,387130000C,(04)23289100,(04)25368667
5284,2023,03,14,14,3,臺中市,北屯區,0,1,0,8,1,5,50,14,9,1,5,4,5,7,4,4,9,4,5,2,17,6,3,10,1,1,B12,7,5,1,8,2,2,"  ",6,6,1,21,8,B12,120.683961,24.178826,2,66000,387130000C,(04)23289100,(04)25368667
5285,2023,03,14,14,3,臺中市,西屯區,0,2,0,8,1,5,1,14,20,2,5,4,5,7,4,4,1,5,1,2,12,17,2,9,1,1,C03,7,9,1,10,2,14,"  ",17,17,1,18,8,C03,120.595721,24.181901,2,66000,387130000C,(04)23289100,(04)25368667
5286,2023,03,14,14,5,臺中市,大里區,0,0,0,8,,,30,,,,,,,,,,,,,,,12,"  ","  ","  ","  ",B12,"  ","  ",1,"  ",2,"  ","  ",12,"   ",1,12,"  ",B12,120.691763,24.093261,3,66000,387130000C,(04)23289100,(04)25368667
5287,2023,03,14,14,5,臺中市,太平區,0,1,0,8,1,5,50,14,9,1,5,4,5,7,4,4,9,4,5,2,16,6,3,10,1,1,B03,7,6,1,8,2,2,"  ",6,6,1,21,8,B03,120.71836,24.156669,2,66000,387130000C,(04)23289100,(04)25368667
5288,2023,03,14,14,6,臺中市,中區,0,0,0,8,,,50,,,,,,,,,,,,,,,7,"  ","  ","  ","  ",B03,"  ","  ",1,8,1,"  ","  ",7,7,1,22,"  ",B03,120.679824,24.142898,3,66000,387130000C,(04)23289100,(04)25368667
5289,2023,03,14,14,6,臺中市,太平區,0,0,0,8,,,50,,,,,,,,,,,,,,,16,"  ","  ","  ","  ",B03,"  ","  ",1,"  ",2,"  ","  ",16,"   ",1,22,"  ",B03,120.71439,24.13708,3,66000,387130000C,(04)23289100,(04)25368667
5290,2023,03,14,14,10,臺中市,清水區,0,1,0,8,4,5,50,14,8,1,5,4,5,7,4,4,5,4,4,2,14,12,3,10,1,1,B03,7,2,1,1,2,7,"  ",12,12,1,21,8,B03,120.572096,24.261399,2,66000,387130000C,(04)23289100,(04)25368667
5291,2023,03,14,14,10,臺中市,豐原區,0,0,0,8,,,60,,,,,,,,,,,,,,,23,"  ","  ","  ","  ",C03,"  ","  ",1,"  ",2,"  ","  ",23,"   ",1,21,"  ",C03,120.726473,24.236971,3,66000,387130000C,(04)23289100,(04)25368667
5292,2023,03,14,14,15,臺中市,大雅區,0,0,0,8,,,30,,,,,,,,,,,,,,,12,"  ","  ","  ","  ",B12,"  ","  ",1,"  ",2,"  ","  ",12,"   ",1,22,"  ",B12,120.671883,24.235898,3,66000,387130000C,(04)23289100,(04)25368667
5293,2023,03,14,14,15,臺中市,西屯區,0,1,0,8,1,5,50,3,2,1,5,4,5,7,4,4,1,3,5,1,17,6,3,10,1,1,B03,7,6,1,8,2,6,"  ",6,6,1,22,8,B03,120.646773,24.161886,2,66000,387130000C,(04)23289100,(04)25368667
5294,2023,03,14,14,17,臺中市,南屯區,0,0,0,8,,,60,,,,,,,,,,,,,,,23,"  ","  ","  ","  ",B03,"  ","  ",1,"  ",2,"  ","  ",23,"   ",1,22,"  ",B03,120.623503,24.136186,3,66000,387130000C,(04)23289100,(04)25368667
5295,2023,03,14,14,19,臺中市,東區,0,0,0,8,,,50,,,,,,,,,,,,,,,40,"  ","  ","  ","  ",B12,"  ","  ",1,"  ",1,"  ","  ",40,"   ",1,10,"  ",B12,120.707076,24.141111,3,66000,387130000C,(04)23289100,(04)25368667
5296,2023,03,14,14,19,臺中市,西屯區,0,1,0,8,1,5,40,15,8,1,5,4,5,7,4,4,5,5,4,2,16,42,2,9,3,4,C03,7,9,1,10,2,12,"  ",42,42,1,22,8,C03,120.63369,24.159973,2,66000,387130000C,(04)23289100,(04)25368667
5297,2023,03,14,14,20,臺中市,大里區,0,1,0,8,1,5,50,4,2,1,5,4,5,7,1,1,10,5,5,2,16,4,3,10,1,1,B03,7,9,1,8,2,1,"  ",4,4,1,9,8,B03,120.708812,24.086731,2,66000,387130000C,(04)23289100,(04)25368667
5298,2023,03,14,14,21,臺中市,潭子區,0,0,0,8,,,40,,,,,,,,,,,,,,,12,"  ","  ","  ","  ",B03,"  ","  ",1,"  ",2,"  ","  ",12,"   ",1,22,"  ",B03,120.682621,24.215751,3,66000,387130000C,(04)23289100,(04)25368667
5299,2023,03,14,14,22,臺中市,西屯區,0,0,0,8,,,60,,,,,,,,,,,,,,,7,"  ","  ","  ","  ",B03,"  ","  ",1,"  ",1,"  ","  ",7,"   ",1,22,"  ",B03,120.649796,24.162755,3,66000,387130000C,(04)23289100,(04)25368667
5300,2023,03,14,14,26,臺中市,西區,0,1,0,8,1,5,50,14,7,1,5,4,5,7,4,4,1,4,4,2,13,16,2,9,1,1,C03,7,9,1,10,2,11,"  ",16,16,1,4,8,C03,120.65759,24.147449,2,66000,387130000C,(04)23289100,(04)25368667
5301,2023,03,14,14,30,臺中市,東區,0,1,0,8,1,5,50,4,1,1,5,4,5,7,2,1,10,5,5,2,16,9,3,10,1,1,B12,7,6,1,8,2,2,"  ",9,9,1,22,3,B12,120.705383,24.137797,2,66000,387130000C,(04)23289100,(04)25368667
5302,2023,03,14,14,30,臺中市,南區,0,1,0,8,1,5,50,4,18,1,5,4,5,7,1,1,9,4,4,2,3,23,2,9,1,1,B03,7,9,1,8,2,1,2,23,23,1,5,1,B03,120.684616,24.130822,2,66000,387130000C,(04)23289100,(04)25368667
5303,2023,03,14,14,30,臺中市,西屯區,0,1,0,8,1,5,50,4,1,1,5,4,5,7,1,1,1,4,4,2,3,15,3,10,1,1,B03,7,5,1,8,11,8,"  ",15,15,1,22,8,B03,120.65974,24.17531,2,66000,387130000C,(04)23289100,(04)25368667
5304,2023,03,14,14,35,臺中市,南屯區,0,0,0,,,,50,,,,,,,,,,,,,,,23,"  ","  ","  ","  ",B03,"  ","  ",1,"  ",1,"  ","  ",23,"   ",1,22,"  ",B03,120.623696,24.149549,3,66000,387130000C,(04)23289100,(04)25368667
5305,2023,03,14,14,42,臺中市,南屯區,0,1,0,8,1,5,50,4,1,1,5,4,5,7,2,1,10,5,5,2,16,6,2,9,1,1,C03,7,5,1,10,2,14,"  ",6,6,1,22,8,C03,120.641686,24.146869,2,66000,387130000C,(04)23289100,(04)25368667
5306,2023,03,14,14,48,臺中市,西區,0,0,0,8,,,50,,,,,,,,,,,,,,,19,"  ","  ","  ","  ",B03,"  ","  ",1,"  ",1,"  ","  ",19,"   ",1,2,"  ",B03,120.673112,24.139687,3,66000,387130000C,(04)23289100,(04)25368667
5307,2023,03,14,14,56,臺中市,北屯區,0,1,0,8,1,5,50,3,2,1,5,4,5,7,4,4,5,4,5,2,12,23,3,10,1,1,B12,7,9,1,8,2,1,"  ",23,23,1,22,8,B12,120.71383,24.173599,2,66000,387130000C,(04)23289100,(04)25368667
5308,2023,03,14,14,56,臺中市,梧棲區,0,0,0,,,,70,,,,,,,,,,,,,,,16,"  ","  ","  ","  ",B03,"  ","  ",1,"  ",2,"  ","  ",16,"   ",1,4,"  ",B03,120.527233,24.259852,3,66000,387130000C,(04)23289100,(04)25368667
5309,2023,03,14,15,0,臺中市,大雅區,0,1,0,8,1,5,30,3,1,1,5,4,5,7,4,4,10,5,5,2,16,6,3,10,1,1,B12,7,5,1,8,2,5,"  ",6,6,1,22,9,B12,120.669036,24.244848,2,66000,387130000C,(04)23289100,(04)25368667
5310,2023,03,14,15,0,臺中市,南區,0,1,0,8,1,5,50,3,1,1,5,4,5,7,4,4,10,5,5,2,17,6,3,10,1,1,B03,7,6,1,8,2,2,"  ",6,6,1,22,8,B03,120.66999,24.119723,2,66000,387130000C,(04)23289100,(04)25368667
5311,2023,03,14,15,2,臺中市,南區,0,1,0,8,1,5,50,14,7,1,5,4,5,7,4,4,5,5,4,2,16,40,3,10,1,1,B12,7,15,1,8,2,4,"  ",40,40,1,22,8,B12,120.655412,24.134779,2,66000,387130000C,(04)23289100,(04)25368667
5312,2023,03,14,15,2,臺中市,北屯區,0,1,0,8,1,5,50,14,9,1,5,4,5,7,4,4,5,5,5,2,17,23,2,9,1,1,C03,7,9,1,10,2,11,"  ",23,23,1,21,8,C03,120.688837,24.180112,2,66000,387130000C,(04)23289100,(04)25368667
5313,2023,03,14,15,8,臺中市,中區,0,1,0,8,1,5,50,3,1,1,5,4,5,7,4,4,1,4,5,2,29,42,2,8,1,1,B03,7,6,6,8,2,8,"  ",42,42,1,6,9,B03,120.685673,24.140693,2,66000,387130000C,(04)23289100,(04)25368667
5314,2023,03,14,15,10,臺中市,太平區,0,1,0,8,1,5,50,14,7,1,5,4,5,7,4,4,5,4,4,1,16,23,2,7,1,1,C03,7,9,1,10,2,11,12,23,23,1,22,8,C03,120.723621,24.132198,2,66000,387130000C,(04)23289100,(04)25368667
5315,2023,03,14,15,11,臺中市,潭子區,0,0,0,8,,,40,,,,,,,,,,,,,,,12,"  ","  ","  ","  ",B12,"  ","  ",1,"  ",2,"  ","  ",12,"   ",1,22,"  ",B12,120.726985,24.200676,3,66000,387130000C,(04)23289100,(04)25368667