序號,年,月,日,時,分,縣市,區,死亡數量,受傷數量,2-30,天候,光線,道路類別,速限_速度(公里),道路型態,事故位置,路面鋪裝,路面狀態,路面缺陷,障礙物,視距,號誌種類,號誌動作,分向設施,快車道或一般車道間,快慢車道間,路面邊線,事故類型及型態,主要肇因,受傷程度,主要傷處,保護裝備,行動電話,當事者區分,車輛用途,當事者行動狀態,駕駛資格情形,駕駛執照種類,飲酒情形,車輛撞擊部位最初,車輛撞擊部位其他,肇事因素個別,肇事因素主要,肇事逃逸,職業,旅次目的,車種,GPS座標X,GPS座標Y,事故類別,縣市別代碼,機關代碼,市話,傳真
5316,2023,03,14,15,11,臺中市,太平區,0,2,0,8,1,5,30,4,1,1,5,4,5,7,4,4,10,5,5,2,15,6,2,9,1,1,C03,7,9,3,18,2,13,"  ",6,6,1,21,8,C03,120.721545,24.118705,2,66000,387130000C,(04)23289100,(04)25368667
5317,2023,03,14,15,14,臺中市,梧棲區,0,0,0,,,,40,,,,,,,,,,,,,,,12,"  ","  ","  ","  ",B12,"  ","  ",1,"  ",2,"  ","  ",12,"   ",1,4,"  ",B12,120.536925,24.25546,3,66000,387130000C,(04)23289100,(04)25368667
5318,2023,03,14,15,20,臺中市,東區,0,0,0,8,1,5,50,14,7,1,5,4,5,7,4,4,1,4,5,2,13,16,3,10,1,1,B12,7,9,1,8,1,1,"  ",16,16,1,22,8,B12,120.694552,24.142127,3,66000,387130000C,(04)23289100,(04)25368667
5319,2023,03,14,15,20,臺中市,南屯區,0,0,0,8,,,50,,,,,,,,,,,,,,,23,"  ","  ","  ","  ",C03,"  ","  ",1,"  ",1,"  ","  ",23,"   ",1,22,"  ",C03,120.610763,24.138327,3,66000,387130000C,(04)23289100,(04)25368667
5320,2023,03,14,15,21,臺中市,北屯區,0,0,0,8,,,50,,,,,,,,,,,,,,,23,"  ","  ","  ","  ",B12,"  ","  ",1,"  ",1,"  ","  ",23,"   ",1,10,"  ",B12,120.722893,24.181998,3,66000,387130000C,(04)23289100,(04)25368667
5321,2023,03,14,15,22,臺中市,潭子區,0,0,0,,,,30,,,,,,,,,,,,,,,23,"  ","  ","  ","  ",B03,"  ","  ",1,"  ",2,"  ","  ",23,"   ",1,22,"  ",B03,120.696445,24.215136,3,66000,387130000C,(04)23289100,(04)25368667
5322,2023,03,14,15,23,臺中市,南屯區,0,0,0,8,,,40,,,,,,,,,,,,,,,6,"  ","  ","  ","  ",C03,"  ","  ",1,"  ",1,"  ","  ",6,"   ",1,22,"  ",C03,120.65305,24.131753,3,66000,387130000C,(04)23289100,(04)25368667
5323,2023,03,14,15,25,臺中市,北屯區,0,1,0,8,1,5,50,14,7,1,5,4,5,7,4,4,5,4,4,2,3,51,2,9,4,5,H01,8,16,8,20,10,16,"  ",51,51,1,22,8,H01,120.712555,24.166943,2,66000,387130000C,(04)23289100,(04)25368667
5324,2023,03,14,15,28,臺中市,南屯區,0,0,0,8,,,50,,,,,,,,,,,,,,,23,"  ","  ","  ","  ",B02,"  ","  ",1,"  ",11,"  ","  ",23,23,2,22,"  ",B02,120.609876,24.145729,3,66000,387130000C,(04)23289100,(04)25368667
5325,2023,03,14,15,29,臺中市,北屯區,0,3,0,8,1,5,30,14,22,1,5,4,1,7,4,4,1,4,5,2,17,26,2,9,3,4,C03,7,9,1,10,2,11,"  ",26,26,1,21,8,C03,120.676759,24.201262,2,66000,387130000C,(04)23289100,(04)25368667
5326,2023,03,14,15,30,臺中市,南屯區,0,0,0,,,,50,,,,,,,,,,,,,,,16,"  ","  ","  ","  ",B12,"  ","  ",1,"  ",1,"  ","  ",16,"   ",1,22,"  ",B12,120.638662,24.14712,3,66000,387130000C,(04)23289100,(04)25368667
5327,2023,03,14,15,37,臺中市,北屯區,0,1,0,8,1,5,50,4,2,1,5,4,5,7,3,1,5,4,5,2,16,6,3,10,1,1,B12,7,9,1,8,2,7,"  ",6,6,1,22,8,B12,120.6899,24.165892,2,66000,387130000C,(04)23289100,(04)25368667
5328,2023,03,14,15,37,臺中市,太平區,0,0,0,8,,,30,,,,,,,,,,,,,,,12,"  ","  ","  ","  ",B12,"  ","  ",1,"  ",2,"  ","  ",12,"   ",1,22,"  ",B12,120.729014,24.153143,3,66000,387130000C,(04)23289100,(04)25368667
5329,2023,03,14,15,40,臺中市,東區,0,0,0,8,,,50,,,,,,,,,,,,,,,42,"  ","  ","  ","  ",A12,"  ","  ",1,"  ",2,"  ","  ",42,"   ",1,22,"  ",A12,120.710348,24.14493,3,66000,387130000C,(04)23289100,(04)25368667
5330,2023,03,14,15,44,臺中市,沙鹿區,0,2,0,8,1,5,50,11,7,1,2,4,5,7,4,4,4,4,4,2,17,30,3,10,1,1,B12,7,9,1,8,2,15,"  ",30,30,1,10,9,B12,120.583889,24.243513,2,66000,387130000C,(04)23289100,(04)25368667
5331,2023,03,14,15,51,臺中市,北屯區,0,1,0,8,3,5,50,14,9,1,5,4,5,7,4,4,5,4,5,2,16,26,2,8,1,1,C03,7,11,1,10,2,11,"  ",26,26,1,21,8,C03,120.719365,24.182745,2,66000,387130000C,(04)23289100,(04)25368667
5332,2023,03,14,15,54,臺中市,南屯區,0,2,0,8,1,5,50,4,1,1,5,4,5,7,2,1,10,5,5,2,16,6,2,9,1,1,C03,7,5,1,10,2,13,"  ",6,6,1,22,8,C03,120.634717,24.1484,2,66000,387130000C,(04)23289100,(04)25368667
5333,2023,03,14,15,56,臺中市,石岡區,0,1,0,8,1,5,50,3,9,1,5,4,5,7,3,1,5,4,5,1,16,6,3,10,1,1,B03,7,5,1,8,2,5,"  ",6,6,1,22,9,B03,120.779518,24.275448,2,66000,387130000C,(04)23289100,(04)25368667
5334,2023,03,14,15,58,臺中市,南屯區,0,0,0,8,,,50,,,,,,,,,,,,,,,23,"  ","  ","  ","  ",C03,"  ","  ",1,"  ",2,"  ","  ",23,"   ",1,22,"  ",C03,120.612841,24.148312,3,66000,387130000C,(04)23289100,(04)25368667
5335,2023,03,14,15,59,臺中市,大肚區,0,0,0,8,,,70,,,,,,,,,,,,,,,7,"  ","  ","  ","  ",B03,"  ","  ",1,"  ",2,"  ","  ",7,"   ",1,4,"  ",B03,120.548547,24.142109,3,66000,387130000C,(04)23289100,(04)25368667
5336,2023,03,14,16,0,臺中市,西區,0,0,0,8,,,50,,,,,,,,,,,,,,,43,"  ","  ","  ","  ",B02,"  ","  ",1,"  ",1,"  ","  ",43,"   ",1,21,"  ",B02,120.660753,24.150631,3,66000,387130000C,(04)23289100,(04)25368667
5337,2023,03,14,16,0,臺中市,西屯區,0,0,0,,,,30,,,,,,,,,,,,,,,23,"  ","  ","  ","  ",B03,"  ","  ",1,"  ",1,"  ","  ",44,23,1,22,"  ",B03,120.651201,24.166899,3,66000,387130000C,(04)23289100,(04)25368667
5338,2023,03,14,16,0,臺中市,外埔區,0,1,0,8,1,5,30,3,2,1,5,4,5,7,4,4,5,5,5,2,13,23,3,10,1,1,A42,7,9,1,7,2,8,"  ",23,23,1,4,8,A42,120.70193,24.353844,2,66000,387130000C,(04)23289100,(04)25368667
5339,2023,03,14,16,0,臺中市,大甲區,0,0,0,,,,30,,,,,,,,,,,,,,,23,"  ","  ","  ","  ",B03,"  ","  ",1,"  ",1,"  ","  ",23,23,1,22,"  ",B03,120.615414,24.356825,3,66000,387130000C,(04)23289100,(04)25368667
5340,2023,03,14,16,4,臺中市,南屯區,0,0,0,8,,,50,,,,,,,,,,,,,,,12,"  ","  ","  ","  ",B03,"  ","  ",1,"  ",1,"  ","  ",12,"   ",1,22,"  ",B03,120.614173,24.148358,3,66000,387130000C,(04)23289100,(04)25368667
5341,2023,03,14,16,9,臺中市,太平區,0,1,0,8,1,5,40,14,12,1,5,4,5,7,4,4,5,4,4,1,29,42,2,9,1,1,C03,7,9,1,10,2,14,11,42,42,1,22,8,C03,120.708117,24.159472,2,66000,387130000C,(04)23289100,(04)25368667
5342,2023,03,14,16,10,臺中市,龍井區,0,0,0,8,,,50,,,,,,,,,,,,,,,23,"  ","  ","  ","  ",B03,"  ","  ",1,"  ",2,"  ","  ",23,"   ",1,5,"  ",B03,120.524823,24.211113,3,66000,387130000C,(04)23289100,(04)25368667
5343,2023,03,14,16,13,臺中市,北區,0,0,0,8,,,50,,,,,,,,,,,,,,,16,"  ","  ","  ","  ",B03,"  ","  ",1,"  ",11,"  ","  ",16,"   ",1,22,"  ",B03,120.685395,24.152786,3,66000,387130000C,(04)23289100,(04)25368667
5344,2023,03,14,16,19,臺中市,神岡區,0,1,0,8,1,5,50,3,1,1,5,3,5,7,4,4,5,5,5,1,17,26,3,10,1,1,B03,7,5,1,8,2,15,"  ",26,26,1,21,8,B03,120.648003,24.258101,2,66000,387130000C,(04)23289100,(04)25368667
5345,2023,03,14,16,20,臺中市,中區,0,1,0,8,1,5,50,4,1,1,5,4,5,7,2,1,10,5,5,2,16,6,3,10,1,1,B01,7,6,1,1,2,6,"  ",6,6,1,10,9,B01,120.677642,24.144083,2,66000,387130000C,(04)23289100,(04)25368667
5346,2023,03,14,16,26,臺中市,南屯區,0,1,0,8,1,5,50,4,2,1,5,4,5,7,2,1,1,4,5,2,16,23,2,9,1,1,C03,7,9,1,10,2,11,"  ",23,23,1,22,8,C03,120.646712,24.150935,2,66000,387130000C,(04)23289100,(04)25368667
5347,2023,03,14,16,27,臺中市,南屯區,0,0,0,,,,50,,,,,,,,,,,,,,,12,"  ","  ","  ","  ",A12,"  ","  ",1,"  ",9,"  ","  ",12,"   ",1,22,"  ",A12,120.624006,24.145505,3,66000,387130000C,(04)23289100,(04)25368667
5348,2023,03,14,16,29,臺中市,豐原區,0,0,0,8,,,60,,,,,,,,,,,,,,,16,"  ","  ","  ","  ",B12,"  ","  ",1,"  ",2,"  ","  ",16,"   ",1,21,"  ",B12,120.703309,24.243145,3,66000,387130000C,(04)23289100,(04)25368667
5349,2023,03,14,16,30,臺中市,霧峰區,0,0,0,8,,,60,,,,,,,,,,,,,,,44,"  ","  ","  ","  ",C03,"  ","  ",1,"  ",2,"  ","  ",44,"   ",1,22,"  ",C03,120.693629,24.049201,3,66000,387130000C,(04)23289100,(04)25368667
5350,2023,03,14,16,30,臺中市,大里區,0,1,0,8,1,5,50,4,2,1,5,4,5,7,3,1,5,5,5,1,13,23,3,10,1,1,B12,7,9,1,8,2,1,"  ",23,23,1,6,3,B12,120.666275,24.11235,2,66000,387130000C,(04)23289100,(04)25368667
5351,2023,03,14,16,32,臺中市,潭子區,0,1,0,8,1,5,50,4,1,1,5,4,5,7,1,1,1,4,4,1,17,23,2,7,1,1,C03,7,4,1,10,2,12,"  ",23,17,1,22,8,C03,120.70515,24.215575,2,66000,387130000C,(04)23289100,(04)25368667
5352,2023,03,14,16,36,臺中市,后里區,0,6,0,8,1,5,50,4,1,1,5,4,5,7,1,1,1,4,5,1,16,6,2,9,1,1,B03,7,5,1,8,2,8,"  ",6,6,1,21,8,B03,120.701905,24.324258,2,66000,387130000C,(04)23289100,(04)25368667
5353,2023,03,14,16,37,臺中市,東區,0,0,0,8,,,50,,,,,,,,,,,,,,,23,"  ","  ","  ","  ",C03,"  ","  ",1,"  ",2,"  ","  ",23,"   ",1,5,"  ",C03,120.707444,24.14283,3,66000,387130000C,(04)23289100,(04)25368667
5354,2023,03,14,16,38,臺中市,西屯區,0,0,0,8,,,30,,,,,,,,,,,,,,,12,"  ","  ","  ","  ",B12,"  ","  ",1,"  ",2,"  ","  ",12,"   ",1,22,"  ",B12,120.634993,24.189155,3,66000,387130000C,(04)23289100,(04)25368667
5355,2023,03,14,16,39,臺中市,豐原區,0,0,0,,,,50,,,,,,,,,,,,,,,23,"  ","  ","  ","  ",B03,"  ","  ",1,"  ",2,"  ","  ",23,"   ",1,22,"  ",B03,120.73378,24.254867,3,66000,387130000C,(04)23289100,(04)25368667
5356,2023,03,14,16,43,臺中市,太平區,0,2,0,8,1,5,50,14,7,1,5,4,5,7,4,4,5,5,5,1,16,19,2,8,1,1,C03,7,1,1,10,2,14,"  ",19,19,1,10,7,C03,120.729265,24.107078,2,66000,387130000C,(04)23289100,(04)25368667
5357,2023,03,14,16,46,臺中市,北區,0,0,0,,,,50,,,,,,,,,,,,,,,16,"  ","  ","  ","  ",B03,"  ","  ",1,"  ",1,"  ","  ",16,"   ",1,21,"  ",B03,120.67558,24.150015,3,66000,387130000C,(04)23289100,(04)25368667
5358,2023,03,14,16,49,臺中市,西屯區,0,1,0,8,1,5,50,3,1,1,5,4,5,7,1,1,10,5,5,2,16,8,2,8,1,4,C03,7,5,1,10,2,14,"  ",8,8,1,22,8,C03,120.590653,24.175283,2,66000,387130000C,(04)23289100,(04)25368667
5359,2023,03,14,16,53,臺中市,大里區,0,0,0,8,,,50,,,,,,,,,,,,,,,16,"  ","  ","  ","  ",B12,"  ","  ",1,"  ",2,"  ","  ",16,"   ",1,10,"  ",B12,120.701568,24.096122,3,66000,387130000C,(04)23289100,(04)25368667
5360,2023,03,14,16,54,臺中市,清水區,0,1,0,8,1,5,50,4,1,1,5,4,5,7,1,1,8,3,3,1,16,26,3,10,1,1,B03,7,6,1,8,2,5,"  ",26,26,1,21,8,B03,120.558483,24.273392,2,66000,387130000C,(04)23289100,(04)25368667
5361,2023,03,14,16,55,臺中市,南區,0,2,0,8,1,5,50,4,1,1,5,4,5,7,1,1,10,5,5,2,16,42,2,9,1,1,C03,7,5,1,10,2,14,"  ",42,42,1,22,8,C03,120.646663,24.110379,2,66000,387130000C,(04)23289100,(04)25368667
5362,2023,03,14,16,55,臺中市,西屯區,0,1,0,8,1,5,50,14,9,1,5,4,5,7,4,4,1,4,5,2,16,7,3,10,1,1,B03,7,7,1,8,2,4,"  ",7,7,1,4,8,B03,120.612856,24.186883,2,66000,387130000C,(04)23289100,(04)25368667
5363,2023,03,14,17,0,臺中市,西屯區,0,1,0,8,1,5,30,13,9,1,5,4,5,7,4,4,10,5,5,2,16,8,3,10,1,1,C03,7,5,1,10,2,11,"  ",8,8,1,21,8,C03,120.648117,24.176553,2,66000,387130000C,(04)23289100,(04)25368667
5364,2023,03,14,17,0,臺中市,大肚區,0,1,0,8,1,5,50,11,9,1,5,4,5,7,4,4,5,5,5,1,18,42,2,9,1,1,C03,7,6,2,18,2,12,"  ",42,42,1,22,8,C03,120.574177,24.151738,2,66000,387130000C,(04)23289100,(04)25368667
5365,2023,03,14,17,1,臺中市,太平區,0,1,0,8,1,5,50,3,1,1,5,4,5,7,4,4,5,5,5,2,16,6,3,10,1,1,B12,7,5,1,8,2,2,"  ",6,6,1,21,8,B12,120.703455,24.113205,2,66000,387130000C,(04)23289100,(04)25368667
5366,2023,03,14,17,1,臺中市,清水區,0,1,0,8,1,5,40,14,8,1,5,4,5,7,4,4,5,5,4,2,17,40,3,10,2,1,B03,7,13,1,8,2,4,"  ",40,40,1,5,5,B03,120.575875,24.264368,2,66000,387130000C,(04)23289100,(04)25368667
5367,2023,03,14,17,2,臺中市,西屯區,0,0,0,8,,,50,,,,,,,,,,,,,,,12,"  ","  ","  ","  ",A12,"  ","  ",1,"  ",1,"  ","  ",12,"   ",1,22,"  ",A12,120.625792,24.184147,3,66000,387130000C,(04)23289100,(04)25368667
5368,2023,03,14,17,5,臺中市,豐原區,0,0,0,8,,,40,,,,,,,,,,,,,,,12,"  ","  ","  ","  ",B03,"  ","  ",1,"  ",2,"  ","  ",12,"   ",1,22,"  ",B03,120.724433,24.225941,3,66000,387130000C,(04)23289100,(04)25368667
5369,2023,03,14,17,6,臺中市,太平區,0,2,0,8,1,5,50,4,1,1,5,4,5,7,4,4,10,5,5,2,15,6,2,9,3,4,C03,7,9,6,18,2,11,"  ",6,6,1,9,8,C03,120.718211,24.148104,2,66000,387130000C,(04)23289100,(04)25368667
5370,2023,03,14,17,8,臺中市,北屯區,0,0,0,8,,,50,,,,,,,,,,,,,,,23,"  ","  ","  ","  ",C03,"  ","  ",1,"  ",1,"  ","  ",23,"   ",1,21,"  ",C03,120.674449,24.174079,3,66000,387130000C,(04)23289100,(04)25368667
5371,2023,03,14,17,10,臺中市,太平區,0,1,0,8,1,5,50,4,1,1,5,4,5,7,1,1,5,5,5,2,16,9,3,10,1,1,B03,7,6,1,8,2,4,"  ",9,9,1,21,8,B03,120.705007,24.159455,2,66000,387130000C,(04)23289100,(04)25368667
5372,2023,03,14,17,10,臺中市,豐原區,0,1,0,8,1,5,50,14,8,1,5,4,5,7,4,4,5,4,4,2,18,42,2,1,2,1,F02,7,9,8,20,1,16,"  ",42,42,1,22,8,F02,120.707715,24.244463,2,66000,387130000C,(04)23289100,(04)25368667
5373,2023,03,14,17,12,臺中市,西屯區,0,1,0,8,1,5,50,3,2,1,5,4,5,7,4,4,1,4,5,2,13,42,2,9,3,4,C03,7,12,1,10,2,11,"  ",42,23,1,22,8,C03,120.655456,24.169543,2,66000,387130000C,(04)23289100,(04)25368667
5374,2023,03,14,17,13,臺中市,豐原區,0,0,0,8,1,5,50,14,13,1,5,4,5,7,4,4,5,5,5,1,13,23,3,10,1,1,C03,7,9,1,10,2,11,"  ",23,23,1,5,1,C03,120.731569,24.249958,3,66000,387130000C,(04)23289100,(04)25368667
5375,2023,03,14,17,15,臺中市,外埔區,0,1,0,8,1,5,50,11,7,1,5,4,5,7,4,4,4,4,4,1,18,23,2,9,1,1,F01,7,9,8,20,2,16,"  ",23,23,1,4,8,F01,120.645799,24.337471,2,66000,387130000C,(04)23289100,(04)25368667
5376,2023,03,14,17,20,臺中市,北屯區,0,1,0,8,1,5,50,14,9,1,5,4,5,7,4,4,5,4,5,2,18,23,2,9,1,1,C03,7,15,1,10,2,12,"  ",23,23,1,22,8,C03,120.709118,24.171055,2,66000,387130000C,(04)23289100,(04)25368667
5377,2023,03,14,17,20,臺中市,霧峰區,0,2,0,8,1,5,40,14,9,1,5,4,5,7,4,4,5,5,5,1,17,23,2,9,1,1,C03,7,9,1,10,2,11,"  ",23,23,1,22,8,C03,120.683765,24.065551,2,66000,387130000C,(04)23289100,(04)25368667
5378,2023,03,14,17,21,臺中市,大里區,0,0,0,8,1,5,30,15,22,1,5,4,5,7,4,4,10,5,5,2,14,12,"  ","  ","  ","  ",B03,"  ","  ",1,"  ",2,"  ","  ",12,"   ",1,22,"  ",B03,120.678341,24.078405,3,66000,387130000C,(04)23289100,(04)25368667
5379,2023,03,14,17,22,臺中市,龍井區,0,2,0,8,1,5,30,4,1,1,5,4,5,7,4,4,10,5,5,1,15,6,2,9,1,1,C03,7,9,1,10,2,12,"  ",6,6,1,5,1,C03,120.540945,24.21335,2,66000,387130000C,(04)23289100,(04)25368667
5380,2023,03,14,17,23,臺中市,大雅區,0,2,0,8,2,5,50,3,1,1,5,4,5,7,4,4,10,4,5,1,17,16,2,9,1,1,C03,7,4,1,10,2,11,"  ",16,16,1,22,9,C03,120.674832,24.223317,2,66000,387130000C,(04)23289100,(04)25368667
5381,2023,03,14,17,23,臺中市,南屯區,0,0,0,8,,,50,,,,,,,,,,,,,,,26,"  ","  ","  ","  ",B03,"  ","  ",1,"  ",1,"  ","  ",26,"   ",1,22,"  ",B03,120.62463,24.151191,3,66000,387130000C,(04)23289100,(04)25368667
5382,2023,03,14,17,24,臺中市,北屯區,0,0,0,8,,,50,,,,,,,,,,,,,,,12,"  ","  ","  ","  ",B03,"  ","  ",1,"  ",1,"  ","  ",12,"   ",1,22,"  ",B03,120.687016,24.177602,3,66000,387130000C,(04)23289100,(04)25368667
5383,2023,03,14,17,25,臺中市,南區,0,0,0,8,1,5,50,4,1,1,5,4,5,7,4,4,10,5,5,2,15,6,3,10,1,1,C03,7,9,1,10,2,12,"  ",6,6,1,22,8,C03,120.673111,24.127394,3,66000,387130000C,(04)23289100,(04)25368667
5384,2023,03,14,17,27,臺中市,東區,0,1,0,8,1,5,50,3,1,1,5,4,5,7,4,4,10,5,5,2,16,6,3,10,1,1,B03,7,9,1,8,2,2,"  ",6,6,1,22,8,B03,120.699831,24.13671,2,66000,387130000C,(04)23289100,(04)25368667
5385,2023,03,14,17,29,臺中市,太平區,0,2,0,8,1,5,30,4,1,1,5,4,5,7,4,4,10,5,5,2,15,6,2,9,3,4,C03,7,9,1,10,2,11,"  ",6,6,1,9,8,C03,120.723067,24.151394,2,66000,387130000C,(04)23289100,(04)25368667
5386,2023,03,14,17,29,臺中市,烏日區,0,1,0,8,1,5,50,14,8,1,5,4,5,7,1,1,1,4,1,1,17,44,2,9,1,1,C03,7,9,1,10,2,13,"  ",44,7,1,22,8,C03,120.587287,24.113192,2,66000,387130000C,(04)23289100,(04)25368667
5387,2023,03,14,17,30,臺中市,南區,0,2,0,8,1,5,50,14,7,1,5,4,4,7,4,4,5,4,5,2,12,19,2,9,1,1,C03,7,1,1,10,2,11,"  ",19,19,1,22,8,C03,120.666601,24.119779,2,66000,387130000C,(04)23289100,(04)25368667
5388,2023,03,14,17,30,臺中市,南屯區,0,1,0,8,1,5,40,14,8,1,5,4,5,7,4,4,5,4,4,2,12,40,3,10,1,1,B03,7,13,1,8,2,4,"  ",40,40,1,22,9,B03,120.611629,24.147741,2,66000,387130000C,(04)23289100,(04)25368667
5389,2023,03,14,17,30,臺中市,北屯區,0,1,0,8,1,5,50,3,1,1,5,4,5,7,1,1,10,5,5,2,16,6,3,10,1,1,B03,7,6,1,8,2,5,"  ",6,6,1,21,8,B03,120.688563,24.183741,2,66000,387130000C,(04)23289100,(04)25368667
5390,2023,03,14,17,30,臺中市,北屯區,0,3,0,8,1,5,50,4,2,1,5,4,5,7,1,1,5,5,5,2,13,23,2,9,1,1,C03,7,9,1,10,2,11,"  ",23,23,1,21,8,C03,120.658774,24.178095,2,66000,387130000C,(04)23289100,(04)25368667
5391,2023,03,14,17,30,臺中市,神岡區,0,2,0,8,1,5,40,14,7,1,5,3,3,7,4,4,5,5,4,2,16,19,2,8,1,1,C03,7,1,1,10,2,14,"  ",19,19,1,22,8,C03,120.703775,24.262101,2,66000,387130000C,(04)23289100,(04)25368667
5392,2023,03,14,17,31,臺中市,西區,0,1,0,8,1,5,50,5,9,1,5,4,5,7,2,1,1,4,5,2,16,23,2,9,1,1,C03,7,9,1,10,2,11,"  ",23,23,1,5,8,C03,120.672019,24.131402,2,66000,387130000C,(04)23289100,(04)25368667
5393,2023,03,14,17,34,臺中市,北屯區,0,1,0,8,1,5,50,14,9,1,5,4,3,7,4,4,5,4,5,2,17,23,2,9,3,4,C03,7,14,1,10,2,15,"  ",44,23,1,18,8,C03,120.709168,24.170988,2,66000,387130000C,(04)23289100,(04)25368667
5394,2023,03,14,17,36,臺中市,南屯區,0,1,0,8,1,5,50,14,9,1,5,4,5,7,4,4,1,4,5,2,17,23,3,10,1,1,B03,7,6,1,8,2,15,"  ",42,23,1,22,8,B03,120.646327,24.135376,2,66000,387130000C,(04)23289100,(04)25368667
5395,2023,03,14,17,38,臺中市,東區,0,0,0,8,,,50,,,,,,,,,,,,,,,43,"  ","  ","  ","  ",B03,"  ","  ",1,"  ",2,"  ","  ",44,43,1,22,"  ",B03,120.699913,24.150743,3,66000,387130000C,(04)23289100,(04)25368667
5396,2023,03,14,17,39,臺中市,南區,0,1,0,8,2,5,50,4,2,1,5,4,5,7,1,1,10,5,5,2,3,51,2,7,4,5,H01,8,16,8,20,11,16,"  ",51,51,1,22,8,H01,120.648907,24.119279,2,66000,387130000C,(04)23289100,(04)25368667
5397,2023,03,14,17,39,臺中市,太平區,0,1,0,8,1,5,50,3,1,1,5,4,5,7,4,4,10,5,5,2,13,16,2,9,1,1,C03,7,9,1,10,2,11,"  ",16,16,1,19,7,C03,120.711233,24.152184,2,66000,387130000C,(04)23289100,(04)25368667
5398,2023,03,14,17,44,臺中市,南屯區,0,1,0,8,1,5,30,11,9,1,5,4,5,7,4,4,10,5,5,2,18,23,2,9,1,1,C03,7,9,1,10,2,14,"  ",23,23,1,22,8,C03,120.599641,24.143762,2,66000,387130000C,(04)23289100,(04)25368667
5399,2023,03,14,17,45,臺中市,大雅區,0,2,0,8,2,5,30,4,1,1,5,4,5,7,3,1,10,5,5,1,15,6,2,8,1,1,C03,7,9,1,10,2,14,"  ",6,6,1,22,9,C03,120.630991,24.220079,2,66000,387130000C,(04)23289100,(04)25368667
5400,2023,03,14,17,45,臺中市,大里區,0,0,0,8,,,50,,,,,,,,,,,,,,,16,"  ","  ","  ","  ",C03,"  ","  ",1,"  ",1,"  ","  ",16,"   ",1,5,"  ",C03,120.679841,24.115802,3,66000,387130000C,(04)23289100,(04)25368667
5401,2023,03,14,17,45,臺中市,大里區,0,0,0,8,,,30,,,,,,,,,,,,,,,5,"  ","  ","  ","  ",C03,"  ","  ",1,"  ",2,"  ","  ",5,"   ",1,5,"  ",C03,120.666292,24.104838,3,66000,387130000C,(04)23289100,(04)25368667
5402,2023,03,14,17,47,臺中市,潭子區,0,1,0,8,2,5,50,10,9,1,5,4,5,7,4,4,1,4,5,1,13,16,2,8,1,1,C03,7,9,1,10,2,11,"  ",16,16,1,22,8,C03,120.712866,24.20065,2,66000,387130000C,(04)23289100,(04)25368667
5403,2023,03,14,17,47,臺中市,大甲區,0,0,0,,,,60,,,,,,,,,,,,,,,23,"  ","  ","  ","  ",B03,"  ","  ",1,"  ",1,"  ","  ",23,23,1,21,"  ",B03,120.651184,24.374654,3,66000,387130000C,(04)23289100,(04)25368667
5404,2023,03,14,17,50,臺中市,沙鹿區,0,1,0,8,1,5,50,4,1,1,5,4,5,7,4,4,10,5,5,2,16,6,2,8,1,1,C03,7,5,1,10,2,11,"  ",6,6,1,10,9,C03,120.560901,24.241563,2,66000,387130000C,(04)23289100,(04)25368667
5405,2023,03,14,17,53,臺中市,西屯區,0,1,0,8,2,5,40,4,1,1,5,4,5,7,2,1,10,5,5,2,13,16,2,9,1,1,C03,7,9,1,10,1,11,"  ",16,16,1,22,8,C03,120.639015,24.165046,2,66000,387130000C,(04)23289100,(04)25368667
5406,2023,03,14,17,53,臺中市,西屯區,0,2,0,8,2,5,40,14,7,1,5,4,5,7,4,4,5,5,3,2,14,12,3,10,1,1,C03,7,2,1,10,1,15,"  ",12,12,1,4,8,C03,120.660311,24.164642,2,66000,387130000C,(04)23289100,(04)25368667
5407,2023,03,14,17,55,臺中市,北區,0,1,0,8,1,5,50,3,1,1,5,4,5,7,1,1,5,4,5,2,17,8,3,10,1,1,B03,7,5,1,8,2,15,"  ",8,8,1,22,8,B03,120.680855,24.163191,2,66000,387130000C,(04)23289100,(04)25368667
5408,2023,03,14,17,55,臺中市,西屯區,0,0,0,8,,,50,,,,,,,,,,,,,,,42,"  ","  ","  ","  ",B03,"  ","  ",1,"  ",1,"  ","  ",42,"   ",1,22,"  ",B03,120.651798,24.176718,3,66000,387130000C,(04)23289100,(04)25368667
5409,2023,03,14,17,55,臺中市,豐原區,0,1,0,8,3,5,50,14,9,1,5,4,5,7,4,4,4,3,5,1,13,16,2,9,1,1,C03,7,9,1,10,2,14,"  ",16,16,1,22,8,C03,120.724156,24.223186,2,66000,387130000C,(04)23289100,(04)25368667
5410,2023,03,14,17,57,臺中市,西屯區,0,1,0,8,1,5,50,4,1,1,5,4,5,7,4,4,10,5,5,2,16,6,3,10,1,1,B03,7,5,1,8,2,2,"  ",6,6,1,4,8,B03,120.584398,24.173167,2,66000,387130000C,(04)23289100,(04)25368667
5411,2023,03,14,17,58,臺中市,太平區,0,0,0,8,,,50,,,,,,,,,,,,,,,19,"  ","  ","  ","  ",B03,"  ","  ",1,"  ",2,"  ","  ",19,"   ",1,9,"  ",B03,120.714743,24.12482,3,66000,387130000C,(04)23289100,(04)25368667
5412,2023,03,14,18,0,臺中市,南屯區,0,0,0,8,,,50,,,,,,,,,,,,,,,6,"  ","  ","  ","  ",B03,"  ","  ",1,"  ",1,"  ","  ",6,6,1,22,"  ",B03,120.646982,24.141837,3,66000,387130000C,(04)23289100,(04)25368667