序號,年,月,日,時,分,縣市,區,死亡數量,受傷數量,2-30,天候,光線,道路類別,速限_速度(公里),道路型態,事故位置,路面鋪裝,路面狀態,路面缺陷,障礙物,視距,號誌種類,號誌動作,分向設施,快車道或一般車道間,快慢車道間,路面邊線,事故類型及型態,主要肇因,受傷程度,主要傷處,保護裝備,行動電話,當事者區分,車輛用途,當事者行動狀態,駕駛資格情形,駕駛執照種類,飲酒情形,車輛撞擊部位最初,車輛撞擊部位其他,肇事因素個別,肇事因素主要,肇事逃逸,職業,旅次目的,車種,GPS座標X,GPS座標Y,事故類別,縣市別代碼,機關代碼,市話,傳真
5413,2023,03,14,18,2,臺中市,大里區,0,0,0,8,,,50,,,,,,,,,,,,,,,6,"  ","  ","  ","  ",B03,"  ","  ",1,"  ",2,"  ","  ",6,"   ",1,4,"  ",B03,120.688741,24.091448,3,66000,387130000C,(04)23289100,(04)25368667
5414,2023,03,14,18,4,臺中市,太平區,0,1,0,8,1,5,50,3,1,1,5,4,5,7,4,4,10,5,5,2,18,43,2,9,1,1,C03,7,9,1,10,1,14,"  ",43,43,1,22,1,C03,120.728458,24.114211,2,66000,387130000C,(04)23289100,(04)25368667
5415,2023,03,14,18,5,臺中市,潭子區,0,0,0,8,,,80,,,,,,,,,,,,,,,7,"  ","  ","  ","  ",B03,"  ","  ",1,"  ",2,"  ","  ",7,"   ",1,22,"  ",B03,120.696555,24.201,3,66000,387130000C,(04)23289100,(04)25368667
5416,2023,03,14,18,5,臺中市,北屯區,0,0,0,8,,,50,,,,,,,,,,,,,,,18,"  ","  ","  ","  ",B03,"  ","  ",1,"  ",1,"  ","  ",18,"   ",1,22,"  ",B03,120.683965,24.174666,3,66000,387130000C,(04)23289100,(04)25368667
5417,2023,03,14,18,6,臺中市,大里區,0,0,0,8,,,50,,,,,,,,,,,,,,,10,"  ","  ","  ","  ",B03,"  ","  ",1,"  ",1,"  ","  ",10,"   ",1,22,"  ",B03,120.685806,24.108945,3,66000,387130000C,(04)23289100,(04)25368667
5418,2023,03,14,18,7,臺中市,東區,0,1,0,8,2,5,50,4,1,1,5,4,5,7,1,1,10,5,5,2,16,8,3,10,1,1,B03,7,5,1,8,2,2,"  ",8,8,1,9,8,B03,120.699713,24.14458,2,66000,387130000C,(04)23289100,(04)25368667
5419,2023,03,14,18,8,臺中市,潭子區,0,1,0,8,2,5,60,4,1,1,5,4,5,7,1,1,10,5,5,2,12,16,2,9,1,1,C03,7,9,1,10,2,11,"  ",16,16,1,22,8,C03,120.70515,24.215575,2,66000,387130000C,(04)23289100,(04)25368667
5420,2023,03,14,18,9,臺中市,西屯區,0,1,0,8,3,5,70,3,7,1,5,4,5,7,2,1,1,2,1,2,13,23,3,10,1,1,B03,7,9,1,8,1,1,"  ",23,23,1,22,8,B03,120.615268,24.182938,2,66000,387130000C,(04)23289100,(04)25368667
5421,2023,03,14,18,10,臺中市,大雅區,0,0,0,8,,,60,,,,,,,,,,,,,,,23,"  ","  ","  ","  ",B03,"  ","  ",1,"  ",2,"  ","  ",23,"   ",1,22,"  ",B03,120.6347,24.236528,3,66000,387130000C,(04)23289100,(04)25368667
5422,2023,03,14,18,16,臺中市,南屯區,0,0,0,8,,,50,,,,,,,,,,,,,,,17,"  ","  ","  ","  ",B03,"  ","  ",1,"  ",1,"  ","  ",17,"   ",1,22,"  ",B03,120.647541,24.129618,3,66000,387130000C,(04)23289100,(04)25368667
5423,2023,03,14,18,17,臺中市,南屯區,0,0,0,,,,50,,,,,,,,,,,,,,,26,"  ","  ","  ","  ",B03,"  ","  ",1,"  ",1,"  ","  ",26,"   ",1,22,"  ",B03,120.626061,24.148516,3,66000,387130000C,(04)23289100,(04)25368667
5424,2023,03,14,18,17,臺中市,西屯區,0,0,0,8,,,30,,,,,,,,,,,,,,,23,"  ","  ","  ","  ",B03,"  ","  ",1,"  ",1,"  ","  ",23,"   ",1,22,"  ",B03,120.64823,24.182586,3,66000,387130000C,(04)23289100,(04)25368667
5425,2023,03,14,18,18,臺中市,西區,0,2,0,8,1,5,50,4,1,1,5,4,5,7,3,1,10,5,5,2,16,6,2,9,1,1,C03,7,5,1,10,2,12,"  ",6,6,1,4,5,C03,120.665098,24.132138,2,66000,387130000C,(04)23289100,(04)25368667
5426,2023,03,14,18,18,臺中市,西屯區,0,0,0,8,,,50,,,,,,,,,,,,,,,16,"  ","  ","  ","  ",C03,"  ","  ",1,"  ",1,"  ","  ",16,"   ",1,22,"  ",C03,120.652745,24.159744,3,66000,387130000C,(04)23289100,(04)25368667
5427,2023,03,14,18,19,臺中市,西區,0,0,0,8,,,50,,,,,,,,,,,,,,,23,"  ","  ","  ","  ",B02,"  ","  ",1,"  ",1,"  ","  ",23,23,1,4,"  ",B02,120.666907,24.153208,3,66000,387130000C,(04)23289100,(04)25368667
5428,2023,03,14,18,23,臺中市,西屯區,0,3,0,8,3,5,50,4,1,1,5,4,5,7,2,1,10,5,5,2,16,6,2,8,1,1,C03,7,5,1,10,2,11,"  ",6,6,1,22,8,C03,120.652392,24.166566,2,66000,387130000C,(04)23289100,(04)25368667
5429,2023,03,14,18,25,臺中市,沙鹿區,0,1,0,8,3,5,40,14,8,1,5,4,5,7,4,4,1,4,1,1,17,19,3,10,1,1,B03,7,1,1,8,2,8,"  ",19,19,1,3,5,B03,120.572113,24.232797,2,66000,387130000C,(04)23289100,(04)25368667
5430,2023,03,14,18,29,臺中市,清水區,0,2,0,8,2,5,30,4,1,1,5,4,5,7,4,4,9,5,5,2,15,6,2,9,1,1,C03,7,9,1,10,2,11,"  ",6,6,1,21,8,C03,120.573264,24.269988,2,66000,387130000C,(04)23289100,(04)25368667
5431,2023,03,14,18,30,臺中市,大里區,0,1,0,8,3,5,50,4,1,1,5,4,5,7,1,1,10,5,5,2,16,9,3,10,1,1,B03,7,6,1,8,2,6,"  ",9,9,1,5,1,B03,120.674966,24.1033,2,66000,387130000C,(04)23289100,(04)25368667
5432,2023,03,14,18,32,臺中市,西區,0,0,0,8,,,50,,,,,,,,,,,,,,,23,"  ","  ","  ","  ",B03,"  ","  ",1,"  ",1,"  ","  ",23,"   ",1,2,"  ",B03,120.672847,24.148184,3,66000,387130000C,(04)23289100,(04)25368667
5433,2023,03,14,18,40,臺中市,南區,0,1,0,8,3,5,50,4,1,1,5,4,5,7,1,1,10,5,5,2,17,23,3,10,1,1,B03,7,6,1,8,2,1,"  ",23,23,1,22,8,B03,120.670095,24.119043,2,66000,387130000C,(04)23289100,(04)25368667
5434,2023,03,14,18,40,臺中市,西屯區,0,0,0,8,,,40,,,,,,,,,,,,,,,42,"  ","  ","  ","  ",C03,"  ","  ",1,"  ",1,"  ","  ",42,"   ",1,4,"  ",C03,120.64442,24.165269,3,66000,387130000C,(04)23289100,(04)25368667
5435,2023,03,14,18,46,臺中市,東區,0,2,0,8,3,5,50,14,22,1,5,4,5,7,4,4,9,5,5,2,9,42,2,9,1,1,C03,7,9,1,10,2,11,"  ",42,23,1,22,8,C03,120.709488,24.149056,2,66000,387130000C,(04)23289100,(04)25368667
5436,2023,03,14,18,53,臺中市,太平區,0,1,0,8,3,5,80,10,7,1,5,4,5,7,4,4,2,4,5,1,13,16,2,1,3,4,B03,7,9,1,8,2,8,"  ",16,16,1,5,8,B03,120.717498,24.158169,2,66000,387130000C,(04)23289100,(04)25368667
5437,2023,03,14,18,54,臺中市,南屯區,0,1,0,8,3,5,50,4,1,1,5,4,5,7,1,1,10,5,5,2,17,23,3,10,1,1,B03,7,6,1,8,2,8,"  ",23,23,1,5,8,B03,120.640646,24.141801,2,66000,387130000C,(04)23289100,(04)25368667
5438,2023,03,14,19,3,臺中市,東區,0,1,0,8,3,5,50,4,1,1,5,4,5,7,1,1,10,5,5,2,16,6,3,10,1,1,C04,7,5,1,10,2,11,"  ",6,6,1,3,8,C04,120.697961,24.135211,2,66000,387130000C,(04)23289100,(04)25368667
5439,2023,03,14,19,5,臺中市,北屯區,0,1,0,8,3,5,50,3,1,1,5,4,5,7,1,1,10,5,5,2,13,16,2,9,1,1,C03,7,9,1,10,2,11,"  ",16,16,1,22,8,C03,120.681111,24.176377,2,66000,387130000C,(04)23289100,(04)25368667
5440,2023,03,14,19,5,臺中市,大里區,0,1,0,8,3,5,50,11,13,1,5,4,5,7,4,4,1,4,5,1,16,7,3,10,1,1,B03,7,8,1,8,2,5,"  ",7,7,1,22,1,B03,120.689725,24.120706,2,66000,387130000C,(04)23289100,(04)25368667
5441,2023,03,14,19,7,臺中市,西區,0,0,0,8,,,50,,,,,,,,,,,,,,,23,"  ","  ","  ","  ",B03,"  ","  ",1,"  ",1,"  ","  ",23,"   ",1,4,"  ",B03,120.664686,24.150863,3,66000,387130000C,(04)23289100,(04)25368667
5442,2023,03,14,19,8,臺中市,西屯區,0,0,0,8,,,50,,,,,,,,,,,,,,,23,"  ","  ","  ","  ",B03,"  ","  ",1,"  ",1,"  ","  ",23,"   ",1,22,"  ",B03,120.6438,24.195285,3,66000,387130000C,(04)23289100,(04)25368667
5443,2023,03,14,19,9,臺中市,北區,0,2,0,8,3,5,50,3,1,1,5,4,5,7,1,1,10,5,5,2,20,42,2,9,1,1,C03,7,5,1,10,2,11,"  ",42,23,1,22,8,C03,120.664943,24.165071,2,66000,387130000C,(04)23289100,(04)25368667
5444,2023,03,14,19,23,臺中市,石岡區,0,1,0,8,3,5,40,14,9,1,5,4,5,7,4,4,1,4,4,1,27,23,2,9,1,1,C03,7,9,1,10,2,11,"  ",23,23,1,22,9,C03,120.80205,24.268406,2,66000,387130000C,(04)23289100,(04)25368667
5445,2023,03,14,19,24,臺中市,南屯區,0,0,0,,,,50,,,,,,,,,,,,,,,23,"  ","  ","  ","  ",B03,"  ","  ",1,"  ",2,"  ","  ",23,"   ",1,4,"  ",B03,120.646336,24.134759,3,66000,387130000C,(04)23289100,(04)25368667
5446,2023,03,14,19,27,臺中市,大里區,0,1,0,8,3,5,50,4,1,1,5,4,5,7,1,1,1,4,4,2,16,6,3,10,1,1,B03,7,6,1,8,2,2,"  ",6,6,1,22,9,B03,120.694594,24.089315,2,66000,387130000C,(04)23289100,(04)25368667
5447,2023,03,14,19,28,臺中市,西屯區,0,1,0,8,3,5,50,4,1,1,5,4,5,7,2,1,1,4,1,2,3,15,3,10,3,4,B03,7,5,1,8,2,1,"  ",15,15,1,22,8,B03,120.626815,24.159568,2,66000,387130000C,(04)23289100,(04)25368667
5448,2023,03,14,19,29,臺中市,南區,0,3,0,7,3,5,50,4,1,1,5,4,5,7,1,1,10,5,5,2,16,25,2,9,1,1,C03,7,9,1,10,2,11,"  ",25,25,1,22,8,C03,120.659937,24.126313,2,66000,387130000C,(04)23289100,(04)25368667
5449,2023,03,14,19,30,臺中市,西區,0,0,0,8,,,30,,,,,,,,,,,,,,,44,"  ","  ","  ","  ",B03,"  ","  ",8,"  ",10,"  ","  ",44,"   ",1,4,"  ",B03,120.656768,24.147276,3,66000,387130000C,(04)23289100,(04)25368667
5450,2023,03,14,19,30,臺中市,西屯區,0,1,0,8,3,5,50,14,9,1,5,4,5,7,2,1,5,4,5,2,12,26,3,10,1,1,B03,7,5,1,8,2,8,"  ",26,26,1,22,8,B03,120.624326,24.194282,2,66000,387130000C,(04)23289100,(04)25368667
5451,2023,03,14,19,33,臺中市,南屯區,0,1,0,8,3,5,50,4,1,1,5,4,5,7,1,1,4,3,4,2,17,23,2,9,1,1,C03,7,9,1,9,2,12,"  ",23,23,1,22,8,C03,120.642931,24.148703,2,66000,387130000C,(04)23289100,(04)25368667
5452,2023,03,14,19,36,臺中市,豐原區,0,1,0,8,3,5,50,4,1,1,5,4,5,7,1,1,10,5,5,2,16,9,3,10,1,1,B12,7,6,1,1,2,5,"  ",9,9,1,22,8,B12,120.744569,24.264852,2,66000,387130000C,(04)23289100,(04)25368667
5453,2023,03,14,19,39,臺中市,龍井區,0,2,0,8,3,5,30,3,1,1,5,4,5,7,4,4,10,5,5,2,16,6,2,8,1,1,C03,7,5,1,10,2,11,"  ",6,6,1,22,8,C03,120.592744,24.182146,2,66000,387130000C,(04)23289100,(04)25368667
5454,2023,03,14,19,42,臺中市,東區,0,1,0,8,3,5,50,4,1,1,5,4,5,7,1,1,10,5,5,2,11,6,3,10,1,1,B02,7,5,1,8,2,5,"  ",6,6,1,22,8,B02,120.702184,24.138882,2,66000,387130000C,(04)23289100,(04)25368667
5455,2023,03,14,19,48,臺中市,大里區,0,0,0,8,,,50,,,,,,,,,,,,,,,23,"  ","  ","  ","  ",B03,"  ","  ",1,"  ",2,"  ","  ",23,"   ",1,5,"  ",B03,120.681255,24.104368,3,66000,387130000C,(04)23289100,(04)25368667
5456,2023,03,14,19,50,臺中市,南區,0,0,0,8,,,50,,,,,,,,,,,,,,,23,"  ","  ","  ","  ",B03,"  ","  ",1,"  ",2,"  ","  ",23,"   ",1,22,"  ",B03,120.66999,24.119723,3,66000,387130000C,(04)23289100,(04)25368667
5457,2023,03,14,19,51,臺中市,南屯區,0,1,0,8,3,5,50,4,1,1,5,4,5,7,1,1,5,5,5,2,16,26,3,10,1,1,C03,7,6,1,10,2,12,"  ",26,26,1,22,8,C03,120.611861,24.148966,2,66000,387130000C,(04)23289100,(04)25368667
5458,2023,03,14,19,54,臺中市,北區,0,3,0,8,1,5,50,3,1,1,5,4,5,7,4,4,10,5,5,2,16,6,2,9,1,1,C03,7,9,1,10,2,11,"  ",14,6,1,22,9,C03,120.686071,24.149218,2,66000,387130000C,(04)23289100,(04)25368667
5459,2023,03,14,19,55,臺中市,西區,0,0,0,8,,,50,,,,,,,,,,,,,,,6,"  ","  ","  ","  ",B03,"  ","  ",1,"  ",1,"  ","  ",6,"   ",1,22,"  ",B03,120.663552,24.153447,3,66000,387130000C,(04)23289100,(04)25368667
5460,2023,03,14,19,58,臺中市,東區,0,2,0,8,3,5,50,14,9,1,5,4,5,7,4,4,5,4,5,2,13,16,2,8,1,1,C03,7,9,1,10,2,11,"  ",16,16,1,18,8,C03,120.701011,24.132125,2,66000,387130000C,(04)23289100,(04)25368667
5461,2023,03,14,20,7,臺中市,西屯區,0,1,0,8,3,5,50,14,9,1,5,4,5,7,4,4,5,4,5,2,17,42,2,9,3,4,C03,7,9,1,10,2,12,"  ",42,43,1,22,8,C03,120.65711,24.164241,2,66000,387130000C,(04)23289100,(04)25368667
5462,2023,03,14,20,10,臺中市,沙鹿區,0,0,0,8,,,50,,,,,,,,,,,,,,,23,"  ","  ","  ","  ",B12,"  ","  ",1,"  ",2,"  ","  ",23,"   ",1,4,"  ",B12,120.55739,24.224356,3,66000,387130000C,(04)23289100,(04)25368667
5463,2023,03,14,20,11,臺中市,太平區,0,0,0,8,,,50,,,,,,,,,,,,,,,17,"  ","  ","  ","  ",B03,"  ","  ",1,"  ",2,"  ","  ",17,"   ",1,22,"  ",B03,120.734181,24.144008,3,66000,387130000C,(04)23289100,(04)25368667
5464,2023,03,14,20,13,臺中市,北屯區,0,2,0,8,3,5,50,14,9,1,5,4,5,7,4,4,1,4,5,2,13,23,2,8,3,4,C03,7,9,1,10,2,11,"  ",23,23,1,21,8,C03,120.70774,24.183163,2,66000,387130000C,(04)23289100,(04)25368667
5465,2023,03,14,20,15,臺中市,大雅區,0,1,0,8,4,5,50,4,1,1,5,4,5,7,2,1,5,4,4,1,16,6,3,10,1,1,B03,7,5,1,8,2,5,"  ",6,6,1,22,9,B03,120.646703,24.226093,2,66000,387130000C,(04)23289100,(04)25368667
5466,2023,03,14,20,21,臺中市,西屯區,0,2,0,8,1,5,30,4,1,1,5,4,5,7,4,4,10,5,5,2,16,6,2,9,1,1,C03,7,9,1,10,2,12,"  ",6,6,1,4,8,C03,120.644261,24.180131,2,66000,387130000C,(04)23289100,(04)25368667
5467,2023,03,14,20,27,臺中市,北屯區,0,0,0,8,,,80,,,,,,,,,,,,,,,7,"  ","  ","  ","  ",B03,"  ","  ",1,"  ",11,"  ","  ",7,7,1,21,"  ",B03,120.722375,24.187847,3,66000,387130000C,(04)23289100,(04)25368667
5468,2023,03,14,20,36,臺中市,烏日區,0,2,0,8,3,5,50,3,1,1,5,4,5,7,1,1,10,5,5,2,16,6,3,10,1,1,B03,7,5,1,8,2,6,"  ",6,6,1,21,8,B03,120.645706,24.110071,2,66000,387130000C,(04)23289100,(04)25368667
5469,2023,03,14,20,37,臺中市,潭子區,0,1,0,8,3,8,60,14,7,1,5,4,5,7,4,4,3,4,4,1,13,16,2,9,1,1,C03,7,9,1,10,2,11,"  ",16,16,1,22,8,C03,120.70243,24.190763,2,66000,387130000C,(04)23289100,(04)25368667
5470,2023,03,14,20,42,臺中市,霧峰區,0,1,0,8,1,5,50,3,1,1,5,4,5,7,4,4,10,5,5,2,16,10,3,10,1,1,C03,7,11,1,10,2,14,"  ",10,10,1,22,8,C03,120.697281,24.06432,2,66000,387130000C,(04)23289100,(04)25368667
5471,2023,03,14,20,42,臺中市,外埔區,0,0,0,,,,50,,,,,,,,,,,,,,,42,"  ","  ","  ","  ",A02,"  ","  ",1,"  ",2,"  ","  ",42,42,1,22,"  ",A02,120.654105,24.3204,3,66000,387130000C,(04)23289100,(04)25368667
5472,2023,03,14,20,52,臺中市,北區,0,1,0,8,3,5,50,4,1,1,5,4,5,7,4,4,10,5,5,2,16,6,3,10,1,1,B03,7,9,1,8,2,2,"  ",6,6,1,22,8,B03,120.674825,24.147878,2,66000,387130000C,(04)23289100,(04)25368667
5473,2023,03,14,20,57,臺中市,大雅區,0,0,0,8,,,50,,,,,,,,,,,,,,,25,"  ","  ","  ","  ",B03,"  ","  ",1,"  ",2,"  ","  ",25,"   ",1,22,"  ",B03,120.645845,24.225776,3,66000,387130000C,(04)23289100,(04)25368667
5474,2023,03,14,20,57,臺中市,北區,0,1,0,8,3,5,50,3,1,1,5,4,5,7,4,4,10,5,5,2,17,19,3,10,1,1,B03,7,1,1,8,2,4,"  ",19,19,1,22,9,B03,120.686737,24.148505,2,66000,387130000C,(04)23289100,(04)25368667
5475,2023,03,14,20,57,臺中市,霧峰區,0,3,0,8,3,5,30,3,1,1,5,4,5,7,4,4,10,5,5,1,12,6,2,9,1,1,C03,7,5,1,10,2,14,"  ",6,6,1,4,5,C03,120.666924,24.070115,2,66000,387130000C,(04)23289100,(04)25368667
5476,2023,03,14,20,57,臺中市,梧棲區,0,0,0,,,,40,,,,,,,,,,,,,,,6,"  ","  ","  ","  ",B03,"  ","  ",1,"  ",2,"  ","  ",6,"   ",1,4,"  ",B03,120.532203,24.247344,3,66000,387130000C,(04)23289100,(04)25368667
5477,2023,03,14,21,0,臺中市,北區,0,0,0,8,,,40,,,,,,,,,,,,,,,12,"  ","  ","  ","  ",B12,"  ","  ",1,"  ",1,"  ","  ",12,"   ",1,22,"  ",B12,120.66668,24.155463,3,66000,387130000C,(04)23289100,(04)25368667
5478,2023,03,14,21,15,臺中市,清水區,0,0,0,8,,,40,,,,,,,,,,,,,,,23,"  ","  ","  ","  ",B03,"  ","  ",1,"  ",2,"  ","  ",23,"   ",1,21,"  ",B03,120.560452,24.277183,3,66000,387130000C,(04)23289100,(04)25368667
5479,2023,03,14,21,16,臺中市,南區,0,3,0,7,3,5,50,14,7,1,5,4,5,7,1,1,10,5,5,2,13,23,3,10,1,1,B03,7,9,1,8,2,1,"  ",23,23,1,22,8,B03,120.645588,24.110449,2,66000,387130000C,(04)23289100,(04)25368667
5480,2023,03,14,21,25,臺中市,北區,0,0,0,8,,,50,,,,,,,,,,,,,,,16,"  ","  ","  ","  ",B03,"  ","  ",1,"  ",2,"  ","  ",16,"   ",1,22,"  ",B03,120.680608,24.162973,3,66000,387130000C,(04)23289100,(04)25368667
5481,2023,03,14,21,36,臺中市,北區,0,1,0,8,1,5,50,14,9,1,5,4,5,7,4,4,5,4,5,2,16,42,2,8,1,1,C03,7,1,1,10,2,12,"  ",42,42,1,22,9,C03,120.686448,24.152441,2,66000,387130000C,(04)23289100,(04)25368667
5482,2023,03,14,21,59,臺中市,南屯區,0,0,0,8,,,50,,,,,,,,,,,,,,,26,"  ","  ","  ","  ",B03,"  ","  ",1,"  ",2,"  ","  ",26,"   ",1,22,"  ",B03,120.615291,24.147203,3,66000,387130000C,(04)23289100,(04)25368667
5483,2023,03,14,21,59,臺中市,大肚區,0,0,0,8,,,30,,,,,,,,,,,,,,,17,"  ","  ","  ","  ",B12,"  ","  ",1,"  ",2,"  ","  ",17,"   ",1,5,"  ",B12,120.555735,24.128696,3,66000,387130000C,(04)23289100,(04)25368667
5484,2023,03,14,22,2,臺中市,豐原區,0,0,0,8,,,50,,,,,,,,,,,,,,,23,"  ","  ","  ","  ",B03,"  ","  ",1,"  ",2,"  ","  ",23,"   ",1,22,"  ",B03,120.745942,24.269877,4,66000,387130000C,(04)23289100,(04)25368667
5485,2023,03,14,22,17,臺中市,北屯區,0,1,0,8,3,5,40,3,1,1,5,4,5,7,4,4,10,5,5,2,16,42,3,10,1,1,B03,7,6,1,8,2,2,"  ",42,42,1,22,8,B03,120.720836,24.165558,2,66000,387130000C,(04)23289100,(04)25368667
5486,2023,03,14,22,20,臺中市,南屯區,0,2,0,8,3,5,50,4,2,1,5,4,5,7,2,1,1,4,5,2,17,23,2,9,1,4,C03,7,9,1,10,2,15,"  ",23,23,1,22,8,C03,120.646541,24.133369,2,66000,387130000C,(04)23289100,(04)25368667
5487,2023,03,14,22,20,臺中市,北屯區,0,1,0,8,1,5,50,4,1,1,5,4,5,7,1,1,10,5,5,2,16,6,3,10,1,1,B03,7,6,1,8,2,2,"  ",6,6,1,22,8,B03,120.6819,24.174952,2,66000,387130000C,(04)23289100,(04)25368667
5488,2023,03,14,22,24,臺中市,潭子區,0,1,0,8,3,5,60,14,8,1,5,4,5,7,4,4,1,4,4,1,24,23,2,9,1,1,C03,7,9,1,10,2,11,"  ",23,23,1,22,9,C03,120.702696,24.188816,2,66000,387130000C,(04)23289100,(04)25368667
5489,2023,03,14,22,25,臺中市,南屯區,0,0,0,,,,50,,,,,,,,,,,,,,,44,"  ","  ","  ","  ",B03,"  ","  ",1,"  ",2,"  ","  ",44,"   ",1,4,"  ",B03,120.632523,24.145588,3,66000,387130000C,(04)23289100,(04)25368667
5490,2023,03,14,22,57,臺中市,南屯區,0,1,0,8,3,5,50,4,1,1,5,4,5,7,2,1,1,2,5,2,17,25,2,9,3,4,C03,7,9,1,10,2,14,"  ",25,25,1,4,9,C03,120.630867,24.146599,2,66000,387130000C,(04)23289100,(04)25368667
5491,2023,03,14,23,18,臺中市,西屯區,0,1,0,8,3,5,50,3,1,1,5,4,5,7,4,4,10,5,5,2,13,16,2,9,1,1,C03,7,9,1,10,2,12,"  ",16,16,1,22,8,C03,120.643459,24.176485,2,66000,387130000C,(04)23289100,(04)25368667
5492,2023,03,14,23,22,臺中市,外埔區,0,2,0,8,3,5,50,3,1,1,5,4,5,7,4,4,9,5,5,1,16,1,2,8,1,1,C03,7,4,1,10,2,11,"  ",1,1,1,21,1,C03,120.7075,24.342323,2,66000,387130000C,(04)23289100,(04)25368667
5493,2023,03,14,23,29,臺中市,霧峰區,0,1,0,8,3,5,50,4,1,1,5,4,5,7,4,4,10,5,5,1,16,10,3,10,1,1,B12,7,11,1,8,2,7,"  ",10,10,1,22,9,B12,120.680362,24.058106,2,66000,387130000C,(04)23289100,(04)25368667
5494,2023,03,14,23,36,臺中市,西屯區,0,0,0,8,,,30,,,,,,,,,,,,,,,38,"  ","  ","  ","  ",B03,"  ","  ",1,"  ",1,"  ","  ",23,38,1,22,"  ",B03,120.648622,24.158733,3,66000,387130000C,(04)23289100,(04)25368667
5495,2023,03,14,23,37,臺中市,北屯區,0,0,0,8,,,50,,,,,,,,,,,,,,,18,"  ","  ","  ","  ",B03,"  ","  ",1,"  ",2,"  ","  ",18,"   ",1,22,"  ",B03,120.66103,24.18501,3,66000,387130000C,(04)23289100,(04)25368667
5496,2023,03,14,23,51,臺中市,北屯區,0,2,0,8,3,5,50,3,1,1,5,4,5,7,4,4,10,5,5,2,16,4,2,9,1,1,C03,7,9,3,18,2,11,"  ",4,4,1,4,8,C03,120.670098,24.17465,2,66000,387130000C,(04)23289100,(04)25368667
5497,2023,03,14,23,54,臺中市,西屯區,0,1,0,8,3,5,50,4,1,1,5,4,5,7,1,1,9,4,5,2,12,7,3,10,1,1,B03,7,8,6,18,2,2,"  ",7,7,1,12,8,B03,120.649491,24.171811,2,66000,387130000C,(04)23289100,(04)25368667
5498,2023,03,14,23,59,臺中市,南屯區,0,0,0,8,,,40,,,,,,,,,,,,,,,42,"  ","  ","  ","  ",C03,"  ","  ",1,"  ",1,"  ","  ",42,42,1,22,"  ",C03,120.637781,24.143073,3,66000,387130000C,(04)23289100,(04)25368667
5499,2023,03,15,0,12,臺中市,南區,0,1,0,8,3,5,40,4,1,1,5,4,5,7,4,4,10,5,5,2,3,10,3,10,1,1,B03,7,11,1,8,2,8,"  ",10,10,1,5,8,B03,120.684321,24.130622,2,66000,387130000C,(04)23289100,(04)25368667
5500,2023,03,15,0,27,臺中市,大里區,0,1,0,8,3,5,50,4,4,1,5,4,5,7,1,1,5,5,5,1,13,23,3,10,1,1,C03,7,9,1,10,7,11,"  ",23,23,1,22,8,C03,120.702731,24.088258,2,66000,387130000C,(04)23289100,(04)25368667
5501,2023,03,15,0,50,臺中市,西屯區,0,0,0,8,,,30,,,,,,,,,,,,,,,43,"  ","  ","  ","  ",B03,"  ","  ",3,"  ",11,"  ","  ",43,"   ",1,22,"  ",B03,120.610276,24.18634,3,66000,387130000C,(04)23289100,(04)25368667
5502,2023,03,15,2,25,臺中市,中區,0,1,0,8,3,5,50,14,8,1,5,4,5,7,4,4,5,4,4,2,13,23,2,9,1,1,C03,7,9,1,10,2,11,"  ",23,23,1,4,7,C03,120.677309,24.145358,2,66000,387130000C,(04)23289100,(04)25368667
5503,2023,03,15,3,31,臺中市,中區,0,0,0,8,,,50,,,,,,,,,,,,,,,12,"  ","  ","  ","  ",B03,"  ","  ",1,"  ",1,"  ","  ",12,"   ",1,21,"  ",B03,120.677111,24.143143,3,66000,387130000C,(04)23289100,(04)25368667
5504,2023,03,15,5,11,臺中市,大雅區,0,1,0,8,3,5,50,14,13,1,5,4,5,7,4,4,1,4,4,1,17,23,2,9,1,1,C03,7,9,1,10,2,11,"  ",23,23,1,22,9,C03,120.638542,24.232941,2,66000,387130000C,(04)23289100,(04)25368667
5505,2023,03,15,5,56,臺中市,大里區,0,2,0,8,2,5,50,14,12,1,5,4,5,7,4,4,9,4,4,1,2,23,2,9,1,1,C03,7,9,1,10,2,11,"  ",23,23,1,22,9,C03,120.696062,24.081595,2,66000,387130000C,(04)23289100,(04)25368667
5506,2023,03,15,6,55,臺中市,北屯區,0,1,0,8,1,5,50,4,1,1,5,4,5,7,4,4,5,5,5,2,15,6,2,9,1,1,C03,7,9,1,10,2,11,"  ",6,6,1,22,8,C03,120.707372,24.16606,2,66000,387130000C,(04)23289100,(04)25368667
5507,2023,03,15,6,58,臺中市,大里區,0,2,0,8,1,5,50,3,1,1,5,4,5,7,4,4,5,2,5,2,16,1,2,9,1,1,C03,7,9,1,10,2,12,14,1,1,1,22,9,C03,120.706659,24.097494,2,66000,387130000C,(04)23289100,(04)25368667
5508,2023,03,15,7,0,臺中市,大甲區,0,0,0,8,,,50,,,,,,,,,,,,,,,23,"  ","  ","  ","  ",C03,"  ","  ",1,"  ",2,"  ","  ",23,"   ",1,21,"  ",C03,120.623019,24.344146,3,66000,387130000C,(04)23289100,(04)25368667