序號,年,月,日,時,分,縣市,區,死亡數量,受傷數量,2-30,天候,光線,道路類別,速限_速度(公里),道路型態,事故位置,路面鋪裝,路面狀態,路面缺陷,障礙物,視距,號誌種類,號誌動作,分向設施,快車道或一般車道間,快慢車道間,路面邊線,事故類型及型態,主要肇因,受傷程度,主要傷處,保護裝備,行動電話,當事者區分,車輛用途,當事者行動狀態,駕駛資格情形,駕駛執照種類,飲酒情形,車輛撞擊部位最初,車輛撞擊部位其他,肇事因素個別,肇事因素主要,肇事逃逸,職業,旅次目的,車種,GPS座標X,GPS座標Y,事故類別,縣市別代碼,機關代碼,市話,傳真
5509,2023,03,15,7,5,臺中市,石岡區,0,0,0,,,,60,,,,,,,,,,,,,,,16,"  ","  ","  ","  ",B03,"  ","  ",1,"  ",2,"  ","  ",16,"   ",1,22,"  ",B03,120.783846,24.274589,3,66000,387130000C,(04)23289100,(04)25368667
5510,2023,03,15,7,7,臺中市,大雅區,0,1,0,8,1,5,30,3,1,1,5,4,5,7,4,4,10,5,5,2,17,19,3,10,1,1,B03,7,1,1,8,2,1,"  ",19,19,1,21,8,B03,120.623993,24.236123,2,66000,387130000C,(04)23289100,(04)25368667
5511,2023,03,15,7,8,臺中市,西屯區,0,0,0,8,,,50,,,,,,,,,,,,,,,23,"  ","  ","  ","  ",B03,"  ","  ",1,"  ",1,"  ","  ",44,"   ",1,22,"  ",B03,120.630888,24.18353,3,66000,387130000C,(04)23289100,(04)25368667
5512,2023,03,15,7,12,臺中市,梧棲區,0,0,0,8,,,60,,,,,,,,,,,,,,,19,"  ","  ","  ","  ",B12,"  ","  ",1,"  ",2,"  ","  ",44,19,1,5,"  ",B12,120.534916,24.247438,3,66000,387130000C,(04)23289100,(04)25368667
5513,2023,03,15,7,15,臺中市,西區,0,2,0,8,1,5,50,4,1,1,5,4,5,7,1,1,10,5,5,2,16,6,2,7,1,1,C03,7,5,1,10,2,11,"  ",6,6,1,21,8,C03,120.665103,24.133676,2,66000,387130000C,(04)23289100,(04)25368667
5514,2023,03,15,7,17,臺中市,西屯區,0,0,0,8,,,50,,,,,,,,,,,,,,,7,"  ","  ","  ","  ",C03,"  ","  ",1,"  ",11,"  ","  ",7,"   ",1,22,"  ",C03,120.621505,24.183354,3,66000,387130000C,(04)23289100,(04)25368667
5515,2023,03,15,7,18,臺中市,西屯區,0,1,0,8,1,5,50,14,9,1,5,4,5,7,4,4,5,5,5,2,13,23,2,9,3,4,C03,7,9,1,10,1,11,"  ",23,23,1,22,8,C03,120.5943,24.18536,2,66000,387130000C,(04)23289100,(04)25368667
5516,2023,03,15,7,22,臺中市,南區,0,1,0,8,1,5,40,14,8,1,5,4,5,7,4,4,1,4,4,2,17,43,3,10,1,1,B12,7,9,1,8,2,6,"  ",43,43,1,21,8,B12,120.655953,24.115926,2,66000,387130000C,(04)23289100,(04)25368667
5517,2023,03,15,7,24,臺中市,西屯區,0,1,0,8,1,5,50,14,7,1,5,4,5,7,4,4,5,5,4,2,13,23,2,1,1,1,B03,7,9,1,8,2,1,"  ",23,23,1,22,8,B03,120.661099,24.164833,2,66000,387130000C,(04)23289100,(04)25368667
5518,2023,03,15,7,30,臺中市,潭子區,0,2,0,8,1,5,50,14,8,1,5,4,5,7,4,4,1,4,4,2,17,23,3,10,1,1,B03,7,9,1,8,2,2,"  ",23,23,1,22,8,B03,120.710885,24.200802,2,66000,387130000C,(04)23289100,(04)25368667
5519,2023,03,15,7,30,臺中市,大里區,0,0,0,8,,,50,,,,,,,,,,,,,,,23,"  ","  ","  ","  ",B02,"  ","  ",1,"  ",2,"  ","  ",23,"   ",1,22,"  ",B02,120.687618,24.086309,3,66000,387130000C,(04)23289100,(04)25368667
5520,2023,03,15,7,33,臺中市,南區,0,0,0,8,,,50,,,,,,,,,,,,,,,10,"  ","  ","  ","  ",C03,"  ","  ",6,"  ",2,"  ","  ",10,"   ",1,22,"  ",C03,120.661462,24.121565,3,66000,387130000C,(04)23289100,(04)25368667
5521,2023,03,15,7,33,臺中市,沙鹿區,0,2,0,8,1,5,50,3,1,1,5,4,5,7,4,4,10,5,5,2,17,6,2,7,1,1,C03,7,9,1,10,2,11,"  ",23,6,1,22,8,C03,120.564587,24.207012,2,66000,387130000C,(04)23289100,(04)25368667
5522,2023,03,15,7,35,臺中市,西屯區,0,0,0,8,,,50,,,,,,,,,,,,,,,23,"  ","  ","  ","  ",B03,"  ","  ",1,"  ",2,"  ","  ",23,"   ",1,22,"  ",B03,120.610617,24.189826,3,66000,387130000C,(04)23289100,(04)25368667
5523,2023,03,15,7,35,臺中市,大里區,0,0,0,8,,,50,,,,,,,,,,,,,,,7,"  ","  ","  ","  ",B03,"  ","  ",1,"  ",2,"  ","  ",7,"   ",1,22,"  ",B03,120.689119,24.119351,3,66000,387130000C,(04)23289100,(04)25368667
5524,2023,03,15,7,35,臺中市,大里區,0,2,0,8,1,5,50,3,1,1,5,4,5,7,4,4,10,5,5,2,16,6,2,9,1,1,C03,7,6,1,10,2,14,"  ",6,6,1,4,1,C03,120.694039,24.089762,2,66000,387130000C,(04)23289100,(04)25368667
5525,2023,03,15,7,35,臺中市,龍井區,0,0,0,8,,,70,,,,,,,,,,,,,,,43,"  ","  ","  ","  ",C03,"  ","  ",1,"  ",2,"  ","  ",43,"   ",1,21,"  ",C03,120.51,24.21,3,66000,387130000C,(04)23289100,(04)25368667
5526,2023,03,15,7,35,臺中市,神岡區,0,1,0,8,1,5,50,4,1,1,5,4,5,7,1,1,9,5,5,1,10,23,3,10,1,1,C03,7,9,3,18,11,14,"  ",23,23,2,22,8,C03,120.677548,24.264903,2,66000,387130000C,(04)23289100,(04)25368667
5527,2023,03,15,7,38,臺中市,大雅區,0,0,0,8,,,50,,,,,,,,,,,,,,,16,"  ","  ","  ","  ",B03,"  ","  ",1,"  ",2,"  ","  ",16,"   ",1,22,"  ",B03,120.64676,24.222573,3,66000,387130000C,(04)23289100,(04)25368667
5528,2023,03,15,7,38,臺中市,南屯區,0,0,0,,,,50,,,,,,,,,,,,,,,23,"  ","  ","  ","  ",B03,"  ","  ",1,"  ",2,"  ","  ",23,"   ",1,22,"  ",B03,120.598422,24.155204,3,66000,387130000C,(04)23289100,(04)25368667
5529,2023,03,15,7,38,臺中市,清水區,0,2,0,8,1,5,50,3,1,1,5,4,5,7,3,1,10,5,5,2,16,6,2,9,1,1,C03,7,5,1,10,2,11,"  ",6,6,1,21,8,C03,120.577285,24.273737,2,66000,387130000C,(04)23289100,(04)25368667
5530,2023,03,15,7,39,臺中市,南屯區,0,0,0,,,,50,,,,,,,,,,,,,,,16,"  ","  ","  ","  ",B03,"  ","  ",1,"  ",2,"  ","  ",16,"   ",1,22,"  ",B03,120.598422,24.155204,3,66000,387130000C,(04)23289100,(04)25368667
5531,2023,03,15,7,39,臺中市,北屯區,0,0,0,8,,,50,,,,,,,,,,,,,,,16,"  ","  ","  ","  ",B03,"  ","  ",1,"  ",1,"  ","  ",16,"   ",1,22,"  ",B03,120.718779,24.161955,3,66000,387130000C,(04)23289100,(04)25368667
5532,2023,03,15,7,40,臺中市,南屯區,0,1,0,8,1,5,50,14,7,1,5,4,5,7,4,4,1,4,1,2,13,16,3,10,1,1,B03,7,9,1,8,2,1,"  ",16,16,1,22,8,B03,120.598422,24.155204,2,66000,387130000C,(04)23289100,(04)25368667
5533,2023,03,15,7,41,臺中市,南屯區,0,0,0,,,,30,,,,,,,,,,,,,,,12,"  ","  ","  ","  ",B03,"  ","  ",1,"  ",2,"  ","  ",12,"   ",1,22,"  ",B03,120.613038,24.150106,3,66000,387130000C,(04)23289100,(04)25368667
5534,2023,03,15,7,42,臺中市,豐原區,0,1,0,8,1,5,50,3,1,1,5,4,5,7,1,1,1,2,5,2,12,9,3,10,1,1,B03,7,6,1,8,2,5,"  ",9,9,1,22,8,B03,120.722423,24.260487,2,66000,387130000C,(04)23289100,(04)25368667
5535,2023,03,15,7,43,臺中市,霧峰區,0,2,0,8,1,5,30,14,9,1,5,4,5,7,4,4,10,5,5,2,10,44,2,9,1,1,C03,7,9,1,10,2,11,"  ",44,44,1,12,8,C03,120.718333,24.078707,2,66000,387130000C,(04)23289100,(04)25368667
5536,2023,03,15,7,44,臺中市,北屯區,0,0,0,8,,,50,,,,,,,,,,,,,,,16,"  ","  ","  ","  ",C03,"  ","  ",1,"  ",1,"  ","  ",16,"   ",1,21,"  ",C03,120.668481,24.192786,3,66000,387130000C,(04)23289100,(04)25368667
5537,2023,03,15,7,44,臺中市,太平區,0,1,0,8,1,5,50,4,1,1,5,4,5,7,1,1,10,5,5,2,18,26,2,9,1,1,C03,7,9,1,10,2,14,"  ",26,42,1,22,8,C03,120.725586,24.145988,2,66000,387130000C,(04)23289100,(04)25368667
5538,2023,03,15,7,46,臺中市,潭子區,0,0,0,8,,,50,,,,,,,,,,,,,,,7,"  ","  ","  ","  ",B03,"  ","  ",1,"  ",2,"  ","  ",7,"   ",1,22,"  ",B03,120.704247,24.201211,3,66000,387130000C,(04)23289100,(04)25368667
5539,2023,03,15,7,46,臺中市,太平區,0,0,0,8,,,40,,,,,,,,,,,,,,,16,"  ","  ","  ","  ",C03,"  ","  ",1,"  ",2,11,12,16,16,1,22,"  ",C03,120.730004,24.109995,3,66000,387130000C,(04)23289100,(04)25368667
5540,2023,03,15,7,47,臺中市,南屯區,0,1,0,8,1,5,50,4,1,5,5,4,5,7,2,1,10,5,5,2,17,26,3,10,1,1,B03,7,5,1,8,2,5,"  ",26,26,1,22,9,B03,120.634394,24.130053,2,66000,387130000C,(04)23289100,(04)25368667
5541,2023,03,15,7,50,臺中市,大雅區,0,0,0,8,,,50,,,,,,,,,,,,,,,30,"  ","  ","  ","  ",A12,"  ","  ",1,"  ",2,"  ","  ",30,"   ",1,22,"  ",A12,120.67222,24.22902,3,66000,387130000C,(04)23289100,(04)25368667
5542,2023,03,15,7,50,臺中市,西屯區,0,2,0,8,1,5,50,4,1,1,5,4,5,7,2,1,10,5,5,2,16,42,2,9,1,1,C03,7,15,1,10,1,12,"  ",42,42,1,22,8,C03,120.653445,24.195223,2,66000,387130000C,(04)23289100,(04)25368667
5543,2023,03,15,7,50,臺中市,西屯區,0,1,0,8,1,5,50,5,1,1,5,4,5,7,1,1,10,5,5,2,17,43,3,10,1,1,B03,7,9,1,8,2,5,"  ",43,43,1,21,8,B03,120.619693,24.169063,2,66000,387130000C,(04)23289100,(04)25368667
5544,2023,03,15,7,50,臺中市,大里區,0,2,0,8,1,5,30,4,1,1,5,4,5,7,4,4,10,5,5,2,16,6,2,8,1,1,C03,7,9,1,10,2,11,"  ",6,6,1,22,8,C03,120.70626,24.08418,2,66000,387130000C,(04)23289100,(04)25368667
5545,2023,03,15,7,50,臺中市,太平區,0,2,0,8,1,5,30,3,2,1,5,4,5,7,4,4,10,5,5,2,11,5,2,8,1,1,C03,7,9,1,10,2,11,"  ",5,5,1,22,8,C03,120.713445,24.136989,2,66000,387130000C,(04)23289100,(04)25368667
5546,2023,03,15,7,50,臺中市,烏日區,0,1,0,8,1,5,40,14,8,1,5,4,5,7,4,4,1,4,5,1,12,17,3,10,1,1,C03,7,9,1,10,2,14,"  ",17,17,1,21,8,C03,120.595073,24.112093,2,66000,387130000C,(04)23289100,(04)25368667
5547,2023,03,15,7,51,臺中市,太平區,0,1,0,8,1,5,50,4,1,1,5,4,5,7,2,1,10,5,5,2,29,25,2,9,1,1,C03,7,9,1,10,2,14,11,25,25,1,22,8,C03,120.705005,24.159461,2,66000,387130000C,(04)23289100,(04)25368667
5548,2023,03,15,7,52,臺中市,神岡區,0,1,0,8,1,5,50,3,18,1,5,4,5,7,1,1,5,5,4,2,3,25,3,10,1,1,B03,7,9,1,8,2,2,"  ",25,25,1,21,8,B03,120.703221,24.262305,2,66000,387130000C,(04)23289100,(04)25368667
5549,2023,03,15,7,54,臺中市,大雅區,0,1,0,8,1,5,50,3,1,1,5,4,5,7,1,1,5,5,5,1,17,23,2,7,1,1,C03,7,9,1,10,2,11,"  ",23,23,1,21,8,C03,120.673041,24.210759,2,66000,387130000C,(04)23289100,(04)25368667
5550,2023,03,15,7,54,臺中市,烏日區,0,1,0,8,1,5,50,4,1,1,5,4,5,7,3,1,5,4,5,1,13,23,2,8,1,1,C03,7,12,1,10,2,11,12,23,23,1,21,8,C03,120.655124,24.056709,2,66000,387130000C,(04)23289100,(04)25368667
5551,2023,03,15,8,0,臺中市,烏日區,0,1,0,8,1,5,50,14,8,1,5,4,5,7,4,4,1,4,4,2,18,42,2,9,1,1,C03,7,9,1,10,2,12,"  ",42,42,1,21,8,C03,120.640625,24.114498,2,66000,387130000C,(04)23289100,(04)25368667
5552,2023,03,15,8,2,臺中市,北屯區,0,2,0,8,1,5,50,14,9,1,5,4,5,7,4,4,1,3,5,2,16,7,2,9,1,1,C03,7,10,1,10,2,12,"  ",7,7,1,21,8,C03,120.695701,24.171031,2,66000,387130000C,(04)23289100,(04)25368667
5553,2023,03,15,8,3,臺中市,石岡區,0,1,0,8,1,5,60,4,9,1,5,4,5,7,2,1,1,5,5,1,17,6,3,10,3,4,B02,7,5,1,8,2,2,"  ",6,6,1,22,8,B02,120.776844,24.274167,2,66000,387130000C,(04)23289100,(04)25368667
5554,2023,03,15,8,6,臺中市,南區,0,1,0,8,1,5,50,5,1,1,5,4,5,7,1,1,10,5,5,2,13,16,3,10,1,1,B03,7,9,1,8,2,1,"  ",16,16,1,22,8,B03,120.661462,24.121565,2,66000,387130000C,(04)23289100,(04)25368667
5555,2023,03,15,8,8,臺中市,南屯區,0,1,0,8,1,5,50,14,9,1,5,4,5,7,4,4,5,4,5,2,17,40,3,10,1,1,B03,7,13,1,8,2,15,"  ",40,40,1,22,8,B03,120.648665,24.134743,2,66000,387130000C,(04)23289100,(04)25368667
5556,2023,03,15,8,11,臺中市,北區,0,0,0,8,,,50,,,,,,,,,,,,,,,16,"  ","  ","  ","  ",C03,"  ","  ",1,"  ",1,"  ","  ",16,"   ",1,22,"  ",C03,120.679298,24.165404,3,66000,387130000C,(04)23289100,(04)25368667
5557,2023,03,15,8,11,臺中市,大肚區,0,0,0,,,,30,,,,,,,,,,,,,,,5,"  ","  ","  ","  ",B03,"  ","  ",1,"  ",2,"  ","  ",5,"   ",1,21,"  ",B03,120.552135,24.130842,3,66000,387130000C,(04)23289100,(04)25368667
5558,2023,03,15,8,13,臺中市,西區,0,0,0,,,,50,,,,,,,,,,,,,,,17,"  ","  ","  ","  ",B12,"  ","  ",1,"  ",1,"  ","  ",17,"   ",1,21,"  ",B12,120.669582,24.142761,3,66000,387130000C,(04)23289100,(04)25368667
5559,2023,03,15,8,13,臺中市,南屯區,0,2,0,8,1,5,50,14,8,1,5,4,5,7,4,4,3,4,4,2,17,6,2,9,1,1,C03,7,6,1,10,2,12,"  ",6,6,1,22,8,C03,120.640571,24.147108,2,66000,387130000C,(04)23289100,(04)25368667
5560,2023,03,15,8,15,臺中市,霧峰區,0,1,0,8,1,5,60,3,1,1,5,4,5,7,4,4,10,5,5,2,17,6,3,10,1,1,B12,7,6,1,7,2,15,"  ",6,6,1,9,8,B12,120.69614,24.068014,2,66000,387130000C,(04)23289100,(04)25368667
5561,2023,03,15,8,16,臺中市,潭子區,0,1,0,8,1,5,40,3,1,1,5,4,5,7,4,4,1,5,5,1,17,6,3,10,1,1,B03,7,6,1,8,2,2,"  ",6,6,1,22,8,B03,120.714316,24.202697,2,66000,387130000C,(04)23289100,(04)25368667
5562,2023,03,15,8,17,臺中市,北屯區,0,2,0,8,1,5,40,14,8,1,5,4,5,7,4,4,9,4,4,2,17,7,2,9,1,1,C03,7,8,1,10,2,12,"  ",7,7,1,21,1,C03,120.664411,24.190493,2,66000,387130000C,(04)23289100,(04)25368667
5563,2023,03,15,8,19,臺中市,龍井區,0,1,0,8,1,5,30,4,1,1,5,4,5,7,3,1,10,5,5,2,16,6,3,10,1,1,B03,7,5,1,1,2,8,"  ",6,6,1,10,4,B03,120.522466,24.194128,2,66000,387130000C,(04)23289100,(04)25368667
5564,2023,03,15,8,20,臺中市,大肚區,0,0,0,8,,,50,,,,,,,,,,,,,,,23,"  ","  ","  ","  ",C03,"  ","  ",1,"  ",2,"  ","  ",23,"   ",1,21,"  ",C03,120.57569,24.162573,3,66000,387130000C,(04)23289100,(04)25368667
5565,2023,03,15,8,20,臺中市,神岡區,0,1,0,8,1,5,40,14,8,1,5,4,5,7,4,4,9,5,4,2,13,13,2,8,1,1,C03,7,9,1,9,2,11,"  ",13,13,1,21,8,C03,120.660585,24.25894,2,66000,387130000C,(04)23289100,(04)25368667
5566,2023,03,15,8,23,臺中市,南屯區,0,1,0,8,1,5,50,14,9,1,5,4,5,7,4,4,1,4,5,2,16,7,3,10,1,1,B03,7,8,1,8,2,5,"  ",7,7,1,22,9,B03,120.628513,24.146579,2,66000,387130000C,(04)23289100,(04)25368667
5567,2023,03,15,8,24,臺中市,南屯區,0,0,0,8,,,50,,,,,,,,,,,,,,,12,"  ","  ","  ","  ",B03,"  ","  ",1,"  ",1,"  ","  ",12,"   ",1,22,"  ",B03,120.646123,24.143156,3,66000,387130000C,(04)23289100,(04)25368667
5568,2023,03,15,8,24,臺中市,北屯區,0,0,0,8,,,50,,,,,,,,,,,,,,,2,"  ","  ","  ","  ",A41,"  ","  ",1,"  ",2,"  ","  ",2,2,1,22,"  ",A41,120.720458,24.162979,3,66000,387130000C,(04)23289100,(04)25368667
5569,2023,03,15,8,26,臺中市,西區,0,0,0,8,,,50,,,,,,,,,,,,,,,23,"  ","  ","  ","  ",C03,"  ","  ",1,"  ",1,"  ","  ",23,"   ",1,4,"  ",C03,120.655077,24.153575,3,66000,387130000C,(04)23289100,(04)25368667
5570,2023,03,15,8,27,臺中市,北屯區,0,0,0,8,,,50,,,,,,,,,,,,,,,7,"  ","  ","  ","  ",B03,"  ","  ",1,"  ",1,"  ","  ",7,"   ",1,21,"  ",B03,120.686395,24.18195,3,66000,387130000C,(04)23289100,(04)25368667
5571,2023,03,15,8,29,臺中市,大里區,0,0,0,8,,,50,,,,,,,,,,,,,,,23,"  ","  ","  ","  ",B03,"  ","  ",1,"  ",1,"  ","  ",23,"   ",1,22,"  ",B03,120.678585,24.116536,3,66000,387130000C,(04)23289100,(04)25368667
5572,2023,03,15,8,30,臺中市,西屯區,0,1,0,8,1,5,50,14,9,1,5,4,5,7,4,4,5,5,5,2,16,19,2,9,3,4,C03,7,1,3,18,2,11,"  ",19,19,1,22,8,C03,120.641333,24.178293,2,66000,387130000C,(04)23289100,(04)25368667
5573,2023,03,15,8,30,臺中市,大里區,0,0,0,8,,,50,,,,,,,,,,,,,,,1,"  ","  ","  ","  ",C03,"  ","  ",1,"  ",2,"  ","  ",1,"   ",1,22,"  ",C03,120.696459,24.104252,3,66000,387130000C,(04)23289100,(04)25368667
5574,2023,03,15,8,34,臺中市,神岡區,0,0,0,8,,,30,,,,,,,,,,,,,,,23,"  ","  ","  ","  ",A11,"  ","  ",1,"  ",2,"  ","  ",23,"   ",1,22,"  ",A11,120.688816,24.262232,3,66000,387130000C,(04)23289100,(04)25368667
5575,2023,03,15,8,38,臺中市,南屯區,0,0,0,,,,50,,,,,,,,,,,,,,,7,"  ","  ","  ","  ",B12,"  ","  ",1,"  ",2,"  ","  ",7,"   ",1,22,"  ",B12,120.622434,24.150058,3,66000,387130000C,(04)23289100,(04)25368667
5576,2023,03,15,8,38,臺中市,西屯區,0,1,0,8,1,5,50,4,4,1,5,4,5,7,2,1,5,4,5,2,13,23,3,10,1,1,B03,7,9,1,8,2,1,"  ",23,23,1,22,8,B03,120.653655,24.195391,2,66000,387130000C,(04)23289100,(04)25368667
5577,2023,03,15,8,39,臺中市,太平區,0,0,0,8,1,5,80,14,9,1,5,4,5,7,4,4,9,4,5,1,13,42,3,10,1,1,B03,7,8,1,8,5,1,"  ",42,42,1,22,8,B03,120.71723,24.157008,3,66000,387130000C,(04)23289100,(04)25368667
5578,2023,03,15,8,40,臺中市,烏日區,0,0,0,8,,,30,,,,,,,,,,,,,,,6,"  ","  ","  ","  ",C03,"  ","  ",1,"  ",2,"  ","  ",6,"   ",1,21,"  ",C03,120.603315,24.11456,3,66000,387130000C,(04)23289100,(04)25368667
5579,2023,03,15,8,41,臺中市,烏日區,0,1,0,8,1,5,50,4,1,1,5,4,5,7,2,1,1,4,5,1,16,9,3,10,1,1,B03,7,6,1,8,2,5,"  ",9,9,1,21,8,B03,120.589872,24.113478,2,66000,387130000C,(04)23289100,(04)25368667
5580,2023,03,15,8,44,臺中市,東勢區,0,1,0,8,1,5,50,4,9,1,5,4,5,7,4,4,5,5,5,1,17,26,2,9,1,1,C03,7,5,1,10,2,12,"  ",26,26,1,22,8,C03,120.831085,24.249216,2,66000,387130000C,(04)23289100,(04)25368667
5581,2023,03,15,8,46,臺中市,西屯區,0,1,0,8,1,5,50,4,1,1,5,4,5,7,2,1,5,4,4,1,3,15,3,10,1,1,B02,7,5,1,8,2,1,"  ",15,15,1,1,9,B02,120.658407,24.170662,2,66000,387130000C,(04)23289100,(04)25368667
5582,2023,03,15,8,46,臺中市,外埔區,0,0,0,,,,50,,,,,,,,,,,,,,,23,"  ","  ","  ","  ",B03,"  ","  ",1,"  ",2,"  ","  ",23,"   ",1,21,"  ",B03,120.639091,24.341574,3,66000,387130000C,(04)23289100,(04)25368667
5583,2023,03,15,8,50,臺中市,霧峰區,0,3,0,8,1,5,50,4,1,1,5,4,5,7,1,1,10,5,5,2,15,25,2,9,1,1,C03,7,9,1,10,2,11,"  ",25,25,1,18,8,C03,120.684471,24.050971,2,66000,387130000C,(04)23289100,(04)25368667
5584,2023,03,15,8,58,臺中市,大雅區,0,1,0,8,1,5,30,3,2,1,5,4,5,7,4,4,10,5,5,2,16,6,2,5,1,1,C03,7,5,1,10,2,11,"  ",6,6,1,22,9,C03,120.656989,24.226639,2,66000,387130000C,(04)23289100,(04)25368667
5585,2023,03,15,9,0,臺中市,大雅區,0,1,0,8,1,5,50,3,1,1,5,4,5,7,1,1,5,4,4,1,17,23,2,9,1,1,C03,7,9,1,10,2,12,"  ",23,23,1,21,8,C03,120.644466,24.205394,2,66000,387130000C,(04)23289100,(04)25368667
5586,2023,03,15,9,3,臺中市,西區,0,2,0,8,1,5,50,4,1,1,5,4,5,7,1,1,10,5,5,2,16,25,2,9,1,1,C03,7,9,1,10,2,12,"  ",25,25,1,21,8,C03,120.652963,24.153589,2,66000,387130000C,(04)23289100,(04)25368667
5587,2023,03,15,9,9,臺中市,沙鹿區,0,3,0,8,1,5,30,14,9,1,5,4,5,7,4,4,10,5,5,2,16,42,2,9,1,1,C03,7,14,3,18,2,12,"  ",42,42,1,22,9,C03,120.5498,24.218226,2,66000,387130000C,(04)23289100,(04)25368667
5588,2023,03,15,9,10,臺中市,清水區,0,0,0,8,,,50,,,,,,,,,,,,,,,37,"  ","  ","  ","  ",A12,"  ","  ",1,"  ",2,"  ","  ",37,"   ",1,5,"  ",A12,120.571333,24.277841,3,66000,387130000C,(04)23289100,(04)25368667
5589,2023,03,15,9,13,臺中市,南屯區,0,0,0,8,,,50,,,,,,,,,,,,,,,23,"  ","  ","  ","  ",B03,"  ","  ",1,"  ",1,"  ","  ",23,"   ",1,22,"  ",B03,120.639532,24.141849,3,66000,387130000C,(04)23289100,(04)25368667
5590,2023,03,15,9,18,臺中市,西區,0,2,0,8,1,5,50,4,1,1,5,4,5,7,1,1,10,5,5,2,15,23,2,9,1,1,C03,7,9,1,10,2,11,"  ",23,23,1,22,9,C03,120.67502,24.149051,2,66000,387130000C,(04)23289100,(04)25368667
5591,2023,03,15,9,18,臺中市,北屯區,0,0,0,,,,50,,,,,,,,,,,,,,,12,"  ","  ","  ","  ",B03,"  ",9,1,8,1,1,"  ",12,12,1,21,8,B03,120.720459,24.162896,3,66000,387130000C,(04)23289100,(04)25368667
5592,2023,03,15,9,18,臺中市,西屯區,0,0,0,8,,,50,,,,,,,,,,,,,,,23,"  ","  ","  ","  ",B03,"  ","  ",1,"  ",1,"  ","  ",23,"   ",1,21,"  ",B03,120.631843,24.169826,3,66000,387130000C,(04)23289100,(04)25368667
5593,2023,03,15,9,20,臺中市,南屯區,0,1,0,8,1,5,50,14,20,4,5,4,5,7,4,4,1,4,5,2,17,38,3,10,1,1,B11,7,13,1,4,2,15,"  ",38,38,1,22,8,B11,120.64666,24.14404,2,66000,387130000C,(04)23289100,(04)25368667
5594,2023,03,15,9,24,臺中市,西屯區,0,1,0,8,1,5,50,14,9,1,5,4,5,7,4,4,5,5,5,2,13,16,2,9,1,1,C03,7,9,1,10,2,12,"  ",16,16,1,22,8,C03,120.650589,24.157214,2,66000,387130000C,(04)23289100,(04)25368667
5595,2023,03,15,9,24,臺中市,烏日區,0,0,0,8,,,30,,,,,,,,,,,,,,,6,"  ","  ","  ","  ",B03,"  ","  ",1,"  ",2,"  ","  ",6,"   ",1,21,"  ",B03,120.650274,24.051938,3,66000,387130000C,(04)23289100,(04)25368667
5596,2023,03,15,9,25,臺中市,大里區,0,1,0,8,1,5,50,4,1,1,5,4,5,7,1,1,5,4,5,2,17,25,3,10,1,1,B01,7,9,1,1,2,8,"  ",25,25,1,21,4,B01,120.686142,24.121349,2,66000,387130000C,(04)23289100,(04)25368667
5597,2023,03,15,9,25,臺中市,太平區,0,1,0,8,1,5,50,14,9,1,5,4,5,7,4,4,5,4,4,1,29,42,2,9,1,1,C03,7,9,1,10,2,12,"  ",42,42,1,22,8,C03,120.712092,24.154182,2,66000,387130000C,(04)23289100,(04)25368667
5598,2023,03,15,9,29,臺中市,東區,0,0,0,8,1,5,50,4,2,1,5,4,5,7,1,1,5,4,5,2,12,23,3,10,1,1,B03,7,7,1,1,6,5,"  ",23,23,1,5,8,B03,120.689363,24.142981,3,66000,387130000C,(04)23289100,(04)25368667
5599,2023,03,15,9,30,臺中市,豐原區,0,1,0,8,1,5,30,3,1,1,5,4,5,7,4,4,10,5,5,1,16,6,2,9,1,1,C03,7,5,1,8,7,11,"  ",6,6,1,22,7,C03,120.729447,24.270277,2,66000,387130000C,(04)23289100,(04)25368667
5600,2023,03,15,9,32,臺中市,豐原區,0,0,0,8,,,50,,,,,,,,,,,,,,,19,"  ","  ","  ","  ",B03,"  ","  ",1,"  ",2,"  ","  ",19,"   ",1,21,"  ",B03,120.715851,24.239368,3,66000,387130000C,(04)23289100,(04)25368667
5601,2023,03,15,9,36,臺中市,西屯區,0,1,0,8,1,5,50,4,1,1,5,4,5,7,1,1,10,5,5,2,16,6,3,10,3,4,B02,7,6,1,8,2,2,"  ",6,6,1,22,8,B02,120.651701,24.166065,2,66000,387130000C,(04)23289100,(04)25368667
5602,2023,03,15,9,42,臺中市,豐原區,0,0,0,8,,,50,,,,,,,,,,,,,,,19,"  ","  ","  ","  ",B03,"  ","  ",1,"  ",2,"  ","  ",19,"   ",1,22,"  ",B03,120.721781,24.272368,3,66000,387130000C,(04)23289100,(04)25368667
5603,2023,03,15,9,43,臺中市,大雅區,0,1,0,8,1,5,30,4,1,1,5,4,5,7,4,4,10,5,5,1,15,6,2,9,1,1,C03,7,9,1,10,2,11,"  ",6,6,1,22,8,C03,120.661595,24.226541,2,66000,387130000C,(04)23289100,(04)25368667
5604,2023,03,15,9,45,臺中市,南屯區,0,0,0,,,,50,,,,,,,,,,,,,,,17,"  ","  ","  ","  ",B03,"  ","  ",1,"  ",2,"  ","  ",17,17,1,22,"  ",B03,120.584531,24.167805,3,66000,387130000C,(04)23289100,(04)25368667
5605,2023,03,15,9,48,臺中市,沙鹿區,0,0,0,8,,,60,,,,,,,,,,,,,,,23,"  ","  ","  ","  ",B03,"  ","  ",1,"  ",2,"  ","  ",23,"   ",1,22,"  ",B03,120.574441,24.229535,3,66000,387130000C,(04)23289100,(04)25368667