序號,年,月,日,時,分,縣市,區,死亡數量,受傷數量,2-30,天候,光線,道路類別,速限_速度(公里),道路型態,事故位置,路面鋪裝,路面狀態,路面缺陷,障礙物,視距,號誌種類,號誌動作,分向設施,快車道或一般車道間,快慢車道間,路面邊線,事故類型及型態,主要肇因,受傷程度,主要傷處,保護裝備,行動電話,當事者區分,車輛用途,當事者行動狀態,駕駛資格情形,駕駛執照種類,飲酒情形,車輛撞擊部位最初,車輛撞擊部位其他,肇事因素個別,肇事因素主要,肇事逃逸,職業,旅次目的,車種,GPS座標X,GPS座標Y,事故類別,縣市別代碼,機關代碼,市話,傳真
5606,2023,03,15,9,56,臺中市,豐原區,0,1,0,8,1,5,50,4,1,1,5,4,5,7,4,4,10,5,5,2,15,6,3,10,1,1,B03,7,9,1,8,2,5,"  ",6,6,1,22,8,B03,120.715653,24.262548,2,66000,387130000C,(04)23289100,(04)25368667
5607,2023,03,15,9,57,臺中市,北屯區,0,2,0,8,1,5,50,3,1,1,5,4,5,7,1,3,10,5,5,2,15,19,2,9,1,1,C03,7,1,1,10,2,11,"  ",19,19,1,21,8,C03,120.673509,24.200772,2,66000,387130000C,(04)23289100,(04)25368667
5608,2023,03,15,10,3,臺中市,南區,0,2,0,8,1,5,50,14,9,1,5,4,5,7,4,4,1,4,5,2,13,16,2,9,1,1,C03,7,9,1,10,2,11,"  ",16,16,1,22,2,C03,120.679252,24.120275,2,66000,387130000C,(04)23289100,(04)25368667
5609,2023,03,15,10,5,臺中市,北區,0,2,0,8,1,5,30,14,9,1,5,4,5,7,4,4,10,5,5,2,16,6,2,9,1,1,C03,7,5,1,10,2,14,"  ",6,6,1,5,8,C03,120.689844,24.15046,2,66000,387130000C,(04)23289100,(04)25368667
5610,2023,03,15,10,13,臺中市,北屯區,0,1,0,8,1,5,30,14,8,1,5,4,5,7,4,4,1,4,4,2,16,19,3,10,3,4,C03,7,1,1,10,2,14,"  ",19,19,1,21,8,C03,120.718911,24.182326,2,66000,387130000C,(04)23289100,(04)25368667
5611,2023,03,15,10,18,臺中市,北屯區,0,3,0,8,1,5,50,4,1,1,5,4,5,7,4,4,10,5,5,2,16,6,2,9,1,1,C03,7,9,1,10,2,11,"  ",6,6,1,21,8,C03,120.699218,24.183838,2,66000,387130000C,(04)23289100,(04)25368667
5612,2023,03,15,10,28,臺中市,北屯區,0,1,0,8,1,5,50,4,1,1,5,4,5,7,1,1,10,5,5,2,17,27,3,10,1,1,B03,7,6,1,8,2,2,"  ",27,27,1,21,8,B03,120.686191,24.181805,2,66000,387130000C,(04)23289100,(04)25368667
5613,2023,03,15,10,29,臺中市,北屯區,0,0,0,8,,,30,,,,,,,,,,,,,,,23,"  ","  ","  ","  ",B12,"  ","  ",1,"  ",1,"  ","  ",23,23,1,21,"  ",B12,120.674977,24.178317,3,66000,387130000C,(04)23289100,(04)25368667
5614,2023,03,15,10,30,臺中市,北屯區,0,1,0,8,1,5,50,5,1,1,5,4,5,7,1,1,10,5,5,2,16,6,3,10,1,1,B03,7,9,1,8,2,2,"  ",6,6,1,21,8,B03,120.67232,24.187796,2,66000,387130000C,(04)23289100,(04)25368667
5615,2023,03,15,10,32,臺中市,西區,0,1,0,8,1,5,50,4,1,1,5,4,5,7,1,1,10,5,5,2,16,6,3,10,1,1,B03,7,6,1,8,2,5,"  ",6,6,1,4,5,B03,120.660141,24.140023,2,66000,387130000C,(04)23289100,(04)25368667
5616,2023,03,15,10,32,臺中市,大里區,0,1,0,8,1,5,50,14,9,1,5,4,5,7,4,4,9,5,5,1,9,23,3,10,1,1,B03,7,9,1,8,8,2,"  ",23,23,1,22,8,B03,120.696785,24.090423,2,66000,387130000C,(04)23289100,(04)25368667
5617,2023,03,15,10,33,臺中市,南屯區,0,1,0,8,1,5,50,4,1,1,5,4,5,7,1,1,3,5,5,2,17,6,3,10,1,1,B03,7,6,1,8,2,2,"  ",6,6,1,22,8,B03,120.637876,24.148751,2,66000,387130000C,(04)23289100,(04)25368667
5618,2023,03,15,10,36,臺中市,神岡區,0,0,0,8,1,5,30,3,1,1,5,4,5,7,4,4,10,5,5,1,17,6,3,10,1,1,C03,7,5,1,10,2,12,"  ",6,6,1,21,8,C03,120.710455,24.264443,3,66000,387130000C,(04)23289100,(04)25368667
5619,2023,03,15,10,40,臺中市,東區,0,0,0,,,,40,,,,,,,,,,,,,,,16,"  ","  ","  ","  ",C03,"  ","  ",1,"  ",9,"  ","  ",16,"   ",1,5,"  ",C03,120.698466,24.138964,3,66000,387130000C,(04)23289100,(04)25368667
5620,2023,03,15,10,45,臺中市,西屯區,0,0,0,8,,,50,,,,,,,,,,,,,,,43,"  ","  ","  ","  ","   ","  ","  ","  ","  ","  ","  ","  ",43,"   ",1,"  ","  ","   ",120.658407,24.170662,3,66000,387130000C,(04)23289100,(04)25368667
5621,2023,03,15,10,50,臺中市,大雅區,0,0,0,8,,,50,,,,,,,,,,,,,,,12,"  ","  ","  ","  ",B12,"  ","  ",1,"  ",2,"  ","  ",12,"   ",1,21,"  ",B12,120.629562,24.207934,3,66000,387130000C,(04)23289100,(04)25368667
5622,2023,03,15,10,50,臺中市,西區,0,0,0,,,,50,,,,,,,,,,,,,,,23,"  ","  ","  ","  ",B03,"  ","  ",1,"  ",1,"  ","  ",23,"   ",1,21,"  ",B03,120.661648,24.132643,3,66000,387130000C,(04)23289100,(04)25368667
5623,2023,03,15,10,53,臺中市,南屯區,0,0,0,8,,,40,,,,,,,,,,,,,,,23,"  ","  ","  ","  ",B03,"  ","  ",1,"  ",1,"  ","  ",23,"   ",1,22,"  ",B03,120.639218,24.148763,3,66000,387130000C,(04)23289100,(04)25368667
5624,2023,03,15,10,54,臺中市,西屯區,0,1,0,8,1,5,50,14,9,1,5,4,5,7,4,4,5,5,5,2,12,43,3,10,1,1,A41,7,9,1,1,2,2,"  ",43,43,1,10,8,A41,120.607286,24.186041,2,66000,387130000C,(04)23289100,(04)25368667
5625,2023,03,15,10,59,臺中市,北屯區,0,1,0,8,1,5,50,14,9,1,5,4,5,7,4,4,9,5,5,2,16,19,2,9,1,1,C03,7,1,1,10,2,11,"  ",19,19,1,21,8,C03,120.682316,24.193065,2,66000,387130000C,(04)23289100,(04)25368667
5626,2023,03,15,11,5,臺中市,北區,0,2,0,8,1,5,50,4,1,1,5,4,5,7,4,4,5,5,5,2,16,6,2,7,1,1,C03,7,9,1,10,2,12,"  ",6,6,1,5,5,C03,120.667548,24.166124,2,66000,387130000C,(04)23289100,(04)25368667
5627,2023,03,15,11,6,臺中市,北屯區,0,2,0,8,1,5,50,4,1,1,5,4,5,7,1,1,10,5,5,2,17,6,3,10,1,1,B03,7,5,1,8,2,8,"  ",6,6,1,21,8,B03,120.728773,24.171426,2,66000,387130000C,(04)23289100,(04)25368667
5628,2023,03,15,11,18,臺中市,西區,0,0,0,8,,,40,,,,,,,,,,,,,,,17,"  ","  ","  ","  ",B03,"  ","  ",1,"  ",11,"  ","  ",17,"   ",1,22,"  ",B03,120.671553,24.145911,3,66000,387130000C,(04)23289100,(04)25368667
5629,2023,03,15,11,18,臺中市,西屯區,0,0,0,8,,,30,,,,,,,,,,,,,,,12,"  ","  ","  ","  ",B03,"  ","  ",1,"  ",2,"  ","  ",12,"   ",1,22,"  ",B03,120.645121,24.177686,3,66000,387130000C,(04)23289100,(04)25368667
5630,2023,03,15,11,20,臺中市,后里區,0,2,0,8,1,5,60,11,9,1,5,4,5,7,4,4,1,3,5,1,12,1,3,10,1,1,B03,7,4,1,8,2,6,"  ",1,1,1,20,8,B03,120.72342,24.325017,2,66000,387130000C,(04)23289100,(04)25368667
5631,2023,03,15,11,21,臺中市,潭子區,0,0,0,8,,,40,,,,,,,,,,,,,,,12,"  ","  ","  ","  ",B12,"  ","  ",1,"  ",2,"  ","  ",12,"   ",1,22,"  ",B12,120.696419,24.1955,3,66000,387130000C,(04)23289100,(04)25368667
5632,2023,03,15,11,21,臺中市,南屯區,0,0,0,8,,,50,,,,,,,,,,,,,,,12,"  ","  ","  ","  ",B12,"  ","  ",1,"  ",1,"  ","  ",12,"   ",1,22,"  ",B12,120.63477,24.146446,3,66000,387130000C,(04)23289100,(04)25368667
5633,2023,03,15,11,27,臺中市,北區,0,0,0,,,,50,,,,,,,,,,,,,,,16,"  ","  ","  ","  ",B02,"  ","  ",1,"  ",2,"  ","  ",16,16,1,22,"  ",B02,120.680829,24.167105,3,66000,387130000C,(04)23289100,(04)25368667
5634,2023,03,15,11,30,臺中市,霧峰區,0,0,0,8,,,50,,,,,,,,,,,,,,,7,"  ","  ","  ","  ",B12,"  ","  ",6,"  ",2,"  ","  ",7,"   ",1,12,"  ",B12,120.699276,24.068047,3,66000,387130000C,(04)23289100,(04)25368667
5635,2023,03,15,11,35,臺中市,清水區,0,1,0,8,1,5,50,11,9,1,5,4,5,7,4,4,5,5,5,1,10,23,2,9,1,1,C03,7,9,1,10,2,11,"  ",23,23,1,5,5,C03,120.572051,24.27385,2,66000,387130000C,(04)23289100,(04)25368667
5636,2023,03,15,11,37,臺中市,潭子區,0,1,0,8,1,5,30,3,2,1,5,4,5,7,1,1,3,4,4,1,14,12,3,10,1,1,B03,7,2,1,8,2,3,"  ",12,12,1,22,8,B03,120.697944,24.194648,2,66000,387130000C,(04)23289100,(04)25368667
5637,2023,03,15,11,37,臺中市,南屯區,0,0,0,8,,,50,,,,,,,,,,,,,,,16,"  ","  ","  ","  ",B12,"  ","  ",1,"  ",1,"  ","  ",16,16,1,22,"  ",B12,120.631023,24.124381,3,66000,387130000C,(04)23289100,(04)25368667
5638,2023,03,15,11,37,臺中市,北屯區,0,1,0,8,1,5,50,3,1,1,5,4,5,7,4,4,1,4,5,2,12,6,3,10,1,1,B03,7,6,1,8,2,5,"  ",6,6,1,21,8,B03,120.663979,24.200782,2,66000,387130000C,(04)23289100,(04)25368667
5639,2023,03,15,11,40,臺中市,大里區,0,0,0,8,,,50,,,,,,,,,,,,,,,12,"  ","  ","  ","  ",B03,"  ","  ",6,"  ",2,"  ","  ",12,"   ",1,9,"  ",B03,120.690652,24.091158,3,66000,387130000C,(04)23289100,(04)25368667
5640,2023,03,15,11,40,臺中市,梧棲區,0,1,0,8,1,5,30,4,1,1,5,4,5,3,4,4,10,5,5,2,15,6,2,9,1,1,C03,7,9,1,10,2,11,"  ",6,6,1,9,8,C03,120.54841,24.249709,2,66000,387130000C,(04)23289100,(04)25368667
5641,2023,03,15,11,44,臺中市,豐原區,0,1,0,8,1,5,50,5,1,1,5,4,5,7,2,1,1,1,4,1,12,17,2,9,1,1,C04,7,15,1,10,2,12,"  ",17,17,1,19,8,C04,120.710555,24.232762,2,66000,387130000C,(04)23289100,(04)25368667
5642,2023,03,15,11,47,臺中市,北屯區,0,0,0,8,,,50,,,,,,,,,,,,,,,23,"  ","  ","  ","  ",B03,"  ","  ",1,"  ",1,"  ","  ",23,"   ",1,22,"  ",B03,120.722545,24.176136,3,66000,387130000C,(04)23289100,(04)25368667
5643,2023,03,15,11,51,臺中市,太平區,0,0,0,8,,,50,,,,,,,,,,,,,,,19,"  ","  ","  ","  ",B12,"  ","  ",1,"  ",2,"  ","  ",19,"   ",1,21,"  ",B12,120.712672,24.125769,3,66000,387130000C,(04)23289100,(04)25368667
5644,2023,03,15,11,56,臺中市,西屯區,0,1,0,8,1,5,50,14,7,1,5,4,5,7,4,4,5,4,4,2,16,26,3,10,1,1,B03,7,11,1,8,7,7,"  ",26,26,1,22,8,B03,120.650089,24.177494,2,66000,387130000C,(04)23289100,(04)25368667
5645,2023,03,15,11,57,臺中市,大里區,0,2,0,8,1,5,50,4,1,1,5,4,5,7,1,1,5,4,5,1,12,6,2,9,1,1,C03,7,1,1,10,2,14,"  ",6,6,1,22,8,C03,120.683946,24.103881,2,66000,387130000C,(04)23289100,(04)25368667
5646,2023,03,15,11,58,臺中市,西屯區,0,1,0,8,1,5,1,4,1,1,5,4,5,7,1,1,10,5,5,2,17,19,3,10,3,4,C03,7,1,1,10,2,15,"  ",19,19,1,22,8,C03,120.663285,24.17804,2,66000,387130000C,(04)23289100,(04)25368667
5647,2023,03,15,12,0,臺中市,外埔區,0,2,0,8,1,5,50,3,2,1,5,4,5,7,4,4,5,5,4,1,10,22,2,7,1,1,B03,7,9,1,8,2,8,"  ",22,22,1,5,8,B03,120.643717,24.33797,2,66000,387130000C,(04)23289100,(04)25368667
5648,2023,03,15,12,0,臺中市,外埔區,0,0,0,,,,50,,,,,,,,,,,,,,,42,"  ","  ","  ","  ",B03,"  ","  ",1,"  ",2,"  ","  ",42,"   ",1,22,"  ",B03,120.636356,24.343253,3,66000,387130000C,(04)23289100,(04)25368667
5649,2023,03,15,12,3,臺中市,西區,0,0,0,8,,,50,,,,,,,,,,,,,,,23,"  ","  ","  ","  ",C03,"  ","  ",1,"  ",1,"  ","  ",23,"   ",1,21,"  ",C03,120.659515,24.150858,3,66000,387130000C,(04)23289100,(04)25368667
5650,2023,03,15,12,5,臺中市,南屯區,0,1,0,8,1,5,50,4,1,1,5,4,5,7,2,1,10,5,5,2,16,6,3,10,1,1,B03,7,6,1,8,2,2,"  ",6,6,1,22,9,B03,120.633574,24.141384,2,66000,387130000C,(04)23289100,(04)25368667
5651,2023,03,15,12,9,臺中市,大里區,0,0,0,8,,,50,,,,,,,,,,,,,,,19,"  ","  ","  ","  ",B03,"  ","  ",1,"  ",11,"  ","  ",19,"   ",1,5,"  ",B03,120.699453,24.107575,3,66000,387130000C,(04)23289100,(04)25368667
5652,2023,03,15,12,10,臺中市,西區,0,0,0,8,,,40,,,,,,,,,,,,,,,23,"  ","  ","  ","  ",B11,"  ","  ",1,7,2,"  ","  ",23,23,1,22,"  ",B11,120.680108,24.135813,3,66000,387130000C,(04)23289100,(04)25368667
5653,2023,03,15,12,11,臺中市,西區,0,0,0,8,,,50,,,,,,,,,,,,,,,23,"  ","  ","  ","  ",B03,"  ","  ",1,"  ",1,"  ","  ",23,"   ",1,4,"  ",B03,120.673989,24.148208,3,66000,387130000C,(04)23289100,(04)25368667
5654,2023,03,15,12,11,臺中市,北區,0,0,0,8,,,50,,,,,,,,,,,,,,,23,"  ","  ","  ","  ",B03,"  ","  ",1,"  ",11,"  ","  ",23,"   ",1,22,"  ",B03,120.688039,24.151307,3,66000,387130000C,(04)23289100,(04)25368667
5655,2023,03,15,12,14,臺中市,西屯區,0,2,0,8,1,5,50,14,9,1,5,4,5,7,4,4,1,4,5,2,12,1,3,10,1,1,B03,7,4,1,8,2,2,"  ",1,1,1,22,8,B03,120.606829,24.18622,2,66000,387130000C,(04)23289100,(04)25368667
5656,2023,03,15,12,16,臺中市,太平區,0,1,0,8,1,5,50,3,2,1,5,4,5,7,4,4,5,5,5,1,14,12,3,10,1,1,B12,7,2,1,8,2,7,"  ",12,12,1,22,8,B12,120.733444,24.153841,2,66000,387130000C,(04)23289100,(04)25368667
5657,2023,03,15,12,18,臺中市,西區,0,1,0,8,1,5,30,3,1,1,5,4,5,7,4,4,10,5,5,2,17,19,3,10,1,1,B03,7,1,1,8,1,5,"  ",19,19,1,21,8,B03,120.661994,24.134077,2,66000,387130000C,(04)23289100,(04)25368667
5658,2023,03,15,12,18,臺中市,東區,0,0,0,8,,,50,,,,,,,,,,,,,,,6,"  ","  ","  ","  ",B12,"  ","  ",1,"  ",2,"  ","  ",6,"   ",1,4,"  ",B12,120.708508,24.142155,3,66000,387130000C,(04)23289100,(04)25368667
5659,2023,03,15,12,18,臺中市,南屯區,0,0,0,8,,,50,,,,,,,,,,,,,,,10,"  ","  ","  ","  ",B03,"  ","  ",1,"  ",2,"  ","  ",10,"   ",1,22,"  ",B03,120.612789,24.139056,3,66000,387130000C,(04)23289100,(04)25368667
5660,2023,03,15,12,20,臺中市,西屯區,0,1,0,8,1,5,50,4,1,1,5,4,5,7,2,1,5,5,5,2,17,9,3,10,1,1,B03,7,6,1,8,2,5,"  ",9,9,1,1,9,B03,120.665612,24.171698,2,66000,387130000C,(04)23289100,(04)25368667
5661,2023,03,15,12,20,臺中市,龍井區,0,0,0,8,,,50,,,,,,,,,,,,,,,42,"  ","  ","  ","  ","   ","  ","  ","  ","  ","  ","  ","  ",42,"   ",1,"  ","  ","   ",120.584126,24.182571,3,66000,387130000C,(04)23289100,(04)25368667
5662,2023,03,15,12,21,臺中市,西屯區,0,0,0,8,,,50,,,,,,,,,,,,,,,7,"  ","  ","  ","  ",B03,"  ","  ",1,"  ",1,"  ","  ",7,"   ",1,22,"  ",B03,120.652611,24.166752,3,66000,387130000C,(04)23289100,(04)25368667
5663,2023,03,15,12,21,臺中市,大里區,0,1,0,8,1,5,60,3,1,1,5,4,5,7,4,4,1,4,4,2,17,9,3,10,1,1,A11,7,6,1,2,2,2,"  ",9,9,1,21,4,A11,120.66297,24.108082,2,66000,387130000C,(04)23289100,(04)25368667
5664,2023,03,15,12,25,臺中市,大里區,0,0,0,8,,,30,,,,,,,,,,,,,,,17,"  ","  ","  ","  ",B03,"  ","  ",6,"  ",9,"  ","  ",17,"   ",1,22,"  ",B03,120.694565,24.088038,3,66000,387130000C,(04)23289100,(04)25368667
5665,2023,03,15,12,26,臺中市,北區,0,1,0,8,1,5,50,14,7,1,5,4,5,7,4,4,5,5,4,2,16,23,2,9,1,1,C03,7,9,1,10,2,11,"  ",23,23,1,22,8,C03,120.670384,24.156828,2,66000,387130000C,(04)23289100,(04)25368667
5666,2023,03,15,12,29,臺中市,西屯區,0,0,0,8,,,40,,,,,,,,,,,,,,,6,"  ","  ","  ","  ",C03,"  ","  ",1,"  ",2,"  ","  ",44,23,1,21,"  ",C03,120.651436,24.161418,3,66000,387130000C,(04)23289100,(04)25368667
5667,2023,03,15,12,33,臺中市,北屯區,0,0,0,8,,,50,,,,,,,,,,,,,,,23,"  ","  ","  ","  ",B03,"  ","  ",1,"  ",1,"  ","  ",23,"   ",1,21,"  ",B03,120.707396,24.182515,3,66000,387130000C,(04)23289100,(04)25368667
5668,2023,03,15,12,35,臺中市,南屯區,0,1,0,8,1,5,50,4,1,1,5,4,5,7,2,1,10,4,5,2,16,9,3,10,1,1,B03,7,6,1,8,2,2,"  ",9,9,1,22,9,B03,120.646812,24.146795,2,66000,387130000C,(04)23289100,(04)25368667
5669,2023,03,15,12,35,臺中市,大里區,0,1,0,8,1,5,50,14,8,1,5,4,5,7,4,4,9,5,4,2,17,23,2,9,2,1,F01,7,9,8,20,2,16,"  ",23,23,1,4,8,F01,120.715555,24.099409,2,66000,387130000C,(04)23289100,(04)25368667
5670,2023,03,15,12,35,臺中市,沙鹿區,0,3,0,8,1,5,50,3,1,1,5,4,5,7,1,1,10,5,5,2,16,42,2,9,1,1,C03,7,5,1,10,2,14,"  ",42,42,1,18,9,C03,120.578477,24.223393,2,66000,387130000C,(04)23289100,(04)25368667
5671,2023,03,15,12,38,臺中市,西區,0,0,0,8,,,50,,,,,,,,,,,,,,,12,"  ","  ","  ","  ",B03,"  ","  ",1,"  ",1,"  ","  ",12,"   ",1,4,"  ",B03,120.653039,24.145746,3,66000,387130000C,(04)23289100,(04)25368667
5672,2023,03,15,12,38,臺中市,南屯區,0,0,0,8,,,50,,,,,,,,,,,,,,,12,"  ","  ","  ","  ",B03,"  ","  ",1,"  ",2,"  ","  ",12,"   ",1,22,"  ",B03,120.625602,24.145044,3,66000,387130000C,(04)23289100,(04)25368667
5673,2023,03,15,12,40,臺中市,西區,0,1,0,8,1,5,50,4,2,1,5,4,5,7,2,1,5,4,5,2,16,10,3,10,1,1,B03,7,11,1,8,2,6,"  ",10,10,1,22,8,B03,120.652958,24.146579,2,66000,387130000C,(04)23289100,(04)25368667
5674,2023,03,15,12,40,臺中市,北屯區,0,0,0,8,,,40,,,,,,,,,,,,,,,12,"  ","  ","  ","  ",B03,"  ","  ",1,"  ",1,"  ","  ",12,12,1,5,"  ",B03,120.692544,24.168445,3,66000,387130000C,(04)23289100,(04)25368667
5675,2023,03,15,12,45,臺中市,北屯區,0,0,0,8,,,50,,,,,,,,,,,,,,,19,"  ","  ","  ","  ",B03,"  ","  ",1,"  ",11,"  ","  ",19,"   ",1,21,"  ",B03,120.694636,24.17454,3,66000,387130000C,(04)23289100,(04)25368667
5676,2023,03,15,12,45,臺中市,大肚區,0,0,0,8,,,50,,,,,,,,,,,,,,,23,"  ","  ","  ","  ",B03,"  ","  ",1,"  ",2,"  ","  ",23,"   ",1,21,"  ",B03,120.543633,24.160075,3,66000,387130000C,(04)23289100,(04)25368667
5677,2023,03,15,12,46,臺中市,南屯區,0,1,0,8,1,5,50,3,1,1,5,4,5,7,4,4,3,4,5,2,18,23,2,9,1,1,C03,7,9,1,10,2,14,"  ",23,23,1,22,8,C03,120.626268,24.149891,2,66000,387130000C,(04)23289100,(04)25368667
5678,2023,03,15,12,47,臺中市,外埔區,0,0,0,,,,50,,,,,,,,,,,,,,,1,"  ","  ","  ","  ",B03,"  ","  ",1,"  ",2,"  ","  ",44,1,1,21,"  ",B03,120.684177,24.33397,3,66000,387130000C,(04)23289100,(04)25368667
5679,2023,03,15,12,49,臺中市,西區,0,1,0,8,1,5,50,4,1,1,5,4,5,7,1,1,10,5,5,2,17,6,3,10,1,1,B03,7,5,1,8,2,5,"  ",6,6,1,21,8,B03,120.676936,24.135079,2,66000,387130000C,(04)23289100,(04)25368667
5680,2023,03,15,12,50,臺中市,大雅區,0,0,0,8,,,30,,,,,,,,,,,,,,,6,"  ","  ","  ","  ",B03,"  ","  ",1,"  ",9,"  ","  ",6,"   ",1,22,"  ",B03,120.651123,24.218697,3,66000,387130000C,(04)23289100,(04)25368667
5681,2023,03,15,12,50,臺中市,北區,0,1,0,8,1,5,50,14,7,1,5,4,5,7,4,4,2,4,4,2,13,16,3,10,1,1,B03,7,9,1,8,2,1,"  ",16,16,1,5,5,B03,120.682491,24.16311,2,66000,387130000C,(04)23289100,(04)25368667
5682,2023,03,15,12,50,臺中市,北屯區,0,0,0,,,,50,,,,,,,,,,,,,,,26,"  ","  ","  ","  ",B03,"  ","  ",1,"  ",1,"  ","  ",26,"   ",1,22,"  ",B03,120.722648,24.176015,3,66000,387130000C,(04)23289100,(04)25368667
5683,2023,03,15,13,5,臺中市,太平區,0,1,0,8,1,5,30,5,1,1,5,4,5,7,4,4,10,5,5,2,15,6,2,8,1,1,C03,7,9,1,10,2,11,14,6,6,1,22,8,C03,120.731536,24.111516,2,66000,387130000C,(04)23289100,(04)25368667
5684,2023,03,15,13,10,臺中市,西屯區,0,1,0,8,1,5,50,14,9,1,5,4,5,7,4,4,2,4,5,2,16,43,3,10,3,4,B03,7,14,1,4,2,2,"  ",43,43,1,22,8,B03,120.643123,24.163813,2,66000,387130000C,(04)23289100,(04)25368667
5685,2023,03,15,13,12,臺中市,神岡區,0,1,0,8,1,5,50,14,8,1,5,4,5,7,4,4,5,5,4,1,16,6,3,10,1,1,B03,7,5,1,8,2,2,"  ",6,6,1,22,9,B03,120.671218,24.256986,2,66000,387130000C,(04)23289100,(04)25368667
5686,2023,03,15,13,12,臺中市,豐原區,0,1,0,8,1,5,30,3,1,1,5,4,5,7,4,4,10,5,5,2,16,6,3,10,1,1,B03,7,6,1,17,2,2,"  ",6,6,1,22,8,B03,120.727608,24.256239,2,66000,387130000C,(04)23289100,(04)25368667
5687,2023,03,15,13,15,臺中市,西屯區,0,1,0,8,1,5,50,14,9,1,5,4,5,7,4,4,5,4,5,2,12,9,3,10,1,1,B03,7,6,1,8,2,6,"  ",9,9,1,22,8,B03,120.607459,24.159699,2,66000,387130000C,(04)23289100,(04)25368667
5688,2023,03,15,13,19,臺中市,龍井區,0,0,0,8,,,60,,,,,,,,,,,,,,,23,"  ","  ","  ","  ",B03,"  ","  ",1,"  ",2,"  ","  ",23,"   ",1,21,"  ",B03,120.574351,24.183355,3,66000,387130000C,(04)23289100,(04)25368667
5689,2023,03,15,13,25,臺中市,東區,0,1,0,8,1,5,50,4,18,1,5,4,5,7,2,1,5,4,4,2,3,23,3,10,1,1,B03,7,5,1,8,2,1,"  ",23,23,1,21,8,B03,120.684769,24.130826,2,66000,387130000C,(04)23289100,(04)25368667
5690,2023,03,15,13,30,臺中市,東區,0,1,0,8,1,5,50,4,2,1,5,4,5,7,4,4,1,4,5,2,29,42,3,10,1,1,A02,7,14,1,2,9,15,"  ",42,42,1,5,8,A02,120.692238,24.132465,2,66000,387130000C,(04)23289100,(04)25368667
5691,2023,03,15,13,31,臺中市,中區,0,0,0,8,,,50,,,,,,,,,,,,,,,7,"  ","  ","  ","  ",C03,"  ","  ",3,"  ",2,"  ","  ",7,"   ",1,5,"  ",C03,120.680216,24.138348,3,66000,387130000C,(04)23289100,(04)25368667
5692,2023,03,15,13,35,臺中市,大肚區,0,2,0,8,1,5,70,14,8,1,5,4,5,7,1,1,1,4,4,1,13,23,2,9,1,1,C03,7,9,1,10,2,11,"  ",23,23,1,21,1,C03,120.5493,24.140491,2,66000,387130000C,(04)23289100,(04)25368667
5693,2023,03,15,13,39,臺中市,大肚區,0,1,0,8,1,5,30,14,9,1,5,4,5,7,4,4,10,5,5,2,14,12,3,10,1,1,B03,7,2,1,8,2,3,"  ",12,12,1,21,8,B03,120.573643,24.163258,2,66000,387130000C,(04)23289100,(04)25368667
5694,2023,03,15,13,43,臺中市,神岡區,0,0,0,8,,,50,,,,,,,,,,,,,,,42,"  ","  ","  ","  ",A31,"  ","  ",1,"  ",2,"  ","  ",42,"   ",1,22,"  ",A31,120.67772,24.260504,3,66000,387130000C,(04)23289100,(04)25368667
5695,2023,03,15,13,53,臺中市,龍井區,0,0,0,8,,,60,,,,,,,,,,,,,,,23,"  ","  ","  ","  ",A31,"  ","  ",1,"  ",2,"  ","  ",23,23,1,10,"  ",A31,120.57392,24.18438,3,66000,387130000C,(04)23289100,(04)25368667
5696,2023,03,15,13,55,臺中市,東區,0,1,0,8,1,5,50,3,1,1,5,4,5,7,1,1,10,5,5,2,16,6,3,10,1,1,B03,7,6,1,8,2,5,"  ",6,6,1,22,8,B03,120.696276,24.135053,2,66000,387130000C,(04)23289100,(04)25368667
5697,2023,03,15,13,55,臺中市,梧棲區,0,1,0,8,1,5,30,4,1,1,5,4,5,7,4,4,10,5,5,2,15,6,2,9,1,1,C03,7,9,1,10,2,12,"  ",6,6,1,9,8,C03,120.529371,24.226008,2,66000,387130000C,(04)23289100,(04)25368667
5698,2023,03,15,13,56,臺中市,太平區,0,0,0,8,,,50,,,,,,,,,,,,,,,12,"  ","  ","  ","  ",B12,"  ","  ",1,"  ",2,"  ","  ",12,"   ",1,21,"  ",B12,120.72968,24.10915,3,66000,387130000C,(04)23289100,(04)25368667
5699,2023,03,15,13,57,臺中市,北區,0,1,0,8,1,5,50,4,1,1,5,4,5,7,1,1,10,5,5,2,16,6,2,9,1,1,C03,7,9,1,10,2,14,"  ",44,6,1,5,8,C03,120.674033,24.164836,2,66000,387130000C,(04)23289100,(04)25368667
5700,2023,03,15,13,58,臺中市,沙鹿區,0,0,0,8,,,50,,,,,,,,,,,,,,,12,"  ","  ","  ","  ",C03,"  ","  ",1,"  ",2,"  ","  ",12,"   ",1,2,"  ",C03,120.558738,24.23478,3,66000,387130000C,(04)23289100,(04)25368667
5701,2023,03,15,14,10,臺中市,大肚區,0,1,0,8,1,5,50,4,1,1,5,4,5,7,3,1,10,5,5,2,15,6,3,10,1,1,B12,7,9,1,8,2,8,"  ",6,6,1,12,8,B12,120.548001,24.146656,2,66000,387130000C,(04)23289100,(04)25368667
5702,2023,03,15,14,11,臺中市,南屯區,0,0,0,8,,,50,,,,,,,,,,,,,,,7,"  ","  ","  ","  ",B03,"  ","  ",1,"  ",1,"  ","  ",7,"   ",1,22,"  ",B03,120.646976,24.146012,3,66000,387130000C,(04)23289100,(04)25368667