序號,年,月,日,時,分,縣市,區,死亡數量,受傷數量,2-30,天候,光線,道路類別,速限_速度(公里),道路型態,事故位置,路面鋪裝,路面狀態,路面缺陷,障礙物,視距,號誌種類,號誌動作,分向設施,快車道或一般車道間,快慢車道間,路面邊線,事故類型及型態,主要肇因,受傷程度,主要傷處,保護裝備,行動電話,當事者區分,車輛用途,當事者行動狀態,駕駛資格情形,駕駛執照種類,飲酒情形,車輛撞擊部位最初,車輛撞擊部位其他,肇事因素個別,肇事因素主要,肇事逃逸,職業,旅次目的,車種,GPS座標X,GPS座標Y,事故類別,縣市別代碼,機關代碼,市話,傳真
5895,2023,03,16,7,0,臺中市,南區,0,0,0,8,,,50,,,,,,,,,,,,,,,22,"  ","  ","  ","  ",B03,"  ","  ",1,"  ",2,"  ","  ",22,"   ",1,22,"  ",B03,120.675313,24.129856,3,66000,387130000C,(04)23289100,(04)25368667
5896,2023,03,16,7,0,臺中市,西屯區,0,1,0,8,1,5,50,4,1,1,5,4,5,7,1,1,10,5,5,2,15,43,2,9,3,4,C03,7,9,3,18,2,12,"  ",43,43,1,22,8,C03,120.643055,24.176991,2,66000,387130000C,(04)23289100,(04)25368667
5897,2023,03,16,7,4,臺中市,大肚區,0,0,0,8,,,60,,,,,,,,,,,,,,,23,"  ","  ","  ","  ",B03,"  ","  ",1,"  ",2,"  ","  ",23,"   ",1,22,"  ",B03,120.582676,24.173678,3,66000,387130000C,(04)23289100,(04)25368667
5898,2023,03,16,7,10,臺中市,大雅區,0,1,0,8,1,5,50,3,1,1,5,4,5,7,1,1,9,4,4,1,17,10,3,10,1,1,B03,7,11,1,8,2,4,"  ",10,10,1,22,9,B03,120.655503,24.220961,2,66000,387130000C,(04)23289100,(04)25368667
5899,2023,03,16,7,10,臺中市,大里區,0,1,0,8,1,5,50,14,9,1,5,4,5,7,4,4,5,5,5,1,26,23,2,9,1,1,C03,7,9,1,10,2,11,"  ",23,23,1,4,8,C03,120.679342,24.076492,2,66000,387130000C,(04)23289100,(04)25368667
5900,2023,03,16,7,11,臺中市,大里區,0,1,0,8,1,5,50,4,2,1,5,4,5,7,2,1,5,4,4,1,16,17,2,9,3,4,C03,7,1,1,10,2,14,"  ",17,17,1,22,9,C03,120.694774,24.111463,2,66000,387130000C,(04)23289100,(04)25368667
5901,2023,03,16,7,13,臺中市,北屯區,0,0,0,8,,,50,,,,,,,,,,,,,,,16,"  ","  ","  ","  ",C03,"  ","  ",1,"  ",1,"  ","  ",16,"   ",1,16,"  ",C03,120.703203,24.169829,3,66000,387130000C,(04)23289100,(04)25368667
5902,2023,03,16,7,16,臺中市,西屯區,0,0,0,8,,,50,,,,,,,,,,,,,,,43,"  ","  ","  ","  ",B03,"  ","  ",1,"  ",2,"  ","  ",43,"   ",1,22,"  ",B03,120.592299,24.179453,3,66000,387130000C,(04)23289100,(04)25368667
5903,2023,03,16,7,18,臺中市,北屯區,0,1,0,8,1,5,50,14,9,1,5,4,5,7,4,4,1,4,5,2,13,16,3,10,3,4,B03,7,9,1,8,2,1,"  ",16,16,1,21,8,B03,120.724936,24.181071,2,66000,387130000C,(04)23289100,(04)25368667
5904,2023,03,16,7,18,臺中市,神岡區,0,0,0,8,,,50,,,,,,,,,,,,,,,16,"  ","  ","  ","  ",C03,"  ","  ",1,"  ",2,"  ","  ",16,"   ",1,22,"  ",C03,120.657015,24.264366,3,66000,387130000C,(04)23289100,(04)25368667
5905,2023,03,16,7,20,臺中市,大雅區,0,0,0,8,,,50,,,,,,,,,,,,,,,23,"  ","  ","  ","  ",B03,"  ","  ",1,"  ",2,"  ","  ",23,"   ",1,22,"  ",B03,120.644287,24.207442,3,66000,387130000C,(04)23289100,(04)25368667
5906,2023,03,16,7,20,臺中市,大里區,0,0,0,8,,,50,,,,,,,,,,,,,,,8,"  ","  ","  ","  ",C03,"  ","  ",1,"  ",2,"  ","  ",8,"   ",1,21,"  ",C03,120.690067,24.113029,3,66000,387130000C,(04)23289100,(04)25368667
5907,2023,03,16,7,21,臺中市,西屯區,0,0,0,8,,,50,,,,,,,,,,,,,,,17,"  ","  ","  ","  ",B03,"  ","  ",1,"  ",11,"  ","  ",17,"   ",1,22,"  ",B03,120.651443,24.157777,3,66000,387130000C,(04)23289100,(04)25368667
5908,2023,03,16,7,24,臺中市,大雅區,0,1,0,8,1,5,50,4,1,1,5,4,5,7,1,1,5,4,4,1,16,6,3,10,1,1,B03,7,5,1,8,2,6,"  ",6,6,1,22,9,B03,120.670119,24.224264,2,66000,387130000C,(04)23289100,(04)25368667
5909,2023,03,16,7,25,臺中市,豐原區,0,4,0,8,1,5,50,4,1,1,5,4,1,6,1,1,5,4,5,2,16,25,2,9,1,1,C03,7,9,1,10,2,11,"  ",25,25,1,22,8,C03,120.72322,24.251557,2,66000,387130000C,(04)23289100,(04)25368667
5910,2023,03,16,7,26,臺中市,霧峰區,0,0,0,8,,,50,,,,,,,,,,,,,,,12,"  ","  ","  ","  ",C03,"  ","  ",1,"  ",1,"  ","  ",12,"   ",1,22,"  ",C03,120.718631,24.079002,3,66000,387130000C,(04)23289100,(04)25368667
5911,2023,03,16,7,28,臺中市,大雅區,0,1,0,8,1,5,50,14,9,1,5,4,5,7,4,4,5,5,5,2,17,23,3,10,1,1,B12,7,9,1,8,2,5,"  ",23,23,1,21,8,B12,120.649719,24.222061,2,66000,387130000C,(04)23289100,(04)25368667
5912,2023,03,16,7,29,臺中市,南區,0,0,0,8,1,5,50,4,1,1,5,4,5,7,4,4,5,5,5,2,17,16,3,10,1,1,C03,7,9,1,9,2,11,"  ",16,16,1,21,8,C03,120.649737,24.112379,3,66000,387130000C,(04)23289100,(04)25368667
5913,2023,03,16,7,30,臺中市,北屯區,0,0,0,8,,,50,,,,,,,,,,,,,,,23,"  ","  ","  ","  ",B03,"  ","  ",1,"  ",1,"  ","  ",23,"   ",1,21,"  ",B03,120.725194,24.167069,3,66000,387130000C,(04)23289100,(04)25368667
5914,2023,03,16,7,30,臺中市,梧棲區,0,0,0,8,,,30,,,,,,,,,,,,,,,12,"  ","  ","  ","  ",B03,"  ","  ",1,"  ",2,"  ","  ",12,"   ",1,9,"  ",B03,120.531584,24.268943,3,66000,387130000C,(04)23289100,(04)25368667
5915,2023,03,16,7,31,臺中市,龍井區,0,0,0,8,,,50,,,,,,,,,,,,,,,23,"  ","  ","  ","  ",C03,"  ","  ",1,"  ",2,"  ","  ",23,"   ",1,18,"  ",C03,120.52,24.19,3,66000,387130000C,(04)23289100,(04)25368667
5916,2023,03,16,7,31,臺中市,神岡區,0,0,0,8,,,50,,,,,,,,,,,,,,,19,"  ","  ","  ","  ",B03,"  ","  ",1,"  ",1,"  ","  ",19,"   ",1,22,"  ",B03,120.699294,24.25104,3,66000,387130000C,(04)23289100,(04)25368667
5917,2023,03,16,7,39,臺中市,東區,0,1,0,8,1,5,50,4,1,1,5,4,5,7,1,1,10,5,5,2,13,16,3,10,1,1,C03,7,9,1,10,2,14,"  ",16,16,1,22,8,C03,120.687924,24.136437,2,66000,387130000C,(04)23289100,(04)25368667
5918,2023,03,16,7,39,臺中市,東區,0,0,0,,,,50,,,,,,,,,,,,,,,25,"  ","  ","  ","  ",C03,"  ","  ",1,"  ",9,"  ","  ",25,"   ",2,5,"  ",C03,120.705386,24.130319,3,66000,387130000C,(04)23289100,(04)25368667
5919,2023,03,16,7,39,臺中市,沙鹿區,0,0,0,8,,,60,,,,,,,,,,,,,,,23,"  ","  ","  ","  ",B03,"  ","  ",1,"  ",2,"  ","  ",23,"   ",1,4,"  ",B03,120.578216,24.250617,3,66000,387130000C,(04)23289100,(04)25368667
5920,2023,03,16,7,40,臺中市,大雅區,0,1,0,8,1,5,60,14,9,1,5,4,5,7,4,4,3,4,4,1,12,6,3,10,1,1,B03,7,4,1,8,2,2,"  ",6,6,1,22,9,B03,120.648032,24.219947,2,66000,387130000C,(04)23289100,(04)25368667
5921,2023,03,16,7,40,臺中市,潭子區,0,1,0,8,1,5,50,14,7,1,5,4,5,7,1,1,5,4,4,2,16,19,3,10,1,1,B03,7,1,1,8,2,8,"  ",19,19,1,22,9,B03,120.70171,24.207501,2,66000,387130000C,(04)23289100,(04)25368667
5922,2023,03,16,7,40,臺中市,西區,0,0,0,,,,50,,,,,,,,,,,,,,,23,"  ","  ","  ","  ",B03,"  ","  ",1,"  ",1,"  ","  ",23,"   ",1,21,"  ",B03,120.675485,24.138178,3,66000,387130000C,(04)23289100,(04)25368667
5923,2023,03,16,7,40,臺中市,烏日區,0,1,0,8,1,5,50,4,1,1,5,4,5,7,1,1,1,4,5,1,16,26,3,10,1,1,B03,7,6,1,8,2,2,"  ",26,26,1,21,8,B03,120.646375,24.110952,2,66000,387130000C,(04)23289100,(04)25368667
5924,2023,03,16,7,41,臺中市,沙鹿區,0,0,0,8,,,50,,,,,,,,,,,,,,,23,"  ","  ","  ","  ",B03,"  ","  ",1,"  ",2,"  ","  ",23,"   ",1,22,"  ",B03,120.562976,24.236694,3,66000,387130000C,(04)23289100,(04)25368667
5925,2023,03,16,7,42,臺中市,南屯區,0,0,0,8,,,50,,,,,,,,,,,,,,,6,"  ","  ","  ","  ",C03,"  ","  ",1,"  ",2,"  ","  ",6,"   ",1,22,"  ",C03,120.614808,24.145316,3,66000,387130000C,(04)23289100,(04)25368667
5926,2023,03,16,7,42,臺中市,大里區,0,1,0,8,1,5,30,14,9,1,5,4,5,7,4,4,10,5,5,2,11,19,3,10,3,4,B03,7,1,1,8,2,8,"  ",19,19,1,22,9,B03,120.696982,24.106201,2,66000,387130000C,(04)23289100,(04)25368667
5927,2023,03,16,7,43,臺中市,西屯區,0,1,0,8,1,5,50,4,2,1,5,4,5,7,2,1,8,3,4,1,17,6,3,10,1,1,B03,7,5,1,8,2,2,"  ",6,6,1,22,8,B03,120.625529,24.183108,2,66000,387130000C,(04)23289100,(04)25368667
5928,2023,03,16,7,44,臺中市,東區,0,1,0,8,1,5,50,5,1,1,5,4,5,7,2,1,10,5,5,2,16,6,2,8,1,1,C03,7,9,1,10,2,14,11,23,6,1,22,8,C03,120.706336,24.148708,2,66000,387130000C,(04)23289100,(04)25368667
5929,2023,03,16,7,45,臺中市,霧峰區,0,0,0,8,,,50,,,,,,,,,,,,,,,6,"  ","  ","  ","  ",C03,"  ","  ",1,"  ",2,"  ","  ",6,"   ",1,9,"  ",C03,120.70205,24.07103,3,66000,387130000C,(04)23289100,(04)25368667
5930,2023,03,16,7,45,臺中市,清水區,0,0,0,8,,,50,,,,,,,,,,,,,,,6,"  ","  ","  ","  ",B03,"  ","  ",1,"  ",2,"  ","  ",6,"   ",1,21,"  ",B03,120.570721,24.27596,3,66000,387130000C,(04)23289100,(04)25368667
5931,2023,03,16,7,46,臺中市,西屯區,0,0,0,8,,,1,,,,,,,,,,,,,,,12,"  ","  ","  ","  ",C03,"  ","  ",1,"  ",1,"  ","  ",12,"   ",1,22,"  ",C03,120.620551,24.171885,3,66000,387130000C,(04)23289100,(04)25368667
5932,2023,03,16,7,47,臺中市,太平區,0,1,0,8,1,5,40,14,9,1,5,4,5,7,4,4,5,5,5,2,13,16,2,9,1,1,C03,7,9,1,10,2,11,"  ",16,16,1,22,8,C03,120.700827,24.111886,2,66000,387130000C,(04)23289100,(04)25368667
5933,2023,03,16,7,48,臺中市,潭子區,0,1,0,8,1,5,50,3,1,1,5,4,5,7,4,4,10,5,5,2,16,23,2,8,1,1,C03,7,9,1,10,2,11,"  ",23,23,1,21,8,C03,120.707532,24.199439,2,66000,387130000C,(04)23289100,(04)25368667
5934,2023,03,16,7,48,臺中市,烏日區,0,0,0,8,,,30,,,,,,,,,,,,,,,12,"  ","  ","  ","  ",B03,"  ","  ",1,"  ",2,"  ","  ",12,"   ",1,21,"  ",B03,120.646916,24.082801,3,66000,387130000C,(04)23289100,(04)25368667
5935,2023,03,16,7,48,臺中市,豐原區,0,2,0,8,1,5,40,14,9,1,5,4,5,7,4,4,5,5,4,2,16,26,2,8,1,1,C03,7,11,1,10,2,12,"  ",26,26,1,22,8,C03,120.703892,24.238997,2,66000,387130000C,(04)23289100,(04)25368667
5936,2023,03,16,7,50,臺中市,北區,0,0,0,,,,50,,,,,,,,,,,,,,,23,"  ","  ","  ","  ",B03,"  ","  ",1,"  ",2,"  ","  ",23,"   ",1,5,"  ",B03,120.693546,24.155611,3,66000,387130000C,(04)23289100,(04)25368667
5937,2023,03,16,7,50,臺中市,北屯區,0,1,0,8,1,5,50,3,1,1,5,4,5,7,1,1,10,5,5,2,17,3,3,10,1,1,B03,7,6,1,8,2,1,"  ",3,3,1,21,8,B03,120.664784,24.186035,2,66000,387130000C,(04)23289100,(04)25368667
5938,2023,03,16,7,52,臺中市,大雅區,0,0,0,8,,,30,,,,,,,,,,,,,,,23,"  ","  ","  ","  ",C03,"  ","  ",1,"  ",2,"  ","  ",23,"   ",1,21,"  ",C03,120.64717,24.229308,3,66000,387130000C,(04)23289100,(04)25368667
5939,2023,03,16,7,55,臺中市,西區,0,0,0,8,,,50,,,,,,,,,,,,,,,16,"  ","  ","  ","  ",C03,"  ","  ",1,"  ",1,"  ","  ",16,"   ",1,5,"  ",C03,120.66576,24.136553,3,66000,387130000C,(04)23289100,(04)25368667
5940,2023,03,16,7,55,臺中市,西區,0,0,0,8,,,50,,,,,,,,,,,,,,,23,"  ","  ","  ","  ",B03,"  ","  ",1,"  ",2,"  ","  ",23,"   ",1,21,"  ",B03,120.665871,24.139861,3,66000,387130000C,(04)23289100,(04)25368667
5941,2023,03,16,7,56,臺中市,北屯區,0,2,0,8,1,5,50,3,1,1,5,4,5,7,1,1,10,5,5,2,16,25,2,9,3,4,C03,7,1,1,10,2,11,"  ",25,25,1,21,8,C03,120.724946,24.181051,2,66000,387130000C,(04)23289100,(04)25368667
5942,2023,03,16,7,57,臺中市,西區,0,0,0,8,,,50,,,,,,,,,,,,,,,7,"  ","  ","  ","  ",B03,"  ","  ",1,"  ",1,"  ","  ",44,7,1,21,"  ",B03,120.665943,24.128884,3,66000,387130000C,(04)23289100,(04)25368667
5943,2023,03,16,8,0,臺中市,潭子區,0,0,0,8,,,50,,,,,,,,,,,,,,,23,"  ","  ","  ","  ",B12,"  ","  ",1,"  ",2,"  ","  ",23,"   ",1,5,"  ",B12,120.721962,24.197344,3,66000,387130000C,(04)23289100,(04)25368667
5944,2023,03,16,8,0,臺中市,大雅區,0,2,0,8,1,5,50,3,1,1,5,4,5,7,1,1,9,4,4,1,17,6,2,8,1,1,C03,7,6,1,10,2,12,"  ",6,6,1,22,9,C03,120.61459,24.217342,2,66000,387130000C,(04)23289100,(04)25368667
5945,2023,03,16,8,4,臺中市,西屯區,0,1,0,8,1,5,50,14,9,1,5,4,5,7,4,4,9,5,5,2,16,6,3,10,3,4,B03,7,5,1,8,2,4,"  ",6,6,1,22,8,B03,120.592255,24.170953,2,66000,387130000C,(04)23289100,(04)25368667
5946,2023,03,16,8,5,臺中市,東勢區,0,1,0,8,1,5,50,14,9,1,5,4,5,7,4,4,5,5,4,2,17,42,3,10,1,1,B03,7,6,1,8,2,2,"  ",42,42,1,22,8,B03,120.828963,24.259147,2,66000,387130000C,(04)23289100,(04)25368667
5947,2023,03,16,8,5,臺中市,豐原區,0,1,0,8,1,5,50,3,1,1,5,4,5,7,2,1,1,4,5,1,16,6,3,10,1,1,A12,7,6,1,3,2,5,"  ",6,6,1,22,8,A12,120.712877,24.241794,2,66000,387130000C,(04)23289100,(04)25368667
5948,2023,03,16,8,6,臺中市,中區,0,2,0,8,1,5,50,3,1,1,5,4,5,7,4,4,10,5,5,2,16,6,2,9,1,1,C03,7,5,1,10,2,13,"  ",6,6,1,2,9,C03,120.681802,24.143213,2,66000,387130000C,(04)23289100,(04)25368667
5949,2023,03,16,8,8,臺中市,西屯區,0,1,0,8,1,5,50,3,1,1,5,4,5,7,4,4,1,5,5,1,13,23,2,9,1,1,C03,7,9,1,10,1,11,"  ",23,23,1,1,9,C03,120.624125,24.182625,2,66000,387130000C,(04)23289100,(04)25368667
5950,2023,03,16,8,10,臺中市,烏日區,0,0,0,8,,,50,,,,,,,,,,,,,,,23,"  ","  ","  ","  ",B03,"  ","  ",1,"  ",2,"  ","  ",23,"   ",1,21,"  ",B03,120.63579,24.106691,3,66000,387130000C,(04)23289100,(04)25368667
5951,2023,03,16,8,12,臺中市,大里區,0,0,0,8,,,40,,,,,,,,,,,,,,,7,"  ","  ","  ","  ",B03,"  ","  ",1,"  ",2,"  ","  ",7,"   ",1,21,"  ",B03,120.691968,24.101392,3,66000,387130000C,(04)23289100,(04)25368667
5952,2023,03,16,8,12,臺中市,東勢區,0,0,0,8,,,50,,,,,,,,,,,,,,,19,"  ","  ","  ","  ",B03,"  ","  ",1,"  ",1,"  ","  ",19,19,1,22,"  ",B03,120.824262,24.264838,3,66000,387130000C,(04)23289100,(04)25368667
5953,2023,03,16,8,13,臺中市,北區,0,0,0,8,,,50,,,,,,,,,,,,,,,23,"  ","  ","  ","  ",B03,"  ","  ",1,"  ",2,"  ","  ",23,"   ",1,22,"  ",B03,120.684763,24.151569,3,66000,387130000C,(04)23289100,(04)25368667
5954,2023,03,16,8,16,臺中市,西屯區,0,0,0,8,,,30,,,,,,,,,,,,,,,12,"  ","  ","  ","  ",B12,"  ","  ",1,"  ",2,"  ","  ",12,"   ",1,22,"  ",B12,120.643358,24.180853,3,66000,387130000C,(04)23289100,(04)25368667
5955,2023,03,16,8,17,臺中市,北屯區,0,1,0,8,1,5,50,4,1,1,5,4,5,7,2,1,10,5,5,2,16,26,3,10,1,1,B03,7,6,1,8,2,5,"  ",26,26,1,21,8,B03,120.721905,24.182066,2,66000,387130000C,(04)23289100,(04)25368667
5956,2023,03,16,8,24,臺中市,南屯區,0,1,0,8,1,5,50,4,1,1,5,4,5,7,1,1,10,5,5,2,16,6,3,10,1,1,B03,7,6,1,8,2,2,"  ",6,6,1,4,8,B03,120.644606,24.139514,2,66000,387130000C,(04)23289100,(04)25368667
5957,2023,03,16,8,24,臺中市,豐原區,0,1,0,8,1,5,30,14,9,1,5,4,5,7,4,4,10,5,5,1,17,19,2,8,1,1,C03,7,9,1,10,2,12,"  ",44,19,1,22,8,C03,120.704535,24.232224,2,66000,387130000C,(04)23289100,(04)25368667
5958,2023,03,16,8,26,臺中市,西區,0,0,0,8,,,40,,,,,,,,,,,,,,,23,"  ","  ","  ","  ",B03,"  ","  ",1,"  ",1,"  ","  ",23,"   ",1,5,"  ",B03,120.659687,24.157317,3,66000,387130000C,(04)23289100,(04)25368667
5959,2023,03,16,8,29,臺中市,烏日區,0,1,0,8,1,5,50,4,2,1,5,4,5,7,1,1,10,5,5,2,18,23,2,9,1,1,C03,7,9,1,10,2,11,14,23,23,1,21,1,C03,120.63365,24.098308,2,66000,387130000C,(04)23289100,(04)25368667
5960,2023,03,16,8,30,臺中市,北區,0,0,0,8,,,50,,,,,,,,,,,,,,,19,"  ","  ","  ","  ",C03,"  ","  ",1,"  ",1,"  ","  ",19,"   ",1,22,"  ",C03,120.667369,24.155353,3,66000,387130000C,(04)23289100,(04)25368667
5961,2023,03,16,8,30,臺中市,北屯區,0,3,0,8,1,5,50,4,1,1,5,4,5,7,1,1,10,5,5,2,17,8,2,9,1,1,C03,7,5,3,18,2,12,"  ",8,8,1,21,8,C03,120.683653,24.174706,2,66000,387130000C,(04)23289100,(04)25368667
5962,2023,03,16,8,34,臺中市,大里區,0,1,0,8,1,5,50,4,1,1,5,4,5,7,1,1,10,5,5,1,13,16,2,1,1,1,C03,7,9,1,10,2,11,"  ",16,16,1,4,8,C03,120.701191,24.100277,2,66000,387130000C,(04)23289100,(04)25368667
5963,2023,03,16,8,40,臺中市,北屯區,0,1,0,8,1,5,50,4,1,1,5,4,5,7,4,4,10,5,5,2,15,6,2,9,1,1,C03,7,9,1,10,2,11,12,6,6,1,5,8,C03,120.695193,24.172223,2,66000,387130000C,(04)23289100,(04)25368667
5964,2023,03,16,8,40,臺中市,西屯區,0,0,0,8,,,50,,,,,,,,,,,,,,,67,"  ","  ","  ","  ","   ","  ","  ","  ","  ","  ","  ","  ",67,"   ",1,"  ","  ","   ",120.640478,24.182704,3,66000,387130000C,(04)23289100,(04)25368667
5965,2023,03,16,8,41,臺中市,北屯區,0,1,0,8,1,5,50,4,1,1,5,4,5,7,1,1,10,5,5,2,13,16,2,9,1,1,C03,7,13,1,10,2,11,"  ",16,16,1,19,8,C03,120.697745,24.170349,2,66000,387130000C,(04)23289100,(04)25368667
5966,2023,03,16,8,43,臺中市,西屯區,0,0,0,8,,,50,,,,,,,,,,,,,,,42,"  ","  ","  ","  ",C03,"  ","  ",6,"  ",1,"  ","  ",42,"   ",1,22,"  ",C03,120.625116,24.19672,3,66000,387130000C,(04)23289100,(04)25368667
5967,2023,03,16,8,45,臺中市,潭子區,0,1,0,8,1,5,30,4,2,1,5,4,5,7,1,1,3,4,5,2,16,43,2,9,1,1,C03,7,12,4,11,2,14,"  ",43,43,1,22,9,C03,120.712918,24.222809,2,66000,387130000C,(04)23289100,(04)25368667
5968,2023,03,16,8,47,臺中市,西屯區,0,2,0,8,1,5,30,4,1,1,5,4,5,7,4,4,10,5,5,2,16,6,2,9,1,1,C03,7,9,1,10,2,14,"  ",14,6,1,22,8,C03,120.64423,24.180466,2,66000,387130000C,(04)23289100,(04)25368667
5969,2023,03,16,8,52,臺中市,太平區,0,1,0,8,1,5,50,4,1,1,5,4,5,7,1,1,5,5,5,2,16,23,2,9,1,1,C03,7,9,1,10,2,14,"  ",23,23,1,18,8,C03,120.714329,24.149276,2,66000,387130000C,(04)23289100,(04)25368667
5970,2023,03,16,8,52,臺中市,龍井區,0,1,0,8,1,5,70,5,7,1,5,4,5,7,1,1,3,4,4,1,12,25,3,10,1,1,B12,7,15,6,18,3,7,"  ",25,25,1,9,1,B12,120.536673,24.195395,2,66000,387130000C,(04)23289100,(04)25368667
5971,2023,03,16,8,53,臺中市,北屯區,0,1,0,8,1,5,50,4,1,1,5,4,5,7,4,4,10,5,5,2,17,26,3,10,3,4,B03,7,5,1,8,2,8,"  ",26,26,1,21,8,B03,120.687993,24.17258,2,66000,387130000C,(04)23289100,(04)25368667
5972,2023,03,16,8,55,臺中市,北區,0,2,0,8,1,5,50,3,1,1,5,4,5,7,4,4,9,5,5,2,16,8,2,9,1,1,C03,7,5,1,10,2,14,"  ",8,8,1,22,8,C03,120.680854,24.151025,2,66000,387130000C,(04)23289100,(04)25368667
5973,2023,03,16,9,0,臺中市,北屯區,0,1,0,8,1,5,50,3,1,1,5,4,5,7,4,4,10,5,5,2,16,6,3,10,1,1,B03,7,5,1,8,2,1,"  ",6,6,1,21,8,B03,120.69052,24.167723,2,66000,387130000C,(04)23289100,(04)25368667
5974,2023,03,16,9,0,臺中市,北屯區,0,0,0,8,,,50,,,,,,,,,,,,,,,7,"  ","  ","  ","  ",B03,"  ","  ",1,"  ",1,"  ","  ",7,"   ",1,21,"  ",B03,120.685213,24.168623,3,66000,387130000C,(04)23289100,(04)25368667
5975,2023,03,16,9,0,臺中市,大肚區,0,2,0,8,1,5,50,3,1,1,5,4,5,7,2,1,10,5,5,2,15,25,2,8,1,1,C03,7,1,1,10,2,11,"  ",25,25,1,19,8,C03,120.567144,24.122517,2,66000,387130000C,(04)23289100,(04)25368667
5976,2023,03,16,9,3,臺中市,神岡區,0,0,0,8,,,30,,,,,,,,,,,,,,,16,"  ","  ","  ","  ",B03,"  ","  ",1,"  ",2,"  ","  ",16,"   ",1,22,"  ",B03,120.681431,24.244237,3,66000,387130000C,(04)23289100,(04)25368667
5977,2023,03,16,9,5,臺中市,大里區,0,2,0,8,1,5,50,4,1,1,5,4,5,7,3,1,9,5,5,1,3,51,2,9,4,5,H01,8,16,8,20,10,16,"  ",51,51,1,22,8,H01,120.69793,24.090035,2,66000,387130000C,(04)23289100,(04)25368667
5978,2023,03,16,9,5,臺中市,后里區,0,2,0,8,1,5,30,4,1,1,5,4,5,7,4,4,10,5,5,2,16,6,2,9,1,1,C03,7,9,1,10,2,11,"  ",6,6,1,9,8,C03,120.707529,24.314173,2,66000,387130000C,(04)23289100,(04)25368667
5979,2023,03,16,9,6,臺中市,西區,0,1,0,8,1,5,50,4,1,1,5,4,5,7,1,1,10,5,5,2,13,23,2,9,1,1,C03,7,9,1,10,2,12,"  ",23,23,1,21,8,C03,120.657256,24.150888,2,66000,387130000C,(04)23289100,(04)25368667
5980,2023,03,16,9,7,臺中市,南區,0,0,0,,,,50,,,,,,,,,,,,,,,23,"  ","  ","  ","  ",B03,"  ","  ",1,"  ",2,"  ","  ",23,"   ",1,22,"  ",B03,120.668459,24.129389,3,66000,387130000C,(04)23289100,(04)25368667
5981,2023,03,16,9,18,臺中市,南區,0,1,0,8,1,5,50,3,1,1,5,4,5,7,4,4,10,5,5,2,16,6,3,10,1,1,B03,7,5,1,8,2,7,"  ",6,6,1,22,8,B03,120.654888,24.12767,2,66000,387130000C,(04)23289100,(04)25368667
5982,2023,03,16,9,27,臺中市,西屯區,0,0,0,8,,,50,,,,,,,,,,,,,,,6,"  ","  ","  ","  ",B02,"  ","  ",1,"  ",1,"  ","  ",6,"   ",1,22,"  ",B02,120.634488,24.161548,3,66000,387130000C,(04)23289100,(04)25368667
5983,2023,03,16,9,28,臺中市,太平區,0,0,0,8,,,40,,,,,,,,,,,,,,,40,"  ","  ","  ","  ",B03,"  ","  ",1,"  ",2,"  ","  ",40,"   ",1,22,"  ",B03,120.714416,24.143622,3,66000,387130000C,(04)23289100,(04)25368667
5984,2023,03,16,9,29,臺中市,南屯區,0,0,0,8,,,40,,,,,,,,,,,,,,,17,"  ","  ","  ","  ",A41,"  ","  ",1,"  ",1,"  ","  ",17,"   ",1,22,"  ",A41,120.62408,24.152201,3,66000,387130000C,(04)23289100,(04)25368667
5985,2023,03,16,9,30,臺中市,潭子區,0,0,0,8,,,50,,,,,,,,,,,,,,,23,"  ","  ","  ","  ",B03,"  ","  ",1,"  ",2,"  ","  ",23,"   ",1,22,"  ",B03,120.721332,24.196134,3,66000,387130000C,(04)23289100,(04)25368667
5986,2023,03,16,9,30,臺中市,西屯區,0,0,0,8,,,50,,,,,,,,,,,,,,,19,"  ","  ","  ","  ",B03,"  ","  ",1,"  ",1,"  ","  ",19,"   ",1,22,"  ",B03,120.627369,24.179987,3,66000,387130000C,(04)23289100,(04)25368667
5987,2023,03,16,9,40,臺中市,東區,0,1,0,8,1,5,50,14,9,1,5,4,5,7,4,4,9,5,5,2,16,19,2,9,1,1,C03,7,1,1,10,2,12,"  ",19,19,1,22,8,C03,120.6941,24.134883,2,66000,387130000C,(04)23289100,(04)25368667
5988,2023,03,16,9,40,臺中市,清水區,0,1,0,8,1,5,50,4,1,1,5,4,5,7,3,1,5,5,5,2,15,6,3,10,1,1,B03,7,9,1,8,2,1,"  ",6,6,1,22,8,B03,120.575186,24.271905,2,66000,387130000C,(04)23289100,(04)25368667
5989,2023,03,16,9,47,臺中市,西屯區,0,0,0,8,,,50,,,,,,,,,,,,,,,9,"  ","  ","  ","  ",B02,"  ","  ",1,"  ",1,"  ","  ",9,"   ",1,1,"  ",B02,120.623331,24.182821,3,66000,387130000C,(04)23289100,(04)25368667
5990,2023,03,16,9,50,臺中市,北屯區,0,1,0,8,1,5,50,14,9,1,5,4,5,7,4,4,1,4,5,2,12,17,3,10,1,1,B03,7,9,1,8,2,2,"  ",17,17,1,5,8,B03,120.687506,24.172197,2,66000,387130000C,(04)23289100,(04)25368667