序號,年,月,日,時,分,縣市,區,死亡數量,受傷數量,2-30,天候,光線,道路類別,速限_速度(公里),道路型態,事故位置,路面鋪裝,路面狀態,路面缺陷,障礙物,視距,號誌種類,號誌動作,分向設施,快車道或一般車道間,快慢車道間,路面邊線,事故類型及型態,主要肇因,受傷程度,主要傷處,保護裝備,行動電話,當事者區分,車輛用途,當事者行動狀態,駕駛資格情形,駕駛執照種類,飲酒情形,車輛撞擊部位最初,車輛撞擊部位其他,肇事因素個別,肇事因素主要,肇事逃逸,職業,旅次目的,車種,GPS座標X,GPS座標Y,事故類別,縣市別代碼,機關代碼,市話,傳真
6087,2023,03,16,14,25,臺中市,北屯區,0,1,0,8,1,5,50,3,1,1,5,4,5,7,1,1,10,5,5,2,16,23,3,10,1,1,B03,7,5,1,8,2,2,"  ",23,23,1,21,8,B03,120.691359,24.164956,2,66000,387130000C,(04)23289100,(04)25368667
6088,2023,03,16,14,26,臺中市,北屯區,0,0,0,,,,50,,,,,,,,,,,,,,,7,"  ","  ","  ","  ",B03,"  ","  ",1,"  ",1,"  ","  ",44,"   ",1,22,"  ",B03,120.688337,24.18201,3,66000,387130000C,(04)23289100,(04)25368667
6089,2023,03,16,14,28,臺中市,大里區,0,0,0,8,,,25,,,,,,,,,,,,,,,12,"  ","  ","  ","  ",B03,"  ","  ",1,"  ",9,"  ","  ",12,"   ",1,22,"  ",B03,120.689082,24.101313,3,66000,387130000C,(04)23289100,(04)25368667
6090,2023,03,16,14,33,臺中市,太平區,0,1,0,8,1,5,50,4,2,1,5,4,5,7,1,1,5,4,5,2,13,23,2,7,1,1,C03,7,9,1,10,2,11,"  ",23,23,1,21,8,C03,120.700547,24.147973,2,66000,387130000C,(04)23289100,(04)25368667
6091,2023,03,16,14,34,臺中市,西區,0,0,0,8,,,50,,,,,,,,,,,,,,,7,"  ","  ","  ","  ",C03,"  ","  ",1,"  ",1,"  ","  ",7,"   ",1,22,"  ",C03,120.666516,24.140767,3,66000,387130000C,(04)23289100,(04)25368667
6092,2023,03,16,14,35,臺中市,西區,0,2,0,8,1,5,50,4,1,1,5,4,5,7,1,1,10,5,5,2,15,25,2,9,1,1,C04,7,9,1,8,2,12,"  ",25,25,1,5,8,C04,120.666736,24.141067,2,66000,387130000C,(04)23289100,(04)25368667
6093,2023,03,16,14,35,臺中市,后里區,0,1,0,8,1,5,50,3,1,1,5,4,5,7,3,1,10,5,5,2,12,7,2,9,1,1,C03,7,8,3,18,2,11,"  ",7,7,1,21,1,C03,120.727128,24.325331,2,66000,387130000C,(04)23289100,(04)25368667
6094,2023,03,16,14,36,臺中市,神岡區,0,0,0,8,,,30,,,,,,,,,,,,,,,17,"  ","  ","  ","  ",B12,"  ","  ",6,"  ",2,"  ","  ",17,"   ",1,22,"  ",B12,120.683039,24.273167,3,66000,387130000C,(04)23289100,(04)25368667
6095,2023,03,16,14,39,臺中市,西屯區,0,1,0,8,1,5,50,14,9,1,5,4,5,7,4,4,1,5,5,2,18,43,2,9,1,1,C03,7,9,1,10,2,14,"  ",43,43,1,22,8,C03,120.628397,24.171741,2,66000,387130000C,(04)23289100,(04)25368667
6096,2023,03,16,14,40,臺中市,北屯區,0,0,0,8,,,50,,,,,,,,,,,,,,,6,"  ","  ","  ","  ",B03,"  ","  ",1,"  ",1,"  ","  ",6,"   ",1,21,"  ",B03,120.71111,24.179921,3,66000,387130000C,(04)23289100,(04)25368667
6097,2023,03,16,14,41,臺中市,東區,0,0,0,8,1,5,40,4,2,1,5,4,5,7,1,1,5,5,4,2,17,19,3,10,1,1,B12,7,1,1,8,2,8,"  ",19,19,1,21,8,B12,120.711254,24.144422,3,66000,387130000C,(04)23289100,(04)25368667
6098,2023,03,16,14,44,臺中市,烏日區,0,0,0,,,,30,,,,,,,,,,,,,,,9,"  ","  ","  ","  ",B12,"  ","  ",1,"  ",2,"  ","  ",9,"   ",1,22,"  ",B12,120.628101,24.104993,3,66000,387130000C,(04)23289100,(04)25368667
6099,2023,03,16,14,45,臺中市,豐原區,0,1,0,8,1,5,50,14,7,1,5,4,5,7,4,4,4,5,4,2,12,7,3,10,1,1,C03,7,7,1,10,2,11,14,7,7,1,21,8,C03,120.732634,24.255348,2,66000,387130000C,(04)23289100,(04)25368667
6100,2023,03,16,14,50,臺中市,東區,0,0,0,8,,,50,,,,,,,,,,,,,,,23,"  ","  ","  ","  ",B03,"  ","  ",1,"  ",9,"  ","  ",23,"   ",1,22,"  ",B03,120.70705,24.131719,3,66000,387130000C,(04)23289100,(04)25368667
6101,2023,03,16,14,56,臺中市,中區,0,1,0,8,1,8,50,4,1,1,5,4,5,7,4,4,10,5,5,2,17,6,2,9,1,1,C03,7,9,1,10,2,11,"  ",6,6,1,21,8,C03,120.677683,24.140574,2,66000,387130000C,(04)23289100,(04)25368667
6102,2023,03,16,14,56,臺中市,西區,0,0,0,8,,,50,,,,,,,,,,,,,,,23,"  ","  ","  ","  ",B03,"  ","  ",1,"  ",1,"  ","  ",23,"   ",1,22,"  ",B03,120.673112,24.139687,3,66000,387130000C,(04)23289100,(04)25368667
6103,2023,03,16,15,2,臺中市,北屯區,0,1,0,8,1,5,50,5,1,1,5,4,5,7,1,1,10,5,5,2,16,26,3,10,1,1,B03,7,6,1,7,2,5,"  ",26,26,1,22,8,B03,120.685679,24.175769,2,66000,387130000C,(04)23289100,(04)25368667
6104,2023,03,16,15,3,臺中市,霧峰區,0,1,0,8,2,5,50,3,1,1,5,4,5,7,4,4,9,4,5,1,16,6,2,7,1,1,C04,7,5,1,10,2,11,"  ",23,6,1,21,9,C04,120.700121,24.068463,2,66000,387130000C,(04)23289100,(04)25368667
6105,2023,03,16,15,4,臺中市,大雅區,0,0,0,8,,,50,,,,,,,,,,,,,,,23,"  ","  ","  ","  ",B12,"  ","  ",1,"  ",2,"  ","  ",23,"   ",1,22,"  ",B12,120.658191,24.230797,3,66000,387130000C,(04)23289100,(04)25368667
6106,2023,03,16,15,7,臺中市,東區,0,0,0,8,1,5,50,3,1,1,5,4,5,7,4,4,1,4,5,2,13,23,3,10,1,1,B12,7,9,6,8,5,1,"  ",23,23,1,5,8,B12,120.703442,24.125466,3,66000,387130000C,(04)23289100,(04)25368667
6107,2023,03,16,15,11,臺中市,北區,0,1,0,8,1,5,50,3,1,1,5,4,5,7,4,4,10,4,5,2,13,23,3,10,1,1,B11,7,9,1,4,2,1,"  ",23,23,1,22,8,B11,120.682699,24.147144,2,66000,387130000C,(04)23289100,(04)25368667
6108,2023,03,16,15,15,臺中市,西區,0,0,0,8,,,50,,,,,,,,,,,,,,,17,"  ","  ","  ","  ",B03,"  ","  ",1,"  ",1,"  ","  ",17,"   ",1,22,"  ",B03,120.667574,24.130765,3,66000,387130000C,(04)23289100,(04)25368667
6109,2023,03,16,15,16,臺中市,后里區,0,2,0,8,1,5,50,12,9,1,5,4,5,7,4,4,5,5,5,1,13,16,2,9,1,1,C03,7,9,1,10,2,11,"  ",16,16,1,21,1,C03,120.723503,24.325363,2,66000,387130000C,(04)23289100,(04)25368667
6110,2023,03,16,15,18,臺中市,大甲區,0,2,0,8,1,5,50,4,1,1,5,4,5,7,3,1,10,5,5,2,15,6,2,7,1,1,B03,7,9,1,8,2,1,"  ",6,6,1,21,8,B03,120.62691,24.34919,2,66000,387130000C,(04)23289100,(04)25368667
6111,2023,03,16,15,20,臺中市,烏日區,0,1,0,8,1,5,30,4,1,1,5,4,5,7,4,4,5,5,5,2,15,6,3,10,1,1,B03,7,9,1,8,2,5,"  ",6,6,1,21,8,B03,120.644574,24.080144,2,66000,387130000C,(04)23289100,(04)25368667
6112,2023,03,16,15,21,臺中市,南區,0,1,0,8,1,5,50,4,1,1,5,4,5,7,1,1,10,5,5,2,17,26,2,9,1,1,C03,7,5,1,10,7,11,"  ",26,26,1,22,8,C03,120.650118,24.120638,2,66000,387130000C,(04)23289100,(04)25368667
6113,2023,03,16,15,30,臺中市,南區,0,0,0,8,1,5,50,14,8,1,5,4,5,7,4,4,1,4,4,2,12,23,3,10,1,1,B03,7,9,1,8,2,2,"  ",23,23,1,22,8,B03,120.677565,24.1296,3,66000,387130000C,(04)23289100,(04)25368667
6114,2023,03,16,15,31,臺中市,北屯區,0,0,0,8,,,80,,,,,,,,,,,,,,,23,"  ","  ","  ","  ",B03,"  ","  ",1,"  ",2,"  ","  ",23,"   ",1,22,"  ",B03,120.690056,24.201105,3,66000,387130000C,(04)23289100,(04)25368667
6115,2023,03,16,15,31,臺中市,神岡區,0,2,0,8,1,5,50,14,9,1,5,4,5,7,4,4,5,5,5,1,17,42,2,9,1,1,C03,7,12,3,18,2,15,"  ",42,42,1,22,8,C03,120.656555,24.264613,2,66000,387130000C,(04)23289100,(04)25368667
6116,2023,03,16,15,36,臺中市,西區,0,0,0,8,,,30,,,,,,,,,,,,,,,43,"  ","  ","  ","  ","   ","  ","  ","  ","  ","  ","  ","  ",43,"   ",1,"  ","  ","   ",120.662271,24.151283,3,66000,387130000C,(04)23289100,(04)25368667
6117,2023,03,16,15,44,臺中市,西屯區,0,0,0,8,,,30,,,,,,,,,,,,,,,42,"  ","  ","  ","  ",B03,"  ","  ",1,"  ",1,"  ","  ",42,"   ",1,4,"  ",B03,120.649779,24.172018,3,66000,387130000C,(04)23289100,(04)25368667
6118,2023,03,16,15,45,臺中市,北區,0,1,0,8,1,5,50,4,2,1,5,4,5,7,1,1,1,4,4,2,16,6,3,10,1,1,B03,7,6,1,8,2,2,"  ",6,6,1,21,8,B03,120.685456,24.163099,2,66000,387130000C,(04)23289100,(04)25368667
6119,2023,03,16,15,46,臺中市,南區,0,0,0,8,,,50,,,,,,,,,,,,,,,9,"  ","  ","  ","  ",B03,"  ","  ",1,"  ",2,"  ","  ",9,"   ",1,4,"  ",B03,120.669023,24.128559,3,66000,387130000C,(04)23289100,(04)25368667
6120,2023,03,16,15,54,臺中市,北區,0,0,0,8,,,40,,,,,,,,,,,,,,,12,"  ","  ","  ","  ",B03,"  ","  ",1,"  ",1,"  ","  ",12,"   ",1,22,"  ",B03,120.677941,24.149219,3,66000,387130000C,(04)23289100,(04)25368667
6121,2023,03,16,15,54,臺中市,豐原區,0,1,0,8,1,5,50,4,1,1,5,4,5,7,1,1,10,5,5,2,16,25,2,9,1,1,C03,7,9,1,10,2,11,"  ",25,25,1,22,8,C03,120.721777,24.277597,2,66000,387130000C,(04)23289100,(04)25368667
6122,2023,03,16,15,55,臺中市,東區,0,0,0,8,1,5,50,14,8,1,5,4,3,7,4,4,1,4,4,2,14,12,3,10,1,1,B03,7,2,1,8,2,7,"  ",12,12,1,5,8,B03,120.696284,24.136558,3,66000,387130000C,(04)23289100,(04)25368667
6123,2023,03,16,16,0,臺中市,烏日區,0,0,0,8,,,30,,,,,,,,,,,,,,,42,"  ","  ","  ","  ",A11,"  ","  ",1,"  ",2,"  ","  ",42,"   ",1,21,"  ",A11,120.652502,24.064839,3,66000,387130000C,(04)23289100,(04)25368667
6124,2023,03,16,16,2,臺中市,神岡區,0,0,0,8,,,30,,,,,,,,,,,,,,,5,"  ","  ","  ","  ",C03,"  ","  ",1,"  ",2,"  ","  ",5,5,2,22,"  ",C03,120.676006,24.253203,3,66000,387130000C,(04)23289100,(04)25368667
6125,2023,03,16,16,6,臺中市,北屯區,0,1,0,8,1,5,30,3,1,1,5,4,5,7,4,4,10,5,5,2,16,6,3,10,1,1,B03,7,5,1,7,2,5,"  ",6,6,1,22,8,B03,120.697973,24.177538,2,66000,387130000C,(04)23289100,(04)25368667
6126,2023,03,16,16,8,臺中市,大里區,0,1,0,8,1,5,50,14,9,1,5,4,5,7,3,1,5,5,5,1,29,42,2,9,1,1,F03,7,9,8,20,11,16,"  ",42,42,1,22,8,F03,120.727716,24.087281,2,66000,387130000C,(04)23289100,(04)25368667
6127,2023,03,16,16,15,臺中市,西屯區,0,0,0,8,,,50,,,,,,,,,,,,,,,42,"  ","  ","  ","  ",B03,"  ","  ",1,"  ",1,"  ","  ",42,"   ",1,22,"  ",B03,120.616386,24.190905,3,66000,387130000C,(04)23289100,(04)25368667
6128,2023,03,16,16,15,臺中市,豐原區,0,0,0,8,,,60,,,,,,,,,,,,,,,10,"  ","  ","  ","  ",B12,"  ","  ",1,"  ",2,"  ","  ",10,"   ",1,21,"  ",B12,120.712581,24.2624,3,66000,387130000C,(04)23289100,(04)25368667
6129,2023,03,16,16,20,臺中市,南區,0,0,0,8,1,5,50,14,7,1,5,4,5,7,4,4,1,4,5,2,12,7,3,10,1,1,B03,7,9,1,8,2,5,"  ",7,7,1,22,8,B03,120.651127,24.111974,3,66000,387130000C,(04)23289100,(04)25368667
6130,2023,03,16,16,21,臺中市,豐原區,0,0,0,8,,,50,,,,,,,,,,,,,,,16,"  ","  ","  ","  ",B12,"  ","  ",1,"  ",1,"  ","  ",16,"   ",1,21,"  ",B12,120.700085,24.248991,3,66000,387130000C,(04)23289100,(04)25368667
6131,2023,03,16,16,22,臺中市,南屯區,0,0,0,8,,,30,,,,,,,,,,,,,,,12,"  ","  ","  ","  ",B12,"  ","  ",1,"  ",1,"  ","  ",12,"   ",1,22,"  ",B12,120.612271,24.135536,3,66000,387130000C,(04)23289100,(04)25368667
6132,2023,03,16,16,23,臺中市,北區,0,0,0,8,1,5,50,4,1,1,5,4,5,7,2,1,10,5,5,2,12,6,"  ","  ","  ","  ",B03,"  ","  ",1,"  ",1,"  ","  ",6,"   ",1,22,"  ",B03,120.665074,24.166525,3,66000,387130000C,(04)23289100,(04)25368667
6133,2023,03,16,16,24,臺中市,龍井區,0,1,0,8,1,5,50,4,18,1,5,4,5,7,2,1,10,5,5,2,3,15,3,10,1,1,B12,7,5,1,8,2,1,"  ",15,15,1,6,4,B12,120.581756,24.175893,2,66000,387130000C,(04)23289100,(04)25368667
6134,2023,03,16,16,24,臺中市,龍井區,0,0,0,8,,,70,,,,,,,,,,,,,,,23,"  ","  ","  ","  ",B03,"  ","  ",1,"  ",1,"  ","  ",23,"   ",1,22,"  ",B03,120.581384,24.18823,3,66000,387130000C,(04)23289100,(04)25368667
6135,2023,03,16,16,25,臺中市,西屯區,0,2,0,8,1,5,50,14,9,1,5,4,5,7,4,4,5,4,5,2,13,16,2,9,1,1,C03,7,9,1,10,2,11,"  ",16,16,1,22,8,C03,120.620472,24.186883,2,66000,387130000C,(04)23289100,(04)25368667
6136,2023,03,16,16,31,臺中市,神岡區,0,2,0,8,1,5,30,15,9,1,5,4,5,7,4,4,10,5,5,1,17,5,2,9,1,1,C03,7,15,2,18,2,11,"  ",5,5,1,22,8,C03,120.68854,24.254874,2,66000,387130000C,(04)23289100,(04)25368667
6137,2023,03,16,16,34,臺中市,北屯區,0,0,0,8,,,50,,,,,,,,,,,,,,,23,"  ","  ","  ","  ",B03,"  ","  ",1,"  ",2,"  ","  ",23,"   ",1,22,"  ",B03,120.66065,24.191436,3,66000,387130000C,(04)23289100,(04)25368667
6138,2023,03,16,16,39,臺中市,南區,0,1,0,8,1,5,50,4,1,1,5,4,5,7,1,1,10,5,5,2,17,42,3,10,1,1,B03,7,9,1,10,2,1,"  ",42,42,1,22,8,B03,120.666517,24.115185,2,66000,387130000C,(04)23289100,(04)25368667
6139,2023,03,16,16,39,臺中市,大里區,0,0,0,8,,,50,,,,,,,,,,,,,,,23,"  ","  ","  ","  ",B03,"  ","  ",1,"  ",1,"  ","  ",23,"   ",1,22,"  ",B03,120.678545,24.115878,3,66000,387130000C,(04)23289100,(04)25368667
6140,2023,03,16,16,40,臺中市,東區,0,0,0,8,,,50,,,,,,,,,,,,,,,23,"  ","  ","  ","  ",A12,"  ","  ",1,"  ",1,"  ","  ",23,"   ",1,3,"  ",A12,120.696471,24.135629,3,66000,387130000C,(04)23289100,(04)25368667
6141,2023,03,16,16,40,臺中市,神岡區,0,1,0,8,1,5,20,14,22,1,5,4,5,7,4,4,9,5,5,1,12,42,3,10,3,4,F01,7,5,8,20,1,16,"  ",42,42,1,22,9,F01,120.652015,24.162491,2,66000,387130000C,(04)23289100,(04)25368667
6142,2023,03,16,16,41,臺中市,梧棲區,0,1,0,8,1,5,50,4,1,1,5,4,5,7,4,4,10,5,5,2,15,6,3,10,1,1,B12,7,9,1,8,2,6,"  ",6,6,1,3,1,B12,120.548737,24.257095,2,66000,387130000C,(04)23289100,(04)25368667
6143,2023,03,16,16,45,臺中市,南區,0,0,0,8,,,30,,,,,,,,,,,,,,,23,"  ","  ","  ","  ",B03,"  ","  ",1,"  ",2,"  ","  ",23,"   ",1,22,"  ",B03,120.679702,24.121144,3,66000,387130000C,(04)23289100,(04)25368667
6144,2023,03,16,16,45,臺中市,西屯區,0,2,0,8,1,5,50,4,2,1,5,4,5,7,1,1,5,5,5,2,13,16,2,8,3,4,C03,7,9,1,10,1,15,"  ",16,16,1,22,8,C03,120.646958,24.169123,2,66000,387130000C,(04)23289100,(04)25368667
6145,2023,03,16,16,46,臺中市,大里區,0,0,0,8,,,30,,,,,,,,,,,,,,,6,"  ","  ","  ","  ",B03,"  ","  ",1,"  ",2,"  ","  ",6,"   ",1,21,"  ",B03,120.706193,24.084123,3,66000,387130000C,(04)23289100,(04)25368667
6146,2023,03,16,16,48,臺中市,北區,0,1,0,8,1,5,50,4,1,1,5,4,5,7,4,4,10,5,5,2,16,6,3,10,1,1,B12,7,5,1,8,2,8,"  ",6,6,1,22,8,B12,120.677336,24.161681,2,66000,387130000C,(04)23289100,(04)25368667
6147,2023,03,16,16,48,臺中市,北屯區,0,1,0,8,1,5,50,3,1,1,5,4,5,7,4,4,5,5,4,2,16,6,3,10,1,1,B03,7,5,1,8,2,8,"  ",6,6,1,22,8,B03,120.662137,24.196338,2,66000,387130000C,(04)23289100,(04)25368667
6148,2023,03,16,16,50,臺中市,東區,0,1,0,8,1,5,50,4,1,1,5,4,5,7,1,1,10,5,5,2,12,44,3,10,1,1,B03,7,6,1,8,2,2,"  ",44,44,1,22,8,B03,120.703442,24.125466,2,66000,387130000C,(04)23289100,(04)25368667
6149,2023,03,16,16,53,臺中市,大雅區,0,2,0,8,1,5,50,14,9,1,5,4,5,7,4,4,5,4,5,1,3,53,2,9,4,5,H01,8,18,8,20,1,16,"  ",53,53,1,22,9,H01,120.650042,24.220638,2,66000,387130000C,(04)23289100,(04)25368667
6150,2023,03,16,16,53,臺中市,豐原區,0,1,0,8,1,5,50,14,9,1,5,4,5,7,4,4,9,5,5,1,17,43,2,9,1,1,C03,7,9,1,10,2,15,"  ",43,43,1,22,8,C03,120.711052,24.253319,2,66000,387130000C,(04)23289100,(04)25368667
6151,2023,03,16,16,54,臺中市,豐原區,0,2,0,8,1,5,50,4,1,1,5,4,5,7,1,1,5,5,5,2,16,6,2,9,1,1,C03,7,5,1,10,2,11,"  ",6,6,1,5,8,C03,120.720458,24.249403,2,66000,387130000C,(04)23289100,(04)25368667
6152,2023,03,16,17,0,臺中市,西區,0,0,0,8,,,50,,,,,,,,,,,,,,,23,"  ","  ","  ","  ",B03,"  ","  ",1,"  ",1,"  ","  ",23,"   ",1,22,"  ",B03,120.661966,24.135692,3,66000,387130000C,(04)23289100,(04)25368667
6153,2023,03,16,17,0,臺中市,北區,0,0,0,,,,,,,,,,,,,,,,,,,67,"  ","  ","  ","  ","   ","  ","  ","  ","  ","  ","  ","  ",67,"   ",1,"  ","  ","   ",120.688899,24.156708,3,66000,387130000C,(04)23289100,(04)25368667
6154,2023,03,16,17,0,臺中市,南區,0,1,0,8,1,5,50,14,7,1,5,4,5,7,4,4,1,4,4,2,18,13,2,9,1,1,C03,7,9,1,10,2,12,"  ",13,13,1,18,8,C03,120.658185,24.117542,2,66000,387130000C,(04)23289100,(04)25368667
6155,2023,03,16,17,0,臺中市,大肚區,0,1,0,8,1,5,50,11,9,1,5,4,5,7,4,4,5,5,5,1,18,42,2,9,1,1,C03,7,5,1,10,2,14,"  ",42,42,1,22,8,C03,120.574216,24.149918,2,66000,387130000C,(04)23289100,(04)25368667
6156,2023,03,16,17,4,臺中市,西屯區,0,0,0,8,,,40,,,,,,,,,,,,,,,18,"  ","  ","  ","  ",B03,"  ","  ",1,"  ",1,"  ","  ",18,"   ",1,22,"  ",B03,120.639966,24.159454,3,66000,387130000C,(04)23289100,(04)25368667
6157,2023,03,16,17,5,臺中市,西屯區,0,1,0,8,1,5,50,14,7,1,5,4,5,7,4,4,9,5,4,2,13,10,3,10,3,4,C03,7,11,1,10,2,13,"  ",10,10,1,22,8,C03,120.657202,24.167131,2,66000,387130000C,(04)23289100,(04)25368667
6158,2023,03,16,17,5,臺中市,西屯區,0,0,0,8,,,50,,,,,,,,,,,,,,,26,"  ","  ","  ","  ",B03,"  ","  ",1,"  ",1,"  ","  ",26,"   ",1,22,"  ",B03,120.637664,24.163226,3,66000,387130000C,(04)23289100,(04)25368667
6159,2023,03,16,17,5,臺中市,東勢區,0,0,0,6,1,5,60,3,9,1,5,4,5,7,2,1,1,5,5,1,12,7,"  ","  ","  ","  ",B03,"  ","  ",1,"  ",2,"  ","  ",7,7,1,22,"  ",B03,120.824117,24.258354,3,66000,387130000C,(04)23289100,(04)25368667
6160,2023,03,16,17,10,臺中市,西屯區,0,1,0,8,1,5,50,14,9,1,5,4,5,7,4,4,10,4,5,2,13,16,2,9,3,4,C03,7,9,1,10,2,11,"  ",16,16,1,22,9,C03,120.644916,24.178287,2,66000,387130000C,(04)23289100,(04)25368667
6161,2023,03,16,17,11,臺中市,東區,0,0,0,,,,50,,,,,,,,,,,,,,,23,"  ","  ","  ","  ",B03,"  ","  ",1,"  ",2,"  ","  ",23,"   ",1,22,"  ",B03,120.698311,24.142661,3,66000,387130000C,(04)23289100,(04)25368667
6162,2023,03,16,17,11,臺中市,霧峰區,0,0,0,8,,,50,,,,,,,,,,,,,,,23,"  ","  ","  ","  ",B03,"  ","  ",1,"  ",2,"  ","  ",23,"   ",1,22,"  ",B03,120.701863,24.067923,3,66000,387130000C,(04)23289100,(04)25368667
6163,2023,03,16,17,13,臺中市,東區,0,1,0,8,1,5,50,4,1,1,5,4,5,7,1,1,1,5,5,2,16,19,2,9,2,1,F01,7,1,8,20,2,16,"  ",19,19,1,20,8,F01,120.696883,24.140365,2,66000,387130000C,(04)23289100,(04)25368667
6164,2023,03,16,17,15,臺中市,西屯區,0,3,0,8,1,5,50,3,1,1,5,4,5,7,4,4,10,5,5,2,17,10,2,9,1,1,C03,7,11,1,10,2,12,"  ",10,10,1,21,8,C03,120.621343,24.186659,2,66000,387130000C,(04)23289100,(04)25368667
6165,2023,03,16,17,17,臺中市,南區,0,0,0,8,,,50,,,,,,,,,,,,,,,7,"  ","  ","  ","  ",C03,"  ","  ",1,"  ",9,"  ","  ",7,"   ",1,4,"  ",C03,120.659021,24.113115,3,66000,387130000C,(04)23289100,(04)25368667
6166,2023,03,16,17,18,臺中市,神岡區,0,0,0,8,,,30,,,,,,,,,,,,,,,17,"  ","  ","  ","  ",B03,"  ","  ",1,"  ",1,"  ","  ",17,"   ",1,21,"  ",B03,120.667188,24.258821,3,66000,387130000C,(04)23289100,(04)25368667
6167,2023,03,16,17,23,臺中市,北屯區,0,1,0,8,1,5,30,4,1,1,5,4,5,7,4,4,10,5,5,2,15,6,2,9,1,1,C03,7,9,1,10,2,14,"  ",6,6,1,21,8,C03,120.692425,24.194144,2,66000,387130000C,(04)23289100,(04)25368667
6168,2023,03,16,17,25,臺中市,西屯區,0,1,0,8,1,5,1,14,9,1,5,4,5,7,4,4,4,3,5,2,3,51,3,10,4,5,H01,8,20,8,20,1,16,"  ",51,51,1,22,8,H01,120.64214,24.178178,2,66000,387130000C,(04)23289100,(04)25368667
6169,2023,03,16,17,28,臺中市,北區,0,2,0,8,1,5,50,14,8,1,5,4,5,7,4,4,5,4,4,2,16,19,2,9,1,1,C03,7,1,1,10,2,11,"  ",19,19,1,22,8,C03,120.680611,24.159247,2,66000,387130000C,(04)23289100,(04)25368667
6170,2023,03,16,17,28,臺中市,霧峰區,0,0,0,8,,,50,,,,,,,,,,,,,,,23,"  ","  ","  ","  ",B03,"  ","  ",1,"  ",2,"  ","  ",23,"   ",1,1,"  ",B03,120.69699,24.070048,3,66000,387130000C,(04)23289100,(04)25368667
6171,2023,03,16,17,28,臺中市,沙鹿區,0,1,0,8,2,5,50,14,9,1,5,4,5,7,4,4,8,5,5,1,13,23,3,10,1,1,B12,7,9,1,7,2,1,"  ",23,23,1,9,8,B12,120.603989,24.262228,2,66000,387130000C,(04)23289100,(04)25368667
6172,2023,03,16,17,29,臺中市,霧峰區,0,1,0,8,1,5,50,3,1,1,5,4,5,7,4,4,10,5,5,2,17,23,3,10,3,4,B03,7,9,1,8,2,1,"  ",23,23,1,21,5,B03,120.714636,24.075883,2,66000,387130000C,(04)23289100,(04)25368667
6173,2023,03,16,17,29,臺中市,后里區,0,0,0,,,,50,,,,,,,,,,,,,,,18,"  ","  ","  ","  ",B12,"  ","  ",1,"  ",2,"  ","  ",18,"   ",1,4,"  ",B12,120.726193,24.309224,3,66000,387130000C,(04)23289100,(04)25368667
6174,2023,03,16,17,30,臺中市,北區,0,0,0,8,1,5,50,14,9,1,5,4,5,7,4,4,10,5,5,2,14,12,"  ","  ","  ","  ",B03,"  ","  ",1,"  ",2,"  ","  ",12,"   ",1,22,"  ",B03,120.680821,24.165455,3,66000,387130000C,(04)23289100,(04)25368667
6175,2023,03,16,17,30,臺中市,東區,0,1,0,8,1,5,50,4,1,1,5,4,5,7,4,4,10,5,5,2,15,6,2,9,1,1,C03,7,9,1,10,2,11,"  ",6,6,1,22,8,C03,120.688178,24.140988,2,66000,387130000C,(04)23289100,(04)25368667
6176,2023,03,16,17,30,臺中市,北屯區,0,1,0,8,2,5,50,4,1,1,5,4,5,7,4,4,10,5,5,2,15,6,2,9,1,1,C03,7,9,1,10,2,13,"  ",6,6,1,22,8,C03,120.726766,24.163255,2,66000,387130000C,(04)23289100,(04)25368667
6177,2023,03,16,17,32,臺中市,東區,0,0,0,8,1,5,30,13,9,1,5,4,5,7,4,4,10,5,5,2,17,43,3,10,1,1,B03,7,1,1,8,2,5,"  ",43,43,1,5,8,B03,120.694333,24.124609,3,66000,387130000C,(04)23289100,(04)25368667
6178,2023,03,16,17,34,臺中市,西區,0,0,0,8,,,30,,,,,,,,,,,,,,,19,"  ","  ","  ","  ",C03,"  ","  ",1,"  ",1,"  ","  ",19,"   ",1,4,"  ",C03,120.661875,24.144595,3,66000,387130000C,(04)23289100,(04)25368667
6179,2023,03,16,17,37,臺中市,霧峰區,0,1,0,8,1,5,30,11,9,1,5,4,5,7,4,4,10,5,5,2,17,23,2,9,1,1,C03,7,6,1,10,2,11,"  ",23,23,1,22,8,C03,120.687738,24.042865,2,66000,387130000C,(04)23289100,(04)25368667
6180,2023,03,16,17,38,臺中市,北屯區,0,0,0,8,,,50,,,,,,,,,,,,,,,7,"  ","  ","  ","  ",B03,"  ","  ",1,"  ",2,"  ","  ",7,"   ",1,22,"  ",B03,120.679906,24.17311,3,66000,387130000C,(04)23289100,(04)25368667
6181,2023,03,16,17,41,臺中市,大里區,0,0,0,8,,,50,,,,,,,,,,,,,,,23,"  ","  ","  ","  ",C03,"  ","  ",1,"  ",2,"  ","  ",23,"   ",1,3,"  ",C03,120.691735,24.083137,3,66000,387130000C,(04)23289100,(04)25368667
6182,2023,03,16,17,42,臺中市,太平區,0,1,0,8,1,5,40,4,2,1,5,4,5,7,1,1,5,4,4,1,13,42,3,10,1,1,C03,7,9,1,10,2,11,"  ",42,42,1,21,8,C03,120.721761,24.149087,2,66000,387130000C,(04)23289100,(04)25368667