序號,年,月,日,時,分,縣市,區,死亡數量,受傷數量,2-30,天候,光線,道路類別,速限_速度(公里),道路型態,事故位置,路面鋪裝,路面狀態,路面缺陷,障礙物,視距,號誌種類,號誌動作,分向設施,快車道或一般車道間,快慢車道間,路面邊線,事故類型及型態,主要肇因,受傷程度,主要傷處,保護裝備,行動電話,當事者區分,車輛用途,當事者行動狀態,駕駛資格情形,駕駛執照種類,飲酒情形,車輛撞擊部位最初,車輛撞擊部位其他,肇事因素個別,肇事因素主要,肇事逃逸,職業,旅次目的,車種,GPS座標X,GPS座標Y,事故類別,縣市別代碼,機關代碼,市話,傳真
6183,2023,03,16,17,42,臺中市,太平區,0,1,0,8,1,5,50,14,9,1,5,4,5,7,4,4,5,4,5,1,13,16,2,9,1,1,C03,7,9,1,10,2,11,"  ",16,16,1,18,8,C03,120.733917,24.157814,2,66000,387130000C,(04)23289100,(04)25368667
6184,2023,03,16,17,44,臺中市,潭子區,0,2,0,8,2,5,50,14,9,1,5,4,5,7,4,4,9,4,4,1,17,10,3,10,1,1,B03,7,11,1,8,2,4,"  ",10,10,1,22,8,B03,120.72169,24.197961,2,66000,387130000C,(04)23289100,(04)25368667
6185,2023,03,16,17,44,臺中市,烏日區,0,2,0,8,1,5,30,13,9,1,5,4,5,7,4,4,10,5,5,2,11,7,2,6,1,1,C03,7,8,1,10,2,12,"  ",7,7,1,21,1,C03,120.657085,24.061112,2,66000,387130000C,(04)23289100,(04)25368667
6186,2023,03,16,17,44,臺中市,沙鹿區,0,1,0,8,1,5,30,14,9,1,5,4,5,7,4,4,10,5,5,2,10,5,3,10,1,1,B03,7,9,1,8,2,8,"  ",5,5,1,21,8,B03,120.576225,24.224007,2,66000,387130000C,(04)23289100,(04)25368667
6187,2023,03,16,17,47,臺中市,西屯區,0,0,0,8,,,60,,,,,,,,,,,,,,,7,"  ","  ","  ","  ",B03,"  ","  ",1,"  ",1,"  ","  ",7,"   ",1,22,"  ",B03,120.643343,24.166521,3,66000,387130000C,(04)23289100,(04)25368667
6188,2023,03,16,17,47,臺中市,梧棲區,0,0,0,,,,70,,,,,,,,,,,,,,,26,"  ","  ","  ","  ",B03,"  ","  ",1,"  ",2,"  ","  ",26,"   ",1,4,"  ",B03,120.549872,24.244951,3,66000,387130000C,(04)23289100,(04)25368667
6189,2023,03,16,17,48,臺中市,大里區,0,2,0,8,1,5,50,5,1,1,5,4,5,7,1,1,10,5,5,2,16,23,2,9,1,1,C03,7,5,1,10,2,12,"  ",23,23,1,5,5,C03,120.684735,24.119338,2,66000,387130000C,(04)23289100,(04)25368667
6190,2023,03,16,17,54,臺中市,太平區,0,2,0,8,3,5,50,4,1,1,5,4,5,7,1,1,10,5,5,2,16,6,2,9,1,1,F03,7,5,8,20,2,16,"  ",6,6,1,21,8,F03,120.724025,24.111108,2,66000,387130000C,(04)23289100,(04)25368667
6191,2023,03,16,17,58,臺中市,南區,0,1,0,8,3,5,50,3,1,1,5,4,5,7,4,4,10,5,5,2,17,42,3,10,1,1,C03,7,5,1,10,2,11,"  ",42,42,1,22,8,C03,120.656094,24.119864,2,66000,387130000C,(04)23289100,(04)25368667
6192,2023,03,16,17,58,臺中市,西屯區,0,0,0,8,,,50,,,,,,,,,,,,,,,23,"  ","  ","  ","  ",C03,"  ","  ",1,"  ",1,"  ","  ",23,"   ",1,21,"  ",C03,120.615608,24.189581,3,66000,387130000C,(04)23289100,(04)25368667
6193,2023,03,16,17,58,臺中市,外埔區,0,1,0,7,1,5,50,4,1,1,5,4,5,7,2,1,10,5,4,1,11,6,3,10,1,1,B03,7,5,1,8,2,5,"  ",6,6,1,22,8,B03,120.656578,24.328625,2,66000,387130000C,(04)23289100,(04)25368667
6194,2023,03,16,18,0,臺中市,西區,0,0,0,8,,,50,,,,,,,,,,,,,,,23,"  ","  ","  ","  ",B12,"  ","  ",1,"  ",1,"  ","  ",23,"   ",1,21,"  ",B12,120.658977,24.155921,4,66000,387130000C,(04)23289100,(04)25368667
6195,2023,03,16,18,0,臺中市,北屯區,0,0,0,8,,,50,,,,,,,,,,,,,,,23,"  ","  ","  ","  ",B12,"  ","  ",1,"  ",11,"  ","  ",23,23,1,22,"  ",B12,120.678048,24.173245,3,66000,387130000C,(04)23289100,(04)25368667
6196,2023,03,16,18,0,臺中市,沙鹿區,0,0,0,,,,50,,,,,,,,,,,,,,,42,"  ","  ","  ","  ",C03,"  ","  ",1,"  ",1,"  ","  ",42,"   ",1,21,"  ",C03,120.563167,24.237757,3,66000,387130000C,(04)23289100,(04)25368667
6197,2023,03,16,18,1,臺中市,豐原區,0,0,0,8,,,50,,,,,,,,,,,,,,,23,"  ","  ","  ","  ",B03,"  ","  ",1,"  ",2,"  ","  ",23,"   ",1,22,"  ",B03,120.750391,24.269885,3,66000,387130000C,(04)23289100,(04)25368667
6198,2023,03,16,18,3,臺中市,大里區,0,0,0,8,,,50,,,,,,,,,,,,,,,17,"  ","  ","  ","  ",B03,"  ","  ",1,"  ",1,"  ","  ",17,"   ",1,5,"  ",B03,120.688278,24.106406,3,66000,387130000C,(04)23289100,(04)25368667
6199,2023,03,16,18,5,臺中市,北屯區,0,0,0,8,,,50,,,,,,,,,,,,,,,19,"  ","  ","  ","  ",B03,"  ","  ",1,"  ",2,"  ","  ",19,"   ",1,21,"  ",B03,120.719192,24.172532,3,66000,387130000C,(04)23289100,(04)25368667
6200,2023,03,16,18,5,臺中市,西屯區,0,1,0,8,2,5,50,3,9,1,5,4,5,7,4,4,1,4,5,2,13,23,3,10,3,4,B03,7,9,1,8,2,5,"  ",23,23,1,22,8,B03,120.61354,24.186863,2,66000,387130000C,(04)23289100,(04)25368667
6201,2023,03,16,18,10,臺中市,大里區,0,0,0,8,,,40,,,,,,,,,,,,,,,23,"  ","  ","  ","  ",C03,"  ","  ",1,"  ",2,"  ","  ",23,"   ",1,21,"  ",C03,120.689951,24.092782,4,66000,387130000C,(04)23289100,(04)25368667
6202,2023,03,16,18,11,臺中市,北屯區,0,1,0,8,2,5,50,14,9,1,5,4,5,7,4,4,3,4,5,2,13,16,2,9,1,1,C03,7,9,1,10,2,11,"  ",16,16,1,22,8,C03,120.693313,24.16202,2,66000,387130000C,(04)23289100,(04)25368667
6203,2023,03,16,18,12,臺中市,大雅區,0,0,0,8,,,50,,,,,,,,,,,,,,,23,"  ","  ","  ","  ",B03,"  ","  ",1,"  ",2,"  ","  ",23,23,1,22,"  ",B03,120.650054,24.216314,3,66000,387130000C,(04)23289100,(04)25368667
6204,2023,03,16,18,15,臺中市,大雅區,0,0,0,8,,,30,,,,,,,,,,,,,,,12,"  ","  ","  ","  ",B03,"  ","  ",1,"  ",2,"  ","  ",12,"   ",1,21,"  ",B03,120.667783,24.23973,3,66000,387130000C,(04)23289100,(04)25368667
6205,2023,03,16,18,15,臺中市,南屯區,0,1,0,8,3,5,50,4,1,1,5,4,5,7,2,1,10,5,5,2,9,12,3,10,1,1,B03,7,2,1,10,2,3,"  ",12,12,1,22,9,B03,120.638511,24.145313,2,66000,387130000C,(04)23289100,(04)25368667
6206,2023,03,16,18,15,臺中市,龍井區,0,1,0,8,1,5,50,5,1,1,5,4,5,7,4,4,10,5,5,2,11,23,3,10,1,1,B03,7,5,1,8,2,8,"  ",23,23,1,22,8,B03,120.57042,24.175538,2,66000,387130000C,(04)23289100,(04)25368667
6207,2023,03,16,18,19,臺中市,西區,0,0,0,8,,,50,,,,,,,,,,,,,,,23,"  ","  ","  ","  ",B03,"  ","  ",1,"  ",1,"  ","  ",23,"   ",1,22,"  ",B03,120.654346,24.150864,3,66000,387130000C,(04)23289100,(04)25368667
6208,2023,03,16,18,20,臺中市,大雅區,0,2,0,8,3,5,30,3,1,1,5,4,5,7,1,1,10,4,5,1,13,23,3,10,1,1,C03,7,1,1,8,2,11,"  ",23,23,1,22,9,C03,120.635487,24.219262,2,66000,387130000C,(04)23289100,(04)25368667
6209,2023,03,16,18,20,臺中市,北屯區,0,1,0,8,3,5,50,4,1,1,5,4,5,7,1,1,10,5,5,2,16,19,2,9,1,1,C03,7,1,6,10,2,15,"  ",19,19,1,22,8,C03,120.695089,24.185355,2,66000,387130000C,(04)23289100,(04)25368667
6210,2023,03,16,18,23,臺中市,潭子區,0,1,0,8,3,8,30,14,20,1,5,4,5,7,4,4,10,5,5,2,9,23,3,10,1,1,B02,7,5,1,8,2,1,"  ",23,23,1,22,8,B02,120.706437,24.201051,2,66000,387130000C,(04)23289100,(04)25368667
6211,2023,03,16,18,23,臺中市,北區,0,0,0,8,,,50,,,,,,,,,,,,,,,27,"  ","  ","  ","  ",C03,"  ","  ",1,"  ",11,"  ","  ",27,27,2,22,"  ",C03,120.668033,24.162965,3,66000,387130000C,(04)23289100,(04)25368667
6212,2023,03,16,18,26,臺中市,神岡區,0,1,0,8,3,5,50,3,1,1,5,4,5,7,1,1,1,4,5,2,13,23,2,9,1,1,B03,7,9,1,7,2,1,"  ",23,23,1,21,8,B03,120.69921,24.249036,2,66000,387130000C,(04)23289100,(04)25368667
6213,2023,03,16,18,26,臺中市,神岡區,0,0,0,8,,,50,,,,,,,,,,,,,,,42,"  ","  ","  ","  ",B03,"  ","  ",1,"  ",2,"  ","  ",42,42,1,22,"  ",B03,120.700241,24.251171,3,66000,387130000C,(04)23289100,(04)25368667
6214,2023,03,16,18,29,臺中市,南區,0,3,0,8,3,5,50,4,1,1,5,4,5,7,1,1,10,5,5,2,17,9,2,8,1,1,C03,7,6,1,10,2,12,"  ",9,9,1,22,8,C03,120.681109,24.126388,2,66000,387130000C,(04)23289100,(04)25368667
6215,2023,03,16,18,31,臺中市,南屯區,0,0,0,,,,80,,,,,,,,,,,,,,,23,"  ","  ","  ","  ",B03,"  ","  ",1,"  ",1,"  ","  ",23,"   ",1,22,"  ",B03,120.623033,24.140267,3,66000,387130000C,(04)23289100,(04)25368667
6216,2023,03,16,18,32,臺中市,大里區,0,2,0,8,3,5,50,14,9,1,5,4,5,7,4,4,5,5,5,1,17,8,2,9,1,1,F01,7,5,8,20,2,16,"  ",8,8,1,22,8,F01,120.709276,24.106813,2,66000,387130000C,(04)23289100,(04)25368667
6217,2023,03,16,18,38,臺中市,南區,0,0,0,8,3,5,50,14,7,1,5,4,5,7,4,4,1,4,4,2,13,23,3,10,1,1,C03,7,7,1,10,2,11,"  ",23,23,1,5,8,C03,120.656655,24.116477,3,66000,387130000C,(04)23289100,(04)25368667
6218,2023,03,16,18,38,臺中市,北屯區,0,0,0,8,,,50,,,,,,,,,,,,,,,16,"  ","  ","  ","  ",C03,"  ","  ",1,"  ",1,"  ","  ",16,"   ",1,22,"  ",C03,120.669364,24.178578,3,66000,387130000C,(04)23289100,(04)25368667
6219,2023,03,16,18,39,臺中市,西區,0,3,0,8,3,5,50,3,7,1,5,4,5,7,4,4,1,4,4,2,13,16,2,8,1,1,C03,7,9,1,10,2,11,"  ",16,16,1,4,8,C03,120.657373,24.145561,2,66000,387130000C,(04)23289100,(04)25368667
6220,2023,03,16,18,42,臺中市,沙鹿區,0,2,0,8,1,5,50,3,2,1,5,4,5,7,1,1,5,5,5,2,13,23,2,8,1,1,C03,7,9,1,10,2,11,"  ",23,23,1,21,8,C03,120.571286,24.19833,2,66000,387130000C,(04)23289100,(04)25368667
6221,2023,03,16,18,43,臺中市,梧棲區,0,0,0,8,,,50,,,,,,,,,,,,,,,1,"  ","  ","  ","  ",B12,"  ","  ",1,"  ",1,"  ","  ",1,"   ",1,5,"  ",B12,120.528366,24.22188,3,66000,387130000C,(04)23289100,(04)25368667
6222,2023,03,16,18,44,臺中市,南區,0,0,0,8,,,50,,,,,,,,,,,,,,,23,"  ","  ","  ","  ",B12,"  ","  ",1,"  ",2,"  ","  ",23,"   ",1,22,"  ",B12,120.658396,24.113342,3,66000,387130000C,(04)23289100,(04)25368667
6223,2023,03,16,18,46,臺中市,東區,0,2,0,8,3,5,50,14,9,1,5,4,5,7,3,1,1,5,5,2,13,23,2,9,1,1,C03,7,9,1,10,2,11,"  ",23,23,1,5,8,C03,120.690481,24.138528,2,66000,387130000C,(04)23289100,(04)25368667
6224,2023,03,16,18,50,臺中市,東區,0,0,0,8,,,50,,,,,,,,,,,,,,,23,"  ","  ","  ","  ",B12,"  ","  ",1,"  ",2,"  ","  ",23,"   ",1,22,"  ",B12,120.685371,24.129597,3,66000,387130000C,(04)23289100,(04)25368667
6225,2023,03,16,18,50,臺中市,沙鹿區,0,2,0,8,3,5,50,3,1,1,5,4,5,7,4,4,10,5,5,2,16,23,3,10,1,1,B12,7,5,1,8,2,1,"  ",23,23,1,18,5,B12,120.571258,24.216338,2,66000,387130000C,(04)23289100,(04)25368667
6226,2023,03,16,18,54,臺中市,西屯區,0,1,0,8,3,5,50,3,1,1,5,4,5,7,2,1,10,5,5,2,3,15,3,10,3,4,B03,7,5,1,8,2,1,"  ",15,15,1,22,8,B03,120.614344,24.176333,2,66000,387130000C,(04)23289100,(04)25368667
6227,2023,03,16,18,59,臺中市,西屯區,0,0,0,8,,,50,,,,,,,,,,,,,,,7,"  ","  ","  ","  ",B03,"  ","  ",1,"  ",2,"  ","  ",7,"   ",1,21,"  ",B03,120.635265,24.171748,3,66000,387130000C,(04)23289100,(04)25368667
6228,2023,03,16,19,0,臺中市,清水區,0,2,0,8,3,5,50,3,1,1,5,4,5,7,3,1,10,5,5,2,16,6,2,9,1,1,C03,7,5,1,10,2,14,"  ",6,6,1,5,5,C03,120.548391,24.262502,2,66000,387130000C,(04)23289100,(04)25368667
6229,2023,03,16,19,3,臺中市,太平區,0,1,0,8,3,5,50,4,1,1,5,4,5,7,2,1,10,5,5,2,16,23,2,8,1,1,C03,7,9,1,10,2,14,"  ",23,23,1,21,8,C03,120.7172,24.156903,2,66000,387130000C,(04)23289100,(04)25368667
6230,2023,03,16,19,5,臺中市,北屯區,0,0,0,8,,,40,,,,,,,,,,,,,,,23,"  ","  ","  ","  ",B03,"  ","  ",3,"  ",1,"  ","  ",23,"   ",1,21,"  ",B03,120.692699,24.201205,3,66000,387130000C,(04)23289100,(04)25368667
6231,2023,03,16,19,8,臺中市,北屯區,0,0,0,8,,,50,,,,,,,,,,,,,,,23,"  ","  ","  ","  ",B03,"  ","  ",1,"  ",9,"  ","  ",23,"   ",2,22,"  ",B03,120.704588,24.170281,3,66000,387130000C,(04)23289100,(04)25368667
6232,2023,03,16,19,8,臺中市,豐原區,0,1,0,8,3,5,50,4,1,1,5,4,5,7,1,1,1,5,5,2,16,23,3,10,3,4,B03,7,6,1,8,2,8,"  ",23,23,1,20,8,B03,120.719268,24.257871,2,66000,387130000C,(04)23289100,(04)25368667
6233,2023,03,16,19,10,臺中市,西屯區,0,1,0,8,3,5,50,4,1,1,5,4,5,7,2,1,10,5,5,2,16,6,2,9,3,4,C03,7,5,1,10,2,14,"  ",6,6,1,22,8,C03,120.592988,24.183181,2,66000,387130000C,(04)23289100,(04)25368667
6234,2023,03,16,19,11,臺中市,太平區,0,0,0,8,,,50,,,,,,,,,,,,,,,17,"  ","  ","  ","  ",B12,"  ","  ",1,"  ",2,5,2,17,17,1,22,"  ",B12,120.715683,24.151823,3,66000,387130000C,(04)23289100,(04)25368667
6235,2023,03,16,19,13,臺中市,沙鹿區,0,4,0,8,3,5,30,4,1,1,5,4,5,3,4,4,10,5,5,2,15,6,3,10,1,1,B03,7,9,1,8,2,5,"  ",6,6,1,9,8,B03,120.569522,24.230333,2,66000,387130000C,(04)23289100,(04)25368667
6236,2023,03,16,19,14,臺中市,大雅區,0,1,0,8,1,5,50,14,9,1,5,4,5,7,4,4,5,5,5,1,11,23,3,10,1,1,A11,7,9,1,3,2,8,"  ",23,23,1,21,8,A11,120.640965,24.227978,2,66000,387130000C,(04)23289100,(04)25368667
6237,2023,03,16,19,14,臺中市,太平區,0,0,0,8,,,50,,,,,,,,,,,,,,,16,"  ","  ","  ","  ",B03,"  ","  ",1,"  ",2,"  ","  ",16,"   ",1,21,"  ",B03,120.710557,24.139459,3,66000,387130000C,(04)23289100,(04)25368667
6238,2023,03,16,19,14,臺中市,豐原區,0,0,0,8,,,50,,,,,,,,,,,,,,,23,"  ","  ","  ","  ",B03,"  ","  ",1,"  ",2,"  ","  ",23,"   ",1,22,"  ",B03,120.712797,24.250827,3,66000,387130000C,(04)23289100,(04)25368667
6239,2023,03,16,19,25,臺中市,西屯區,0,0,0,8,,,50,,,,,,,,,,,,,,,42,"  ","  ","  ","  ",B03,"  ","  ",1,"  ",2,"  ","  ",42,"   ",1,22,"  ",B03,120.64942,24.162229,3,66000,387130000C,(04)23289100,(04)25368667
6240,2023,03,16,19,26,臺中市,西屯區,0,0,0,8,,,50,,,,,,,,,,,,,,,6,"  ","  ","  ","  ",B01,"  ","  ",1,"  ",2,"  ","  ",6,"   ",1,22,"  ",B01,120.642058,24.160725,3,66000,387130000C,(04)23289100,(04)25368667
6241,2023,03,16,19,27,臺中市,太平區,0,0,0,8,,,40,,,,,,,,,,,,,,,17,"  ","  ","  ","  ",B03,"  ","  ",1,"  ",9,4,"  ",17,17,1,22,"  ",B03,120.714563,24.122914,3,66000,387130000C,(04)23289100,(04)25368667
6242,2023,03,16,19,30,臺中市,北區,0,0,0,8,,,50,,,,,,,,,,,,,,,12,"  ","  ","  ","  ",B03,"  ","  ",1,"  ",1,"  ","  ",12,"   ",1,22,"  ",B03,120.669247,24.166837,3,66000,387130000C,(04)23289100,(04)25368667
6243,2023,03,16,19,31,臺中市,西屯區,0,2,0,8,3,5,50,4,2,1,5,4,5,7,2,1,10,5,5,2,13,16,2,9,1,1,C03,7,9,1,10,2,11,"  ",16,16,1,22,8,C03,120.622185,24.174168,2,66000,387130000C,(04)23289100,(04)25368667
6244,2023,03,16,19,31,臺中市,神岡區,0,2,0,8,1,5,30,15,9,1,5,4,5,7,4,4,10,5,5,1,17,6,2,9,1,1,C03,7,6,1,10,2,13,"  ",6,6,1,22,8,C03,120.671132,24.245171,2,66000,387130000C,(04)23289100,(04)25368667
6245,2023,03,16,19,34,臺中市,大雅區,0,4,0,8,2,5,50,4,1,1,5,4,5,7,1,1,5,5,5,1,11,6,2,7,1,1,C03,7,5,1,10,2,12,"  ",6,6,1,21,8,C03,120.644549,24.234914,2,66000,387130000C,(04)23289100,(04)25368667
6246,2023,03,16,19,36,臺中市,豐原區,0,1,0,8,3,5,50,14,9,1,5,4,1,7,4,4,1,5,5,1,28,23,2,9,1,1,C03,7,9,1,10,2,11,"  ",23,23,1,9,8,C03,120.727866,24.249883,2,66000,387130000C,(04)23289100,(04)25368667
6247,2023,03,16,19,39,臺中市,西區,0,1,0,8,3,5,50,4,1,1,5,4,5,7,1,1,10,5,5,2,13,23,2,8,3,4,C03,7,9,1,10,2,11,"  ",23,23,1,22,5,C03,120.661725,24.144333,2,66000,387130000C,(04)23289100,(04)25368667
6248,2023,03,16,19,40,臺中市,西屯區,0,0,0,8,,,50,,,,,,,,,,,,,,,16,"  ","  ","  ","  ",B03,"  ","  ",1,"  ",2,"  ","  ",16,"   ",1,22,"  ",B03,120.627094,24.181222,3,66000,387130000C,(04)23289100,(04)25368667
6249,2023,03,16,19,40,臺中市,太平區,0,1,0,8,3,5,30,14,9,1,5,4,5,7,4,4,10,5,5,2,17,42,2,9,1,1,C03,7,9,1,10,2,11,"  ",42,42,1,21,8,C03,120.723414,24.129596,2,66000,387130000C,(04)23289100,(04)25368667
6250,2023,03,16,19,46,臺中市,北區,0,1,0,8,3,5,50,4,9,1,5,4,5,7,1,1,5,4,5,2,16,26,3,10,1,1,B03,7,5,1,8,2,2,"  ",26,26,1,20,8,B03,120.698304,24.155297,2,66000,387130000C,(04)23289100,(04)25368667
6251,2023,03,16,19,50,臺中市,東區,0,0,0,8,3,5,50,4,1,1,5,4,5,7,1,1,10,5,5,2,12,17,3,10,1,1,B01,7,9,1,8,2,5,"  ",17,17,1,10,8,B01,120.70151,24.125407,3,66000,387130000C,(04)23289100,(04)25368667
6252,2023,03,16,19,54,臺中市,北屯區,0,0,0,8,,,50,,,,,,,,,,,,,,,23,"  ","  ","  ","  ",B03,"  ","  ",1,"  ",1,"  ","  ",23,"   ",1,22,"  ",B03,120.710393,24.171611,3,66000,387130000C,(04)23289100,(04)25368667
6253,2023,03,16,20,3,臺中市,西屯區,0,1,0,8,3,5,50,3,1,1,5,4,5,7,3,1,5,3,4,2,15,6,2,9,1,1,C03,7,9,1,10,1,12,"  ",6,6,1,22,9,C03,120.622054,24.180807,2,66000,387130000C,(04)23289100,(04)25368667
6254,2023,03,16,20,4,臺中市,北屯區,0,1,0,8,3,5,50,4,1,1,5,4,5,7,1,1,10,5,5,2,16,9,2,9,1,1,C03,7,9,1,10,2,11,"  ",44,9,1,5,8,C03,120.677078,24.185883,2,66000,387130000C,(04)23289100,(04)25368667
6255,2023,03,16,20,4,臺中市,烏日區,0,1,0,8,3,5,50,14,8,1,5,4,3,7,4,4,1,4,4,1,12,17,3,10,3,4,B03,7,9,6,8,2,2,"  ",17,17,1,21,9,B03,120.637572,24.107757,2,66000,387130000C,(04)23289100,(04)25368667
6256,2023,03,16,20,5,臺中市,霧峰區,0,3,0,8,3,5,50,4,1,1,5,4,5,7,3,1,10,5,5,2,16,8,2,9,1,1,C03,7,5,1,10,2,11,"  ",8,8,1,22,8,C03,120.699408,24.071593,2,66000,387130000C,(04)23289100,(04)25368667
6257,2023,03,16,20,11,臺中市,大里區,0,3,0,8,3,5,30,14,9,1,5,4,5,7,4,4,10,5,5,2,17,6,2,9,3,4,C03,7,5,1,10,2,12,"  ",6,6,1,21,5,C03,120.695732,24.090184,2,66000,387130000C,(04)23289100,(04)25368667
6258,2023,03,16,20,12,臺中市,西屯區,0,1,0,8,3,5,40,3,1,1,5,4,5,7,1,1,10,5,5,2,16,6,3,10,3,4,B03,7,6,1,8,2,5,"  ",6,6,1,22,8,B03,120.619238,24.181203,2,66000,387130000C,(04)23289100,(04)25368667
6259,2023,03,16,20,14,臺中市,中區,0,1,0,8,3,5,30,4,1,1,5,4,5,7,4,4,10,5,5,2,15,19,3,10,1,1,C03,7,1,1,10,2,11,"  ",19,19,1,22,8,C03,120.67839,24.142632,2,66000,387130000C,(04)23289100,(04)25368667
6260,2023,03,16,20,15,臺中市,東區,0,0,0,8,3,5,50,14,7,1,5,4,4,7,4,4,5,5,4,2,13,16,3,10,1,1,B03,7,9,1,8,2,8,"  ",16,16,1,5,8,B03,120.704569,24.134948,3,66000,387130000C,(04)23289100,(04)25368667
6261,2023,03,16,20,16,臺中市,西屯區,0,0,0,8,,,50,,,,,,,,,,,,,,,19,"  ","  ","  ","  ",B02,"  ","  ",1,"  ",2,"  ","  ",19,"   ",1,22,"  ",B02,120.654971,24.158558,3,66000,387130000C,(04)23289100,(04)25368667
6262,2023,03,16,20,20,臺中市,沙鹿區,0,0,0,8,,,50,,,,,,,,,,,,,,,18,"  ","  ","  ","  ",B03,"  ","  ",1,"  ",2,"  ","  ",18,18,1,21,"  ",B03,120.561619,24.243459,3,66000,387130000C,(04)23289100,(04)25368667
6263,2023,03,16,20,23,臺中市,西區,0,1,0,8,3,5,50,14,9,1,5,4,5,7,4,4,5,5,5,2,14,12,2,8,1,1,C03,7,2,1,10,2,13,"  ",12,12,1,4,8,C03,120.661923,24.154325,2,66000,387130000C,(04)23289100,(04)25368667
6264,2023,03,16,20,26,臺中市,北屯區,0,2,0,8,3,5,50,4,1,1,5,4,5,7,1,1,10,5,5,2,17,6,2,9,1,1,C03,7,5,1,10,2,15,"  ",6,6,1,21,8,C03,120.669954,24.176559,2,66000,387130000C,(04)23289100,(04)25368667
6265,2023,03,16,20,34,臺中市,北屯區,0,0,0,8,,,50,,,,,,,,,,,,,,,23,"  ","  ","  ","  ",B03,"  ","  ",1,"  ",9,"  ","  ",23,"   ",1,22,"  ",B03,120.719035,24.174873,3,66000,387130000C,(04)23289100,(04)25368667
6266,2023,03,16,20,34,臺中市,豐原區,0,1,0,8,1,5,50,14,12,1,5,4,5,7,4,4,3,3,4,1,17,42,3,10,1,1,B03,7,15,1,8,2,6,"  ",42,42,1,22,8,B03,120.74741,24.266131,2,66000,387130000C,(04)23289100,(04)25368667
6267,2023,03,16,20,41,臺中市,大里區,0,2,0,8,3,8,50,3,1,1,5,4,5,7,4,4,10,4,5,1,11,8,2,7,1,1,C03,7,5,1,10,2,11,"  ",8,8,1,3,9,C03,120.703132,24.092181,2,66000,387130000C,(04)23289100,(04)25368667
6268,2023,03,16,20,42,臺中市,豐原區,0,2,0,8,1,5,50,14,9,1,5,4,5,7,4,4,5,4,4,2,17,23,2,9,1,1,C03,7,9,1,10,2,11,"  ",23,23,1,22,8,C03,120.709934,24.271031,2,66000,387130000C,(04)23289100,(04)25368667
6269,2023,03,16,20,45,臺中市,大里區,0,0,0,8,,,50,,,,,,,,,,,,,,,12,"  ","  ","  ","  ",B03,"  ","  ",1,"  ",1,"  ","  ",12,"   ",1,5,"  ",B03,120.67806,24.10775,3,66000,387130000C,(04)23289100,(04)25368667
6270,2023,03,16,20,45,臺中市,沙鹿區,0,1,0,8,4,5,50,14,7,1,5,4,5,7,4,4,5,5,4,2,27,44,2,9,1,1,C03,7,9,1,10,2,11,14,44,44,1,18,8,C03,120.576328,24.22469,2,66000,387130000C,(04)23289100,(04)25368667
6271,2023,03,16,20,48,臺中市,沙鹿區,0,1,0,8,3,5,50,14,9,1,5,4,5,7,4,4,5,5,5,2,16,19,3,10,1,1,B03,7,1,1,8,2,8,"  ",19,19,1,21,8,B03,120.573238,24.226886,2,66000,387130000C,(04)23289100,(04)25368667
6272,2023,03,16,21,4,臺中市,南屯區,0,2,0,8,3,5,50,3,1,1,5,4,5,7,4,4,10,5,5,2,16,6,3,10,1,1,B03,7,5,1,8,2,4,"  ",6,6,1,22,8,B03,120.615281,24.148221,2,66000,387130000C,(04)23289100,(04)25368667
6273,2023,03,16,21,6,臺中市,沙鹿區,0,0,0,8,,,40,,,,,,,,,,,,,,,42,"  ","  ","  ","  ",B03,"  ","  ",1,"  ",2,"  ","  ",42,"   ",1,18,"  ",B03,120.582045,24.2198,3,66000,387130000C,(04)23289100,(04)25368667
6274,2023,03,16,21,9,臺中市,南屯區,0,1,0,7,3,5,50,3,1,1,5,4,5,7,4,4,10,5,5,2,16,6,3,10,3,4,B03,7,6,1,8,2,8,"  ",6,6,1,22,8,B03,120.646817,24.140959,2,66000,387130000C,(04)23289100,(04)25368667
6275,2023,03,16,21,15,臺中市,中區,0,0,0,8,3,5,50,3,1,1,5,4,5,7,4,4,5,5,5,2,16,26,"  ","  ","  ","  ",B03,"  ","  ",1,"  ",2,"  ","  ",26,"   ",1,21,"  ",B03,120.676236,24.144664,3,66000,387130000C,(04)23289100,(04)25368667
6276,2023,03,16,21,19,臺中市,南屯區,0,1,0,8,3,5,50,4,1,1,5,4,5,7,2,1,5,4,4,2,16,19,2,9,3,4,C03,7,1,1,10,2,11,"  ",19,19,1,4,9,C03,120.613125,24.140031,2,66000,387130000C,(04)23289100,(04)25368667
6277,2023,03,16,21,25,臺中市,西屯區,0,0,0,8,,,50,,,,,,,,,,,,,,,10,"  ","  ","  ","  ",C03,"  ","  ",1,"  ",2,"  ","  ",23,10,1,22,"  ",C03,120.646219,24.18646,3,66000,387130000C,(04)23289100,(04)25368667
6278,2023,03,16,21,26,臺中市,西屯區,0,1,0,8,3,5,50,3,1,1,5,4,5,7,4,4,10,5,5,2,16,6,3,10,3,4,B03,7,6,3,18,2,6,"  ",6,6,1,22,8,B03,120.626613,24.177784,2,66000,387130000C,(04)23289100,(04)25368667