序號,年,月,日,時,分,縣市,區,死亡數量,受傷數量,2-30,天候,光線,道路類別,速限_速度(公里),道路型態,事故位置,路面鋪裝,路面狀態,路面缺陷,障礙物,視距,號誌種類,號誌動作,分向設施,快車道或一般車道間,快慢車道間,路面邊線,事故類型及型態,主要肇因,受傷程度,主要傷處,保護裝備,行動電話,當事者區分,車輛用途,當事者行動狀態,駕駛資格情形,駕駛執照種類,飲酒情形,車輛撞擊部位最初,車輛撞擊部位其他,肇事因素個別,肇事因素主要,肇事逃逸,職業,旅次目的,車種,GPS座標X,GPS座標Y,事故類別,縣市別代碼,機關代碼,市話,傳真
6376,2023,03,17,8,17,臺中市,西屯區,0,0,0,8,,,50,,,,,,,,,,,,,,,7,"  ","  ","  ","  ",B03,"  ","  ",1,"  ",1,"  ","  ",7,"   ",1,22,"  ",B03,120.615268,24.182938,3,66000,387130000C,(04)23289100,(04)25368667
6377,2023,03,17,8,19,臺中市,北區,0,1,0,8,1,5,50,4,2,1,5,4,5,7,1,1,5,2,4,2,13,23,3,10,1,1,C03,7,9,1,10,2,11,"  ",23,23,1,21,8,C03,120.676639,24.163261,2,66000,387130000C,(04)23289100,(04)25368667
6378,2023,03,17,8,20,臺中市,西屯區,0,0,0,8,,,60,,,,,,,,,,,,,,,10,"  ","  ","  ","  ",B03,"  ","  ",1,"  ",1,"  ","  ",10,"   ",1,22,"  ",B03,120.629371,24.183578,3,66000,387130000C,(04)23289100,(04)25368667
6379,2023,03,17,8,21,臺中市,太平區,0,0,0,8,,,50,,,,,,,,,,,,,,,16,"  ","  ","  ","  ",B12,"  ","  ",1,"  ",2,"  ","  ",16,"   ",1,5,"  ",B12,120.722688,24.147702,3,66000,387130000C,(04)23289100,(04)25368667
6380,2023,03,17,8,22,臺中市,潭子區,0,0,0,8,,,50,,,,,,,,,,,,,,,23,"  ","  ","  ","  ",C03,"  ","  ",1,"  ",2,"  ","  ",23,"   ",1,22,"  ",C03,120.710201,24.208245,3,66000,387130000C,(04)23289100,(04)25368667
6381,2023,03,17,8,22,臺中市,北屯區,0,0,0,8,,,40,,,,,,,,,,,,,,,12,"  ","  ","  ","  ",B03,"  ","  ",1,"  ",2,"  ","  ",12,"   ",1,22,"  ",B03,120.724605,24.169918,3,66000,387130000C,(04)23289100,(04)25368667
6382,2023,03,17,8,22,臺中市,大肚區,0,0,0,8,,,50,,,,,,,,,,,,,,,23,"  ","  ","  ","  ",B03,"  ","  ",1,"  ",2,"  ","  ",23,"   ",1,2,"  ",B03,120.544776,24.15537,3,66000,387130000C,(04)23289100,(04)25368667
6383,2023,03,17,8,23,臺中市,潭子區,0,0,0,8,,,60,,,,,,,,,,,,,,,23,"  ","  ","  ","  ",B03,"  ","  ",1,"  ",2,"  ","  ",23,"   ",1,22,"  ",B03,120.68884,24.219569,3,66000,387130000C,(04)23289100,(04)25368667
6384,2023,03,17,8,23,臺中市,西屯區,0,2,0,8,1,5,50,4,1,1,5,4,5,7,2,1,10,5,5,2,16,6,2,9,1,1,C03,7,5,1,10,2,12,"  ",6,6,1,22,8,C03,120.644681,24.184426,2,66000,387130000C,(04)23289100,(04)25368667
6385,2023,03,17,8,24,臺中市,南屯區,0,0,0,8,,,50,,,,,,,,,,,,,,,42,"  ","  ","  ","  ",B03,"  ","  ",1,"  ",1,"  ","  ",42,"   ",1,4,"  ",B03,120.649817,24.150845,3,66000,387130000C,(04)23289100,(04)25368667
6386,2023,03,17,8,25,臺中市,北區,0,0,0,,,,40,,,,,,,,,,,,,,,12,"  ","  ","  ","  ",B12,"  ","  ",1,"  ",2,"  ","  ",12,"   ",1,5,"  ",B12,120.689347,24.161563,3,66000,387130000C,(04)23289100,(04)25368667
6387,2023,03,17,8,25,臺中市,南區,0,0,0,8,,,50,,,,,,,,,,,,,,,23,"  ","  ","  ","  ",B03,"  ","  ",1,"  ",2,"  ","  ",23,"   ",1,19,"  ",B03,120.663747,24.127958,3,66000,387130000C,(04)23289100,(04)25368667
6388,2023,03,17,8,27,臺中市,西區,0,2,0,8,1,5,30,3,1,1,5,4,5,7,4,4,10,5,5,2,16,6,2,7,1,1,F03,7,5,8,20,2,16,"  ",6,6,1,5,8,F03,120.656807,24.145507,2,66000,387130000C,(04)23289100,(04)25368667
6389,2023,03,17,8,30,臺中市,大雅區,0,1,0,8,1,5,50,14,8,1,5,4,5,7,4,4,9,4,4,1,17,23,2,8,1,1,C03,7,9,1,10,2,11,"  ",23,23,1,22,9,C03,120.660185,24.231935,2,66000,387130000C,(04)23289100,(04)25368667
6390,2023,03,17,8,30,臺中市,西區,0,0,0,,,,50,,,,,,,,,,,,,,,19,"  ","  ","  ","  ",B03,"  ","  ",1,"  ",1,"  ","  ",19,"   ",1,21,"  ",B03,120.651291,24.146647,3,66000,387130000C,(04)23289100,(04)25368667
6391,2023,03,17,8,36,臺中市,西屯區,0,0,0,8,,,40,,,,,,,,,,,,,,,23,"  ","  ","  ","  ",C03,"  ","  ",1,"  ",1,"  ","  ",23,23,1,22,"  ",C03,120.615268,24.182938,3,66000,387130000C,(04)23289100,(04)25368667
6392,2023,03,17,8,37,臺中市,北區,0,0,0,8,,,50,,,,,,,,,,,,,,,16,"  ","  ","  ","  ",B03,"  ","  ",1,"  ",1,"  ","  ",44,12,1,22,"  ",B03,120.665117,24.156691,3,66000,387130000C,(04)23289100,(04)25368667
6393,2023,03,17,8,37,臺中市,北屯區,0,1,0,8,1,5,50,14,9,1,5,4,5,7,4,4,1,4,5,2,16,19,3,10,1,1,B03,7,1,1,8,2,8,"  ",19,19,1,21,8,B03,120.689891,24.18224,2,66000,387130000C,(04)23289100,(04)25368667
6394,2023,03,17,8,40,臺中市,西屯區,0,1,0,8,1,5,50,3,1,1,5,4,5,7,4,4,10,5,5,2,16,6,3,10,1,1,B02,7,5,1,8,2,1,"  ",6,6,1,22,8,B02,120.588756,24.169778,2,66000,387130000C,(04)23289100,(04)25368667
6395,2023,03,17,8,45,臺中市,南區,0,0,0,8,,,50,,,,,,,,,,,,,,,23,"  ","  ","  ","  ",B03,"  ","  ",1,8,2,"  ","  ",23,23,1,5,"  ",B03,120.691635,24.139488,3,66000,387130000C,(04)23289100,(04)25368667
6396,2023,03,17,8,47,臺中市,西區,0,0,0,8,,,50,,,,,,,,,,,,,,,16,"  ","  ","  ","  ",B12,"  ","  ",1,"  ",1,"  ","  ",16,"   ",1,5,"  ",B12,120.66989,24.146649,3,66000,387130000C,(04)23289100,(04)25368667
6397,2023,03,17,8,50,臺中市,潭子區,0,1,0,8,1,5,50,14,7,1,5,4,5,7,4,4,5,4,4,2,12,23,3,10,1,1,B03,7,9,1,8,2,2,"  ",23,23,1,22,8,B03,120.706247,24.203663,2,66000,387130000C,(04)23289100,(04)25368667
6398,2023,03,17,8,50,臺中市,西屯區,0,1,0,8,1,5,50,14,9,1,5,4,5,7,4,4,5,5,5,2,13,23,2,9,1,1,C03,7,9,3,18,1,11,"  ",23,23,1,22,8,C03,120.62533,24.185507,2,66000,387130000C,(04)23289100,(04)25368667
6399,2023,03,17,8,52,臺中市,太平區,0,1,0,8,1,5,50,4,1,1,5,4,5,7,1,1,10,5,5,2,15,25,2,9,1,1,C03,7,9,1,10,2,12,"  ",25,26,1,23,8,C03,120.717661,24.114663,2,66000,387130000C,(04)23289100,(04)25368667
6400,2023,03,17,8,52,臺中市,太平區,0,0,0,8,,,30,,,,,,,,,,,,,,,18,"  ","  ","  ","  ",B03,"  ","  ",1,"  ",2,1,"  ",18,18,1,20,"  ",B03,120.733785,24.115245,3,66000,387130000C,(04)23289100,(04)25368667
6401,2023,03,17,8,53,臺中市,東區,0,2,0,8,1,5,50,4,2,1,5,4,5,7,1,1,5,4,5,2,16,8,2,7,1,1,C03,7,5,3,18,2,11,"  ",8,8,1,21,8,C03,120.690795,24.142812,2,66000,387130000C,(04)23289100,(04)25368667
6402,2023,03,17,8,56,臺中市,西屯區,0,1,0,8,1,5,50,14,9,1,5,4,5,7,4,4,5,4,5,1,17,7,2,9,1,1,C03,7,8,1,10,2,15,"  ",7,7,1,1,9,C03,120.641391,24.168538,2,66000,387130000C,(04)23289100,(04)25368667
6403,2023,03,17,8,56,臺中市,太平區,0,1,0,8,1,5,50,14,13,1,5,4,5,7,4,4,5,5,4,1,16,27,3,10,1,1,B03,7,6,1,8,2,6,"  ",27,27,1,5,8,B03,120.730952,24.150268,2,66000,387130000C,(04)23289100,(04)25368667
6404,2023,03,17,8,59,臺中市,西區,0,2,0,8,1,5,50,4,1,1,5,4,5,7,1,1,10,5,5,2,13,16,2,9,1,1,C03,7,9,1,10,2,11,"  ",16,16,1,21,8,C03,120.661687,24.146708,2,66000,387130000C,(04)23289100,(04)25368667
6405,2023,03,17,9,0,臺中市,西屯區,0,1,0,8,1,5,50,14,9,1,5,4,5,7,4,4,10,4,5,2,16,17,3,10,3,4,C03,7,9,3,18,2,15,"  ",17,17,1,22,8,C03,120.63875,24.187536,2,66000,387130000C,(04)23289100,(04)25368667
6406,2023,03,17,9,1,臺中市,南屯區,0,2,0,8,1,5,50,3,1,1,5,4,5,7,2,1,10,5,5,2,16,25,2,9,1,1,C03,7,9,1,10,2,12,"  ",25,25,1,5,8,C03,120.584531,24.167805,2,66000,387130000C,(04)23289100,(04)25368667
6407,2023,03,17,9,4,臺中市,后里區,0,0,0,8,1,5,40,4,1,1,5,4,5,7,2,1,5,4,5,1,14,12,3,10,3,4,B01,7,2,1,8,2,3,"  ",12,12,1,10,4,B01,120.724513,24.308994,3,66000,387130000C,(04)23289100,(04)25368667
6408,2023,03,17,9,5,臺中市,南屯區,0,1,0,8,1,5,50,14,9,1,5,4,5,7,4,4,4,4,5,2,16,17,2,9,3,4,C03,7,9,1,10,2,11,"  ",17,17,1,22,8,C03,120.652977,24.153877,2,66000,387130000C,(04)23289100,(04)25368667
6409,2023,03,17,9,5,臺中市,南屯區,0,0,0,8,,,50,,,,,,,,,,,,,,,23,"  ","  ","  ","  ",A41,"  ","  ",1,"  ",1,"  ","  ",23,"   ",1,5,"  ",A41,120.587488,24.166791,3,66000,387130000C,(04)23289100,(04)25368667
6410,2023,03,17,9,5,臺中市,西屯區,0,0,0,8,,,30,,,,,,,,,,,,,,,12,"  ","  ","  ","  ",B12,"  ","  ",6,"  ",1,"  ","  ",12,"   ",1,22,"  ",B12,120.642502,24.201832,3,66000,387130000C,(04)23289100,(04)25368667
6411,2023,03,17,9,5,臺中市,大肚區,0,0,0,8,,,70,,,,,,,,,,,,,,,42,"  ","  ","  ","  ",B03,"  ","  ",1,"  ",2,"  ","  ",42,42,1,2,"  ",B03,120.554207,24.132296,3,66000,387130000C,(04)23289100,(04)25368667
6412,2023,03,17,9,8,臺中市,北屯區,0,0,0,8,,,50,,,,,,,,,,,,,,,25,"  ","  ","  ","  ",B03,"  ","  ",1,"  ",2,"  ","  ",25,"   ",1,5,"  ",B03,120.699623,24.160169,3,66000,387130000C,(04)23289100,(04)25368667
6413,2023,03,17,9,14,臺中市,北屯區,0,0,0,8,,,50,,,,,,,,,,,,,,,23,"  ","  ","  ","  ",B02,"  ","  ",1,"  ",1,"  ","  ",23,"   ",1,5,"  ",B02,120.674112,24.173988,3,66000,387130000C,(04)23289100,(04)25368667
6414,2023,03,17,9,22,臺中市,潭子區,0,0,0,8,,,40,,,,,,,,,,,,,,,12,"  ","  ","  ","  ",B03,"  ","  ",1,"  ",2,"  ","  ",12,"   ",1,22,"  ",B03,120.704375,24.201733,3,66000,387130000C,(04)23289100,(04)25368667
6415,2023,03,17,9,22,臺中市,西區,0,1,0,8,1,5,50,3,1,1,5,4,5,7,4,4,10,5,5,2,12,7,2,9,2,1,F01,7,7,8,20,2,16,"  ",7,7,1,21,8,F01,120.66226,24.14673,2,66000,387130000C,(04)23289100,(04)25368667
6416,2023,03,17,9,23,臺中市,西屯區,0,0,1,8,1,5,50,4,1,1,5,4,5,7,4,4,10,5,5,2,16,9,3,10,1,1,B03,7,6,1,8,2,3,"  ",9,9,1,22,8,B03,120.616836,24.188566,2,66000,387130000C,(04)23289100,(04)25368667
6417,2023,03,17,9,25,臺中市,南屯區,0,0,0,,,,40,,,,,,,,,,,,,,,23,"  ","  ","  ","  ",B03,"  ","  ",1,"  ",1,"  ","  ",23,"   ",1,4,"  ",B03,120.635745,24.140759,3,66000,387130000C,(04)23289100,(04)25368667
6418,2023,03,17,9,27,臺中市,烏日區,0,1,0,8,1,5,30,3,9,1,5,4,5,7,4,4,10,5,5,2,16,19,3,10,1,1,B03,7,1,1,8,2,2,"  ",19,19,1,21,8,B03,120.607068,24.120211,2,66000,387130000C,(04)23289100,(04)25368667
6419,2023,03,17,9,30,臺中市,西屯區,0,1,0,8,1,5,50,14,9,1,5,4,5,7,4,4,1,3,5,1,17,19,3,10,1,1,B03,7,1,1,8,2,7,"  ",19,19,1,22,8,B03,120.647619,24.168518,2,66000,387130000C,(04)23289100,(04)25368667
6420,2023,03,17,9,30,臺中市,龍井區,0,1,0,8,1,5,50,4,1,1,5,4,5,7,1,1,10,5,5,2,17,19,2,9,1,1,C03,7,1,1,10,2,11,"  ",19,19,1,21,1,C03,120.55,24.21,2,66000,387130000C,(04)23289100,(04)25368667
6421,2023,03,17,9,34,臺中市,北區,0,0,0,,,,40,,,,,,,,,,,,,,,23,"  ","  ","  ","  ",B03,"  ","  ",1,"  ",2,"  ","  ",23,"   ",1,5,"  ",B03,120.675585,24.170859,3,66000,387130000C,(04)23289100,(04)25368667
6422,2023,03,17,9,34,臺中市,西屯區,0,0,0,8,,,50,,,,,,,,,,,,,,,23,"  ","  ","  ","  ",B03,"  ","  ",1,"  ",1,"  ","  ",23,"   ",1,22,"  ",B03,120.650938,24.158067,3,66000,387130000C,(04)23289100,(04)25368667
6423,2023,03,17,9,50,臺中市,西區,0,0,0,8,,,50,,,,,,,,,,,,,,,23,"  ","  ","  ","  ",B03,"  ","  ",1,"  ",1,"  ","  ",23,"   ",1,21,"  ",B03,120.661587,24.155869,3,66000,387130000C,(04)23289100,(04)25368667
6424,2023,03,17,9,50,臺中市,北屯區,0,2,0,8,1,5,50,4,1,1,5,4,5,7,2,1,10,5,5,2,16,1,2,7,1,1,C03,7,4,1,10,2,12,"  ",1,1,1,21,8,C03,120.722551,24.176948,2,66000,387130000C,(04)23289100,(04)25368667
6425,2023,03,17,9,50,臺中市,西屯區,0,1,0,8,1,5,30,4,1,1,5,4,5,7,4,4,10,5,5,2,17,6,2,9,1,1,C03,7,5,1,10,1,12,"  ",6,6,1,1,9,C03,120.642907,24.167752,2,66000,387130000C,(04)23289100,(04)25368667
6426,2023,03,17,9,54,臺中市,西區,0,1,0,8,1,5,50,3,1,1,5,4,5,7,4,4,10,5,5,2,16,23,3,10,1,1,B03,7,9,1,8,2,1,"  ",23,23,1,5,8,B03,120.661681,24.136973,2,66000,387130000C,(04)23289100,(04)25368667
6427,2023,03,17,9,55,臺中市,梧棲區,0,1,0,8,1,5,40,14,8,1,5,4,5,7,4,4,1,3,4,1,13,16,2,9,1,1,C03,7,9,1,10,2,11,"  ",16,16,1,20,8,C03,120.54866,24.245368,2,66000,387130000C,(04)23289100,(04)25368667
6428,2023,03,17,10,0,臺中市,西屯區,0,0,0,8,,,30,,,,,,,,,,,,,,,23,"  ","  ","  ","  ",B03,"  ","  ",1,"  ",2,"  ","  ",23,"   ",1,22,"  ",B03,120.63349,24.163641,3,66000,387130000C,(04)23289100,(04)25368667
6429,2023,03,17,10,0,臺中市,西屯區,0,1,0,8,1,5,40,3,1,1,5,4,5,7,4,4,1,4,1,2,12,7,3,10,1,4,B03,7,8,1,8,2,2,"  ",7,7,1,22,8,B03,120.637501,24.170733,2,66000,387130000C,(04)23289100,(04)25368667
6430,2023,03,17,10,8,臺中市,北屯區,0,0,0,8,,,50,,,,,,,,,,,,,,,16,"  ","  ","  ","  ",A12,"  ","  ",1,"  ",2,"  ","  ",16,"   ",1,10,"  ",A12,120.699663,24.166356,3,66000,387130000C,(04)23289100,(04)25368667
6431,2023,03,17,10,10,臺中市,烏日區,0,0,0,8,,,70,,,,,,,,,,,,,,,23,"  ","  ","  ","  ",B03,"  ","  ",1,"  ",2,"  ","  ",23,"   ",1,21,"  ",B03,120.600503,24.110831,3,66000,387130000C,(04)23289100,(04)25368667
6432,2023,03,17,10,13,臺中市,西屯區,0,0,0,8,,,40,,,,,,,,,,,,,,,17,"  ","  ","  ","  ",B12,"  ","  ",1,"  ",1,"  ","  ",17,"   ",1,22,"  ",B12,120.634683,24.166134,3,66000,387130000C,(04)23289100,(04)25368667
6433,2023,03,17,10,13,臺中市,龍井區,0,3,0,8,1,5,30,4,1,1,5,4,5,7,4,4,10,5,5,2,15,6,2,9,3,4,C03,7,9,1,10,2,12,"  ",6,6,1,22,9,C03,120.587666,24.180405,2,66000,387130000C,(04)23289100,(04)25368667
6434,2023,03,17,10,15,臺中市,潭子區,0,1,0,8,1,5,60,3,2,1,5,4,5,7,1,1,1,3,4,1,16,6,3,10,1,1,B12,7,6,1,7,3,6,"  ",6,6,1,22,9,B12,120.702608,24.19695,2,66000,387130000C,(04)23289100,(04)25368667
6435,2023,03,17,10,15,臺中市,清水區,0,2,0,8,1,5,50,14,7,1,5,4,5,7,4,4,1,2,4,2,12,26,2,9,1,1,C03,7,7,1,10,2,13,"  ",26,26,1,20,5,C03,120.573231,24.264396,2,66000,387130000C,(04)23289100,(04)25368667
6436,2023,03,17,10,18,臺中市,西區,0,0,0,,,,50,,,,,,,,,,,,,,,12,"  ","  ","  ","  ",B12,"  ","  ",1,"  ",2,"  ","  ",12,"   ",1,21,"  ",B12,120.671087,24.141452,3,66000,387130000C,(04)23289100,(04)25368667
6437,2023,03,17,10,19,臺中市,豐原區,0,1,0,8,1,5,50,14,8,1,5,4,5,7,4,4,5,5,4,2,16,27,3,10,1,1,C03,7,6,1,10,2,11,"  ",27,27,1,21,8,C03,120.715035,24.247465,2,66000,387130000C,(04)23289100,(04)25368667
6438,2023,03,17,10,21,臺中市,東區,0,1,0,8,1,5,50,4,2,1,5,4,5,7,4,4,3,4,4,2,16,26,3,10,1,1,B03,7,6,1,8,2,5,"  ",26,26,1,5,8,B03,120.69414,24.147621,2,66000,387130000C,(04)23289100,(04)25368667
6439,2023,03,17,10,22,臺中市,北區,0,1,0,8,1,5,50,14,8,1,5,4,5,7,4,4,3,4,4,2,16,7,3,10,1,1,B03,7,8,1,8,2,6,"  ",7,7,1,22,9,B03,120.673411,24.167135,2,66000,387130000C,(04)23289100,(04)25368667
6440,2023,03,17,10,23,臺中市,南屯區,0,0,0,8,,,1,,,,,,,,,,,,,,,42,"  ","  ","  ","  ",C03,"  ","  ",1,"  ",1,"  ","  ",42,"   ",1,4,"  ",C03,120.639996,24.14879,3,66000,387130000C,(04)23289100,(04)25368667
6441,2023,03,17,10,23,臺中市,豐原區,0,1,0,8,1,5,50,14,9,1,5,4,5,7,1,1,5,5,5,1,13,23,2,9,1,1,C03,7,9,1,10,2,11,"  ",23,23,1,22,8,C03,120.72985,24.247952,2,66000,387130000C,(04)23289100,(04)25368667
6442,2023,03,17,10,24,臺中市,大里區,0,1,0,8,1,5,50,4,1,1,5,4,5,7,1,1,9,5,4,1,16,8,2,9,1,1,C03,7,9,1,10,2,11,"  ",23,8,1,22,8,C03,120.703618,24.093293,2,66000,387130000C,(04)23289100,(04)25368667
6443,2023,03,17,10,25,臺中市,西屯區,0,1,0,8,1,5,50,4,1,1,5,4,5,7,1,1,10,5,5,2,15,25,3,10,1,1,C03,7,9,1,10,2,12,"  ",25,25,1,22,8,C03,120.619549,24.169032,2,66000,387130000C,(04)23289100,(04)25368667
6444,2023,03,17,10,25,臺中市,沙鹿區,0,1,0,8,1,5,50,3,9,1,5,4,5,7,4,4,4,3,4,1,17,8,3,10,1,1,C03,7,5,1,10,2,15,"  ",8,8,1,22,8,C03,120.564386,24.23731,2,66000,387130000C,(04)23289100,(04)25368667
6445,2023,03,17,10,26,臺中市,大里區,0,1,0,8,1,5,50,14,9,1,5,4,5,7,4,4,5,5,5,1,12,19,2,9,1,1,C03,7,1,1,10,2,14,"  ",19,19,1,20,8,C03,120.686026,24.113328,2,66000,387130000C,(04)23289100,(04)25368667
6446,2023,03,17,10,26,臺中市,大里區,0,1,0,8,1,5,50,5,1,1,5,4,5,7,1,1,5,5,5,2,12,19,3,10,1,1,B03,7,1,1,8,2,8,"  ",19,19,1,22,8,B03,120.700997,24.102871,2,66000,387130000C,(04)23289100,(04)25368667
6447,2023,03,17,10,28,臺中市,北區,0,0,0,8,,,50,,,,,,,,,,,,,,,12,"  ","  ","  ","  ",A12,"  ","  ",1,"  ",1,"  ","  ",12,"   ",1,21,"  ",A12,120.671724,24.171709,3,66000,387130000C,(04)23289100,(04)25368667
6448,2023,03,17,10,28,臺中市,豐原區,0,2,0,8,1,5,50,4,1,1,5,4,5,7,3,1,5,4,4,2,9,23,2,9,1,1,C03,7,21,1,10,2,15,"  ",23,23,1,22,8,C03,120.71737,24.249465,2,66000,387130000C,(04)23289100,(04)25368667
6449,2023,03,17,10,29,臺中市,大甲區,0,0,0,,,,50,,,,,,,,,,,,,,,30,"  ","  ","  ","  ",B12,"  ","  ",1,"  ",2,"  ","  ",30,"   ",1,11,"  ",B12,120.646113,24.408017,3,66000,387130000C,(04)23289100,(04)25368667
6450,2023,03,17,10,32,臺中市,豐原區,0,0,0,,,,60,,,,,,,,,,,,,,,17,"  ","  ","  ","  ",C03,"  ","  ",1,"  ",9,"  ","  ",17,"   ",1,22,"  ",C03,120.720741,24.243539,3,66000,387130000C,(04)23289100,(04)25368667
6451,2023,03,17,10,34,臺中市,北區,0,0,0,,,,40,,,,,,,,,,,,,,,23,"  ","  ","  ","  ",C03,"  ","  ",1,"  ",11,"  ","  ",23,"   ",1,5,"  ",C03,120.68138,24.154309,3,66000,387130000C,(04)23289100,(04)25368667
6452,2023,03,17,10,40,臺中市,西屯區,0,1,0,8,1,5,50,14,9,1,5,4,5,7,4,4,8,3,5,1,29,43,2,1,1,1,B03,7,9,1,8,2,1,"  ",43,43,1,22,8,B03,120.63,24.190177,2,66000,387130000C,(04)23289100,(04)25368667
6453,2023,03,17,10,42,臺中市,豐原區,0,1,0,8,1,5,50,14,8,1,5,4,5,7,4,4,9,5,4,2,16,40,3,10,3,4,B12,7,13,1,8,9,4,"  ",40,40,1,21,8,B12,120.726833,24.245603,2,66000,387130000C,(04)23289100,(04)25368667
6454,2023,03,17,10,43,臺中市,西區,0,0,0,8,,,50,,,,,,,,,,,,,,,7,"  ","  ","  ","  ",B03,"  ","  ",1,"  ",1,"  ","  ",7,"   ",1,21,"  ",B03,120.656751,24.150871,3,66000,387130000C,(04)23289100,(04)25368667
6455,2023,03,17,10,48,臺中市,西屯區,0,0,0,8,,,40,,,,,,,,,,,,,,,16,"  ","  ","  ","  ",B03,"  ","  ",1,"  ",1,"  ","  ",16,"   ",1,1,"  ",B03,120.615268,24.182938,3,66000,387130000C,(04)23289100,(04)25368667
6456,2023,03,17,10,53,臺中市,后里區,0,1,0,8,1,5,60,4,2,1,5,4,5,7,1,1,1,2,3,1,16,9,3,10,1,1,B12,7,6,1,7,2,5,"  ",9,9,1,21,8,B12,120.677048,24.294858,2,66000,387130000C,(04)23289100,(04)25368667
6457,2023,03,17,10,54,臺中市,神岡區,0,0,0,8,,,50,,,,,,,,,,,,,,,12,"  ","  ","  ","  ",B12,"  ","  ",1,"  ",2,"  ","  ",12,"   ",1,22,"  ",B12,120.687064,24.246704,3,66000,387130000C,(04)23289100,(04)25368667
6458,2023,03,17,10,55,臺中市,西屯區,0,0,0,8,,,35,,,,,,,,,,,,,,,7,"  ","  ","  ","  ",C03,"  ","  ",1,"  ",1,"  ","  ",7,"   ",1,22,"  ",C03,120.628495,24.173063,3,66000,387130000C,(04)23289100,(04)25368667
6459,2023,03,17,11,11,臺中市,神岡區,0,1,0,8,1,5,30,14,9,1,5,4,5,7,4,4,10,5,5,2,18,42,2,9,3,4,C03,7,9,1,10,2,12,"  ",42,42,1,22,9,C03,120.70922,24.257174,2,66000,387130000C,(04)23289100,(04)25368667
6460,2023,03,17,11,17,臺中市,大雅區,0,0,0,8,,,50,,,,,,,,,,,,,,,19,"  ","  ","  ","  ",B12,"  ","  ",1,"  ",2,"  ","  ",19,"   ",1,22,"  ",B12,120.64701,24.221816,3,66000,387130000C,(04)23289100,(04)25368667
6461,2023,03,17,11,19,臺中市,西區,0,0,0,8,,,30,,,,,,,,,,,,,,,23,"  ","  ","  ","  ",B11,"  ","  ",1,"  ",2,"  ","  ",23,23,1,5,"  ",B11,120.660934,24.15041,3,66000,387130000C,(04)23289100,(04)25368667
6462,2023,03,17,11,19,臺中市,南屯區,0,1,0,8,1,5,50,3,2,1,5,4,5,7,4,4,1,4,5,2,12,6,3,10,3,4,B03,7,6,1,8,2,2,"  ",6,6,1,22,8,B03,120.646561,24.137433,2,66000,387130000C,(04)23289100,(04)25368667
6463,2023,03,17,11,21,臺中市,西區,0,0,0,8,,,50,,,,,,,,,,,,,,,42,"  ","  ","  ","  ",C03,"  ","  ",1,"  ",2,"  ","  ",42,"   ",1,22,"  ",C03,120.658543,24.146921,3,66000,387130000C,(04)23289100,(04)25368667
6464,2023,03,17,11,25,臺中市,西區,0,0,0,,,,40,,,,,,,,,,,,,,,23,"  ","  ","  ","  ",B12,"  ","  ",1,"  ",1,"  ","  ",23,"   ",1,10,"  ",B12,120.66655,24.153232,3,66000,387130000C,(04)23289100,(04)25368667
6465,2023,03,17,11,28,臺中市,豐原區,0,0,0,8,,,30,,,,,,,,,,,,,,,5,"  ","  ","  ","  ",B03,"  ","  ",1,"  ",1,"  ","  ",5,"   ",1,22,"  ",B03,120.72681,24.233936,3,66000,387130000C,(04)23289100,(04)25368667
6466,2023,03,17,11,30,臺中市,潭子區,0,1,0,8,1,5,50,14,20,2,5,4,5,7,4,4,10,5,5,2,16,4,3,10,1,1,B03,7,9,1,8,2,4,"  ",4,4,1,22,8,B03,120.706676,24.200341,2,66000,387130000C,(04)23289100,(04)25368667
6467,2023,03,17,11,30,臺中市,南屯區,0,1,0,8,1,5,50,4,1,1,5,4,5,7,1,1,10,5,5,2,17,26,3,10,1,1,B03,7,5,1,8,9,15,"  ",44,26,1,4,8,B03,120.648639,24.153609,2,66000,387130000C,(04)23289100,(04)25368667
6468,2023,03,17,11,32,臺中市,北屯區,0,1,0,8,1,5,50,3,1,1,5,4,5,7,4,4,10,5,5,2,16,6,3,10,1,1,B03,7,5,1,8,2,2,"  ",6,6,1,5,8,B03,120.687505,24.174415,2,66000,387130000C,(04)23289100,(04)25368667
6469,2023,03,17,11,40,臺中市,西區,0,2,0,8,1,5,40,3,1,1,5,4,5,7,4,4,1,4,1,2,13,16,2,9,1,1,C03,7,9,5,9,2,11,"  ",16,16,1,22,8,C03,120.669268,24.151596,2,66000,387130000C,(04)23289100,(04)25368667
6470,2023,03,17,11,45,臺中市,北屯區,0,0,0,8,,,50,,,,,,,,,,,,,,,7,"  ","  ","  ","  ",A12,"  ","  ",1,"  ",2,"  ","  ",7,"   ",1,10,"  ",A12,120.685328,24.20123,3,66000,387130000C,(04)23289100,(04)25368667
6471,2023,03,17,11,46,臺中市,南區,0,2,0,8,1,5,50,15,7,1,5,4,5,7,4,4,9,5,4,2,17,23,2,1,3,4,C03,7,15,1,10,2,11,"  ",23,23,1,5,8,C03,120.651268,24.12068,2,66000,387130000C,(04)23289100,(04)25368667