序號,年,月,日,時,分,縣市,區,死亡數量,受傷數量,2-30,天候,光線,道路類別,速限_速度(公里),道路型態,事故位置,路面鋪裝,路面狀態,路面缺陷,障礙物,視距,號誌種類,號誌動作,分向設施,快車道或一般車道間,快慢車道間,路面邊線,事故類型及型態,主要肇因,受傷程度,主要傷處,保護裝備,行動電話,當事者區分,車輛用途,當事者行動狀態,駕駛資格情形,駕駛執照種類,飲酒情形,車輛撞擊部位最初,車輛撞擊部位其他,肇事因素個別,肇事因素主要,肇事逃逸,職業,旅次目的,車種,GPS座標X,GPS座標Y,事故類別,縣市別代碼,機關代碼,市話,傳真
6472,2023,03,17,11,47,臺中市,大里區,0,1,0,8,1,5,50,4,1,1,5,4,5,7,2,1,5,5,5,1,18,43,2,9,1,1,C03,7,9,1,10,1,14,"  ",43,43,1,5,8,C03,120.676223,24.112158,2,66000,387130000C,(04)23289100,(04)25368667
6473,2023,03,17,11,49,臺中市,大雅區,0,0,0,8,,,50,,,,,,,,,,,,,,,23,"  ","  ","  ","  ",B03,"  ","  ",1,"  ",1,"  ","  ",23,"   ",1,22,"  ",B03,120.644302,24.226999,3,66000,387130000C,(04)23289100,(04)25368667
6474,2023,03,17,11,50,臺中市,霧峰區,0,1,0,8,1,5,50,5,1,1,5,4,5,7,1,1,9,5,5,1,13,23,3,10,1,1,A02,7,9,1,2,2,8,"  ",23,23,1,10,8,A02,120.71345,24.077233,2,66000,387130000C,(04)23289100,(04)25368667
6475,2023,03,17,11,50,臺中市,大甲區,0,1,0,8,1,5,50,3,2,1,5,4,5,7,1,1,5,5,5,1,13,23,3,10,1,1,B11,7,9,1,4,2,1,"  ",23,23,1,10,4,B11,120.660627,24.384907,2,66000,387130000C,(04)23289100,(04)25368667
6476,2023,03,17,11,51,臺中市,北區,0,0,0,8,,,50,,,,,,,,,,,,,,,19,"  ","  ","  ","  ",B03,"  ","  ",1,"  ",2,"  ","  ",19,"   ",1,22,"  ",B03,120.684381,24.153128,3,66000,387130000C,(04)23289100,(04)25368667
6477,2023,03,17,11,53,臺中市,太平區,0,2,0,8,1,5,30,4,1,1,5,4,5,7,4,4,10,5,5,2,15,6,3,10,1,1,C03,7,9,3,18,2,12,"  ",6,6,1,22,8,C03,120.723864,24.129847,2,66000,387130000C,(04)23289100,(04)25368667
6478,2023,03,17,11,55,臺中市,北屯區,0,1,0,8,1,5,50,4,1,1,5,4,5,7,2,1,10,5,5,2,16,25,3,10,1,1,B03,7,6,1,8,2,2,"  ",25,25,1,22,8,B03,120.687551,24.171693,2,66000,387130000C,(04)23289100,(04)25368667
6479,2023,03,17,11,55,臺中市,大肚區,0,1,0,8,1,5,40,15,9,1,5,4,5,7,4,4,10,5,5,2,18,23,2,9,1,1,C03,7,9,1,10,2,12,"  ",23,23,1,18,8,C03,120.582407,24.117554,2,66000,387130000C,(04)23289100,(04)25368667
6480,2023,03,17,11,57,臺中市,大里區,0,0,0,8,,,40,,,,,,,,,,,,,,,23,"  ","  ","  ","  ",B03,"  ","  ",1,"  ",2,"  ","  ",23,"   ",1,22,"  ",B03,120.696688,24.110912,3,66000,387130000C,(04)23289100,(04)25368667
6481,2023,03,17,12,0,臺中市,大雅區,0,0,0,8,,,30,,,,,,,,,,,,,,,6,"  ","  ","  ","  ",B03,"  ","  ",1,"  ",2,"  ","  ",6,"   ",1,22,"  ",B03,120.666108,24.237522,3,66000,387130000C,(04)23289100,(04)25368667
6482,2023,03,17,12,0,臺中市,西屯區,0,0,0,8,,,50,,,,,,,,,,,,,,,10,"  ","  ","  ","  ",C03,"  ","  ",1,"  ",2,"  ","  ",10,"   ",1,22,"  ",C03,120.657351,24.168443,3,66000,387130000C,(04)23289100,(04)25368667
6483,2023,03,17,12,1,臺中市,北區,0,0,0,8,,,30,,,,,,,,,,,,,,,12,"  ","  ","  ","  ",B03,"  ","  ",1,"  ",1,"  ","  ",12,"   ",1,21,"  ",B03,120.687416,24.165527,3,66000,387130000C,(04)23289100,(04)25368667
6484,2023,03,17,12,3,臺中市,梧棲區,0,0,0,8,,,50,,,,,,,,,,,,,,,19,"  ","  ","  ","  ",C03,"  ","  ",1,"  ",2,"  ","  ",19,"   ",1,5,"  ",C03,120.53731,24.254346,3,66000,387130000C,(04)23289100,(04)25368667
6485,2023,03,17,12,5,臺中市,西區,0,1,0,8,1,5,50,4,1,1,5,4,5,7,1,1,10,5,5,2,12,33,3,10,1,1,C03,7,9,1,10,2,15,"  ",33,33,1,21,8,C03,120.665268,24.146718,2,66000,387130000C,(04)23289100,(04)25368667
6486,2023,03,17,12,5,臺中市,大肚區,0,0,0,8,,,50,,,,,,,,,,,,,,,8,"  ","  ","  ","  ",C03,"  ","  ",1,"  ",2,"  ","  ",23,43,1,21,"  ",C03,120.544069,24.151653,3,66000,387130000C,(04)23289100,(04)25368667
6487,2023,03,17,12,8,臺中市,潭子區,0,2,0,8,1,5,50,14,9,1,5,4,5,7,4,4,5,4,5,1,16,19,2,9,1,1,C03,7,1,1,10,2,11,"  ",19,19,1,22,9,C03,120.700448,24.213871,2,66000,387130000C,(04)23289100,(04)25368667
6488,2023,03,17,12,13,臺中市,霧峰區,0,2,0,8,1,5,50,4,1,1,5,4,5,7,3,1,9,5,4,2,16,6,2,8,1,1,C03,7,5,1,10,2,14,"  ",6,6,1,22,8,C03,120.69666,24.060853,2,66000,387130000C,(04)23289100,(04)25368667
6489,2023,03,17,12,15,臺中市,中區,0,1,0,8,1,5,50,14,7,1,5,4,5,7,4,4,5,5,4,2,16,7,3,10,1,1,B12,7,8,1,8,2,5,"  ",7,27,1,21,8,B12,120.679247,24.147794,2,66000,387130000C,(04)23289100,(04)25368667
6490,2023,03,17,12,20,臺中市,太平區,0,0,0,8,,,30,,,,,,,,,,,,,,,12,"  ","  ","  ","  ",B03,"  ","  ",1,"  ",2,7,"  ",12,12,1,21,"  ",B03,120.727401,24.112758,3,66000,387130000C,(04)23289100,(04)25368667
6491,2023,03,17,12,21,臺中市,太平區,0,2,0,8,1,5,50,4,2,1,5,4,5,7,1,1,1,4,5,2,13,16,2,9,1,1,C03,7,9,1,10,2,11,"  ",16,16,1,21,8,C03,120.712182,24.144435,2,66000,387130000C,(04)23289100,(04)25368667
6492,2023,03,17,12,22,臺中市,霧峰區,0,2,0,8,1,5,30,3,1,1,5,4,5,7,4,4,10,4,4,1,16,6,3,10,1,1,B03,7,5,1,8,2,2,"  ",6,6,1,4,8,B03,120.670759,24.04348,2,66000,387130000C,(04)23289100,(04)25368667
6493,2023,03,17,12,23,臺中市,大雅區,0,0,0,8,,,50,,,,,,,,,,,,,,,7,"  ","  ","  ","  ",B03,"  ","  ",1,"  ",2,"  ","  ",7,7,1,22,"  ",B03,120.65054,24.210318,3,66000,387130000C,(04)23289100,(04)25368667
6494,2023,03,17,12,24,臺中市,大里區,0,1,0,8,1,5,50,4,9,1,5,4,5,7,2,1,1,4,4,1,16,19,3,10,1,1,C03,7,1,1,10,2,11,"  ",19,19,1,5,8,C03,120.679091,24.11352,2,66000,387130000C,(04)23289100,(04)25368667
6495,2023,03,17,12,25,臺中市,豐原區,0,1,0,8,1,5,50,4,1,1,5,4,5,7,1,1,5,5,5,2,16,6,3,10,3,4,B03,7,5,1,8,2,2,"  ",6,6,1,9,8,B03,120.743428,24.25568,2,66000,387130000C,(04)23289100,(04)25368667
6496,2023,03,17,12,30,臺中市,北區,0,1,0,8,1,5,50,14,9,1,5,4,5,7,4,4,5,4,5,2,13,16,2,9,3,4,C03,7,9,1,10,2,11,"  ",16,16,1,5,8,C03,120.689278,24.153931,2,66000,387130000C,(04)23289100,(04)25368667
6497,2023,03,17,12,30,臺中市,西屯區,0,0,0,8,,,50,,,,,,,,,,,,,,,43,"  ","  ","  ","  ","   ","  ","  ","  ","  ","  ","  ","  ",43,"   ",1,"  ","  ","   ",120.615333,24.182376,3,66000,387130000C,(04)23289100,(04)25368667
6498,2023,03,17,12,32,臺中市,龍井區,0,1,0,8,1,5,50,4,1,1,5,4,5,7,1,1,10,5,5,1,12,8,2,8,1,1,C03,7,5,1,10,2,11,"  ",8,8,1,20,8,C03,120.54,24.19,2,66000,387130000C,(04)23289100,(04)25368667
6499,2023,03,17,12,33,臺中市,豐原區,0,1,0,8,1,5,50,4,2,1,5,4,5,7,1,1,5,5,5,1,17,40,3,10,1,1,B03,7,15,1,8,2,5,"  ",40,40,1,22,8,B03,120.718817,24.24963,2,66000,387130000C,(04)23289100,(04)25368667
6500,2023,03,17,12,40,臺中市,潭子區,0,0,0,8,,,60,,,,,,,,,,,,,,,23,"  ","  ","  ","  ",B03,"  ","  ",1,"  ",2,"  ","  ",23,"   ",1,22,"  ",B03,120.722619,24.204066,3,66000,387130000C,(04)23289100,(04)25368667
6501,2023,03,17,12,50,臺中市,北區,0,2,0,8,1,5,50,5,1,1,5,4,5,7,2,1,10,5,5,2,3,15,2,7,1,1,C03,7,5,3,18,2,11,"  ",15,15,1,22,9,C03,120.682416,24.145861,2,66000,387130000C,(04)23289100,(04)25368667
6502,2023,03,17,12,50,臺中市,西屯區,0,2,0,8,1,5,30,4,1,1,5,4,5,7,4,4,5,5,5,2,15,6,2,9,3,4,C03,7,9,1,10,2,12,"  ",6,6,1,22,8,C03,120.644585,24.179585,2,66000,387130000C,(04)23289100,(04)25368667
6503,2023,03,17,13,0,臺中市,大肚區,0,0,0,8,1,5,30,3,2,1,5,4,5,7,4,4,10,5,5,2,14,12,3,10,3,4,B03,7,2,1,8,8,5,"  ",12,12,1,22,9,B03,120.572917,24.167979,3,66000,387130000C,(04)23289100,(04)25368667
6504,2023,03,17,13,5,臺中市,北屯區,0,0,0,8,,,50,,,,,,,,,,,,,,,67,"  ","  ","  ","  ","   ","  ","  ","  ","  ","  ","  ","  ",67,67,1,"  ","  ","   ",120.671703,24.181336,3,66000,387130000C,(04)23289100,(04)25368667
6505,2023,03,17,13,5,臺中市,西屯區,0,0,0,8,,,50,,,,,,,,,,,,,,,7,"  ","  ","  ","  ",B03,"  ","  ",1,"  ",1,"  ","  ",7,"   ",1,1,"  ",B03,120.638602,24.166192,3,66000,387130000C,(04)23289100,(04)25368667
6506,2023,03,17,13,11,臺中市,東勢區,0,0,0,8,,,30,,,,,,,,,,,,,,,23,"  ","  ","  ","  ",B02,"  ","  ",1,"  ",2,"  ","  ",23,"   ",1,21,"  ",B02,120.833009,24.249461,3,66000,387130000C,(04)23289100,(04)25368667
6507,2023,03,17,13,16,臺中市,西屯區,0,1,0,8,1,5,50,3,1,1,5,4,5,7,1,1,10,5,5,2,17,23,3,10,1,4,B03,7,11,1,8,2,1,"  ",23,23,1,22,8,B03,120.646875,24.157061,2,66000,387130000C,(04)23289100,(04)25368667
6508,2023,03,17,13,17,臺中市,大甲區,0,1,0,8,1,5,30,14,9,1,5,4,5,7,4,4,10,5,5,2,14,12,3,10,1,1,B12,7,2,1,8,2,6,"  ",12,12,1,22,9,B12,120.607742,24.330327,2,66000,387130000C,(04)23289100,(04)25368667
6509,2023,03,17,13,19,臺中市,北屯區,0,2,0,8,1,5,40,4,1,1,5,4,5,7,2,1,10,5,5,2,13,23,2,9,1,1,C03,7,9,1,10,2,11,"  ",23,23,1,22,8,C03,120.676265,24.184218,2,66000,387130000C,(04)23289100,(04)25368667
6510,2023,03,17,13,23,臺中市,潭子區,0,0,0,8,,,50,,,,,,,,,,,,,,,12,"  ","  ","  ","  ",B03,"  ","  ",1,"  ",2,"  ","  ",12,"   ",1,22,"  ",B03,120.701351,24.214723,3,66000,387130000C,(04)23289100,(04)25368667
6511,2023,03,17,13,31,臺中市,北屯區,0,1,0,8,1,5,50,4,1,1,5,4,5,7,3,1,10,5,5,2,16,6,2,9,1,1,C03,7,6,1,10,2,11,"  ",6,6,1,21,8,C03,120.670325,24.178096,2,66000,387130000C,(04)23289100,(04)25368667
6512,2023,03,17,13,39,臺中市,南屯區,0,0,0,8,,,50,,,,,,,,,,,,,,,6,"  ","  ","  ","  ",B12,"  ","  ",1,"  ",1,"  ","  ",6,"   ",1,5,"  ",B12,120.633813,24.158846,3,66000,387130000C,(04)23289100,(04)25368667
6513,2023,03,17,13,42,臺中市,大雅區,0,0,0,8,,,50,,,,,,,,,,,,,,,6,"  ","  ","  ","  ",B03,"  ","  ",1,"  ",2,"  ","  ",6,"   ",1,22,"  ",B03,120.646809,24.222245,3,66000,387130000C,(04)23289100,(04)25368667
6514,2023,03,17,13,42,臺中市,太平區,0,1,0,8,1,5,50,3,2,1,5,4,5,7,4,4,5,4,5,1,13,7,2,9,1,1,C03,7,9,1,10,2,11,12,44,7,1,22,8,C03,120.724805,24.13397,2,66000,387130000C,(04)23289100,(04)25368667
6515,2023,03,17,13,52,臺中市,北屯區,0,0,0,8,,,50,,,,,,,,,,,,,,,43,"  ","  ","  ","  ",B03,"  ","  ",1,"  ",1,"  ","  ",43,"   ",1,22,"  ",B03,120.68618,24.182215,3,66000,387130000C,(04)23289100,(04)25368667
6516,2023,03,17,13,53,臺中市,龍井區,0,1,0,8,1,5,30,4,1,1,5,4,5,7,4,4,10,5,5,2,15,6,2,9,1,1,C03,7,9,1,10,2,12,"  ",6,6,1,21,1,C03,120.5325,24.201111,2,66000,387130000C,(04)23289100,(04)25368667
6517,2023,03,17,13,57,臺中市,西屯區,0,0,0,8,,,40,,,,,,,,,,,,,,,23,"  ","  ","  ","  ",B01,"  ","  ",1,"  ",11,"  ","  ",23,"   ",1,22,"  ",B01,120.637348,24.185146,3,66000,387130000C,(04)23289100,(04)25368667
6518,2023,03,17,13,59,臺中市,大里區,0,1,0,8,1,5,50,4,1,1,5,4,5,7,2,1,1,5,5,1,17,25,3,10,1,1,B03,7,9,1,8,2,15,"  ",25,25,1,5,8,B03,120.691976,24.10055,2,66000,387130000C,(04)23289100,(04)25368667
6519,2023,03,17,13,59,臺中市,梧棲區,0,1,0,8,1,5,70,4,2,1,5,4,5,7,1,1,1,4,4,1,16,43,"  ","  ","  ","  ","   ","  ",6,"  ","  ","  ","  ","  ",43,43,2,"  ","  ","   ",120.54245,24.219289,2,66000,387130000C,(04)23289100,(04)25368667
6520,2023,03,17,14,0,臺中市,烏日區,0,0,0,8,,,30,,,,,,,,,,,,,,,12,"  ","  ","  ","  ",B03,"  ","  ",1,"  ",2,"  ","  ",12,"   ",1,21,"  ",B03,120.594599,24.115087,4,66000,387130000C,(04)23289100,(04)25368667
6521,2023,03,17,14,7,臺中市,北區,0,1,0,8,1,5,50,14,9,1,5,4,5,7,4,4,1,4,5,2,13,23,3,10,1,1,B12,7,9,1,8,2,5,"  ",23,23,1,22,8,B12,120.669212,24.16515,2,66000,387130000C,(04)23289100,(04)25368667
6522,2023,03,17,14,23,臺中市,西屯區,0,0,0,8,,,40,,,,,,,,,,,,,,,6,"  ","  ","  ","  ",C03,"  ","  ",1,"  ",1,"  ","  ",6,"   ",1,22,"  ",C03,120.597761,24.182179,3,66000,387130000C,(04)23289100,(04)25368667
6523,2023,03,17,14,24,臺中市,東區,0,2,0,8,1,5,40,4,4,1,5,4,5,7,1,1,5,2,4,2,17,42,2,7,1,1,C03,7,15,1,10,2,15,"  ",42,42,1,21,8,C03,120.690356,24.127681,2,66000,387130000C,(04)23289100,(04)25368667
6524,2023,03,17,14,24,臺中市,西屯區,0,0,0,8,,,40,,,,,,,,,,,,,,,43,"  ","  ","  ","  ","   ","  ","  ","  ","  ","  ","  ","  ",43,"   ",1,"  ","  ","   ",120.616842,24.179425,3,66000,387130000C,(04)23289100,(04)25368667
6525,2023,03,17,14,26,臺中市,大里區,0,0,0,8,,,50,,,,,,,,,,,,,,,7,"  ","  ","  ","  ",B03,"  ","  ",1,"  ",2,"  ","  ",7,"   ",1,22,"  ",B03,120.701472,24.122995,3,66000,387130000C,(04)23289100,(04)25368667
6526,2023,03,17,14,27,臺中市,西屯區,0,0,0,8,,,50,,,,,,,,,,,,,,,7,"  ","  ","  ","  ",B03,"  ","  ",1,"  ",2,"  ","  ",7,"   ",1,1,"  ",B03,120.644349,24.17016,3,66000,387130000C,(04)23289100,(04)25368667
6527,2023,03,17,14,28,臺中市,太平區,0,0,0,8,,,50,,,,,,,,,,,,,,,23,"  ","  ","  ","  ",B03,"  ","  ",1,"  ",1,"  ","  ",23,"   ",1,21,"  ",B03,120.723613,24.156466,3,66000,387130000C,(04)23289100,(04)25368667
6528,2023,03,17,14,29,臺中市,西屯區,0,1,0,8,1,5,50,15,9,1,5,4,5,7,4,4,9,4,5,2,17,10,3,10,1,4,B03,7,11,1,8,2,5,"  ",10,10,1,22,8,B03,120.651437,24.158494,2,66000,387130000C,(04)23289100,(04)25368667
6529,2023,03,17,14,35,臺中市,清水區,0,0,0,,,,50,,,,,,,,,,,,,,,23,"  ","  ","  ","  ",B03,"  ","  ",1,"  ",2,"  ","  ",23,"   ",1,5,"  ",B03,120.55505,24.259881,3,66000,387130000C,(04)23289100,(04)25368667
6530,2023,03,17,14,35,臺中市,外埔區,0,2,0,8,1,5,70,14,7,1,5,4,5,7,1,1,1,3,4,1,16,7,3,10,1,1,A11,7,8,1,2,2,5,5,7,7,1,22,9,A11,120.654025,24.320454,2,66000,387130000C,(04)23289100,(04)25368667
6531,2023,03,17,14,42,臺中市,烏日區,0,0,0,,,,70,,,,,,,,,,,,,,,23,"  ","  ","  ","  ",B03,"  ","  ",1,"  ",2,"  ","  ",23,"   ",1,22,"  ",B03,120.612433,24.107761,3,66000,387130000C,(04)23289100,(04)25368667
6532,2023,03,17,14,43,臺中市,沙鹿區,0,0,0,8,,,50,,,,,,,,,,,,,,,12,"  ","  ","  ","  ",B12,"  ","  ",1,"  ",2,"  ","  ",12,"   ",1,21,"  ",B12,120.559035,24.238715,3,66000,387130000C,(04)23289100,(04)25368667
6533,2023,03,17,14,45,臺中市,西屯區,0,0,0,8,,,50,,,,,,,,,,,,,,,16,"  ","  ","  ","  ",C03,"  ","  ",1,"  ",1,"  ","  ",16,"   ",1,22,"  ",C03,120.627071,24.200751,3,66000,387130000C,(04)23289100,(04)25368667
6534,2023,03,17,14,47,臺中市,北屯區,0,1,0,8,1,5,50,3,1,1,5,4,5,7,1,1,10,5,5,2,15,25,3,10,1,1,B12,7,9,1,8,2,5,"  ",25,25,1,5,8,B12,120.683308,24.20139,2,66000,387130000C,(04)23289100,(04)25368667
6535,2023,03,17,14,50,臺中市,神岡區,0,0,0,8,,,40,,,,,,,,,,,,,,,6,"  ","  ","  ","  ",B03,"  ","  ",1,"  ",2,"  ","  ",6,"   ",1,21,"  ",B03,120.64412,24.246618,3,66000,387130000C,(04)23289100,(04)25368667
6536,2023,03,17,14,55,臺中市,石岡區,0,0,0,8,,,70,,,,,,,,,,,,,,,23,"  ","  ","  ","  ",B11,"  ","  ",1,"  ",2,"  ","  ",23,"   ",1,22,"  ",B11,120.764117,24.277203,3,66000,387130000C,(04)23289100,(04)25368667
6537,2023,03,17,14,56,臺中市,西屯區,0,1,0,8,1,5,50,4,1,1,5,4,5,7,2,1,10,5,5,2,16,9,3,10,1,1,B03,7,6,1,8,2,2,"  ",9,9,1,22,8,B03,120.645639,24.163678,2,66000,387130000C,(04)23289100,(04)25368667
6538,2023,03,17,14,56,臺中市,西屯區,0,0,0,8,,,30,,,,,,,,,,,,,,,23,"  ","  ","  ","  ",B01,"  ","  ",1,"  ",2,"  ","  ",23,"   ",1,4,"  ",B01,120.642988,24.17668,3,66000,387130000C,(04)23289100,(04)25368667
6539,2023,03,17,14,57,臺中市,西屯區,0,1,0,8,1,5,40,14,8,1,5,4,5,7,4,4,1,5,5,1,29,43,2,9,1,1,F01,7,9,8,20,2,16,"  ",43,43,1,22,8,F01,120.608854,24.183908,2,66000,387130000C,(04)23289100,(04)25368667
6540,2023,03,17,15,0,臺中市,大里區,0,0,0,8,,,50,,,,,,,,,,,,,,,16,"  ","  ","  ","  ",C03,"  ","  ",1,"  ",1,"  ","  ",16,"   ",1,18,"  ",C03,120.679244,24.113003,3,66000,387130000C,(04)23289100,(04)25368667
6541,2023,03,17,15,10,臺中市,西區,0,1,0,8,1,5,50,5,2,1,5,4,5,7,4,4,1,5,4,2,12,7,3,10,1,1,B03,7,7,1,8,1,2,"  ",7,7,1,5,8,B03,120.669801,24.150724,2,66000,387130000C,(04)23289100,(04)25368667
6542,2023,03,17,15,12,臺中市,大里區,0,1,0,8,1,5,50,14,13,1,5,4,5,7,4,4,1,4,5,1,14,12,3,10,1,1,B12,7,2,1,8,2,3,"  ",12,12,1,21,3,B12,120.67923,24.111211,2,66000,387130000C,(04)23289100,(04)25368667
6543,2023,03,17,15,14,臺中市,北屯區,0,1,0,8,1,5,50,5,1,1,5,4,5,7,2,1,10,5,5,2,16,6,3,10,1,1,B03,7,6,1,8,2,2,"  ",6,6,1,21,8,B03,120.730248,24.177074,2,66000,387130000C,(04)23289100,(04)25368667
6544,2023,03,17,15,22,臺中市,西區,0,0,0,8,,,40,,,,,,,,,,,,,,,23,"  ","  ","  ","  ",B03,"  ","  ",1,"  ",1,"  ","  ",23,"   ",1,5,"  ",B03,120.65923,24.157667,3,66000,387130000C,(04)23289100,(04)25368667
6545,2023,03,17,15,23,臺中市,北區,0,0,0,,,,50,,,,,,,,,,,,,,,23,"  ","  ","  ","  ",B03,"  ","  ",1,"  ",1,"  ","  ",23,"   ",1,21,"  ",B03,120.682737,24.166679,3,66000,387130000C,(04)23289100,(04)25368667
6546,2023,03,17,15,26,臺中市,西屯區,0,0,0,8,,,30,,,,,,,,,,,,,,,17,"  ","  ","  ","  ",B03,"  ","  ",1,"  ",2,"  ","  ",17,"   ",1,4,"  ",B03,120.619015,24.195857,3,66000,387130000C,(04)23289100,(04)25368667
6547,2023,03,17,15,27,臺中市,龍井區,0,1,0,8,1,5,70,14,22,1,5,4,5,7,4,4,3,4,4,1,26,43,2,9,1,1,C03,7,15,1,10,2,11,"  ",43,43,1,21,8,C03,120.537345,24.198618,2,66000,387130000C,(04)23289100,(04)25368667
6548,2023,03,17,15,28,臺中市,西區,0,0,0,8,,,50,,,,,,,,,,,,,,,7,"  ","  ","  ","  ",B12,"  ","  ",1,"  ",2,"  ","  ",7,"   ",1,22,"  ",B12,120.657574,24.148344,3,66000,387130000C,(04)23289100,(04)25368667
6549,2023,03,17,15,29,臺中市,大里區,0,1,0,8,1,5,50,5,9,1,5,4,5,7,1,1,10,4,5,2,13,9,2,2,3,4,B03,7,6,1,8,2,7,"  ",9,9,1,21,8,B03,120.687554,24.086311,2,66000,387130000C,(04)23289100,(04)25368667
6550,2023,03,17,15,30,臺中市,大里區,0,0,0,8,,,40,,,,,,,,,,,,,,,12,"  ","  ","  ","  ",B12,"  ","  ",1,"  ",2,"  ","  ",12,"   ",1,5,"  ",B12,120.667416,24.10534,3,66000,387130000C,(04)23289100,(04)25368667
6551,2023,03,17,15,30,臺中市,清水區,0,1,0,8,1,5,60,3,1,1,5,4,5,7,2,1,1,4,4,1,17,6,3,10,1,1,B03,7,6,1,8,2,15,"  ",6,6,1,21,8,B03,120.568304,24.272179,2,66000,387130000C,(04)23289100,(04)25368667
6552,2023,03,17,15,35,臺中市,北屯區,0,0,0,8,,,50,,,,,,,,,,,,,,,23,"  ","  ","  ","  ",B03,"  ","  ",1,"  ",1,"  ","  ",23,"   ",1,22,"  ",B03,120.691061,24.171235,3,66000,387130000C,(04)23289100,(04)25368667
6553,2023,03,17,15,40,臺中市,西屯區,0,1,0,8,1,5,50,14,9,1,5,4,5,7,4,4,1,4,5,2,18,43,2,9,1,1,C03,7,9,1,10,2,12,"  ",43,43,1,22,9,C03,120.631283,24.170777,2,66000,387130000C,(04)23289100,(04)25368667
6554,2023,03,17,15,40,臺中市,清水區,0,0,0,,,,50,,,,,,,,,,,,,,,6,"  ","  ","  ","  ",B03,"  ","  ",1,"  ",2,"  ","  ",6,"   ",1,5,"  ",B03,120.56629,24.271796,3,66000,387130000C,(04)23289100,(04)25368667
6555,2023,03,17,15,47,臺中市,北屯區,0,1,0,8,1,5,50,4,2,1,5,4,5,7,1,1,10,5,5,2,11,25,2,9,1,1,C03,7,5,1,10,2,14,"  ",25,25,1,22,8,C03,120.705746,24.178416,2,66000,387130000C,(04)23289100,(04)25368667
6556,2023,03,17,15,48,臺中市,霧峰區,0,1,0,8,1,5,50,14,9,1,5,4,5,7,4,4,9,4,5,1,16,8,3,10,1,1,B03,7,5,1,8,2,2,"  ",8,8,1,2,9,B03,120.698046,24.064765,2,66000,387130000C,(04)23289100,(04)25368667
6557,2023,03,17,15,51,臺中市,西屯區,0,0,0,8,,,50,,,,,,,,,,,,,,,16,"  ","  ","  ","  ",B12,"  ","  ",1,"  ",1,"  ","  ",16,"   ",1,22,"  ",B12,120.657178,24.196945,3,66000,387130000C,(04)23289100,(04)25368667
6558,2023,03,17,15,51,臺中市,霧峰區,0,1,0,8,1,5,50,14,7,1,5,4,5,7,4,4,5,4,4,1,17,23,2,9,1,1,C03,7,9,1,10,2,14,"  ",23,23,1,21,5,C03,120.69948,24.070923,2,66000,387130000C,(04)23289100,(04)25368667
6559,2023,03,17,15,54,臺中市,北區,0,2,0,8,1,5,50,3,2,1,5,4,5,7,1,1,1,2,5,2,16,26,2,9,1,1,C03,7,5,1,10,2,14,"  ",26,26,1,22,8,C03,120.680418,24.165119,2,66000,387130000C,(04)23289100,(04)25368667
6560,2023,03,17,15,55,臺中市,東區,0,2,0,8,1,5,50,4,1,1,5,4,5,7,2,1,10,5,5,2,15,25,2,9,1,1,C03,7,9,1,10,2,14,"  ",25,25,1,21,8,C03,120.694457,24.147985,2,66000,387130000C,(04)23289100,(04)25368667
6561,2023,03,17,15,56,臺中市,大甲區,0,3,0,8,1,5,70,4,1,1,5,4,5,7,3,1,10,5,5,2,16,6,2,1,1,1,B03,7,5,1,5,2,2,"  ",6,6,1,20,8,B03,120.652086,24.384487,2,66000,387130000C,(04)23289100,(04)25368667
6562,2023,03,17,16,0,臺中市,龍井區,0,1,0,8,1,5,50,4,1,1,5,4,5,7,1,1,5,5,5,1,16,2,2,7,1,1,C03,7,5,1,10,2,12,"  ",2,2,1,18,1,C03,120.58409,24.182019,2,66000,387130000C,(04)23289100,(04)25368667
6563,2023,03,17,16,2,臺中市,西屯區,0,1,0,8,1,5,50,5,1,1,5,4,5,7,2,1,1,2,5,1,16,26,3,10,3,4,B02,7,6,1,8,2,2,"  ",26,26,1,22,8,B02,120.659443,24.176011,2,66000,387130000C,(04)23289100,(04)25368667
6564,2023,03,17,16,3,臺中市,豐原區,0,0,0,8,,,50,,,,,,,,,,,,,,,6,"  ","  ","  ","  ",B01,"  ","  ",1,"  ",2,"  ","  ",6,"   ",1,10,"  ",B01,120.747686,24.265858,3,66000,387130000C,(04)23289100,(04)25368667
6565,2023,03,17,16,5,臺中市,西屯區,0,0,0,8,1,5,50,4,1,1,5,4,5,7,1,1,10,5,5,2,13,16,3,10,1,1,C03,7,9,1,10,1,11,"  ",16,16,1,18,8,C03,120.648608,24.17451,3,66000,387130000C,(04)23289100,(04)25368667
6566,2023,03,17,16,5,臺中市,外埔區,0,0,0,,,,50,,,,,,,,,,,,,,,6,"  ","  ","  ","  ",B03,"  ","  ",1,"  ",2,"  ","  ",6,"   ",1,21,"  ",B03,120.656678,24.34897,3,66000,387130000C,(04)23289100,(04)25368667
6567,2023,03,17,16,6,臺中市,西屯區,0,1,0,8,1,5,40,15,20,1,5,4,5,7,4,4,10,5,5,2,16,26,2,9,1,1,F01,7,9,8,20,2,16,"  ",26,26,1,4,8,F01,120.608445,24.183999,2,66000,387130000C,(04)23289100,(04)25368667