序號,年,月,日,時,分,縣市,區,死亡數量,受傷數量,2-30,天候,光線,道路類別,速限_速度(公里),道路型態,事故位置,路面鋪裝,路面狀態,路面缺陷,障礙物,視距,號誌種類,號誌動作,分向設施,快車道或一般車道間,快慢車道間,路面邊線,事故類型及型態,主要肇因,受傷程度,主要傷處,保護裝備,行動電話,當事者區分,車輛用途,當事者行動狀態,駕駛資格情形,駕駛執照種類,飲酒情形,車輛撞擊部位最初,車輛撞擊部位其他,肇事因素個別,肇事因素主要,肇事逃逸,職業,旅次目的,車種,GPS座標X,GPS座標Y,事故類別,縣市別代碼,機關代碼,市話,傳真
6568,2023,03,17,16,8,臺中市,北屯區,1,0,0,8,1,5,50,4,1,1,5,4,5,7,2,1,10,5,5,2,15,25,1,9,1,1,C03,7,9,1,10,2,12,"  ",25,25,1,21,8,C03,120.693402,24.19053,1,66000,387130000C,(04)23289100,(04)25368667
6569,2023,03,17,16,10,臺中市,太平區,0,1,0,8,1,5,50,4,1,1,5,4,5,7,1,1,10,5,5,2,16,6,3,10,1,1,C03,7,5,1,10,2,12,"  ",6,6,1,21,8,C03,120.713834,24.144969,2,66000,387130000C,(04)23289100,(04)25368667
6570,2023,03,17,16,10,臺中市,龍井區,0,0,0,,,,40,,,,,,,,,,,,,,,23,"  ","  ","  ","  ",A42,"  ","  ",1,"  ",2,"  ","  ",23,"   ",1,10,"  ",A42,120.57962,24.190259,3,66000,387130000C,(04)23289100,(04)25368667
6571,2023,03,17,16,13,臺中市,太平區,0,1,0,8,1,5,50,3,9,1,5,4,5,7,4,4,5,4,5,1,12,19,3,10,1,1,B03,7,1,1,8,2,4,"  ",19,19,1,22,8,B03,120.733572,24.153907,2,66000,387130000C,(04)23289100,(04)25368667
6572,2023,03,17,16,13,臺中市,沙鹿區,0,0,0,8,,,60,,,,,,,,,,,,,,,7,"  ","  ","  ","  ",B03,"  ","  ",1,"  ",2,"  ","  ",7,"   ",1,2,"  ",B03,120.560555,24.209085,3,66000,387130000C,(04)23289100,(04)25368667
6573,2023,03,17,16,14,臺中市,西屯區,0,1,0,8,1,5,50,3,1,1,5,4,5,7,4,4,1,4,5,2,16,6,3,10,1,1,B03,7,6,1,8,2,5,"  ",6,6,1,22,8,B03,120.647293,24.1586,2,66000,387130000C,(04)23289100,(04)25368667
6574,2023,03,17,16,14,臺中市,霧峰區,0,1,0,8,1,5,40,14,8,1,5,4,5,7,1,1,1,2,4,1,16,9,3,10,3,4,B03,7,6,1,8,2,5,"  ",9,9,1,22,8,B03,120.677754,24.039523,2,66000,387130000C,(04)23289100,(04)25368667
6575,2023,03,17,16,15,臺中市,烏日區,0,2,0,8,1,5,40,3,1,1,5,4,5,7,1,1,1,4,4,1,13,23,2,9,1,1,C03,7,5,1,10,2,11,"  ",23,23,1,21,8,C03,120.621663,24.101809,2,66000,387130000C,(04)23289100,(04)25368667
6576,2023,03,17,16,18,臺中市,南屯區,0,0,0,8,,,50,,,,,,,,,,,,,,,23,"  ","  ","  ","  ",B03,"  ","  ",1,"  ",2,"  ","  ",23,"   ",1,22,"  ",B03,120.633597,24.144561,3,66000,387130000C,(04)23289100,(04)25368667
6577,2023,03,17,16,18,臺中市,北屯區,0,0,0,8,,,80,,,,,,,,,,,,,,,7,"  ","  ","  ","  ",A11,"  ","  ",1,"  ",1,"  ","  ",7,"   ",1,22,"  ",A11,120.720086,24.19661,3,66000,387130000C,(04)23289100,(04)25368667
6578,2023,03,17,16,19,臺中市,大里區,0,1,0,8,1,5,50,5,1,1,5,4,5,7,1,1,10,5,5,2,12,4,2,8,1,1,C03,7,9,3,18,2,12,"  ",4,4,1,22,1,C03,120.690111,24.113215,2,66000,387130000C,(04)23289100,(04)25368667
6579,2023,03,17,16,20,臺中市,太平區,0,0,0,8,,,30,,,,,,,,,,,,,,,12,"  ","  ","  ","  ",B12,"  ","  ",1,"  ",2,7,"  ",12,12,1,21,"  ",B12,120.73156,24.107576,3,66000,387130000C,(04)23289100,(04)25368667
6580,2023,03,17,16,25,臺中市,大甲區,0,1,0,8,1,5,30,13,9,1,5,4,5,7,4,4,10,5,5,2,10,5,2,7,1,1,C03,7,9,1,10,2,11,"  ",23,5,1,20,8,C03,120.624798,24.350578,2,66000,387130000C,(04)23289100,(04)25368667
6581,2023,03,17,16,27,臺中市,大肚區,0,1,0,8,1,5,30,4,1,1,5,4,5,7,4,4,10,5,5,2,15,6,2,7,1,1,C03,7,9,1,10,2,11,"  ",6,6,1,22,9,C03,120.544332,24.159159,2,66000,387130000C,(04)23289100,(04)25368667
6582,2023,03,17,16,30,臺中市,南屯區,0,1,0,8,1,5,50,3,1,1,5,4,5,7,4,4,10,4,4,2,16,6,3,10,3,4,B03,7,6,1,8,9,6,"  ",6,6,1,12,8,B03,120.640635,24.154672,2,66000,387130000C,(04)23289100,(04)25368667
6583,2023,03,17,16,30,臺中市,北屯區,0,0,0,8,,,40,,,,,,,,,,,,,,,43,"  ","  ","  ","  ",B03,"  ","  ",1,"  ",1,"  ","  ",43,43,1,22,"  ",B03,120.669656,24.197886,3,66000,387130000C,(04)23289100,(04)25368667
6584,2023,03,17,16,30,臺中市,大里區,0,0,0,8,,,40,,,,,,,,,,,,,,,23,"  ","  ","  ","  ",B03,"  ","  ",1,"  ",1,"  ","  ",23,"   ",1,5,"  ",B03,120.69958,24.101918,3,66000,387130000C,(04)23289100,(04)25368667
6585,2023,03,17,16,32,臺中市,南屯區,0,0,0,8,,,50,,,,,,,,,,,,,,,6,"  ","  ","  ","  ",B03,"  ","  ",1,"  ",1,"  ","  ",6,"   ",1,5,"  ",B03,120.653046,24.144996,3,66000,387130000C,(04)23289100,(04)25368667
6586,2023,03,17,16,32,臺中市,豐原區,0,1,0,8,1,5,50,4,1,1,5,4,5,7,1,1,1,2,5,1,12,9,3,10,1,1,B12,7,6,1,8,2,2,"  ",9,9,1,22,8,B12,120.725815,24.245953,2,66000,387130000C,(04)23289100,(04)25368667
6587,2023,03,17,16,33,臺中市,太平區,0,2,0,8,1,5,50,3,1,1,5,4,5,7,4,4,10,5,5,2,29,42,2,9,1,1,C03,7,9,1,10,2,12,"  ",42,42,1,21,8,C03,120.724041,24.12341,2,66000,387130000C,(04)23289100,(04)25368667
6588,2023,03,17,16,35,臺中市,南區,0,0,0,8,,,50,,,,,,,,,,,,,,,42,"  ","  ","  ","  ",C03,"  ","  ",1,"  ",2,"  ","  ",42,"   ",1,9,"  ",C03,120.655954,24.129888,3,66000,387130000C,(04)23289100,(04)25368667
6589,2023,03,17,16,35,臺中市,西屯區,0,1,0,8,1,5,30,3,2,1,5,4,5,7,4,4,1,5,1,1,13,23,3,10,1,4,B03,7,9,1,8,1,1,"  ",23,23,1,4,8,B03,120.628867,24.162746,2,66000,387130000C,(04)23289100,(04)25368667
6590,2023,03,17,16,37,臺中市,北屯區,0,2,0,8,1,5,50,4,1,1,5,4,5,7,1,1,10,5,5,2,15,25,2,9,1,1,C03,7,9,2,18,2,14,"  ",25,25,1,22,8,C03,120.687838,24.173097,2,66000,387130000C,(04)23289100,(04)25368667
6591,2023,03,17,16,39,臺中市,大雅區,0,1,0,8,1,5,50,14,9,1,5,4,5,7,4,4,5,5,5,1,14,12,3,10,1,1,B03,7,2,1,8,2,8,"  ",12,12,1,21,8,B03,120.645086,24.228779,2,66000,387130000C,(04)23289100,(04)25368667
6592,2023,03,17,16,39,臺中市,北區,0,0,0,,,,50,,,,,,,,,,,,,,,12,"  ","  ","  ","  ",B03,"  ","  ",1,"  ",2,"  ","  ",12,"   ",1,21,"  ",B03,120.69121,24.155575,3,66000,387130000C,(04)23289100,(04)25368667
6593,2023,03,17,16,39,臺中市,北區,0,0,0,,,,50,,,,,,,,,,,,,,,6,"  ","  ","  ","  ",B03,"  ","  ",1,"  ",1,"  ","  ",6,"   ",1,21,"  ",B03,120.692251,24.161431,3,66000,387130000C,(04)23289100,(04)25368667
6594,2023,03,17,16,40,臺中市,西區,0,1,0,8,1,5,40,4,1,1,5,4,5,7,1,1,10,5,5,2,18,42,2,9,1,1,C03,7,9,1,10,2,14,"  ",42,42,1,22,9,C03,120.673858,24.134921,2,66000,387130000C,(04)23289100,(04)25368667
6595,2023,03,17,16,40,臺中市,太平區,0,0,0,8,,,50,,,,,,,,,,,,,,,16,"  ","  ","  ","  ",B03,"  ","  ",1,"  ",1,1,"  ",16,16,1,22,"  ",B03,120.724758,24.158325,3,66000,387130000C,(04)23289100,(04)25368667
6596,2023,03,17,16,42,臺中市,西區,0,0,0,8,,,30,,,,,,,,,,,,,,,67,"  ","  ","  ","  ","   ","  ","  ","  ","  ","  ","  ","  ",67,"   ",1,"  ","  ","   ",120.658356,24.15468,3,66000,387130000C,(04)23289100,(04)25368667
6597,2023,03,17,16,48,臺中市,西屯區,0,1,0,8,1,5,40,14,8,1,5,4,5,7,4,4,1,3,1,2,16,9,3,10,1,1,B03,7,6,1,8,2,2,"  ",9,9,1,22,9,B03,120.640796,24.157484,2,66000,387130000C,(04)23289100,(04)25368667
6598,2023,03,17,16,49,臺中市,清水區,0,1,0,8,1,5,30,3,1,1,5,4,5,7,4,4,9,5,4,2,16,6,3,10,1,1,B03,7,5,1,8,2,8,"  ",6,6,1,5,5,B03,120.569953,24.273236,2,66000,387130000C,(04)23289100,(04)25368667
6599,2023,03,17,16,53,臺中市,南屯區,0,1,0,8,1,5,50,4,1,1,5,4,5,7,2,1,10,5,5,2,16,6,3,10,1,1,B03,7,5,1,8,2,2,"  ",6,6,1,22,8,B03,120.638355,24.154713,2,66000,387130000C,(04)23289100,(04)25368667
6600,2023,03,17,16,54,臺中市,梧棲區,0,2,0,8,1,5,40,3,2,1,5,4,5,7,2,1,1,4,1,1,12,1,2,9,1,1,C03,7,9,1,10,2,11,"  ",1,1,1,4,8,C03,120.532672,24.251437,2,66000,387130000C,(04)23289100,(04)25368667
6601,2023,03,17,16,55,臺中市,北屯區,0,1,0,8,1,5,50,4,1,1,5,4,5,7,2,1,10,5,5,2,13,25,3,10,1,1,B03,7,6,1,8,2,8,"  ",25,25,1,21,8,B03,120.719411,24.182222,2,66000,387130000C,(04)23289100,(04)25368667
6602,2023,03,17,16,55,臺中市,太平區,0,0,0,8,,,50,,,,,,,,,,,,,,,16,"  ","  ","  ","  ",B12,"  ","  ",1,"  ",2,"  ","  ",16,"   ",1,21,"  ",B12,120.700547,24.147973,3,66000,387130000C,(04)23289100,(04)25368667
6603,2023,03,17,16,59,臺中市,西屯區,0,0,0,8,,,50,,,,,,,,,,,,,,,26,"  ","  ","  ","  ",B03,"  ","  ",1,"  ",1,"  ","  ",26,"   ",1,22,"  ",B03,120.64221,24.177809,3,66000,387130000C,(04)23289100,(04)25368667
6604,2023,03,17,17,0,臺中市,西屯區,0,1,0,8,2,5,40,14,8,1,5,4,5,7,4,4,1,5,3,2,13,16,2,9,1,1,C03,7,9,1,10,2,11,"  ",16,16,1,4,8,C03,120.61608,24.18252,2,66000,387130000C,(04)23289100,(04)25368667
6605,2023,03,17,17,1,臺中市,西區,0,1,0,8,1,5,50,3,2,1,5,4,5,7,4,4,1,4,4,2,3,51,2,9,4,5,H01,8,16,8,20,1,16,"  ",51,51,1,4,1,H01,120.658218,24.154769,2,66000,387130000C,(04)23289100,(04)25368667
6606,2023,03,17,17,1,臺中市,西屯區,0,1,0,8,1,5,40,14,8,1,5,4,5,7,4,4,5,4,4,2,16,44,2,8,3,4,C03,7,3,1,10,2,15,"  ",44,18,1,22,8,C03,120.65876,24.163601,2,66000,387130000C,(04)23289100,(04)25368667
6607,2023,03,17,17,5,臺中市,南區,0,0,0,8,1,5,50,4,1,1,5,4,5,7,1,1,10,5,5,2,13,16,3,10,1,1,B12,7,6,1,8,2,5,"  ",16,16,1,5,8,B12,120.670095,24.119043,3,66000,387130000C,(04)23289100,(04)25368667
6608,2023,03,17,17,5,臺中市,北屯區,0,0,0,8,,,30,,,,,,,,,,,,,,,23,"  ","  ","  ","  ",B12,"  ","  ",1,"  ",1,"  ","  ",23,"   ",1,22,"  ",B12,120.693069,24.179633,3,66000,387130000C,(04)23289100,(04)25368667
6609,2023,03,17,17,6,臺中市,西屯區,0,1,0,8,2,5,50,4,1,1,5,4,5,7,2,1,10,5,5,2,16,44,3,10,1,1,C03,7,5,1,10,2,13,14,44,44,1,3,1,C03,120.593044,24.183185,2,66000,387130000C,(04)23289100,(04)25368667
6610,2023,03,17,17,7,臺中市,太平區,0,0,0,8,,,50,,,,,,,,,,,,,,,19,"  ","  ","  ","  ",A11,"  ","  ",1,"  ",2,8,"  ",19,19,1,22,"  ",A11,120.717173,24.15693,3,66000,387130000C,(04)23289100,(04)25368667
6611,2023,03,17,17,10,臺中市,南區,0,1,0,8,1,5,50,14,7,1,5,4,5,7,4,4,1,4,4,2,17,23,3,10,1,1,C03,7,9,1,10,2,11,"  ",23,23,1,22,8,C03,120.683924,24.125638,2,66000,387130000C,(04)23289100,(04)25368667
6612,2023,03,17,17,12,臺中市,西屯區,0,1,0,8,1,5,50,4,1,1,5,4,5,7,1,1,5,4,5,2,16,6,3,10,1,1,B03,7,5,1,8,2,5,"  ",6,6,1,22,8,B03,120.630213,24.183463,2,66000,387130000C,(04)23289100,(04)25368667
6613,2023,03,17,17,12,臺中市,大里區,0,2,0,8,1,5,50,3,1,1,5,4,5,7,4,4,10,5,5,2,3,23,3,10,1,1,B03,7,6,1,8,2,1,"  ",23,23,1,22,8,B03,120.691723,24.109151,2,66000,387130000C,(04)23289100,(04)25368667
6614,2023,03,17,17,17,臺中市,南屯區,0,0,0,8,,,50,,,,,,,,,,,,,,,23,"  ","  ","  ","  ",B12,"  ","  ",1,"  ",2,"  ","  ",23,"   ",1,22,"  ",B12,120.630042,24.122842,3,66000,387130000C,(04)23289100,(04)25368667
6615,2023,03,17,17,19,臺中市,北屯區,0,0,0,8,,,50,,,,,,,,,,,,,,,42,"  ","  ","  ","  ",C03,"  ","  ",1,"  ",1,"  ","  ",42,"   ",1,22,"  ",C03,120.719148,24.175498,3,66000,387130000C,(04)23289100,(04)25368667
6616,2023,03,17,17,20,臺中市,東區,0,0,0,,,,50,,,,,,,,,,,,,,,6,"  ","  ","  ","  ",C03,"  ","  ",1,"  ",2,"  ","  ",6,"   ",1,22,"  ",C03,120.706888,24.14097,3,66000,387130000C,(04)23289100,(04)25368667
6617,2023,03,17,17,25,臺中市,大里區,0,1,0,8,2,5,50,4,1,1,5,4,5,7,4,4,10,5,5,2,16,23,3,10,1,1,B03,7,9,1,8,2,8,"  ",23,23,1,22,3,B03,120.675851,24.097861,2,66000,387130000C,(04)23289100,(04)25368667
6618,2023,03,17,17,25,臺中市,東勢區,0,2,0,8,1,5,50,3,1,1,5,4,5,7,4,4,10,5,5,2,17,10,3,10,1,1,C03,7,11,1,10,2,15,"  ",10,10,1,22,8,C03,120.80919,24.282877,2,66000,387130000C,(04)23289100,(04)25368667
6619,2023,03,17,17,33,臺中市,大里區,0,0,0,8,,,50,,,,,,,,,,,,,,,23,"  ","  ","  ","  ",B03,"  ","  ",1,"  ",2,"  ","  ",23,"   ",1,21,"  ",B03,120.701657,24.099078,3,66000,387130000C,(04)23289100,(04)25368667
6620,2023,03,17,17,35,臺中市,豐原區,0,1,0,8,2,5,40,3,2,1,5,4,5,7,1,1,1,4,4,2,13,16,2,9,1,1,C03,7,9,1,10,2,11,"  ",16,16,1,22,8,C03,120.7367,24.259406,2,66000,387130000C,(04)23289100,(04)25368667
6621,2023,03,17,17,36,臺中市,西屯區,0,0,0,8,,,30,,,,,,,,,,,,,,,12,"  ","  ","  ","  ",B03,"  ","  ",1,"  ",1,"  ","  ",12,"   ",1,4,"  ",B03,120.609993,24.185995,3,66000,387130000C,(04)23289100,(04)25368667
6622,2023,03,17,17,37,臺中市,南屯區,0,1,0,8,1,5,40,3,1,1,5,4,5,7,3,1,10,5,5,2,17,26,2,8,1,1,C03,7,9,1,10,2,11,14,26,26,1,5,8,C03,120.620623,24.116331,2,66000,387130000C,(04)23289100,(04)25368667
6623,2023,03,17,17,39,臺中市,北屯區,0,0,0,8,,,50,,,,,,,,,,,,,,,7,"  ","  ","  ","  ",A11,"  ","  ",1,"  ",2,"  ","  ",7,"   ",1,10,"  ",A11,120.6641,24.1856,3,66000,387130000C,(04)23289100,(04)25368667
6624,2023,03,17,17,40,臺中市,沙鹿區,0,2,0,8,2,5,40,14,7,1,5,4,5,7,4,4,9,5,4,2,17,19,3,10,1,1,B03,7,1,1,8,2,8,"  ",19,19,1,4,8,B03,120.577688,24.222549,2,66000,387130000C,(04)23289100,(04)25368667
6625,2023,03,17,17,46,臺中市,烏日區,0,0,0,8,,,50,,,,,,,,,,,,,,,23,"  ","  ","  ","  ",B12,"  ","  ",1,"  ",2,"  ","  ",23,"   ",1,21,"  ",B12,120.610609,24.113735,3,66000,387130000C,(04)23289100,(04)25368667
6626,2023,03,17,17,50,臺中市,烏日區,0,1,0,8,1,5,40,14,9,1,5,4,5,7,4,4,10,5,5,2,17,19,2,9,1,1,C03,7,1,6,10,2,14,"  ",19,19,1,21,8,C03,120.617645,24.113703,2,66000,387130000C,(04)23289100,(04)25368667
6627,2023,03,17,17,52,臺中市,南區,0,2,0,8,1,5,50,14,5,1,5,4,5,7,3,1,10,5,5,2,13,23,2,9,1,1,C03,7,9,1,10,2,11,"  ",23,23,1,21,8,C03,120.649495,24.117804,2,66000,387130000C,(04)23289100,(04)25368667
6628,2023,03,17,17,52,臺中市,大里區,0,2,0,8,1,5,30,4,9,1,5,4,5,3,4,4,10,5,5,2,16,6,2,9,3,4,F03,7,9,8,20,2,16,"  ",6,6,1,16,8,F03,120.702445,24.095075,2,66000,387130000C,(04)23289100,(04)25368667
6629,2023,03,17,17,53,臺中市,西區,0,1,0,8,2,5,50,4,1,1,5,4,5,7,2,1,10,5,5,2,16,19,3,10,1,1,C03,7,1,1,10,2,11,"  ",19,19,1,22,9,C03,120.655141,24.147749,2,66000,387130000C,(04)23289100,(04)25368667
6630,2023,03,17,17,54,臺中市,太平區,0,1,0,8,1,5,50,14,9,1,5,4,5,7,4,4,1,4,5,2,12,16,3,10,1,1,B03,7,9,1,8,2,8,"  ",16,16,1,21,8,B03,120.710689,24.138207,2,66000,387130000C,(04)23289100,(04)25368667
6631,2023,03,17,17,54,臺中市,龍井區,0,0,0,,,,50,,,,,,,,,,,,,,,23,"  ","  ","  ","  ",B03,"  ","  ",1,"  ",2,"  ","  ",23,"   ",1,5,"  ",B03,120.58538,24.186225,3,66000,387130000C,(04)23289100,(04)25368667
6632,2023,03,17,17,55,臺中市,西屯區,0,1,0,8,3,5,50,14,9,1,5,4,5,7,4,4,5,4,5,2,16,6,3,10,1,1,B01,7,5,1,4,2,4,"  ",6,6,1,4,8,B01,120.64514,24.17715,2,66000,387130000C,(04)23289100,(04)25368667
6633,2023,03,17,17,56,臺中市,北屯區,0,3,0,8,2,5,50,4,1,1,5,4,5,7,2,1,10,5,5,2,16,43,2,8,1,1,C03,7,5,1,10,2,14,"  ",43,43,1,21,8,C03,120.721098,24.174059,2,66000,387130000C,(04)23289100,(04)25368667
6634,2023,03,17,17,56,臺中市,烏日區,0,3,0,8,1,5,50,14,9,1,5,4,5,7,4,4,5,4,5,1,3,23,2,9,1,1,C03,7,9,6,10,2,11,"  ",23,23,1,21,1,C03,120.647159,24.085837,2,66000,387130000C,(04)23289100,(04)25368667
6635,2023,03,17,17,57,臺中市,南區,0,0,0,8,,,40,,,,,,,,,,,,,,,16,"  ","  ","  ","  ",C03,"  ","  ",1,"  ",2,"  ","  ",16,"   ",1,4,"  ",C03,120.66134,24.109927,3,66000,387130000C,(04)23289100,(04)25368667
6636,2023,03,17,17,57,臺中市,豐原區,0,1,0,8,2,5,50,14,7,1,5,4,5,7,4,4,1,5,4,1,13,23,3,10,3,4,B03,7,9,1,8,2,1,"  ",23,23,1,21,8,B03,120.737101,24.261371,2,66000,387130000C,(04)23289100,(04)25368667
6637,2023,03,17,17,59,臺中市,西屯區,0,1,0,8,2,5,50,3,1,1,5,4,5,7,4,4,1,4,5,2,18,13,2,9,1,1,C03,7,6,1,10,2,14,"  ",13,13,1,18,5,C03,120.623576,24.173679,2,66000,387130000C,(04)23289100,(04)25368667
6638,2023,03,17,18,0,臺中市,東區,0,0,0,8,3,5,50,4,1,1,5,4,5,7,1,1,10,5,5,2,12,6,3,10,1,1,B03,7,6,1,8,2,5,"  ",6,6,1,22,8,B03,120.70151,24.125407,3,66000,387130000C,(04)23289100,(04)25368667
6639,2023,03,17,18,0,臺中市,南區,0,0,0,,,,30,,,,,,,,,,,,,,,6,"  ","  ","  ","  ",C03,"  ","  ",1,"  ",2,"  ","  ",6,"   ",1,5,"  ",C03,120.676341,24.129696,3,66000,387130000C,(04)23289100,(04)25368667
6640,2023,03,17,18,0,臺中市,烏日區,0,2,0,8,2,5,50,4,1,1,5,4,5,7,2,1,1,4,5,1,13,23,2,9,1,1,C03,7,9,2,18,2,11,"  ",23,23,1,21,8,C03,120.646375,24.110952,2,66000,387130000C,(04)23289100,(04)25368667
6641,2023,03,17,18,0,臺中市,清水區,0,0,0,,,,60,,,,,,,,,,,,,,,23,"  ","  ","  ","  ",B03,"  ","  ",1,"  ",2,"  ","  ",23,"   ",1,5,"  ",B03,120.548131,24.277676,3,66000,387130000C,(04)23289100,(04)25368667
6642,2023,03,17,18,3,臺中市,后里區,0,1,0,8,1,5,50,4,1,1,5,4,5,7,1,1,10,5,5,1,15,25,2,9,1,1,C03,7,9,1,10,11,12,"  ",25,25,1,22,8,C03,120.730752,24.308078,2,66000,387130000C,(04)23289100,(04)25368667
6643,2023,03,17,18,7,臺中市,北區,0,1,0,8,3,5,50,3,7,1,5,4,5,7,4,4,8,3,4,2,13,23,2,9,1,1,C03,7,9,2,18,2,11,"  ",23,23,1,5,8,C03,120.683577,24.167993,2,66000,387130000C,(04)23289100,(04)25368667
6644,2023,03,17,18,11,臺中市,西屯區,0,0,0,8,,,50,,,,,,,,,,,,,,,16,"  ","  ","  ","  ",B03,"  ","  ",1,"  ",1,"  ","  ",16,"   ",1,22,"  ",B03,120.653227,24.168597,3,66000,387130000C,(04)23289100,(04)25368667
6645,2023,03,17,18,12,臺中市,大肚區,0,0,0,,,,50,,,,,,,,,,,,,,,23,"  ","  ","  ","  ",B03,"  ","  ",1,"  ",2,"  ","  ",23,"   ",1,22,"  ",B03,120.536692,24.163508,3,66000,387130000C,(04)23289100,(04)25368667
6646,2023,03,17,18,13,臺中市,西屯區,0,1,0,8,1,5,30,14,9,1,5,4,5,7,4,4,10,5,5,2,14,12,3,10,1,4,B03,7,2,1,8,2,3,"  ",12,12,1,4,8,B03,120.663026,24.17423,2,66000,387130000C,(04)23289100,(04)25368667
6647,2023,03,17,18,13,臺中市,西屯區,0,0,0,8,,,50,,,,,,,,,,,,,,,16,"  ","  ","  ","  ",B03,"  ","  ",1,"  ",1,"  ","  ",16,"   ",1,4,"  ",B03,120.658371,24.195292,3,66000,387130000C,(04)23289100,(04)25368667
6648,2023,03,17,18,13,臺中市,沙鹿區,0,0,0,8,,,50,,,,,,,,,,,,,,,16,"  ","  ","  ","  ",B12,"  ","  ",1,"  ",2,"  ","  ",16,16,1,21,"  ",B12,120.568517,24.208165,3,66000,387130000C,(04)23289100,(04)25368667
6649,2023,03,17,18,23,臺中市,西屯區,0,0,0,8,,,80,,,,,,,,,,,,,,,23,"  ","  ","  ","  ",B03,"  ","  ",1,"  ",1,"  ","  ",23,23,1,22,"  ",B03,120.631302,24.168324,3,66000,387130000C,(04)23289100,(04)25368667
6650,2023,03,17,18,23,臺中市,后里區,0,0,0,8,3,5,50,14,7,1,5,4,5,7,4,4,5,5,3,1,13,23,"  ","  ","  ","  ",B03,"  ","  ",1,"  ",1,"  ","  ",23,"   ",1,22,"  ",B03,120.708056,24.311159,3,66000,387130000C,(04)23289100,(04)25368667
6651,2023,03,17,18,24,臺中市,太平區,0,1,0,8,3,5,40,14,9,1,5,4,5,7,4,4,5,5,5,1,17,42,3,10,1,1,B03,7,4,1,8,3,5,"  ",42,42,1,21,8,B03,120.722234,24.109775,2,66000,387130000C,(04)23289100,(04)25368667
6652,2023,03,17,18,26,臺中市,神岡區,0,2,0,8,3,5,50,14,8,1,5,4,5,7,4,4,5,4,4,2,3,51,2,9,4,5,H01,8,16,8,20,10,16,"  ",51,51,1,22,8,H01,120.664508,24.258152,2,66000,387130000C,(04)23289100,(04)25368667
6653,2023,03,17,18,27,臺中市,北區,0,0,0,,,,50,,,,,,,,,,,,,,,23,"  ","  ","  ","  ",B03,"  ","  ",1,"  ",1,"  ","  ",23,"   ",1,22,"  ",B03,120.674498,24.158461,3,66000,387130000C,(04)23289100,(04)25368667
6654,2023,03,17,18,30,臺中市,南屯區,0,2,0,8,3,5,50,14,9,1,5,4,5,7,4,4,10,5,5,2,17,19,2,9,3,4,C03,7,1,1,10,2,11,"  ",19,19,1,12,8,C03,120.609791,24.140185,2,66000,387130000C,(04)23289100,(04)25368667
6655,2023,03,17,18,30,臺中市,北屯區,0,1,0,8,3,5,50,3,1,1,5,4,5,7,4,4,10,5,5,2,16,6,3,10,1,1,C03,7,5,1,10,2,11,"  ",6,6,1,22,8,C03,120.672823,24.177791,2,66000,387130000C,(04)23289100,(04)25368667
6656,2023,03,17,18,38,臺中市,烏日區,0,0,0,8,,,40,,,,,,,,,,,,,,,16,"  ","  ","  ","  ",B12,"  ","  ",1,"  ",2,"  ","  ",16,"   ",1,22,"  ",B12,120.618544,24.116816,3,66000,387130000C,(04)23289100,(04)25368667
6657,2023,03,17,18,40,臺中市,大安區,0,2,0,8,3,5,50,4,1,1,5,4,5,7,1,1,10,5,5,2,15,25,2,9,1,1,F03,7,9,8,20,2,16,"  ",25,25,1,19,8,F03,120.607784,24.372847,2,66000,387130000C,(04)23289100,(04)25368667
6658,2023,03,17,18,42,臺中市,后里區,0,1,0,8,3,5,50,4,1,1,5,4,5,7,1,1,10,5,5,2,3,42,3,10,1,1,B03,7,5,1,8,2,5,"  ",42,42,1,21,1,B03,120.72292,24.31122,2,66000,387130000C,(04)23289100,(04)25368667
6659,2023,03,17,18,43,臺中市,南區,0,2,0,7,3,5,50,14,8,1,5,4,5,7,4,4,3,4,4,2,3,51,2,9,4,5,H01,8,16,8,20,10,16,"  ",51,51,1,22,9,H01,120.66272,24.12316,2,66000,387130000C,(04)23289100,(04)25368667
6660,2023,03,17,18,43,臺中市,東勢區,0,2,0,8,3,5,60,14,12,1,5,4,5,7,4,4,3,4,4,1,17,4,2,9,1,1,C03,7,15,4,8,7,11,"  ",4,4,1,22,8,C03,120.838143,24.215799,2,66000,387130000C,(04)23289100,(04)25368667
6661,2023,03,17,18,46,臺中市,西區,0,0,0,8,3,5,50,14,7,1,5,4,5,7,4,4,1,4,4,2,13,23,"  ","  ","  ","  ",B03,"  ","  ",1,"  ",1,"  ","  ",23,"   ",1,5,"  ",B03,120.657058,24.151427,3,66000,387130000C,(04)23289100,(04)25368667
6662,2023,03,17,18,48,臺中市,南屯區,0,0,0,8,,,50,,,,,,,,,,,,,,,42,"  ","  ","  ","  ",B03,"  ","  ",1,"  ",1,"  ","  ",42,42,1,22,"  ",B03,120.622643,24.150214,3,66000,387130000C,(04)23289100,(04)25368667
6663,2023,03,17,18,48,臺中市,烏日區,0,0,0,8,3,6,50,4,1,1,5,4,5,7,1,1,8,3,4,1,11,8,"  ","  ","  ","  ",A12,"  ","  ",1,"  ",2,"  ","  ",8,"   ",1,10,"  ",A12,120.64545,24.057853,3,66000,387130000C,(04)23289100,(04)25368667