序號,年,月,日,時,分,縣市,區,死亡數量,受傷數量,2-30,天候,光線,道路類別,速限_速度(公里),道路型態,事故位置,路面鋪裝,路面狀態,路面缺陷,障礙物,視距,號誌種類,號誌動作,分向設施,快車道或一般車道間,快慢車道間,路面邊線,事故類型及型態,主要肇因,受傷程度,主要傷處,保護裝備,行動電話,當事者區分,車輛用途,當事者行動狀態,駕駛資格情形,駕駛執照種類,飲酒情形,車輛撞擊部位最初,車輛撞擊部位其他,肇事因素個別,肇事因素主要,肇事逃逸,職業,旅次目的,車種,GPS座標X,GPS座標Y,事故類別,縣市別代碼,機關代碼,市話,傳真
6664,2023,03,17,18,49,臺中市,西屯區,0,0,0,8,,,60,,,,,,,,,,,,,,,23,"  ","  ","  ","  ",A41,"  ","  ",1,"  ",2,"  ","  ",23,"   ",1,22,"  ",A41,120.621199,24.180198,3,66000,387130000C,(04)23289100,(04)25368667
6665,2023,03,17,18,50,臺中市,北屯區,0,1,0,8,3,5,50,14,9,1,5,4,5,7,4,4,1,4,5,2,14,12,3,10,1,1,B03,7,2,1,8,2,3,"  ",12,12,1,21,8,B03,120.701925,24.182868,2,66000,387130000C,(04)23289100,(04)25368667
6666,2023,03,17,18,50,臺中市,清水區,0,1,0,8,3,5,50,4,1,1,5,4,5,7,4,4,10,5,5,2,16,6,3,10,1,1,B03,7,5,1,8,2,1,"  ",6,6,1,5,5,B03,120.550966,24.26917,2,66000,387130000C,(04)23289100,(04)25368667
6667,2023,03,17,18,55,臺中市,和平區,0,1,0,7,3,5,50,14,9,1,5,4,5,7,4,4,10,5,5,1,14,12,3,10,1,1,B03,7,2,1,8,2,3,"  ",12,12,1,21,8,B03,120.883914,24.174392,2,66000,387130000C,(04)23289100,(04)25368667
6668,2023,03,17,18,57,臺中市,西區,0,1,0,8,3,5,50,14,7,1,5,4,5,7,4,4,5,4,4,2,16,7,3,10,1,1,B03,7,7,1,8,2,8,"  ",7,7,1,22,9,B03,120.670857,24.137521,2,66000,387130000C,(04)23289100,(04)25368667
6669,2023,03,17,18,58,臺中市,北屯區,0,0,0,8,,,80,,,,,,,,,,,,,,,23,"  ","  ","  ","  ",B03,"  ","  ",1,"  ",2,"  ","  ",23,"   ",1,22,"  ",B03,120.719669,24.181521,3,66000,387130000C,(04)23289100,(04)25368667
6670,2023,03,17,18,59,臺中市,沙鹿區,0,2,0,8,3,5,40,4,1,1,5,4,5,6,4,4,10,5,5,2,16,23,2,9,1,1,C03,7,9,1,10,2,11,"  ",23,23,1,18,8,C03,120.579963,24.214461,2,66000,387130000C,(04)23289100,(04)25368667
6671,2023,03,17,19,0,臺中市,北屯區,0,1,0,8,2,5,80,10,9,1,5,4,5,7,4,4,1,3,5,1,13,16,3,10,1,1,B03,7,9,1,8,2,1,"  ",16,16,1,4,8,B03,120.7224,24.1883,2,66000,387130000C,(04)23289100,(04)25368667
6672,2023,03,17,19,0,臺中市,西屯區,0,1,0,8,3,5,50,14,9,1,5,4,5,7,4,4,10,4,5,2,13,23,3,10,1,1,C03,7,9,1,10,2,11,"  ",23,16,1,4,8,C03,120.612552,24.190299,2,66000,387130000C,(04)23289100,(04)25368667
6673,2023,03,17,19,2,臺中市,南屯區,0,0,0,8,3,5,80,10,7,1,5,4,5,7,4,4,1,4,5,2,12,7,3,10,1,1,B03,7,7,1,8,1,7,4,7,7,1,6,3,B03,120.624069,24.152961,3,66000,387130000C,(04)23289100,(04)25368667
6674,2023,03,17,19,5,臺中市,南屯區,0,1,0,8,3,5,40,14,8,1,5,4,5,7,4,4,5,4,4,2,13,23,2,8,1,1,C03,7,9,1,10,2,11,"  ",23,23,1,22,9,C03,120.634958,24.130896,2,66000,387130000C,(04)23289100,(04)25368667
6675,2023,03,17,19,5,臺中市,烏日區,0,2,0,8,3,5,50,4,1,1,5,4,5,7,3,1,9,4,5,1,16,6,2,9,1,1,C03,7,9,1,10,2,12,"  ",6,6,1,22,8,C03,120.61865,24.103128,2,66000,387130000C,(04)23289100,(04)25368667
6676,2023,03,17,19,7,臺中市,北屯區,0,1,0,8,3,5,50,4,1,1,5,4,5,7,2,1,10,5,5,2,15,25,2,9,1,1,C03,7,9,1,10,2,12,"  ",25,25,1,22,8,C03,120.71092,24.18263,2,66000,387130000C,(04)23289100,(04)25368667
6677,2023,03,17,19,13,臺中市,北屯區,0,0,0,8,,,50,,,,,,,,,,,,,,,42,"  ","  ","  ","  ",B03,"  ","  ",1,"  ",1,"  ","  ",42,"   ",1,22,"  ",B03,120.72258,24.181594,3,66000,387130000C,(04)23289100,(04)25368667
6678,2023,03,17,19,15,臺中市,西屯區,0,1,0,8,2,5,50,14,9,1,5,4,5,7,4,4,5,4,5,2,13,16,2,8,1,1,C03,7,9,1,10,2,11,"  ",16,16,1,22,8,C03,120.65527,24.175566,2,66000,387130000C,(04)23289100,(04)25368667
6679,2023,03,17,19,15,臺中市,太平區,0,0,0,8,,,50,,,,,,,,,,,,,,,42,"  ","  ","  ","  ",B03,"  ","  ",1,"  ",2,5,"  ",42,42,1,22,"  ",B03,120.71795,24.114541,3,66000,387130000C,(04)23289100,(04)25368667
6680,2023,03,17,19,18,臺中市,北屯區,0,0,0,8,,,50,,,,,,,,,,,,,,,23,"  ","  ","  ","  ",B03,"  ","  ",1,"  ",1,"  ","  ",23,"   ",1,22,"  ",B03,120.728952,24.160995,3,66000,387130000C,(04)23289100,(04)25368667
6681,2023,03,17,19,18,臺中市,沙鹿區,0,1,0,8,3,5,40,14,8,1,5,4,5,7,4,4,1,4,1,1,17,23,3,10,1,1,B03,7,9,1,8,2,5,"  ",23,23,1,4,8,B03,120.570236,24.235516,2,66000,387130000C,(04)23289100,(04)25368667
6682,2023,03,17,19,19,臺中市,北屯區,0,0,0,8,,,50,,,,,,,,,,,,,,,17,"  ","  ","  ","  ",B03,"  ","  ",1,"  ",1,"  ","  ",17,"   ",1,21,"  ",B03,120.698234,24.173288,3,66000,387130000C,(04)23289100,(04)25368667
6683,2023,03,17,19,21,臺中市,沙鹿區,0,0,0,8,,,50,,,,,,,,,,,,,,,23,"  ","  ","  ","  ",B03,"  ","  ",1,"  ",2,"  ","  ",23,"   ",1,21,"  ",B03,120.560598,24.237268,3,66000,387130000C,(04)23289100,(04)25368667
6684,2023,03,17,19,24,臺中市,豐原區,0,1,0,8,3,5,50,4,1,1,5,4,5,7,2,1,10,5,5,2,15,25,3,10,1,1,B03,7,9,1,8,2,5,"  ",25,25,1,22,8,B03,120.71439,24.251156,2,66000,387130000C,(04)23289100,(04)25368667
6685,2023,03,17,19,25,臺中市,大里區,0,0,0,8,,,50,,,,,,,,,,,,,,,19,"  ","  ","  ","  ",B03,"  ","  ",1,"  ",2,"  ","  ",19,"   ",1,9,"  ",B03,120.68712,24.094801,3,66000,387130000C,(04)23289100,(04)25368667
6686,2023,03,17,19,31,臺中市,東區,0,0,0,,,,50,,,,,,,,,,,,,,,42,"  ","  ","  ","  ",B03,"  ","  ",1,"  ",2,"  ","  ",42,"   ",1,21,"  ",B03,120.703912,24.134076,3,66000,387130000C,(04)23289100,(04)25368667
6687,2023,03,17,19,31,臺中市,豐原區,0,1,0,8,3,5,50,4,2,1,5,4,5,7,1,1,1,2,5,2,9,23,3,10,1,1,B12,7,9,1,8,2,2,"  ",23,23,1,22,8,B12,120.706211,24.249886,2,66000,387130000C,(04)23289100,(04)25368667
6688,2023,03,17,19,34,臺中市,霧峰區,0,1,0,8,3,5,60,4,1,1,5,4,5,7,1,1,10,5,5,2,27,23,2,9,3,4,C03,7,9,3,18,2,11,"  ",23,23,1,22,8,C03,120.693117,24.037889,2,66000,387130000C,(04)23289100,(04)25368667
6689,2023,03,17,19,37,臺中市,東區,0,1,0,8,3,5,50,14,9,1,5,4,5,7,4,4,9,5,5,2,16,10,3,10,1,1,B03,7,11,1,8,2,5,"  ",10,10,1,4,8,B03,120.699321,24.146415,2,66000,387130000C,(04)23289100,(04)25368667
6690,2023,03,17,19,39,臺中市,霧峰區,0,0,0,8,,,50,,,,,,,,,,,,,,,6,"  ","  ","  ","  ",C03,"  ","  ",1,"  ",2,"  ","  ",6,6,1,19,"  ",C03,120.699152,24.067699,3,66000,387130000C,(04)23289100,(04)25368667
6691,2023,03,17,19,47,臺中市,東區,0,1,0,8,3,5,50,3,1,1,5,4,5,7,2,1,10,5,5,2,16,25,2,9,1,1,C03,7,9,6,10,11,11,"  ",25,25,2,20,8,C03,120.692277,24.145558,2,66000,387130000C,(04)23289100,(04)25368667
6692,2023,03,17,19,51,臺中市,后里區,0,0,0,8,,,50,,,,,,,,,,,,,,,23,"  ","  ","  ","  ",B03,"  ","  ",1,"  ",1,"  ","  ",23,"   ",1,22,"  ",B03,120.710554,24.301542,3,66000,387130000C,(04)23289100,(04)25368667
6693,2023,03,17,19,58,臺中市,南區,0,0,0,8,3,5,50,3,7,1,5,4,5,7,4,4,1,4,5,2,12,7,3,10,1,1,C03,7,9,1,10,2,13,"  ",7,7,1,22,8,C03,120.647398,24.109898,3,66000,387130000C,(04)23289100,(04)25368667
6694,2023,03,17,20,13,臺中市,北區,0,1,0,8,3,5,50,3,2,1,5,4,5,7,1,1,1,2,4,2,16,6,3,10,1,1,B03,7,5,1,8,2,5,"  ",6,6,1,5,8,B03,120.683949,24.153974,2,66000,387130000C,(04)23289100,(04)25368667
6695,2023,03,17,20,20,臺中市,北屯區,0,2,0,8,3,5,50,4,1,1,5,4,5,7,2,1,10,5,5,2,16,26,3,10,1,1,C03,7,9,1,10,2,12,"  ",26,26,1,21,8,C03,120.694326,24.172395,2,66000,387130000C,(04)23289100,(04)25368667
6696,2023,03,17,20,33,臺中市,西屯區,0,1,0,8,1,5,50,14,9,1,5,4,5,7,4,4,1,4,5,1,18,42,2,9,1,4,C03,7,9,1,10,2,14,"  ",42,42,1,4,8,C03,120.615845,24.174471,2,66000,387130000C,(04)23289100,(04)25368667
6697,2023,03,17,20,36,臺中市,西區,0,0,0,8,,,60,,,,,,,,,,,,,,,23,"  ","  ","  ","  ",B03,"  ","  ",1,"  ",1,"  ","  ",23,"   ",1,22,"  ",B03,120.668665,24.151816,3,66000,387130000C,(04)23289100,(04)25368667
6698,2023,03,17,20,36,臺中市,沙鹿區,0,2,0,8,3,5,40,5,1,1,5,4,5,7,1,1,1,2,1,1,13,16,2,9,1,1,C03,7,9,1,10,2,11,"  ",16,16,1,4,8,C03,120.579565,24.221673,2,66000,387130000C,(04)23289100,(04)25368667
6699,2023,03,17,20,37,臺中市,南屯區,0,0,0,8,,,50,,,,,,,,,,,,,,,23,"  ","  ","  ","  ",B03,"  ","  ",1,"  ",2,"  ","  ",23,"   ",1,20,"  ",B03,120.649238,24.137985,3,66000,387130000C,(04)23289100,(04)25368667
6700,2023,03,17,20,44,臺中市,南區,0,0,0,,,,50,,,,,,,,,,,,,,,23,"  ","  ","  ","  ",B03,"  ","  ",1,"  ",2,"  ","  ",23,"   ",1,22,"  ",B03,120.678635,24.128108,3,66000,387130000C,(04)23289100,(04)25368667
6701,2023,03,17,20,48,臺中市,豐原區,0,0,0,8,,,50,,,,,,,,,,,,,,,23,"  ","  ","  ","  ",B03,"  ","  ",1,"  ",2,"  ","  ",23,23,1,22,"  ",B03,120.709346,24.250371,3,66000,387130000C,(04)23289100,(04)25368667
6702,2023,03,17,20,49,臺中市,北屯區,0,1,0,8,3,5,50,3,1,1,5,4,5,7,1,1,10,5,5,2,16,23,3,10,1,1,B03,7,5,1,8,2,8,"  ",23,23,1,22,8,B03,120.723091,24.162035,2,66000,387130000C,(04)23289100,(04)25368667
6703,2023,03,17,20,54,臺中市,烏日區,0,2,0,8,3,5,50,11,6,1,5,4,5,7,4,4,1,5,5,1,16,6,2,3,1,1,B01,7,11,1,4,2,5,"  ",6,6,1,22,8,B01,120.61553,24.11295,2,66000,387130000C,(04)23289100,(04)25368667
6704,2023,03,17,20,56,臺中市,北屯區,0,0,0,8,,,50,,,,,,,,,,,,,,,23,"  ","  ","  ","  ",B03,"  ","  ",1,"  ",1,"  ","  ",23,"   ",1,22,"  ",B03,120.676993,24.177108,3,66000,387130000C,(04)23289100,(04)25368667
6705,2023,03,17,20,56,臺中市,烏日區,0,0,0,8,,,60,,,,,,,,,,,,,,,42,"  ","  ","  ","  ",B03,"  ","  ",1,"  ",2,"  ","  ",42,"   ",1,22,"  ",B03,120.612938,24.115494,3,66000,387130000C,(04)23289100,(04)25368667
6706,2023,03,17,20,58,臺中市,北屯區,0,0,0,8,,,50,,,,,,,,,,,,,,,6,"  ","  ","  ","  ",B03,"  ","  ",1,"  ",1,"  ","  ",6,"   ",1,21,"  ",B03,120.676153,24.173555,3,66000,387130000C,(04)23289100,(04)25368667
6707,2023,03,17,20,58,臺中市,清水區,0,1,0,8,3,5,50,3,1,1,5,4,5,7,3,1,10,5,5,2,16,6,3,10,1,1,F02,7,5,8,20,2,16,"  ",6,6,1,15,8,F02,120.577156,24.273741,2,66000,387130000C,(04)23289100,(04)25368667
6708,2023,03,17,21,5,臺中市,東區,0,2,0,8,3,5,50,5,1,1,5,4,5,7,2,1,10,5,5,2,17,23,2,7,1,1,B03,7,5,6,18,2,8,"  ",23,23,1,21,8,B03,120.688642,24.126392,2,66000,387130000C,(04)23289100,(04)25368667
6709,2023,03,17,21,7,臺中市,后里區,0,0,0,8,3,5,40,4,2,1,5,4,5,7,2,1,5,5,5,1,17,43,3,10,1,1,B03,7,14,3,18,2,2,"  ",43,43,1,22,9,B03,120.722178,24.30777,3,66000,387130000C,(04)23289100,(04)25368667
6710,2023,03,17,21,12,臺中市,西屯區,0,0,0,8,,,70,,,,,,,,,,,,,,,23,"  ","  ","  ","  ",B03,"  ","  ",1,"  ",1,"  ","  ",23,"   ",1,22,"  ",B03,120.615574,24.183001,3,66000,387130000C,(04)23289100,(04)25368667
6711,2023,03,17,21,16,臺中市,龍井區,0,0,0,,,,70,,,,,,,,,,,,,,,67,"  ","  ","  ","  ","   ","  ","  ","  ","  ","  ","  ","  ",67,"   ",1,"  ","  ","   ",120.58165,24.18794,3,66000,387130000C,(04)23289100,(04)25368667
6712,2023,03,17,21,17,臺中市,西屯區,0,0,0,8,,,50,,,,,,,,,,,,,,,7,"  ","  ","  ","  ",B02,"  ","  ",1,"  ",1,"  ","  ",7,"   ",1,22,"  ",B02,120.65542,24.200131,3,66000,387130000C,(04)23289100,(04)25368667
6713,2023,03,17,21,23,臺中市,西區,0,1,0,8,3,5,50,14,9,1,5,4,5,7,4,4,5,4,5,2,17,42,2,9,1,1,C03,7,9,1,10,2,12,"  ",42,42,1,22,9,C03,120.655528,24.151028,2,66000,387130000C,(04)23289100,(04)25368667
6714,2023,03,17,21,26,臺中市,沙鹿區,0,1,0,8,3,5,50,14,7,1,5,4,5,7,4,4,9,5,4,2,17,42,2,9,1,1,C03,7,12,1,10,2,14,"  ",42,42,1,5,1,C03,120.579546,24.217975,2,66000,387130000C,(04)23289100,(04)25368667
6715,2023,03,17,21,27,臺中市,北屯區,0,1,0,8,1,5,50,14,7,1,5,4,5,7,4,4,5,5,4,2,16,19,3,10,1,1,B03,7,1,1,8,2,8,"  ",19,19,1,22,8,B03,120.681075,24.190431,2,66000,387130000C,(04)23289100,(04)25368667
6716,2023,03,17,21,28,臺中市,西屯區,0,0,0,8,,,70,,,,,,,,,,,,,,,9,"  ","  ","  ","  ",B03,"  ","  ",1,"  ",1,"  ","  ",9,9,1,4,"  ",B03,120.627004,24.177419,3,66000,387130000C,(04)23289100,(04)25368667
6717,2023,03,17,21,30,臺中市,烏日區,0,0,0,8,3,5,50,14,9,1,5,4,5,7,1,1,10,5,5,1,13,23,"  ","  ","  ","  ",B03,"  ","  ",1,"  ",2,"  ","  ",23,"   ",1,22,"  ",B03,120.632742,24.110091,3,66000,387130000C,(04)23289100,(04)25368667
6718,2023,03,17,21,30,臺中市,大甲區,0,1,0,8,3,5,60,4,1,1,5,4,5,7,1,1,10,5,5,1,17,25,3,10,1,1,F03,7,9,8,20,2,16,"  ",25,25,1,9,1,F03,120.633698,24.36105,2,66000,387130000C,(04)23289100,(04)25368667
6719,2023,03,17,21,32,臺中市,霧峰區,0,2,0,8,3,5,30,14,9,1,5,4,5,7,4,4,10,5,5,2,17,23,2,9,1,1,C03,7,9,1,10,2,12,"  ",23,23,1,21,5,C03,120.713975,24.073091,2,66000,387130000C,(04)23289100,(04)25368667
6720,2023,03,17,21,37,臺中市,太平區,0,1,0,8,3,5,50,4,18,1,5,4,5,7,2,1,10,5,5,2,3,15,3,10,3,4,B03,7,5,1,8,2,8,"  ",15,15,1,5,8,B03,120.720347,24.157896,2,66000,387130000C,(04)23289100,(04)25368667
6721,2023,03,17,21,40,臺中市,豐原區,0,0,0,8,,,50,,,,,,,,,,,,,,,23,"  ","  ","  ","  ",B03,"  ","  ",1,"  ",2,"  ","  ",23,23,1,4,"  ",B03,120.72393,24.26038,3,66000,387130000C,(04)23289100,(04)25368667
6722,2023,03,17,21,47,臺中市,北區,0,0,0,8,,,50,,,,,,,,,,,,,,,26,"  ","  ","  ","  ",C03,"  ","  ",1,"  ",1,"  ","  ",26,"   ",1,22,"  ",C03,120.686453,24.147272,3,66000,387130000C,(04)23289100,(04)25368667
6723,2023,03,17,21,51,臺中市,外埔區,0,1,0,8,3,5,50,14,9,1,5,4,5,7,4,4,5,4,5,1,26,23,2,9,1,1,B03,7,9,1,1,3,1,"  ",23,23,1,9,1,B03,120.682307,24.333989,2,66000,387130000C,(04)23289100,(04)25368667
6724,2023,03,17,21,54,臺中市,霧峰區,0,1,0,8,3,5,50,4,1,1,5,4,5,7,1,1,10,5,5,2,3,15,3,10,3,4,B03,7,5,1,8,2,8,"  ",15,15,1,22,8,B03,120.698302,24.061913,2,66000,387130000C,(04)23289100,(04)25368667
6725,2023,03,17,22,2,臺中市,西區,0,1,0,8,3,5,50,4,1,1,5,4,5,7,2,1,10,5,5,2,16,25,2,9,1,1,C03,7,5,1,10,2,14,"  ",25,25,1,20,8,C03,120.658865,24.15087,2,66000,387130000C,(04)23289100,(04)25368667
6726,2023,03,17,22,13,臺中市,沙鹿區,0,0,0,8,,,60,,,,,,,,,,,,,,,23,"  ","  ","  ","  ",B03,"  ","  ",1,"  ",2,"  ","  ",23,"   ",1,21,"  ",B03,120.578797,24.222748,3,66000,387130000C,(04)23289100,(04)25368667
6727,2023,03,17,22,20,臺中市,霧峰區,0,2,0,8,3,5,50,3,1,1,5,4,5,7,4,4,9,4,5,1,17,8,2,7,1,1,C03,7,5,1,10,2,11,"  ",8,8,1,18,9,C03,120.700515,24.063951,2,66000,387130000C,(04)23289100,(04)25368667
6728,2023,03,17,22,23,臺中市,北屯區,0,2,0,8,3,5,50,5,1,1,5,4,5,7,1,1,10,5,5,2,15,25,2,9,1,1,C03,7,9,1,10,2,11,"  ",25,25,1,22,1,C03,120.73042,24.177167,2,66000,387130000C,(04)23289100,(04)25368667
6729,2023,03,17,22,24,臺中市,北屯區,0,4,0,8,4,5,50,3,1,1,5,4,5,7,1,1,10,5,5,2,16,25,2,9,1,1,C03,7,9,3,18,2,11,"  ",44,25,1,22,8,C03,120.665796,24.182748,2,66000,387130000C,(04)23289100,(04)25368667
6730,2023,03,17,22,25,臺中市,北屯區,0,0,0,8,,,80,,,,,,,,,,,,,,,16,"  ","  ","  ","  ",B03,"  ","  ",1,"  ",1,"  ","  ",16,"   ",1,22,"  ",B03,120.68847,24.201012,3,66000,387130000C,(04)23289100,(04)25368667
6731,2023,03,17,22,25,臺中市,大里區,0,0,0,8,,,60,,,,,,,,,,,,,,,42,"  ","  ","  ","  ",B03,"  ","  ",1,"  ",2,"  ","  ",42,"   ",1,21,"  ",B03,120.687642,24.085786,3,66000,387130000C,(04)23289100,(04)25368667
6732,2023,03,17,22,32,臺中市,梧棲區,0,0,0,8,3,5,60,14,7,1,5,4,5,7,4,4,1,4,4,1,23,21,3,10,1,1,B03,7,9,1,8,8,8,"  ",21,21,1,2,8,B03,120.53668,24.251753,3,66000,387130000C,(04)23289100,(04)25368667
6733,2023,03,17,22,38,臺中市,西屯區,0,0,0,8,,,50,,,,,,,,,,,,,,,23,"  ","  ","  ","  ",B03,"  ","  ",1,"  ",1,"  ","  ",23,"   ",1,4,"  ",B03,120.638571,24.169768,3,66000,387130000C,(04)23289100,(04)25368667
6734,2023,03,17,22,54,臺中市,南屯區,0,1,0,8,3,5,50,4,1,1,5,4,5,7,1,1,10,5,5,2,16,7,2,9,1,1,C03,7,7,1,10,2,14,"  ",7,7,1,22,8,C03,120.645077,24.129514,2,66000,387130000C,(04)23289100,(04)25368667
6735,2023,03,17,23,4,臺中市,南區,0,1,0,7,3,5,50,14,9,1,5,4,5,7,1,1,5,4,5,2,13,23,3,10,1,1,C03,7,9,1,10,2,11,"  ",23,23,1,22,9,C03,120.684978,24.129693,2,66000,387130000C,(04)23289100,(04)25368667
6736,2023,03,17,23,5,臺中市,西屯區,0,0,0,8,,,50,,,,,,,,,,,,,,,8,"  ","  ","  ","  ",C03,"  ","  ",1,"  ",2,"  ","  ",8,"   ",1,22,"  ",C03,120.648319,24.1693,3,66000,387130000C,(04)23289100,(04)25368667
6737,2023,03,17,23,14,臺中市,西屯區,0,1,0,8,1,5,50,3,1,1,5,4,5,7,4,4,4,3,4,2,16,6,3,10,1,1,B03,7,6,1,8,2,2,"  ",6,6,1,22,8,B03,120.646923,24.171312,2,66000,387130000C,(04)23289100,(04)25368667
6738,2023,03,17,23,14,臺中市,豐原區,0,0,0,8,,,30,,,,,,,,,,,,,,,17,"  ","  ","  ","  ",B03,"  ","  ",1,"  ",2,"  ","  ",17,"   ",1,22,"  ",B03,120.706576,24.240543,3,66000,387130000C,(04)23289100,(04)25368667
6739,2023,03,17,23,21,臺中市,沙鹿區,0,0,0,8,3,5,40,14,8,1,5,4,5,7,4,4,8,5,4,2,18,42,2,9,1,1,C03,7,9,1,10,2,12,"  ",42,42,1,4,8,C03,120.563239,24.234423,3,66000,387130000C,(04)23289100,(04)25368667
6740,2023,03,17,23,42,臺中市,西屯區,0,0,0,8,,,50,,,,,,,,,,,,,,,42,"  ","  ","  ","  ",B03,"  ","  ",1,"  ",2,"  ","  ",42,"   ",1,22,"  ",B03,120.654466,24.193778,3,66000,387130000C,(04)23289100,(04)25368667
6741,2023,03,18,0,1,臺中市,北屯區,0,0,0,8,,,80,,,,,,,,,,,,,,,43,"  ","  ","  ","  ",B03,"  ","  ",1,"  ",2,"  ","  ",43,"   ",1,21,"  ",B03,120.720911,24.171279,3,66000,387130000C,(04)23289100,(04)25368667
6742,2023,03,18,0,1,臺中市,西屯區,0,3,0,8,3,5,50,3,1,1,5,4,5,7,1,1,10,5,5,2,17,6,2,9,3,4,C03,7,5,1,10,9,11,"  ",6,6,1,22,9,C03,120.651958,24.183533,2,66000,387130000C,(04)23289100,(04)25368667
6743,2023,03,18,0,2,臺中市,西屯區,0,1,0,8,1,5,50,14,9,1,5,4,5,7,4,4,4,3,5,2,16,26,3,10,1,1,B03,7,5,1,8,2,4,"  ",26,26,1,22,8,B03,120.646062,24.175573,2,66000,387130000C,(04)23289100,(04)25368667
6744,2023,03,18,0,5,臺中市,西屯區,0,0,0,8,,,30,,,,,,,,,,,,,,,12,"  ","  ","  ","  ",B03,"  ","  ",1,"  ",2,"  ","  ",12,"   ",1,22,"  ",B03,120.637968,24.168988,3,66000,387130000C,(04)23289100,(04)25368667
6745,2023,03,18,0,19,臺中市,北屯區,0,1,0,8,1,5,50,14,9,1,5,4,4,7,4,4,1,4,5,2,17,23,2,9,1,1,B03,7,9,1,8,2,1,"  ",23,23,1,21,8,B03,120.722273,24.187203,2,66000,387130000C,(04)23289100,(04)25368667
6746,2023,03,18,0,31,臺中市,龍井區,0,1,0,8,3,5,40,14,8,1,5,4,5,7,4,4,10,5,5,2,23,23,2,9,3,4,C03,7,9,1,10,7,11,"  ",23,23,1,9,1,C03,120.504481,24.205945,2,66000,387130000C,(04)23289100,(04)25368667
6747,2023,03,18,0,33,臺中市,西屯區,0,0,0,8,,,50,,,,,,,,,,,,,,,23,"  ","  ","  ","  ",B03,"  ","  ",1,"  ",1,"  ","  ",23,"   ",1,22,"  ",B03,120.647643,24.169915,3,66000,387130000C,(04)23289100,(04)25368667
6748,2023,03,18,0,40,臺中市,大甲區,0,1,0,8,3,5,50,14,9,1,5,4,5,7,4,4,9,5,5,1,11,4,2,9,1,1,C03,7,7,3,18,2,11,"  ",4,4,1,22,8,C03,120.599036,24.334866,2,66000,387130000C,(04)23289100,(04)25368667
6749,2023,03,18,0,45,臺中市,中區,0,3,0,8,2,5,50,4,1,1,5,4,5,7,3,1,5,5,5,1,15,6,2,9,1,1,B01,7,9,1,8,1,1,"  ",6,6,1,21,8,B01,120.684735,24.139181,2,66000,387130000C,(04)23289100,(04)25368667
6750,2023,03,18,0,56,臺中市,太平區,0,0,0,8,,,50,,,,,,,,,,,,,,,26,"  ","  ","  ","  ",C03,"  ","  ",1,"  ",2,"  ","  ",26,"   ",1,22,"  ",C03,120.715628,24.135997,3,66000,387130000C,(04)23289100,(04)25368667
6751,2023,03,18,1,9,臺中市,北區,0,0,0,8,,,50,,,,,,,,,,,,,,,4,"  ","  ","  ","  ",B03,"  ","  ",6,"  ",11,"  ","  ",4,"   ",1,5,"  ",B03,120.669406,24.173015,3,66000,387130000C,(04)23289100,(04)25368667
6752,2023,03,18,1,39,臺中市,龍井區,0,0,0,8,,,50,,,,,,,,,,,,,,,10,"  ","  ","  ","  ",B03,"  ","  ",1,"  ",2,"  ","  ",10,"   ",1,5,"  ",B03,120.529551,24.18608,3,66000,387130000C,(04)23289100,(04)25368667
6753,2023,03,18,1,58,臺中市,大里區,0,0,0,8,,,50,,,,,,,,,,,,,,,42,"  ","  ","  ","  ",B03,"  ","  ",1,"  ",2,"  ","  ",42,"   ",1,5,"  ",B03,120.681361,24.104545,3,66000,387130000C,(04)23289100,(04)25368667
6754,2023,03,18,2,8,臺中市,霧峰區,0,2,0,8,1,5,40,14,9,1,5,4,5,7,4,4,5,4,4,2,17,6,2,5,3,4,B03,7,5,1,8,2,4,"  ",6,6,1,18,8,B03,120.687825,24.045894,2,66000,387130000C,(04)23289100,(04)25368667
6755,2023,03,18,2,25,臺中市,西屯區,0,2,0,8,3,5,40,3,1,1,5,4,5,7,4,4,1,4,5,2,16,6,3,10,3,4,B03,7,6,1,8,2,5,"  ",6,6,1,22,8,B03,120.650834,24.162239,2,66000,387130000C,(04)23289100,(04)25368667
6756,2023,03,18,5,44,臺中市,西區,0,0,0,8,,,50,,,,,,,,,,,,,,,6,"  ","  ","  ","  ",B01,"  ","  ",1,"  ",1,"  ","  ",6,"   ",1,21,"  ",B01,120.66512,24.130527,3,66000,387130000C,(04)23289100,(04)25368667
6757,2023,03,18,6,40,臺中市,南屯區,0,0,0,8,,,40,,,,,,,,,,,,,,,23,"  ","  ","  ","  ",B03,"  ","  ",1,"  ",1,"  ","  ",23,"   ",1,5,"  ",B03,120.635326,24.1317,3,66000,387130000C,(04)23289100,(04)25368667
6758,2023,03,18,6,44,臺中市,南屯區,0,1,0,8,1,5,50,14,8,1,5,4,5,7,1,1,1,2,3,2,23,43,2,9,1,1,C03,7,9,1,10,2,14,"  ",43,43,1,5,1,C03,120.627375,24.129651,2,66000,387130000C,(04)23289100,(04)25368667
6759,2023,03,18,6,47,臺中市,東區,0,3,0,8,1,5,50,4,1,1,5,4,5,7,4,4,5,5,5,2,15,6,2,9,1,1,C03,7,9,1,10,2,12,"  ",6,6,1,5,8,C03,120.706188,24.141166,2,66000,387130000C,(04)23289100,(04)25368667
6760,2023,03,18,6,50,臺中市,大甲區,0,1,0,8,1,5,50,14,9,1,5,4,5,7,4,4,9,5,5,1,17,40,3,10,1,1,B12,7,13,1,8,2,4,"  ",40,40,1,4,8,B12,120.621578,24.350473,2,66000,387130000C,(04)23289100,(04)25368667