序號,年,月,日,時,分,縣市,區,死亡數量,受傷數量,2-30,天候,光線,道路類別,速限_速度(公里),道路型態,事故位置,路面鋪裝,路面狀態,路面缺陷,障礙物,視距,號誌種類,號誌動作,分向設施,快車道或一般車道間,快慢車道間,路面邊線,事故類型及型態,主要肇因,受傷程度,主要傷處,保護裝備,行動電話,當事者區分,車輛用途,當事者行動狀態,駕駛資格情形,駕駛執照種類,飲酒情形,車輛撞擊部位最初,車輛撞擊部位其他,肇事因素個別,肇事因素主要,肇事逃逸,職業,旅次目的,車種,GPS座標X,GPS座標Y,事故類別,縣市別代碼,機關代碼,市話,傳真
6761,2023,03,18,6,57,臺中市,梧棲區,0,0,0,8,,,70,,,,,,,,,,,,,,,7,"  ","  ","  ","  ",B03,"  ","  ",1,"  ",2,"  ","  ",7,7,1,19,"  ",B03,120.549892,24.244922,3,66000,387130000C,(04)23289100,(04)25368667
6762,2023,03,18,7,2,臺中市,霧峰區,0,0,0,8,1,5,40,14,8,1,5,4,5,7,4,4,1,4,4,1,14,12,"  ","  ","  ","  ",B03,"  ","  ",1,"  ",2,"  ","  ",12,"   ",1,22,"  ",B03,120.662408,24.071843,3,66000,387130000C,(04)23289100,(04)25368667
6763,2023,03,18,7,6,臺中市,潭子區,0,1,0,8,1,5,60,3,1,1,5,4,5,7,1,1,1,4,4,1,16,6,2,3,1,1,C03,7,9,1,10,2,11,"  ",23,6,1,22,8,C03,120.704429,24.204695,2,66000,387130000C,(04)23289100,(04)25368667
6764,2023,03,18,7,9,臺中市,大里區,0,1,0,8,1,5,50,4,1,1,5,4,5,7,4,4,10,5,5,2,16,8,3,10,1,1,B12,7,5,1,8,2,8,"  ",8,8,1,22,8,B12,120.70163,24.084791,2,66000,387130000C,(04)23289100,(04)25368667
6765,2023,03,18,7,14,臺中市,豐原區,0,1,0,8,1,5,50,5,1,1,5,4,5,7,1,1,10,5,5,2,17,44,3,10,1,1,B03,7,5,1,8,2,2,"  ",44,23,1,22,8,B03,120.710392,24.254802,2,66000,387130000C,(04)23289100,(04)25368667
6766,2023,03,18,7,32,臺中市,沙鹿區,0,0,0,8,,,50,,,,,,,,,,,,,,,53,"  ","  ","  ","  ",H03,"  ","  ",8,"  ",1,"  ","  ",53,"   ",1,20,"  ",H03,120.560219,24.240171,3,66000,387130000C,(04)23289100,(04)25368667
6767,2023,03,18,7,35,臺中市,沙鹿區,0,1,0,8,1,5,50,14,8,1,5,4,5,7,4,4,8,3,4,1,16,10,3,10,1,1,B03,7,11,1,8,2,4,"  ",10,10,1,22,8,B03,120.580155,24.213498,2,66000,387130000C,(04)23289100,(04)25368667
6768,2023,03,18,7,43,臺中市,東區,0,1,0,8,1,5,50,4,1,1,5,4,5,7,1,1,10,5,5,2,16,6,3,10,1,1,C03,7,5,1,10,2,11,"  ",6,6,1,22,8,C03,120.706007,24.141072,2,66000,387130000C,(04)23289100,(04)25368667
6769,2023,03,18,7,45,臺中市,大里區,0,0,0,8,,,50,,,,,,,,,,,,,,,44,"  ","  ","  ","  ",B03,"  ","  ",1,"  ",9,"  ","  ",44,"   ",1,22,"  ",B03,120.676352,24.112843,3,66000,387130000C,(04)23289100,(04)25368667
6770,2023,03,18,7,46,臺中市,西區,0,1,0,8,1,5,50,14,9,1,5,4,5,7,4,4,10,5,5,2,17,19,3,10,1,1,B03,7,1,1,8,2,4,"  ",19,19,1,4,5,B03,120.676909,24.140506,2,66000,387130000C,(04)23289100,(04)25368667
6771,2023,03,18,7,50,臺中市,北區,0,3,0,8,1,5,50,4,1,1,5,4,5,7,4,4,5,5,5,2,16,6,2,9,1,1,C03,7,5,1,10,2,11,"  ",6,6,1,21,2,C03,120.700557,24.154502,2,66000,387130000C,(04)23289100,(04)25368667
6772,2023,03,18,7,50,臺中市,太平區,0,1,0,8,1,5,50,3,1,1,5,4,5,7,1,1,5,5,5,2,18,23,2,9,1,1,C03,7,9,1,10,2,14,"  ",23,23,1,21,8,C03,120.711341,24.159074,2,66000,387130000C,(04)23289100,(04)25368667
6773,2023,03,18,7,50,臺中市,烏日區,0,3,0,8,1,5,30,4,1,1,5,4,5,7,4,4,10,5,5,2,16,6,2,9,1,1,C03,7,9,3,18,2,12,"  ",6,6,1,21,8,C03,120.646323,24.076161,2,66000,387130000C,(04)23289100,(04)25368667
6774,2023,03,18,7,51,臺中市,西屯區,0,2,0,8,1,5,50,4,1,1,5,4,5,7,4,4,10,5,5,2,15,6,2,9,1,1,C03,7,9,1,10,2,12,"  ",6,6,1,21,1,C03,120.653794,24.161222,2,66000,387130000C,(04)23289100,(04)25368667
6775,2023,03,18,7,54,臺中市,沙鹿區,0,2,0,8,1,5,50,3,1,1,5,4,5,7,4,4,10,4,5,1,17,19,2,9,1,1,C03,7,9,1,10,2,11,"  ",44,19,1,5,8,C03,120.55514,24.226681,2,66000,387130000C,(04)23289100,(04)25368667
6776,2023,03,18,8,0,臺中市,西屯區,0,0,0,8,,,25,,,,,,,,,,,,,,,23,"  ","  ","  ","  ",B03,"  ","  ",1,"  ",1,"  ","  ",23,"   ",1,22,"  ",B03,120.646386,24.179256,3,66000,387130000C,(04)23289100,(04)25368667
6777,2023,03,18,8,3,臺中市,大里區,0,1,0,8,1,5,50,14,9,1,5,4,5,7,4,4,5,4,4,1,16,9,3,10,1,1,C03,7,6,1,10,2,12,"  ",9,9,1,5,8,C03,120.67451,24.100803,2,66000,387130000C,(04)23289100,(04)25368667
6778,2023,03,18,8,4,臺中市,南區,0,0,0,8,,,50,,,,,,,,,,,,,,,4,"  ","  ","  ","  ",C03,"  ","  ",1,10,2,"  ","  ",4,4,1,5,"  ",C03,120.651653,24.121038,3,66000,387130000C,(04)23289100,(04)25368667
6779,2023,03,18,8,7,臺中市,豐原區,0,1,0,8,1,5,50,14,9,1,5,4,5,7,4,4,5,5,5,1,12,1,3,10,1,1,B03,7,4,1,8,2,2,"  ",1,1,1,22,8,B03,120.72985,24.247952,2,66000,387130000C,(04)23289100,(04)25368667
6780,2023,03,18,8,12,臺中市,西屯區,0,0,0,8,,,50,,,,,,,,,,,,,,,23,"  ","  ","  ","  ",B03,"  ","  ",1,"  ",1,"  ","  ",23,23,1,22,"  ",B03,120.624337,24.183802,3,66000,387130000C,(04)23289100,(04)25368667
6781,2023,03,18,8,13,臺中市,霧峰區,0,1,0,8,1,5,30,14,9,1,5,4,5,7,4,4,10,5,5,2,18,23,2,9,1,1,F01,7,9,8,20,2,16,"  ",23,23,1,4,8,F01,120.763026,24.063264,2,66000,387130000C,(04)23289100,(04)25368667
6782,2023,03,18,8,19,臺中市,梧棲區,0,0,0,8,,,50,,,,,,,,,,,,,,,8,"  ","  ","  ","  ",B03,"  ","  ",1,"  ",2,"  ","  ",8,"   ",1,9,"  ",B03,120.548325,24.2473,3,66000,387130000C,(04)23289100,(04)25368667
6783,2023,03,18,8,21,臺中市,北區,0,2,0,8,1,5,40,4,7,1,5,4,5,7,1,1,5,5,4,2,17,7,2,9,1,1,C03,7,7,1,10,9,14,"  ",7,7,2,22,9,C03,120.680853,24.149177,2,66000,387130000C,(04)23289100,(04)25368667
6784,2023,03,18,8,24,臺中市,豐原區,0,1,0,8,1,5,50,14,7,1,5,4,5,7,4,4,4,4,4,2,13,23,3,10,1,1,B03,7,9,1,4,2,5,"  ",23,23,1,22,8,B03,120.73235,24.241894,2,66000,387130000C,(04)23289100,(04)25368667
6785,2023,03,18,8,25,臺中市,潭子區,0,0,0,8,,,40,,,,,,,,,,,,,,,12,"  ","  ","  ","  ",B03,"  ","  ",1,"  ",9,"  ","  ",12,"   ",1,22,"  ",B03,120.707124,24.204036,3,66000,387130000C,(04)23289100,(04)25368667
6786,2023,03,18,8,26,臺中市,西屯區,0,1,0,8,1,5,50,4,1,1,5,4,5,7,1,1,10,5,5,2,16,6,3,10,1,1,B03,7,6,1,8,2,5,"  ",6,6,1,22,8,B03,120.62545,24.183458,2,66000,387130000C,(04)23289100,(04)25368667
6787,2023,03,18,8,30,臺中市,北區,0,2,0,8,1,5,50,4,1,1,5,4,5,7,4,4,5,5,5,2,14,12,3,10,3,4,B03,7,2,1,8,2,3,"  ",12,12,1,5,8,B03,120.680103,24.1685,2,66000,387130000C,(04)23289100,(04)25368667
6788,2023,03,18,8,30,臺中市,北屯區,0,1,0,8,1,5,50,14,7,1,5,4,5,7,4,4,1,4,4,2,18,43,2,1,1,1,F01,7,9,8,20,2,16,"  ",43,43,1,19,8,F01,120.720939,24.182141,2,66000,387130000C,(04)23289100,(04)25368667
6789,2023,03,18,8,32,臺中市,西屯區,0,1,0,8,1,5,40,14,7,1,5,4,5,7,4,4,5,4,4,2,14,12,2,8,1,1,C03,7,2,1,10,2,12,"  ",12,12,1,22,8,C03,120.667518,24.178059,2,66000,387130000C,(04)23289100,(04)25368667
6790,2023,03,18,8,32,臺中市,沙鹿區,0,1,0,8,1,5,50,3,1,1,5,4,5,7,1,1,10,5,5,2,16,25,3,10,1,1,B03,7,5,1,8,2,6,"  ",25,25,1,2,9,B03,120.577009,24.225714,2,66000,387130000C,(04)23289100,(04)25368667
6791,2023,03,18,8,35,臺中市,烏日區,0,0,0,8,1,5,50,14,9,1,5,4,5,7,4,4,1,4,5,1,12,17,"  ","  ","  ","  ",C03,"  ","  ",1,"  ",11,"  ","  ",17,"   ",1,22,"  ",C03,120.649192,24.110997,3,66000,387130000C,(04)23289100,(04)25368667
6792,2023,03,18,8,37,臺中市,大雅區,0,0,0,8,,,30,,,,,,,,,,,,,,,6,"  ","  ","  ","  ",B03,"  ","  ",1,"  ",2,"  ","  ",6,"   ",1,22,"  ",B03,120.661598,24.22653,3,66000,387130000C,(04)23289100,(04)25368667
6793,2023,03,18,8,37,臺中市,太平區,0,1,0,8,1,5,50,3,1,1,5,4,5,7,1,1,10,5,5,2,18,23,2,7,1,1,C03,7,9,1,10,2,14,"  ",23,23,1,5,8,C03,120.712303,24.125998,2,66000,387130000C,(04)23289100,(04)25368667
6794,2023,03,18,8,41,臺中市,大里區,0,2,0,8,1,5,30,3,1,1,5,4,5,7,4,4,10,5,5,2,17,8,2,9,1,1,C03,7,5,1,10,2,11,"  ",8,8,1,22,8,C03,120.700859,24.105431,2,66000,387130000C,(04)23289100,(04)25368667
6795,2023,03,18,8,45,臺中市,東區,0,3,0,8,1,5,50,4,9,1,5,4,5,7,1,1,5,5,5,2,16,42,2,9,3,4,C03,7,5,1,10,2,15,"  ",42,42,1,19,8,C03,120.706078,24.144417,2,66000,387130000C,(04)23289100,(04)25368667
6796,2023,03,18,8,46,臺中市,西區,0,1,0,8,1,5,50,3,1,1,5,4,5,7,1,1,10,5,5,2,16,26,2,9,1,1,C03,7,5,1,10,2,14,"  ",26,26,1,21,8,C03,120.665757,24.140083,2,66000,387130000C,(04)23289100,(04)25368667
6797,2023,03,18,8,48,臺中市,龍井區,0,1,0,8,1,5,50,14,9,1,5,4,5,7,4,4,5,5,5,1,16,26,3,10,3,4,C03,7,11,1,10,2,15,"  ",26,26,1,22,9,C03,120.582703,24.178292,2,66000,387130000C,(04)23289100,(04)25368667
6798,2023,03,18,8,50,臺中市,神岡區,0,0,0,8,,,50,,,,,,,,,,,,,,,12,"  ","  ","  ","  ",B12,"  ","  ",1,"  ",1,"  ","  ",12,"   ",1,12,"  ",B12,120.677701,24.236848,3,66000,387130000C,(04)23289100,(04)25368667
6799,2023,03,18,8,52,臺中市,豐原區,0,1,0,8,1,5,50,3,1,1,5,4,5,7,3,1,10,5,5,2,16,8,3,10,1,1,B12,7,5,1,8,2,1,"  ",8,8,1,22,8,B12,120.71978,24.241319,2,66000,387130000C,(04)23289100,(04)25368667
6800,2023,03,18,8,53,臺中市,北屯區,0,1,0,8,1,5,50,4,1,1,5,4,5,7,3,1,10,5,5,2,15,6,3,10,1,1,B03,7,9,1,8,2,5,"  ",6,6,1,21,8,B03,120.722493,24.171783,2,66000,387130000C,(04)23289100,(04)25368667
6801,2023,03,18,8,53,臺中市,北屯區,0,1,0,8,1,5,60,3,1,1,5,4,5,7,2,1,10,5,5,2,16,25,2,9,1,1,F01,7,9,8,20,2,16,"  ",25,25,1,22,8,F01,120.709198,24.164675,2,66000,387130000C,(04)23289100,(04)25368667
6802,2023,03,18,8,55,臺中市,西屯區,0,1,0,8,1,5,50,4,1,1,5,4,5,7,2,1,10,5,5,2,12,1,3,10,1,1,B03,7,9,1,8,2,5,"  ",1,1,1,21,8,B03,120.66364,24.162065,2,66000,387130000C,(04)23289100,(04)25368667
6803,2023,03,18,8,56,臺中市,南屯區,0,0,0,,,,50,,,,,,,,,,,,,,,4,"  ","  ","  ","  ",B03,"  ","  ",1,"  ",2,"  ","  ",4,"   ",1,22,"  ",B03,120.643795,24.15216,3,66000,387130000C,(04)23289100,(04)25368667
6804,2023,03,18,9,0,臺中市,西屯區,0,1,0,8,1,5,50,4,1,1,5,4,5,7,1,1,10,5,5,2,16,42,2,8,3,4,C03,7,9,1,10,1,14,"  ",42,42,1,22,8,C03,120.645491,24.17893,2,66000,387130000C,(04)23289100,(04)25368667
6805,2023,03,18,9,4,臺中市,潭子區,0,1,0,8,1,5,30,12,9,1,5,4,5,2,4,4,10,5,5,1,10,6,3,10,1,1,B03,7,9,1,8,2,8,"  ",6,6,1,22,9,B03,120.726925,24.204012,2,66000,387130000C,(04)23289100,(04)25368667
6806,2023,03,18,9,5,臺中市,南屯區,0,0,0,8,,,1,,,,,,,,,,,,,,,19,"  ","  ","  ","  ",B12,"  ","  ",1,"  ",1,"  ","  ",19,"   ",1,4,"  ",B12,120.63871,24.138326,4,66000,387130000C,(04)23289100,(04)25368667
6807,2023,03,18,9,5,臺中市,太平區,0,2,0,8,1,5,50,3,1,1,5,4,5,7,4,4,10,5,5,2,16,6,2,9,1,1,C03,7,5,1,10,2,11,"  ",6,6,1,22,8,C03,120.734283,24.144194,2,66000,387130000C,(04)23289100,(04)25368667
6808,2023,03,18,9,17,臺中市,北屯區,0,0,0,6,,,50,,,,,,,,,,,,,,,26,"  ","  ","  ","  ",B03,"  ",5,1,8,2,8,"  ",26,26,1,21,8,B03,120.721583,24.182071,3,66000,387130000C,(04)23289100,(04)25368667
6809,2023,03,18,9,17,臺中市,烏日區,0,0,0,8,,,40,,,,,,,,,,,,,,,23,"  ","  ","  ","  ",B03,"  ","  ",1,"  ",2,"  ","  ",23,"   ",1,21,"  ",B03,120.586711,24.113274,3,66000,387130000C,(04)23289100,(04)25368667
6810,2023,03,18,9,23,臺中市,南區,0,1,0,8,1,5,50,4,1,1,5,4,5,7,1,1,10,5,5,2,16,6,3,10,1,1,B03,7,6,1,8,2,5,"  ",6,6,1,5,8,B03,120.650159,24.1207,2,66000,387130000C,(04)23289100,(04)25368667
6811,2023,03,18,9,25,臺中市,大里區,0,1,0,8,1,5,30,3,1,1,5,4,5,7,4,4,10,5,5,1,16,7,3,10,1,1,B03,7,8,1,8,2,5,"  ",7,7,1,22,9,B03,120.7078,24.091264,2,66000,387130000C,(04)23289100,(04)25368667
6812,2023,03,18,9,30,臺中市,北區,0,2,0,8,1,5,50,4,1,1,5,4,5,7,2,1,5,5,5,2,16,23,2,9,1,1,C03,7,9,1,10,2,12,"  ",23,23,1,5,1,C03,120.682089,24.154584,2,66000,387130000C,(04)23289100,(04)25368667
6813,2023,03,18,9,30,臺中市,北屯區,0,1,0,8,1,5,70,14,9,1,5,4,5,7,4,4,1,3,5,1,13,16,3,10,1,1,A11,7,9,1,3,3,1,"  ",16,16,1,5,8,A11,120.674875,24.17333,2,66000,387130000C,(04)23289100,(04)25368667
6814,2023,03,18,9,30,臺中市,西屯區,0,1,0,8,1,5,50,4,1,1,5,4,5,7,2,1,10,5,5,2,16,26,3,10,1,1,C03,7,5,1,10,1,13,"  ",26,26,1,22,8,C03,120.645018,24.178822,2,66000,387130000C,(04)23289100,(04)25368667
6815,2023,03,18,9,34,臺中市,大里區,0,2,0,8,1,5,50,4,1,1,5,4,5,7,2,1,5,5,5,1,16,25,2,9,1,1,C03,7,9,1,10,2,14,"  ",25,25,1,5,8,C03,120.676233,24.110733,2,66000,387130000C,(04)23289100,(04)25368667
6816,2023,03,18,9,39,臺中市,南屯區,0,0,0,,,,50,,,,,,,,,,,,,,,23,"  ","  ","  ","  ",C03,"  ","  ",1,"  ",2,"  ","  ",23,"   ",1,22,"  ",C03,120.642407,24.140756,3,66000,387130000C,(04)23289100,(04)25368667
6817,2023,03,18,9,42,臺中市,西屯區,0,2,0,8,1,5,50,3,1,1,5,4,5,7,4,4,1,4,5,2,16,6,2,8,1,1,C03,7,6,1,10,2,12,"  ",6,6,1,22,8,C03,120.650297,24.163835,2,66000,387130000C,(04)23289100,(04)25368667
6818,2023,03,18,9,45,臺中市,潭子區,0,1,0,8,1,5,50,14,9,1,5,4,5,7,4,4,4,3,5,1,13,23,3,10,1,1,A11,7,9,1,3,2,5,"  ",23,23,1,6,9,A11,120.723849,24.219877,2,66000,387130000C,(04)23289100,(04)25368667
6819,2023,03,18,9,51,臺中市,東區,0,0,0,8,1,5,50,5,2,1,5,4,5,7,2,1,5,5,4,2,13,16,3,10,1,1,B03,7,6,1,7,2,1,"  ",16,16,1,21,8,B03,120.69451,24.142756,3,66000,387130000C,(04)23289100,(04)25368667
6820,2023,03,18,9,52,臺中市,北區,0,0,0,8,,,50,,,,,,,,,,,,,,,23,"  ","  ","  ","  ",A02,"  ","  ",1,"  ",2,"  ","  ",23,"   ",1,21,"  ",A02,120.677431,24.152083,3,66000,387130000C,(04)23289100,(04)25368667
6821,2023,03,18,9,53,臺中市,豐原區,0,0,0,8,,,50,,,,,,,,,,,,,,,23,"  ","  ","  ","  ",B03,"  ","  ",1,"  ",2,"  ","  ",23,"   ",1,22,"  ",B03,120.74756,24.266669,3,66000,387130000C,(04)23289100,(04)25368667
6822,2023,03,18,10,0,臺中市,南區,0,0,0,8,,,50,,,,,,,,,,,,,,,42,"  ","  ","  ","  ",C03,"  ","  ",1,"  ",2,"  ","  ",42,"   ",1,22,"  ",C03,120.650118,24.120638,3,66000,387130000C,(04)23289100,(04)25368667
6823,2023,03,18,10,5,臺中市,東區,0,1,0,8,1,5,30,3,9,1,5,4,5,7,4,4,10,5,5,2,17,40,3,10,3,4,B12,7,15,1,8,2,4,"  ",40,40,1,5,8,B12,120.706033,24.130665,2,66000,387130000C,(04)23289100,(04)25368667
6824,2023,03,18,10,5,臺中市,南屯區,0,0,0,8,,,40,,,,,,,,,,,,,,,17,"  ","  ","  ","  ",B03,"  ","  ",1,"  ",1,"  ","  ",17,"   ",1,4,"  ",B03,120.637147,24.153663,3,66000,387130000C,(04)23289100,(04)25368667
6825,2023,03,18,10,10,臺中市,北區,0,1,0,8,1,5,40,14,8,1,5,4,5,7,4,4,3,4,4,2,12,6,3,10,3,4,B03,7,6,1,8,2,5,"  ",6,6,1,5,8,B03,120.675303,24.160193,2,66000,387130000C,(04)23289100,(04)25368667
6826,2023,03,18,10,10,臺中市,北屯區,0,0,0,8,,,50,,,,,,,,,,,,,,,25,"  ","  ","  ","  ",C03,"  ","  ",1,"  ",1,"  ","  ",25,25,1,5,"  ",C03,120.721811,24.181854,3,66000,387130000C,(04)23289100,(04)25368667
6827,2023,03,18,10,13,臺中市,霧峰區,0,2,0,8,1,5,50,5,1,1,5,4,5,7,1,1,10,5,5,2,16,6,3,10,1,1,B03,7,5,1,8,2,15,"  ",6,6,1,22,8,B03,120.692471,24.046237,2,66000,387130000C,(04)23289100,(04)25368667
6828,2023,03,18,10,15,臺中市,西區,0,1,0,8,2,5,50,14,7,1,5,4,5,7,4,4,5,5,4,2,16,26,2,8,1,1,C03,7,5,1,10,2,13,"  ",26,26,1,5,8,C03,120.656492,24.156036,2,66000,387130000C,(04)23289100,(04)25368667
6829,2023,03,18,10,24,臺中市,南屯區,0,0,0,,,,50,,,,,,,,,,,,,,,23,"  ","  ","  ","  ",B03,"  ","  ",1,"  ",2,"  ","  ",23,"   ",1,22,"  ",B03,120.634776,24.15367,3,66000,387130000C,(04)23289100,(04)25368667
6830,2023,03,18,10,25,臺中市,南屯區,0,0,0,,,,40,,,,,,,,,,,,,,,23,"  ","  ","  ","  ",B03,"  ","  ",1,"  ",1,"  ","  ",23,"   ",1,4,"  ",B03,120.624426,24.151715,3,66000,387130000C,(04)23289100,(04)25368667
6831,2023,03,18,10,26,臺中市,潭子區,0,1,0,8,1,5,50,3,2,1,5,4,5,7,1,1,5,4,5,1,13,23,2,9,1,1,C03,7,9,1,10,2,11,"  ",23,23,1,22,9,C03,120.721147,24.195818,2,66000,387130000C,(04)23289100,(04)25368667
6832,2023,03,18,10,27,臺中市,潭子區,0,1,0,8,1,5,60,14,8,1,5,4,5,7,4,4,1,4,4,1,12,23,2,9,1,1,C03,7,9,1,10,2,11,"  ",23,23,1,22,8,C03,120.702958,24.199537,2,66000,387130000C,(04)23289100,(04)25368667
6833,2023,03,18,10,29,臺中市,北屯區,0,0,0,8,,,60,,,,,,,,,,,,,,,16,"  ","  ","  ","  ",B03,"  ","  ",1,"  ",1,"  ","  ",16,"   ",1,22,"  ",B03,120.68594,24.201241,3,66000,387130000C,(04)23289100,(04)25368667
6834,2023,03,18,10,32,臺中市,西區,0,0,0,8,,,40,,,,,,,,,,,,,,,19,"  ","  ","  ","  ",B01,"  ","  ",1,"  ",1,"  ","  ",19,"   ",1,10,"  ",B01,120.660399,24.156432,3,66000,387130000C,(04)23289100,(04)25368667
6835,2023,03,18,10,32,臺中市,北屯區,0,3,0,8,1,5,50,14,9,1,5,4,5,7,4,4,10,5,5,2,13,16,2,9,1,1,C03,7,9,1,10,2,11,"  ",16,16,1,21,8,C03,120.702005,24.168046,2,66000,387130000C,(04)23289100,(04)25368667
6836,2023,03,18,10,34,臺中市,南屯區,0,1,0,8,1,5,40,3,1,1,5,4,5,7,4,4,5,5,4,2,17,42,2,9,1,1,C03,7,6,1,10,2,12,"  ",42,42,1,4,1,C03,120.641644,24.153689,2,66000,387130000C,(04)23289100,(04)25368667
6837,2023,03,18,10,35,臺中市,北屯區,0,0,0,8,,,50,,,,,,,,,,,,,,,17,"  ","  ","  ","  ",B03,"  ","  ",1,"  ",1,"  ","  ",17,17,1,5,"  ",B03,120.670779,24.174899,3,66000,387130000C,(04)23289100,(04)25368667
6838,2023,03,18,10,35,臺中市,北屯區,0,0,0,8,,,50,,,,,,,,,,,,,,,17,"  ","  ","  ","  ",B03,"  ","  ",1,"  ",11,"  ","  ",17,17,1,21,"  ",B03,120.671677,24.193117,3,66000,387130000C,(04)23289100,(04)25368667
6839,2023,03,18,10,36,臺中市,西屯區,0,1,0,8,1,5,50,14,9,1,5,4,5,7,4,4,1,4,5,2,16,23,2,8,1,1,C03,7,8,1,10,2,14,"  ",23,23,1,5,8,C03,120.652846,24.166945,2,66000,387130000C,(04)23289100,(04)25368667
6840,2023,03,18,10,38,臺中市,東勢區,0,0,0,8,,,60,,,,,,,,,,,,,,,42,"  ","  ","  ","  ",C03,"  ","  ",3,"  ",2,"  ","  ",42,"   ",1,22,"  ",C03,120.795734,24.286077,3,66000,387130000C,(04)23289100,(04)25368667
6841,2023,03,18,10,40,臺中市,西區,0,0,0,8,,,50,,,,,,,,,,,,,,,23,"  ","  ","  ","  ",B03,"  ","  ",1,"  ",1,"  ","  ",23,"   ",1,4,"  ",B03,120.65302,24.146766,3,66000,387130000C,(04)23289100,(04)25368667
6842,2023,03,18,10,40,臺中市,北區,0,1,0,8,1,5,50,4,9,1,5,4,5,7,2,1,5,4,4,2,16,7,2,9,1,1,C03,7,7,3,18,2,11,"  ",7,7,1,20,8,C03,120.682617,24.153271,2,66000,387130000C,(04)23289100,(04)25368667
6843,2023,03,18,10,41,臺中市,北屯區,0,0,0,8,,,50,,,,,,,,,,,,,,,16,"  ","  ","  ","  ",B03,"  ","  ",1,"  ",1,"  ","  ",16,16,1,5,"  ",B03,120.693577,24.164189,3,66000,387130000C,(04)23289100,(04)25368667
6844,2023,03,18,10,43,臺中市,大雅區,0,0,0,8,,,50,,,,,,,,,,,,,,,23,"  ","  ","  ","  ",B03,"  ","  ",1,"  ",2,"  ","  ",23,"   ",1,22,"  ",B03,120.649674,24.216223,3,66000,387130000C,(04)23289100,(04)25368667
6845,2023,03,18,10,44,臺中市,大肚區,0,0,0,,,,70,,,,,,,,,,,,,,,2,"  ","  ","  ","  ",B03,"  ","  ",1,"  ",2,"  ","  ",2,"   ",1,22,"  ",B03,120.548517,24.142415,3,66000,387130000C,(04)23289100,(04)25368667
6846,2023,03,18,10,48,臺中市,大甲區,0,0,0,,,,40,,,,,,,,,,,,,,,42,"  ","  ","  ","  ",A12,"  ","  ",1,"  ",2,"  ","  ",42,42,1,3,"  ",A12,120.625847,24.352833,3,66000,387130000C,(04)23289100,(04)25368667
6847,2023,03,18,10,50,臺中市,北區,0,0,0,8,,,50,,,,,,,,,,,,,,,9,"  ","  ","  ","  ",B03,"  ","  ",1,"  ",1,"  ","  ",9,"   ",1,21,"  ",B03,120.689134,24.153572,3,66000,387130000C,(04)23289100,(04)25368667
6848,2023,03,18,10,50,臺中市,大甲區,0,1,0,8,1,5,50,14,12,1,5,4,5,7,4,4,5,5,4,1,17,19,3,10,1,1,B03,7,1,1,8,2,8,"  ",19,19,1,4,8,B03,120.634758,24.356962,2,66000,387130000C,(04)23289100,(04)25368667
6849,2023,03,18,11,0,臺中市,西屯區,0,1,0,8,1,5,50,3,2,1,5,4,5,7,1,1,1,2,5,2,13,16,2,9,3,4,C03,7,9,2,18,2,11,"  ",16,16,1,22,8,C03,120.653676,24.20331,2,66000,387130000C,(04)23289100,(04)25368667
6850,2023,03,18,11,2,臺中市,西區,0,0,0,8,,,40,,,,,,,,,,,,,,,43,"  ","  ","  ","  ","   ","  ","  ","  ","  ","  ","  ","  ",43,"   ",1,"  ","  ","   ",120.67239,24.140931,3,66000,387130000C,(04)23289100,(04)25368667
6851,2023,03,18,11,2,臺中市,西區,0,0,0,8,,,50,,,,,,,,,,,,,,,23,"  ","  ","  ","  ",B03,"  ","  ",1,"  ",1,"  ","  ",23,"   ",1,21,"  ",B03,120.673222,24.13227,3,66000,387130000C,(04)23289100,(04)25368667
6852,2023,03,18,11,2,臺中市,西屯區,0,0,0,8,,,50,,,,,,,,,,,,,,,26,"  ","  ","  ","  ",B03,"  ","  ",1,"  ",2,"  ","  ",26,"   ",1,22,"  ",B03,120.608474,24.157389,3,66000,387130000C,(04)23289100,(04)25368667
6853,2023,03,18,11,3,臺中市,霧峰區,0,0,0,8,,,60,,,,,,,,,,,,,,,23,"  ","  ","  ","  ",B12,"  ","  ",1,"  ",2,"  ","  ",23,"   ",1,4,"  ",B12,120.696079,24.018874,3,66000,387130000C,(04)23289100,(04)25368667
6854,2023,03,18,11,8,臺中市,中區,0,1,0,8,1,5,50,4,4,1,5,4,5,7,2,1,10,2,5,2,12,42,3,10,1,1,B03,7,9,1,8,2,8,"  ",23,42,1,22,9,B03,120.685695,24.143194,2,66000,387130000C,(04)23289100,(04)25368667
6855,2023,03,18,11,8,臺中市,梧棲區,0,0,0,8,,,30,,,,,,,,,,,,,,,12,"  ","  ","  ","  ",B03,"  ","  ",1,"  ",2,"  ","  ",12,"   ",1,22,"  ",B03,120.523648,24.247722,3,66000,387130000C,(04)23289100,(04)25368667
6856,2023,03,18,11,10,臺中市,西屯區,0,0,0,8,,,60,,,,,,,,,,,,,,,23,"  ","  ","  ","  ",A11,"  ","  ",1,"  ",1,"  ","  ",23,"   ",1,22,"  ",A11,120.640026,24.16852,3,66000,387130000C,(04)23289100,(04)25368667