序號,年,月,日,時,分,縣市,區,死亡數量,受傷數量,2-30,天候,光線,道路類別,速限_速度(公里),道路型態,事故位置,路面鋪裝,路面狀態,路面缺陷,障礙物,視距,號誌種類,號誌動作,分向設施,快車道或一般車道間,快慢車道間,路面邊線,事故類型及型態,主要肇因,受傷程度,主要傷處,保護裝備,行動電話,當事者區分,車輛用途,當事者行動狀態,駕駛資格情形,駕駛執照種類,飲酒情形,車輛撞擊部位最初,車輛撞擊部位其他,肇事因素個別,肇事因素主要,肇事逃逸,職業,旅次目的,車種,GPS座標X,GPS座標Y,事故類別,縣市別代碼,機關代碼,市話,傳真
6857,2023,03,18,11,12,臺中市,西屯區,0,1,0,8,1,5,50,3,1,1,5,4,5,7,4,4,10,5,5,2,12,6,3,10,1,1,B03,7,6,1,8,2,5,"  ",6,6,1,22,8,B03,120.65168,24.197769,2,66000,387130000C,(04)23289100,(04)25368667
6858,2023,03,18,11,12,臺中市,龍井區,0,1,0,8,1,5,30,3,1,1,5,4,5,7,4,4,5,5,5,2,17,19,3,10,1,1,B03,7,1,3,18,2,8,"  ",19,19,1,20,7,B03,120.55,24.24,2,66000,387130000C,(04)23289100,(04)25368667
6859,2023,03,18,11,17,臺中市,豐原區,0,1,0,8,1,5,60,14,8,1,5,4,5,7,4,4,1,4,4,1,17,6,3,10,1,1,B03,7,8,1,8,2,7,"  ",6,6,1,22,8,B03,120.704054,24.254284,2,66000,387130000C,(04)23289100,(04)25368667
6860,2023,03,18,11,18,臺中市,清水區,0,2,0,8,1,5,30,4,1,1,5,4,5,7,4,4,10,5,5,2,15,6,2,9,1,1,C03,7,9,1,10,2,12,"  ",6,6,1,21,8,C03,120.576418,24.269545,2,66000,387130000C,(04)23289100,(04)25368667
6861,2023,03,18,11,24,臺中市,西屯區,0,1,0,8,1,5,50,14,8,1,5,4,5,7,4,4,1,4,4,2,16,6,3,10,3,4,B03,7,6,1,8,1,2,"  ",6,6,1,22,8,B03,120.632775,24.180337,2,66000,387130000C,(04)23289100,(04)25368667
6862,2023,03,18,11,24,臺中市,太平區,0,0,0,8,,,50,,,,,,,,,,,,,,,6,"  ","  ","  ","  ",C03,"  ","  ",1,"  ",2,"  ","  ",6,"   ",1,21,"  ",C03,120.716765,24.131839,3,66000,387130000C,(04)23289100,(04)25368667
6863,2023,03,18,11,28,臺中市,中區,0,0,0,8,,,50,,,,,,,,,,,,,,,23,"  ","  ","  ","  ",A41,"  ","  ",1,"  ",2,"  ","  ",23,"   ",1,22,"  ",A41,120.682438,24.140525,3,66000,387130000C,(04)23289100,(04)25368667
6864,2023,03,18,11,28,臺中市,豐原區,0,1,0,8,1,5,50,4,2,1,5,4,5,7,1,1,10,5,5,2,10,42,2,9,1,1,C03,7,9,1,10,2,11,"  ",42,42,1,22,8,C03,120.720468,24.259014,2,66000,387130000C,(04)23289100,(04)25368667
6865,2023,03,18,11,30,臺中市,潭子區,0,0,0,8,,,80,,,,,,,,,,,,,,,23,"  ","  ","  ","  ",B01,"  ","  ",1,"  ",9,"  ","  ",23,"   ",1,22,"  ",B01,120.699016,24.201327,3,66000,387130000C,(04)23289100,(04)25368667
6866,2023,03,18,11,30,臺中市,清水區,0,0,0,8,,,60,,,,,,,,,,,,,,,23,"  ","  ","  ","  ",B03,"  ","  ",1,"  ",2,"  ","  ",23,"   ",1,22,"  ",B03,120.536452,24.281275,3,66000,387130000C,(04)23289100,(04)25368667
6867,2023,03,18,11,34,臺中市,大里區,0,1,0,8,1,5,50,3,1,1,5,4,5,7,4,4,5,5,5,2,16,6,2,9,1,1,C03,7,5,1,10,2,13,"  ",6,6,1,22,9,C03,120.699531,24.084365,2,66000,387130000C,(04)23289100,(04)25368667
6868,2023,03,18,11,34,臺中市,豐原區,0,0,0,8,1,5,50,14,9,1,5,4,5,7,4,4,5,5,5,1,12,23,3,10,1,1,F06,7,9,8,20,2,12,"  ",23,23,1,19,7,F06,120.720893,24.249294,3,66000,387130000C,(04)23289100,(04)25368667
6869,2023,03,18,11,35,臺中市,梧棲區,0,0,0,8,,,50,,,,,,,,,,,,,,,19,"  ","  ","  ","  ",A04,"  ","  ",1,"  ",2,"  ","  ",19,"   ",1,10,"  ",A04,120.537018,24.243215,3,66000,387130000C,(04)23289100,(04)25368667
6870,2023,03,18,11,36,臺中市,霧峰區,0,1,0,8,1,5,50,4,1,1,5,4,5,7,1,1,10,5,5,2,16,16,3,10,1,1,C03,7,9,1,10,2,11,"  ",16,16,1,22,8,C03,120.707635,24.076537,2,66000,387130000C,(04)23289100,(04)25368667
6871,2023,03,18,11,38,臺中市,北屯區,0,1,0,8,1,5,50,14,9,1,5,4,5,7,4,4,5,5,5,2,17,26,2,9,1,1,C03,7,7,1,10,2,11,"  ",26,26,1,16,8,C03,120.663282,24.188669,2,66000,387130000C,(04)23289100,(04)25368667
6872,2023,03,18,11,38,臺中市,西屯區,0,0,0,8,,,50,,,,,,,,,,,,,,,23,"  ","  ","  ","  ",B12,"  ","  ",1,"  ",1,"  ","  ",23,"   ",1,21,"  ",B12,120.637003,24.172121,4,66000,387130000C,(04)23289100,(04)25368667
6873,2023,03,18,11,42,臺中市,北屯區,0,0,0,6,,,50,,,,,,,,,,,,,,,23,"  ","  ","  ","  ",B03,"  ",9,1,8,1,5,"  ",23,23,1,21,8,B03,120.722951,24.181716,3,66000,387130000C,(04)23289100,(04)25368667
6874,2023,03,18,11,43,臺中市,東區,0,0,0,,,,50,,,,,,,,,,,,,,,23,"  ","  ","  ","  ",B03,"  ","  ",1,"  ",2,"  ","  ",23,"   ",1,5,"  ",B03,120.69478,24.133008,3,66000,387130000C,(04)23289100,(04)25368667
6875,2023,03,18,11,51,臺中市,南區,0,1,0,8,1,5,50,4,1,1,5,4,5,7,4,4,10,5,5,2,16,23,2,9,1,1,C03,7,9,1,10,2,11,"  ",23,23,1,22,8,C03,120.688116,24.132313,2,66000,387130000C,(04)23289100,(04)25368667
6876,2023,03,18,11,54,臺中市,南區,0,0,0,8,,,50,,,,,,,,,,,,,,,23,"  ","  ","  ","  ",B03,"  ","  ",7,19,2,"  ","  ",23,23,1,5,"  ",B03,120.680555,24.13355,3,66000,387130000C,(04)23289100,(04)25368667
6877,2023,03,18,11,55,臺中市,西屯區,0,0,0,8,,,50,,,,,,,,,,,,,,,6,"  ","  ","  ","  ",B03,"  ","  ",1,"  ",1,"  ","  ",44,6,1,22,"  ",B03,120.643205,24.176488,3,66000,387130000C,(04)23289100,(04)25368667
6878,2023,03,18,11,57,臺中市,北區,0,0,0,8,,,50,,,,,,,,,,,,,,,23,"  ","  ","  ","  ",C03,"  ","  ",1,"  ",1,"  ","  ",23,"   ",1,21,"  ",C03,120.688411,24.151722,3,66000,387130000C,(04)23289100,(04)25368667
6879,2023,03,18,11,59,臺中市,大里區,0,2,0,8,1,5,50,14,7,1,5,4,5,7,3,1,5,5,4,1,16,10,3,10,1,1,B03,7,11,1,8,2,8,"  ",10,10,1,4,8,B03,120.729528,24.092657,2,66000,387130000C,(04)23289100,(04)25368667
6880,2023,03,18,12,1,臺中市,西屯區,0,1,0,8,1,5,50,3,1,1,5,4,5,7,4,4,10,5,5,2,16,6,3,10,1,1,B03,7,6,1,8,1,2,"  ",6,6,1,22,8,B03,120.634976,24.176637,2,66000,387130000C,(04)23289100,(04)25368667
6881,2023,03,18,12,1,臺中市,龍井區,0,0,0,8,,,50,,,,,,,,,,,,,,,7,"  ","  ","  ","  ",B03,"  ","  ",1,"  ",2,"  ","  ",7,"   ",1,21,"  ",B03,120.549216,24.20109,3,66000,387130000C,(04)23289100,(04)25368667
6882,2023,03,18,12,2,臺中市,東區,0,1,0,8,1,5,50,4,9,1,5,4,5,7,4,4,5,5,5,2,15,14,2,9,3,4,F03,7,9,8,20,2,16,"  ",14,14,1,19,8,F03,120.705752,24.146361,2,66000,387130000C,(04)23289100,(04)25368667
6883,2023,03,18,12,3,臺中市,北區,0,1,0,8,1,5,50,5,1,1,5,4,5,7,1,1,1,4,5,2,17,19,2,9,3,4,C03,7,5,1,10,2,15,"  ",44,19,1,5,8,C03,120.677944,24.167048,2,66000,387130000C,(04)23289100,(04)25368667
6884,2023,03,18,12,3,臺中市,豐原區,0,0,0,8,,,50,,,,,,,,,,,,,,,23,"  ","  ","  ","  ",B03,"  ","  ",1,"  ",2,"  ","  ",23,"   ",1,22,"  ",B03,120.699848,24.248932,3,66000,387130000C,(04)23289100,(04)25368667
6885,2023,03,18,12,4,臺中市,大里區,0,1,0,8,1,5,50,4,2,1,5,4,5,7,1,1,1,4,5,1,29,44,2,7,1,1,C03,7,14,1,10,2,13,"  ",44,44,1,21,8,C03,120.688178,24.094466,2,66000,387130000C,(04)23289100,(04)25368667
6886,2023,03,18,12,13,臺中市,潭子區,0,0,0,8,,,80,,,,,,,,,,,,,,,7,"  ","  ","  ","  ",B02,"  ","  ",1,"  ",2,"  ","  ",7,"   ",1,22,"  ",B02,120.719842,24.196038,3,66000,387130000C,(04)23289100,(04)25368667
6887,2023,03,18,12,13,臺中市,烏日區,0,1,0,8,1,5,50,4,1,1,5,4,5,7,4,4,1,2,5,1,16,8,3,10,1,4,C03,7,5,1,10,2,14,"  ",8,8,1,21,9,C03,120.646678,24.110386,2,66000,387130000C,(04)23289100,(04)25368667
6888,2023,03,18,12,15,臺中市,豐原區,0,0,0,8,,,30,,,,,,,,,,,,,,,6,"  ","  ","  ","  ",B03,"  ","  ",1,"  ",2,"  ","  ",6,"   ",1,22,"  ",B03,120.724574,24.257897,3,66000,387130000C,(04)23289100,(04)25368667
6889,2023,03,18,12,19,臺中市,南區,0,2,0,8,1,5,50,4,1,1,5,4,5,7,2,1,3,2,5,2,16,8,2,8,1,1,C03,7,5,1,10,2,14,"  ",8,8,1,19,8,C03,120.684235,24.122342,2,66000,387130000C,(04)23289100,(04)25368667
6890,2023,03,18,12,24,臺中市,大里區,0,0,0,8,1,5,50,14,8,1,5,4,5,7,4,4,5,4,4,2,29,42,"  ","  ","  ","  ",F03,"  ","  ",8,"  ",2,"  ","  ",42,"   ",1,22,"  ",F03,120.703416,24.091336,3,66000,387130000C,(04)23289100,(04)25368667
6891,2023,03,18,12,25,臺中市,北區,0,1,0,8,1,5,50,4,1,1,5,4,5,7,1,1,1,2,4,2,15,25,3,10,1,1,B03,7,9,1,8,2,1,"  ",25,25,1,21,8,B03,120.685169,24.166985,2,66000,387130000C,(04)23289100,(04)25368667
6892,2023,03,18,12,30,臺中市,大雅區,0,2,0,8,1,5,50,4,9,1,5,4,5,7,1,1,5,5,5,1,12,6,2,9,1,1,C03,7,5,1,10,2,11,"  ",6,6,1,21,8,C03,120.648355,24.221185,2,66000,387130000C,(04)23289100,(04)25368667
6893,2023,03,18,12,30,臺中市,南區,0,0,0,,,,50,,,,,,,,,,,,,,,16,"  ","  ","  ","  ",B12,"  ","  ",1,"  ",2,"  ","  ",44,16,1,5,"  ",B12,120.648393,24.119035,3,66000,387130000C,(04)23289100,(04)25368667
6894,2023,03,18,12,35,臺中市,西區,0,0,0,8,,,50,,,,,,,,,,,,,,,16,"  ","  ","  ","  ",B03,"  ","  ",1,"  ",1,"  ","  ",16,"   ",1,21,"  ",B03,120.667697,24.130913,3,66000,387130000C,(04)23289100,(04)25368667
6895,2023,03,18,12,36,臺中市,北區,0,0,0,,,,40,,,,,,,,,,,,,,,23,"  ","  ","  ","  ",B03,"  ","  ",1,"  ",2,"  ","  ",23,"   ",1,5,"  ",B03,120.676774,24.15982,3,66000,387130000C,(04)23289100,(04)25368667
6896,2023,03,18,12,37,臺中市,北屯區,0,2,0,8,1,5,50,14,9,1,5,4,5,7,4,4,1,5,5,2,12,16,2,9,1,1,C03,7,9,1,10,2,12,11,16,16,1,18,8,C03,120.694957,24.165792,2,66000,387130000C,(04)23289100,(04)25368667
6897,2023,03,18,12,43,臺中市,東區,0,2,0,8,1,5,50,4,1,1,5,4,5,7,4,4,10,5,5,2,16,6,2,9,1,1,C03,7,9,1,10,2,12,"  ",6,6,1,22,8,C03,120.697179,24.140936,2,66000,387130000C,(04)23289100,(04)25368667
6898,2023,03,18,12,45,臺中市,潭子區,0,1,0,8,1,5,50,3,2,1,5,4,5,7,3,1,10,5,5,1,15,6,2,9,1,1,C03,7,9,1,10,2,11,"  ",6,23,1,22,9,C03,120.700635,24.188418,2,66000,387130000C,(04)23289100,(04)25368667
6899,2023,03,18,12,45,臺中市,北屯區,0,0,0,8,,,50,,,,,,,,,,,,,,,23,"  ","  ","  ","  ",B03,"  ","  ",1,"  ",1,"  ","  ",23,23,1,5,"  ",B03,120.665325,24.183175,3,66000,387130000C,(04)23289100,(04)25368667
6900,2023,03,18,12,50,臺中市,北區,0,0,0,8,,,50,,,,,,,,,,,,,,,7,"  ","  ","  ","  ",C03,"  ","  ",1,"  ",1,"  ","  ",7,"   ",1,21,"  ",C03,120.677372,24.15385,3,66000,387130000C,(04)23289100,(04)25368667
6901,2023,03,18,12,50,臺中市,南屯區,0,1,0,8,1,5,50,3,1,1,5,4,5,7,4,4,1,4,4,2,16,6,3,10,1,1,B03,7,6,1,8,2,4,"  ",6,6,1,4,8,B03,120.646591,24.140847,2,66000,387130000C,(04)23289100,(04)25368667
6902,2023,03,18,12,50,臺中市,烏日區,0,0,0,8,,,50,,,,,,,,,,,,,,,8,"  ","  ","  ","  ",B01,"  ","  ",1,"  ",2,"  ","  ",8,"   ",1,10,"  ",B01,120.624607,24.104165,3,66000,387130000C,(04)23289100,(04)25368667
6903,2023,03,18,12,50,臺中市,大甲區,0,0,0,8,1,5,40,5,2,1,5,4,5,7,1,1,6,3,5,1,13,16,"  ","  ","  ","  ",B03,"  ","  ",1,"  ",1,"  ","  ",16,"   ",1,22,"  ",B03,120.623488,24.343911,3,66000,387130000C,(04)23289100,(04)25368667
6904,2023,03,18,12,58,臺中市,大里區,0,1,0,8,1,5,50,3,1,1,5,4,5,7,4,4,10,5,5,2,16,23,3,10,1,1,B12,7,5,1,8,2,8,"  ",23,23,1,22,8,B12,120.711853,24.085937,2,66000,387130000C,(04)23289100,(04)25368667
6905,2023,03,18,13,1,臺中市,南屯區,0,2,0,8,1,5,50,4,1,1,5,4,5,7,2,1,1,5,1,2,15,25,3,10,1,4,B03,7,9,1,8,2,2,"  ",25,25,1,22,8,B03,120.623141,24.145201,2,66000,387130000C,(04)23289100,(04)25368667
6906,2023,03,18,13,5,臺中市,東區,0,0,0,8,,,50,,,,,,,,,,,,,,,23,"  ","  ","  ","  ",B03,"  ","  ",1,8,2,"  ","  ",23,23,1,5,"  ",B03,120.680991,24.133591,3,66000,387130000C,(04)23289100,(04)25368667
6907,2023,03,18,13,5,臺中市,太平區,0,1,0,8,1,5,50,14,9,1,5,4,5,7,4,4,1,4,5,2,16,23,2,8,1,1,C03,7,9,1,10,2,11,"  ",23,23,1,22,8,C03,120.711935,24.143464,2,66000,387130000C,(04)23289100,(04)25368667
6908,2023,03,18,13,7,臺中市,北屯區,0,0,0,8,,,40,,,,,,,,,,,,,,,43,"  ","  ","  ","  ",B02,"  ","  ",1,"  ",1,"  ","  ",43,"   ",1,22,"  ",B02,120.646966,24.196166,3,66000,387130000C,(04)23289100,(04)25368667
6909,2023,03,18,13,8,臺中市,東區,0,0,0,8,,,50,,,,,,,,,,,,,,,16,"  ","  ","  ","  ",B01,"  ","  ",1,"  ",2,"  ","  ",16,"   ",1,10,"  ",B01,120.69451,24.142756,3,66000,387130000C,(04)23289100,(04)25368667
6910,2023,03,18,13,8,臺中市,南屯區,0,0,0,8,,,40,,,,,,,,,,,,,,,40,"  ","  ","  ","  ",B03,"  ","  ",1,"  ",1,"  ","  ",40,"   ",1,5,"  ",B03,120.628379,24.144892,3,66000,387130000C,(04)23289100,(04)25368667
6911,2023,03,18,13,12,臺中市,北屯區,0,0,0,8,,,60,,,,,,,,,,,,,,,7,"  ","  ","  ","  ",B03,"  ","  ",1,"  ",1,"  ","  ",44,7,1,21,"  ",B03,120.71395,24.164315,3,66000,387130000C,(04)23289100,(04)25368667
6912,2023,03,18,13,14,臺中市,霧峰區,0,1,0,8,1,5,50,14,9,1,5,4,5,7,1,1,10,5,5,2,13,42,3,10,1,1,B03,7,9,1,8,2,5,"  ",42,42,1,22,8,B03,120.669934,24.024599,2,66000,387130000C,(04)23289100,(04)25368667
6913,2023,03,18,13,16,臺中市,大甲區,0,1,0,8,1,5,70,4,1,1,5,4,5,7,1,1,10,5,5,2,16,6,3,10,1,1,B03,7,6,1,8,2,2,"  ",6,6,1,4,1,B03,120.641258,24.365855,2,66000,387130000C,(04)23289100,(04)25368667
6914,2023,03,18,13,21,臺中市,太平區,0,1,0,8,1,5,50,14,7,1,5,4,5,7,4,4,5,5,4,2,16,10,3,10,1,1,B01,7,11,1,4,2,8,"  ",10,10,1,22,8,B01,120.721252,24.119752,2,66000,387130000C,(04)23289100,(04)25368667
6915,2023,03,18,13,23,臺中市,烏日區,0,0,0,8,1,5,40,14,16,1,5,4,5,7,4,4,10,5,5,1,13,23,3,10,3,4,B03,7,12,1,8,2,1,"  ",23,23,1,21,9,B03,120.617646,24.11832,3,66000,387130000C,(04)23289100,(04)25368667
6916,2023,03,18,13,24,臺中市,北屯區,0,0,0,,,,50,,,,,,,,,,,,,,,19,"  ","  ","  ","  ",B03,"  ","  ",1,"  ",2,"  ","  ",19,19,1,21,"  ",B03,120.770446,24.197357,3,66000,387130000C,(04)23289100,(04)25368667
6917,2023,03,18,13,24,臺中市,烏日區,0,0,0,8,,,30,,,,,,,,,,,,,,,42,"  ","  ","  ","  ",B12,"  ","  ",1,"  ",2,"  ","  ",42,"   ",1,21,"  ",B12,120.633977,24.109448,3,66000,387130000C,(04)23289100,(04)25368667
6918,2023,03,18,13,27,臺中市,北屯區,1,1,0,8,1,5,50,4,1,1,5,4,5,7,2,1,10,5,5,2,16,6,1,9,1,1,C03,7,9,1,10,2,11,"  ",23,6,1,22,8,C03,120.681681,24.177658,1,66000,387130000C,(04)23289100,(04)25368667
6919,2023,03,18,13,29,臺中市,西屯區,0,0,0,8,,,50,,,,,,,,,,,,,,,8,"  ","  ","  ","  ",A03,"  ","  ",1,"  ",2,"  ","  ",8,"   ",1,10,"  ",A03,120.660133,24.164336,3,66000,387130000C,(04)23289100,(04)25368667
6920,2023,03,18,13,30,臺中市,大雅區,0,0,0,8,,,50,,,,,,,,,,,,,,,7,"  ","  ","  ","  ",B03,"  ","  ",1,"  ",2,"  ","  ",7,"   ",1,21,"  ",B03,120.650736,24.209452,3,66000,387130000C,(04)23289100,(04)25368667
6921,2023,03,18,13,33,臺中市,東區,0,2,0,8,1,5,50,14,9,1,5,4,5,7,4,4,5,4,5,2,17,40,3,10,1,1,B03,7,13,5,8,2,4,"  ",40,40,1,5,8,B03,120.691158,24.140038,2,66000,387130000C,(04)23289100,(04)25368667
6922,2023,03,18,13,35,臺中市,大里區,0,2,0,8,1,5,50,3,1,1,5,4,5,7,4,4,5,4,5,2,29,42,2,9,1,1,C03,7,9,1,10,2,15,"  ",42,42,1,22,9,C03,120.691881,24.090036,2,66000,387130000C,(04)23289100,(04)25368667
6923,2023,03,18,13,35,臺中市,和平區,0,1,0,8,1,5,30,14,9,1,5,4,5,6,4,4,10,3,5,1,29,21,2,1,2,4,B03,7,9,6,8,3,8,"  ",21,21,1,6,8,B03,121.294569,24.313606,2,66000,387130000C,(04)23289100,(04)25368667
6924,2023,03,18,13,38,臺中市,西屯區,0,0,0,8,,,50,,,,,,,,,,,,,,,12,"  ","  ","  ","  ",B03,"  ","  ",1,"  ",1,"  ","  ",12,"   ",1,22,"  ",B03,120.649652,24.159491,3,66000,387130000C,(04)23289100,(04)25368667
6925,2023,03,18,13,40,臺中市,南屯區,0,2,0,8,1,5,40,14,8,1,5,4,5,7,4,4,10,4,4,2,13,23,3,10,3,4,B03,7,9,1,8,2,1,"  ",23,23,1,12,8,B03,120.645068,24.132012,2,66000,387130000C,(04)23289100,(04)25368667
6926,2023,03,18,13,42,臺中市,西屯區,0,0,0,8,,,30,,,,,,,,,,,,,,,17,"  ","  ","  ","  ",B03,"  ","  ",1,"  ",1,"  ","  ",17,"   ",1,21,"  ",B03,120.653266,24.173772,3,66000,387130000C,(04)23289100,(04)25368667
6927,2023,03,18,13,46,臺中市,西屯區,0,0,0,8,,,50,,,,,,,,,,,,,,,12,"  ","  ","  ","  ",B12,"  ","  ",1,"  ",11,"  ","  ",12,"   ",1,22,"  ",B12,120.66706,24.17712,3,66000,387130000C,(04)23289100,(04)25368667
6928,2023,03,18,13,49,臺中市,北區,0,2,0,8,1,5,30,3,1,1,5,4,5,7,4,4,10,4,5,2,16,6,2,9,1,1,C03,7,5,1,10,2,12,"  ",6,6,1,21,8,C03,120.674083,24.146423,2,66000,387130000C,(04)23289100,(04)25368667
6929,2023,03,18,13,49,臺中市,西屯區,0,1,0,8,1,5,50,14,8,1,5,4,5,7,4,4,1,1,1,2,12,17,3,10,1,1,B03,7,9,1,8,2,2,"  ",17,17,1,22,8,B03,120.645801,24.164478,2,66000,387130000C,(04)23289100,(04)25368667
6930,2023,03,18,13,54,臺中市,北屯區,0,0,0,8,,,40,,,,,,,,,,,,,,,23,"  ","  ","  ","  ",B03,"  ","  ",1,"  ",2,"  ","  ",23,23,1,19,"  ",B03,120.669167,24.177806,3,66000,387130000C,(04)23289100,(04)25368667
6931,2023,03,18,13,54,臺中市,北屯區,0,0,0,8,,,15,,,,,,,,,,,,,,,6,"  ","  ","  ","  ",B03,"  ","  ",1,"  ",2,"  ","  ",6,"   ",1,22,"  ",B03,120.680638,24.180703,3,66000,387130000C,(04)23289100,(04)25368667
6932,2023,03,18,13,54,臺中市,西屯區,0,0,0,8,,,50,,,,,,,,,,,,,,,19,"  ","  ","  ","  ",B03,"  ","  ",1,"  ",1,"  ","  ",19,19,1,22,"  ",B03,120.641638,24.164847,3,66000,387130000C,(04)23289100,(04)25368667
6933,2023,03,18,13,58,臺中市,北區,0,1,0,8,1,5,50,4,1,1,5,4,5,7,2,1,10,5,5,2,3,15,2,9,3,4,C03,7,6,1,8,2,14,"  ",15,15,1,5,8,C03,120.685395,24.152786,2,66000,387130000C,(04)23289100,(04)25368667
6934,2023,03,18,13,58,臺中市,太平區,0,1,0,8,1,5,50,3,2,1,5,4,5,7,1,1,5,5,5,2,17,42,3,10,1,1,B12,7,15,1,8,2,15,"  ",42,42,1,21,8,B12,120.713045,24.125552,2,66000,387130000C,(04)23289100,(04)25368667
6935,2023,03,18,13,59,臺中市,南屯區,0,1,0,8,1,5,50,4,1,1,5,4,5,7,2,1,10,5,5,2,16,6,3,10,1,1,B03,7,5,1,8,2,6,"  ",6,6,1,22,8,B03,120.653005,24.135752,2,66000,387130000C,(04)23289100,(04)25368667
6936,2023,03,18,14,3,臺中市,梧棲區,0,0,0,8,,,60,,,,,,,,,,,,,,,16,"  ","  ","  ","  ",B12,"  ","  ",1,"  ",1,"  ","  ",16,"   ",1,5,"  ",B12,120.537667,24.25297,3,66000,387130000C,(04)23289100,(04)25368667
6937,2023,03,18,14,5,臺中市,北區,0,0,0,8,,,50,,,,,,,,,,,,,,,23,"  ","  ","  ","  ",B03,"  ","  ",1,"  ",1,"  ","  ",23,"   ",1,22,"  ",B03,120.682416,24.145861,3,66000,387130000C,(04)23289100,(04)25368667
6938,2023,03,18,14,6,臺中市,大甲區,0,0,0,8,1,8,50,2,9,1,5,4,5,7,4,3,5,4,5,1,16,19,3,10,1,1,B11,7,1,1,4,2,5,"  ",19,19,1,4,4,B11,120.616236,24.351733,3,66000,387130000C,(04)23289100,(04)25368667
6939,2023,03,18,14,15,臺中市,大里區,0,0,0,8,,,50,,,,,,,,,,,,,,,23,"  ","  ","  ","  ",A12,"  ","  ",1,"  ",2,"  ","  ",23,"   ",1,5,"  ",A12,120.687948,24.094213,3,66000,387130000C,(04)23289100,(04)25368667
6940,2023,03,18,14,20,臺中市,南區,0,0,0,8,,,50,,,,,,,,,,,,,,,12,"  ","  ","  ","  ",B03,"  ","  ",1,"  ",2,"  ","  ",12,"   ",1,5,"  ",B03,120.670769,24.116126,3,66000,387130000C,(04)23289100,(04)25368667
6941,2023,03,18,14,21,臺中市,大雅區,0,0,0,8,,,50,,,,,,,,,,,,,,,23,"  ","  ","  ","  ",C03,"  ","  ",1,"  ",2,"  ","  ",23,"   ",1,22,"  ",C03,120.65284,24.226376,3,66000,387130000C,(04)23289100,(04)25368667
6942,2023,03,18,14,25,臺中市,南屯區,0,0,0,8,,,50,,,,,,,,,,,,,,,7,"  ","  ","  ","  ",B03,"  ","  ",3,"  ",1,"  ","  ",7,"   ",1,22,"  ",B03,120.635711,24.143383,3,66000,387130000C,(04)23289100,(04)25368667
6943,2023,03,18,14,28,臺中市,大里區,0,0,0,8,,,50,,,,,,,,,,,,,,,18,"  ","  ","  ","  ",B03,"  ","  ",1,"  ",2,"  ","  ",18,"   ",1,22,"  ",B03,120.674528,24.097314,3,66000,387130000C,(04)23289100,(04)25368667
6944,2023,03,18,14,31,臺中市,霧峰區,0,1,0,8,1,5,40,14,8,1,5,4,5,7,4,4,10,5,4,1,26,23,2,9,1,1,C03,7,9,2,18,2,11,"  ",23,23,1,4,8,C03,120.679459,24.039165,2,66000,387130000C,(04)23289100,(04)25368667
6945,2023,03,18,14,32,臺中市,南屯區,0,1,0,8,1,5,40,14,8,1,5,4,5,7,4,4,1,4,4,2,17,23,2,9,1,1,C03,7,9,1,10,2,11,12,23,23,1,18,8,C03,120.632686,24.151048,2,66000,387130000C,(04)23289100,(04)25368667
6946,2023,03,18,14,45,臺中市,梧棲區,0,0,0,8,,,70,,,,,,,,,,,,,,,23,"  ","  ","  ","  ",B12,"  ","  ",1,"  ",2,"  ","  ",23,"   ",1,22,"  ",B12,120.544075,24.247012,3,66000,387130000C,(04)23289100,(04)25368667
6947,2023,03,18,14,47,臺中市,神岡區,0,1,0,8,1,5,50,3,1,1,5,4,5,7,1,1,5,4,4,2,13,23,3,10,1,1,B03,7,9,1,8,2,5,"  ",23,23,1,22,8,B03,120.656531,24.250807,2,66000,387130000C,(04)23289100,(04)25368667
6948,2023,03,18,14,50,臺中市,南屯區,0,0,0,8,,,50,,,,,,,,,,,,,,,7,"  ","  ","  ","  ",B03,"  ","  ",1,8,1,"  ","  ",7,7,1,12,"  ",B03,120.615231,24.147953,3,66000,387130000C,(04)23289100,(04)25368667
6949,2023,03,18,14,51,臺中市,沙鹿區,0,0,0,8,1,5,40,14,8,1,5,4,5,7,4,4,1,4,1,1,17,42,3,10,1,1,C03,7,9,1,10,2,15,"  ",42,42,1,4,8,C03,120.578278,24.223775,3,66000,387130000C,(04)23289100,(04)25368667
6950,2023,03,18,14,53,臺中市,西區,0,2,0,8,1,5,50,3,1,1,5,4,5,7,4,4,1,4,5,2,16,42,2,7,1,1,C03,7,6,1,10,2,12,"  ",42,42,1,21,8,C03,120.666161,24.140187,2,66000,387130000C,(04)23289100,(04)25368667
6951,2023,03,18,14,54,臺中市,北屯區,0,0,0,6,,,50,,,,,,,,,,,,,,,23,"  ","  ","  ","  ",B03,"  ",9,1,8,1,1,"  ",23,23,1,21,8,B03,120.671562,24.173933,3,66000,387130000C,(04)23289100,(04)25368667
6952,2023,03,18,14,56,臺中市,東勢區,0,1,0,8,1,5,30,14,9,1,5,4,5,7,4,4,10,5,5,2,17,19,3,10,3,4,B03,7,1,1,8,2,8,"  ",19,19,1,21,8,B03,120.805583,24.292894,2,66000,387130000C,(04)23289100,(04)25368667