序號,年,月,日,時,分,縣市,區,死亡數量,受傷數量,2-30,天候,光線,道路類別,速限_速度(公里),道路型態,事故位置,路面鋪裝,路面狀態,路面缺陷,障礙物,視距,號誌種類,號誌動作,分向設施,快車道或一般車道間,快慢車道間,路面邊線,事故類型及型態,主要肇因,受傷程度,主要傷處,保護裝備,行動電話,當事者區分,車輛用途,當事者行動狀態,駕駛資格情形,駕駛執照種類,飲酒情形,車輛撞擊部位最初,車輛撞擊部位其他,肇事因素個別,肇事因素主要,肇事逃逸,職業,旅次目的,車種,GPS座標X,GPS座標Y,事故類別,縣市別代碼,機關代碼,市話,傳真
6953,2023,03,18,15,4,臺中市,烏日區,0,0,0,8,1,5,60,14,7,1,5,4,5,7,4,4,1,4,4,1,12,17,3,10,3,4,B03,7,14,1,8,2,6,"  ",44,17,1,21,8,B03,120.613166,24.106987,3,66000,387130000C,(04)23289100,(04)25368667
6954,2023,03,18,15,5,臺中市,北區,0,1,0,8,1,5,50,4,1,1,5,4,5,7,4,4,10,5,5,2,11,6,2,9,1,1,C03,7,9,1,10,2,11,"  ",44,6,1,5,8,C03,120.677772,24.161636,2,66000,387130000C,(04)23289100,(04)25368667
6955,2023,03,18,15,5,臺中市,西屯區,0,0,0,8,,,50,,,,,,,,,,,,,,,12,"  ","  ","  ","  ",B03,"  ","  ",1,"  ",1,"  ","  ",12,12,1,22,"  ",B03,120.61874,24.187802,3,66000,387130000C,(04)23289100,(04)25368667
6956,2023,03,18,15,9,臺中市,西區,0,0,0,8,1,5,50,14,9,1,5,4,5,7,4,4,5,5,5,2,13,16,"  ","  ","  ","  ",C03,"  ","  ",1,"  ",1,"  ","  ",16,"   ",1,22,"  ",C03,120.663915,24.156273,3,66000,387130000C,(04)23289100,(04)25368667
6957,2023,03,18,15,9,臺中市,南屯區,0,1,0,8,1,5,40,3,1,1,5,4,5,7,4,4,10,5,5,2,16,6,3,10,1,1,B03,7,6,1,8,2,6,"  ",6,6,1,22,8,B03,120.623911,24.153786,2,66000,387130000C,(04)23289100,(04)25368667
6958,2023,03,18,15,12,臺中市,大里區,0,0,0,8,,,50,,,,,,,,,,,,,,,37,"  ","  ","  ","  ",B12,"  ","  ",1,"  ",1,"  ","  ",37,"   ",1,4,"  ",B12,120.680705,24.10725,3,66000,387130000C,(04)23289100,(04)25368667
6959,2023,03,18,15,18,臺中市,南屯區,0,2,0,8,1,5,50,14,7,1,5,4,5,7,4,4,5,5,4,2,12,23,2,9,1,4,C03,7,9,1,10,2,14,"  ",23,23,1,22,8,C03,120.616301,24.152291,2,66000,387130000C,(04)23289100,(04)25368667
6960,2023,03,18,15,20,臺中市,北屯區,0,1,0,8,1,5,50,14,9,1,5,4,5,7,4,4,5,5,5,2,17,23,2,9,1,1,C03,7,9,1,10,2,12,"  ",23,23,1,5,8,C03,120.70566,24.170985,2,66000,387130000C,(04)23289100,(04)25368667
6961,2023,03,18,15,21,臺中市,西區,0,1,0,8,1,5,50,14,9,1,5,4,5,7,4,4,5,4,5,2,12,7,3,10,1,1,B03,7,8,1,8,2,6,"  ",7,7,1,22,9,B03,120.661098,24.1367,2,66000,387130000C,(04)23289100,(04)25368667
6962,2023,03,18,15,29,臺中市,南區,0,0,0,,,,50,,,,,,,,,,,,,,,12,"  ","  ","  ","  ",B03,"  ","  ",1,"  ",2,"  ","  ",12,"   ",1,5,"  ",B03,120.656366,24.133159,3,66000,387130000C,(04)23289100,(04)25368667
6963,2023,03,18,15,29,臺中市,太平區,0,2,0,8,1,5,50,3,1,1,5,4,5,7,3,1,10,5,5,2,16,6,2,9,1,1,C03,7,5,1,10,2,11,"  ",6,6,1,5,8,C03,120.712595,24.137034,2,66000,387130000C,(04)23289100,(04)25368667
6964,2023,03,18,15,30,臺中市,南屯區,0,0,0,8,,,50,,,,,,,,,,,,,,,7,"  ","  ","  ","  ",B03,"  ","  ",1,"  ",1,"  ","  ",7,7,1,5,"  ",B03,120.622761,24.150056,3,66000,387130000C,(04)23289100,(04)25368667
6965,2023,03,18,15,33,臺中市,沙鹿區,0,1,0,8,1,5,50,3,2,1,5,4,5,7,1,1,1,4,4,2,13,23,2,9,1,1,C03,7,9,1,10,2,11,"  ",23,23,1,21,8,C03,120.565167,24.232527,2,66000,387130000C,(04)23289100,(04)25368667
6966,2023,03,18,15,40,臺中市,大里區,0,1,0,8,1,5,50,14,8,1,5,4,5,7,4,4,1,4,5,1,12,23,2,9,1,1,C03,7,9,1,10,2,11,"  ",23,23,1,18,8,C03,120.681768,24.103598,2,66000,387130000C,(04)23289100,(04)25368667
6967,2023,03,18,15,42,臺中市,南屯區,0,0,0,8,,,50,,,,,,,,,,,,,,,12,"  ","  ","  ","  ",B12,"  ","  ",1,8,2,"  ","  ",12,12,1,12,"  ",B12,120.653144,24.138625,3,66000,387130000C,(04)23289100,(04)25368667
6968,2023,03,18,15,42,臺中市,北屯區,0,0,0,8,,,50,,,,,,,,,,,,,,,23,"  ","  ","  ","  ",B03,"  ","  ",1,"  ",1,"  ","  ",23,"   ",1,22,"  ",B03,120.734997,24.177189,3,66000,387130000C,(04)23289100,(04)25368667
6969,2023,03,18,15,45,臺中市,南區,0,2,0,8,1,5,50,3,2,1,5,4,5,7,4,4,5,5,5,2,17,23,2,9,1,1,C03,7,5,1,10,2,14,"  ",23,23,1,21,8,C03,120.66706,24.128662,2,66000,387130000C,(04)23289100,(04)25368667
6970,2023,03,18,15,50,臺中市,北屯區,0,1,0,8,1,5,50,14,7,1,5,4,5,7,4,4,9,5,4,2,16,19,2,9,1,1,C02,7,9,1,9,2,12,"  ",44,19,1,21,8,C02,120.681937,24.169838,2,66000,387130000C,(04)23289100,(04)25368667
6971,2023,03,18,15,52,臺中市,南屯區,0,0,0,8,,,50,,,,,,,,,,,,,,,23,"  ","  ","  ","  ",B01,"  ","  ",1,"  ",1,"  ","  ",23,"   ",1,22,"  ",B01,120.639483,24.14211,3,66000,387130000C,(04)23289100,(04)25368667
6972,2023,03,18,15,56,臺中市,西區,0,2,0,8,1,5,50,4,2,1,5,4,5,7,1,1,5,5,5,2,13,23,2,9,1,1,C03,7,9,1,10,1,11,"  ",23,23,1,4,5,C03,120.661701,24.145536,2,66000,387130000C,(04)23289100,(04)25368667
6973,2023,03,18,15,58,臺中市,北屯區,0,0,0,8,,,50,,,,,,,,,,,,,,,23,"  ","  ","  ","  ",B03,"  ","  ",1,"  ",1,"  ","  ",23,"   ",1,4,"  ",B03,120.6694,24.1771,3,66000,387130000C,(04)23289100,(04)25368667
6974,2023,03,18,16,0,臺中市,南區,0,1,0,8,1,5,50,14,9,1,5,4,5,7,4,4,5,5,5,2,18,43,2,9,1,1,F03,7,9,8,20,2,16,"  ",43,43,1,22,8,F03,120.683527,24.128442,2,66000,387130000C,(04)23289100,(04)25368667
6975,2023,03,18,16,2,臺中市,西屯區,0,3,0,8,1,5,50,4,1,1,5,4,5,7,1,1,8,4,1,1,16,26,3,10,1,4,B03,7,5,1,8,2,1,"  ",26,26,1,4,8,B03,120.621815,24.180225,2,66000,387130000C,(04)23289100,(04)25368667
6976,2023,03,18,16,9,臺中市,烏日區,0,0,0,8,,,50,,,,,,,,,,,,,,,6,"  ","  ","  ","  ",B03,"  ","  ",1,"  ",2,"  ","  ",6,"   ",1,21,"  ",B03,120.616844,24.116186,3,66000,387130000C,(04)23289100,(04)25368667
6977,2023,03,18,16,18,臺中市,潭子區,0,1,0,8,1,5,40,14,8,1,5,4,5,7,4,4,1,4,4,1,18,42,2,9,1,1,C03,7,9,1,10,2,14,"  ",42,42,1,22,8,C03,120.702691,24.1981,2,66000,387130000C,(04)23289100,(04)25368667
6978,2023,03,18,16,18,臺中市,南區,0,1,0,8,1,5,50,4,1,1,5,4,5,7,2,1,10,5,5,2,16,6,3,10,1,1,B03,7,6,1,8,2,6,"  ",6,6,1,21,8,B03,120.663621,24.113826,2,66000,387130000C,(04)23289100,(04)25368667
6979,2023,03,18,16,19,臺中市,西區,0,0,0,8,1,5,50,3,1,1,5,4,5,7,4,4,10,5,5,2,13,23,"  ","  ","  ","  ",B03,"  ","  ",1,"  ",1,"  ","  ",23,"   ",1,22,"  ",B03,120.665783,24.150717,3,66000,387130000C,(04)23289100,(04)25368667
6980,2023,03,18,16,24,臺中市,北屯區,0,2,0,8,1,5,50,4,1,1,5,4,5,7,4,4,10,5,5,2,16,6,3,10,1,1,B03,7,5,1,8,2,8,"  ",6,6,1,4,8,B03,120.707828,24.181573,2,66000,387130000C,(04)23289100,(04)25368667
6981,2023,03,18,16,42,臺中市,東勢區,0,1,0,8,1,5,50,3,1,1,5,4,5,7,4,4,5,5,5,1,17,6,3,10,1,1,C03,7,1,1,10,2,15,"  ",6,6,1,19,8,C03,120.828097,24.257687,2,66000,387130000C,(04)23289100,(04)25368667
6982,2023,03,18,16,49,臺中市,北屯區,0,3,0,8,1,5,50,14,8,1,5,4,5,7,4,4,5,5,4,2,16,7,2,9,1,1,C03,7,8,1,10,2,12,"  ",7,7,1,22,8,C03,120.719406,24.177854,2,66000,387130000C,(04)23289100,(04)25368667
6983,2023,03,18,16,58,臺中市,南屯區,0,0,0,8,,,50,,,,,,,,,,,,,,,16,"  ","  ","  ","  ",A31,"  ","  ",1,1,9,"  ","  ",17,17,1,12,"  ",A31,120.646641,24.142582,3,66000,387130000C,(04)23289100,(04)25368667
6984,2023,03,18,17,0,臺中市,南屯區,0,0,0,8,,,50,,,,,,,,,,,,,,,23,"  ","  ","  ","  ",B03,"  ","  ",1,"  ",1,"  ","  ",23,"   ",1,22,"  ",B03,120.636798,24.153605,3,66000,387130000C,(04)23289100,(04)25368667
6985,2023,03,18,17,1,臺中市,南屯區,0,0,0,8,,,50,,,,,,,,,,,,,,,23,"  ","  ","  ","  ",B03,"  ","  ",1,"  ",1,"  ","  ",23,"   ",1,5,"  ",B03,120.638438,24.142181,3,66000,387130000C,(04)23289100,(04)25368667
6986,2023,03,18,17,1,臺中市,大甲區,0,0,0,,,,40,,,,,,,,,,,,,,,23,"  ","  ","  ","  ",B03,"  ","  ",1,"  ",2,"  ","  ",23,23,1,9,"  ",B03,120.632039,24.346661,3,66000,387130000C,(04)23289100,(04)25368667
6987,2023,03,18,17,4,臺中市,太平區,0,1,0,8,1,5,50,4,1,1,5,4,5,7,4,4,10,5,5,2,16,19,2,8,1,1,C04,7,1,1,11,2,14,"  ",19,19,1,22,8,C04,120.719186,24.117847,2,66000,387130000C,(04)23289100,(04)25368667
6988,2023,03,18,17,16,臺中市,沙鹿區,0,0,0,8,,,50,,,,,,,,,,,,,,,16,"  ","  ","  ","  ",C03,"  ","  ",1,"  ",2,"  ","  ",16,"   ",1,11,"  ",C03,120.558673,24.237594,3,66000,387130000C,(04)23289100,(04)25368667
6989,2023,03,18,17,18,臺中市,霧峰區,0,0,0,8,,,50,,,,,,,,,,,,,,,23,"  ","  ","  ","  ",B03,"  ","  ",1,"  ",2,"  ","  ",23,"   ",1,22,"  ",B03,120.698048,24.059434,4,66000,387130000C,(04)23289100,(04)25368667
6990,2023,03,18,17,20,臺中市,大雅區,0,2,0,8,1,5,50,3,1,1,5,4,5,7,1,1,3,4,4,2,16,9,3,10,1,1,B03,7,6,1,8,2,5,"  ",9,9,1,22,8,B03,120.65088,24.209693,2,66000,387130000C,(04)23289100,(04)25368667
6991,2023,03,18,17,30,臺中市,潭子區,0,0,0,8,,,40,,,,,,,,,,,,,,,16,"  ","  ","  ","  ",B03,"  ","  ",1,"  ",2,"  ","  ",16,16,1,22,"  ",B03,120.696555,24.201,3,66000,387130000C,(04)23289100,(04)25368667
6992,2023,03,18,17,30,臺中市,沙鹿區,0,0,0,8,,,50,,,,,,,,,,,,,,,12,"  ","  ","  ","  ",B03,"  ","  ",1,"  ",2,"  ","  ",12,"   ",1,20,"  ",B03,120.563124,24.237496,3,66000,387130000C,(04)23289100,(04)25368667
6993,2023,03,18,17,34,臺中市,東區,0,0,0,,,,40,,,,,,,,,,,,,,,25,"  ","  ","  ","  ",F03,"  ","  ","  ","  ","  ","  ","  ",25,"   ",1,22,"  ",F03,120.708419,24.141717,3,66000,387130000C,(04)23289100,(04)25368667
6994,2023,03,18,17,35,臺中市,東區,0,0,0,8,,,40,,,,,,,,,,,,,,,67,"  ","  ","  ","  ","   ","  ","  ","  ","  ","  ","  ","  ",67,"   ",1,"  ","  ","   ",120.699586,24.14971,3,66000,387130000C,(04)23289100,(04)25368667
6995,2023,03,18,17,38,臺中市,南區,0,1,0,8,2,5,50,3,1,1,5,4,5,7,1,1,10,5,5,2,16,6,3,10,1,1,B03,7,5,1,8,2,6,"  ",6,6,1,22,8,B03,120.657585,24.124615,2,66000,387130000C,(04)23289100,(04)25368667
6996,2023,03,18,17,44,臺中市,清水區,0,1,0,8,1,5,50,3,2,1,5,4,5,7,4,4,4,3,4,1,16,26,2,9,1,1,C03,7,1,1,10,2,12,"  ",26,26,1,21,8,C03,120.568304,24.272179,2,66000,387130000C,(04)23289100,(04)25368667
6997,2023,03,18,17,44,臺中市,東勢區,0,0,0,8,,,60,,,,,,,,,,,,,,,18,"  ","  ","  ","  ",B03,"  ","  ",1,"  ",1,"  ","  ",18,"   ",1,22,"  ",B03,120.825527,24.255119,3,66000,387130000C,(04)23289100,(04)25368667
6998,2023,03,18,17,45,臺中市,大里區,0,0,0,8,,,50,,,,,,,,,,,,,,,19,"  ","  ","  ","  ",B03,"  ","  ",1,"  ",2,"  ","  ",19,"   ",1,22,"  ",B03,120.692094,24.10944,3,66000,387130000C,(04)23289100,(04)25368667
6999,2023,03,18,17,45,臺中市,清水區,0,0,0,,,,50,,,,,,,,,,,,,,,6,"  ","  ","  ","  ",B03,"  ","  ",1,"  ",2,"  ","  ",6,6,1,5,"  ",B03,120.585001,24.302528,3,66000,387130000C,(04)23289100,(04)25368667
7000,2023,03,18,17,45,臺中市,豐原區,0,0,0,8,,,50,,,,,,,,,,,,,,,23,"  ","  ","  ","  ",B12,"  ","  ",1,"  ",2,"  ","  ",23,"   ",1,22,"  ",B12,120.726256,24.2599,3,66000,387130000C,(04)23289100,(04)25368667
7001,2023,03,18,17,47,臺中市,南區,0,1,0,8,1,5,40,14,8,1,5,4,5,7,4,4,1,4,4,2,12,1,3,10,1,1,C03,7,4,1,10,2,13,"  ",1,1,1,18,8,C03,120.683469,24.129149,2,66000,387130000C,(04)23289100,(04)25368667
7002,2023,03,18,17,48,臺中市,北屯區,0,1,0,8,1,5,50,4,1,1,5,4,5,7,1,1,10,5,5,2,16,6,3,10,1,1,B03,7,6,1,8,2,2,"  ",6,6,1,22,8,B03,120.67837,24.184174,2,66000,387130000C,(04)23289100,(04)25368667
7003,2023,03,18,17,48,臺中市,北屯區,0,0,0,8,,,50,,,,,,,,,,,,,,,23,"  ","  ","  ","  ",B03,"  ","  ",1,"  ",1,"  ","  ",23,"   ",1,5,"  ",B03,120.693,24.1649,3,66000,387130000C,(04)23289100,(04)25368667
7004,2023,03,18,17,58,臺中市,南屯區,0,0,0,8,,,50,,,,,,,,,,,,,,,4,"  ","  ","  ","  ",B03,"  ","  ",1,"  ",1,"  ","  ",4,"   ",1,22,"  ",B03,120.613455,24.139605,3,66000,387130000C,(04)23289100,(04)25368667
7005,2023,03,18,17,59,臺中市,大肚區,0,0,0,,,,30,,,,,,,,,,,,,,,23,"  ","  ","  ","  ",C03,"  ","  ",1,"  ",9,"  ","  ",23,"   ",1,8,"  ",C03,120.57638,24.17182,3,66000,387130000C,(04)23289100,(04)25368667
7006,2023,03,18,18,2,臺中市,西區,0,0,0,,,,50,,,,,,,,,,,,,,,23,"  ","  ","  ","  ",C03,"  ","  ",1,"  ",1,"  ","  ",23,"   ",2,22,"  ",C03,120.661673,24.150865,3,66000,387130000C,(04)23289100,(04)25368667
7007,2023,03,18,18,4,臺中市,西屯區,0,0,0,8,,,50,,,,,,,,,,,,,,,6,"  ","  ","  ","  ",B03,"  ","  ",1,"  ",1,"  ","  ",6,"   ",1,22,"  ",B03,120.624383,24.178531,3,66000,387130000C,(04)23289100,(04)25368667
7008,2023,03,18,18,10,臺中市,豐原區,0,0,0,8,,,50,,,,,,,,,,,,,,,19,"  ","  ","  ","  ",B03,"  ","  ",1,"  ",2,"  ","  ",19,19,1,22,"  ",B03,120.726798,24.254144,3,66000,387130000C,(04)23289100,(04)25368667
7009,2023,03,18,18,11,臺中市,西屯區,0,2,0,8,3,5,50,3,1,1,5,4,5,7,4,4,5,5,5,2,17,43,2,9,1,1,C03,7,5,1,10,2,12,"  ",43,43,1,1,9,C03,120.64537,24.172818,2,66000,387130000C,(04)23289100,(04)25368667
7010,2023,03,18,18,13,臺中市,北屯區,0,1,0,8,3,5,50,14,7,1,5,4,5,7,4,4,1,4,4,2,13,23,2,9,1,1,C03,7,9,1,10,2,11,"  ",23,23,1,5,8,C03,120.662913,24.187573,2,66000,387130000C,(04)23289100,(04)25368667
7011,2023,03,18,18,14,臺中市,東區,0,1,0,8,2,5,50,4,1,1,5,4,5,7,2,1,10,5,5,2,17,23,3,10,1,1,C03,7,15,1,10,2,12,"  ",23,23,1,21,8,C03,120.699443,24.135157,2,66000,387130000C,(04)23289100,(04)25368667
7012,2023,03,18,18,15,臺中市,北屯區,0,1,0,8,3,5,50,14,9,1,5,4,5,7,1,1,10,2,5,2,16,6,3,10,1,1,C03,7,9,1,10,2,15,"  ",23,6,1,22,8,C03,120.680215,24.175131,2,66000,387130000C,(04)23289100,(04)25368667
7013,2023,03,18,18,15,臺中市,神岡區,0,0,0,8,,,1,,,,,,,,,,,,,,,12,"  ","  ","  ","  ",F03,"  ","  ",8,"  ",1,"  ","  ",12,"   ",1,22,"  ",F03,120.657904,24.257334,3,66000,387130000C,(04)23289100,(04)25368667
7014,2023,03,18,18,30,臺中市,南區,0,1,0,8,3,5,50,4,1,1,5,4,5,7,2,1,10,5,5,2,16,6,3,10,1,1,B03,7,5,1,8,2,6,"  ",6,6,1,5,8,B03,120.684243,24.126375,2,66000,387130000C,(04)23289100,(04)25368667
7015,2023,03,18,18,34,臺中市,西屯區,0,1,0,8,1,5,30,3,1,1,5,4,5,7,4,4,1,4,5,1,17,6,3,10,1,4,B03,7,6,1,8,2,15,"  ",6,6,1,4,8,B03,120.624366,24.182356,2,66000,387130000C,(04)23289100,(04)25368667
7016,2023,03,18,18,38,臺中市,豐原區,0,2,0,8,3,5,50,4,1,1,5,4,5,7,4,4,10,5,5,2,15,6,2,9,1,1,C03,7,9,1,10,2,11,"  ",6,6,1,22,8,C03,120.703881,24.243518,2,66000,387130000C,(04)23289100,(04)25368667
7017,2023,03,18,18,39,臺中市,南屯區,0,0,0,8,,,30,,,,,,,,,,,,,,,12,"  ","  ","  ","  ",B03,"  ","  ",1,"  ",1,"  ","  ",12,12,1,22,"  ",B03,120.648054,24.138184,3,66000,387130000C,(04)23289100,(04)25368667
7018,2023,03,18,18,40,臺中市,北屯區,0,0,0,8,,,80,,,,,,,,,,,,,,,16,"  ","  ","  ","  ",B03,"  ","  ",1,"  ",2,"  ","  ",16,"   ",1,4,"  ",B03,120.718875,24.163394,3,66000,387130000C,(04)23289100,(04)25368667
7019,2023,03,18,18,41,臺中市,北屯區,0,2,0,8,3,5,50,14,9,1,5,4,5,7,4,4,1,4,5,2,13,16,2,8,1,1,C03,7,9,1,10,2,11,"  ",16,16,1,22,8,C03,120.68439,24.172028,2,66000,387130000C,(04)23289100,(04)25368667
7020,2023,03,18,18,41,臺中市,烏日區,0,1,0,8,3,5,30,3,1,1,5,4,5,7,4,4,10,5,5,2,16,6,2,9,3,4,B03,7,6,1,8,2,5,"  ",6,6,1,20,9,B03,120.622747,24.105003,2,66000,387130000C,(04)23289100,(04)25368667
7021,2023,03,18,18,44,臺中市,北區,0,0,0,8,,,50,,,,,,,,,,,,,,,19,"  ","  ","  ","  ",B03,"  ","  ",1,"  ",2,"  ","  ",19,"   ",1,22,"  ",B03,120.692721,24.161596,3,66000,387130000C,(04)23289100,(04)25368667
7022,2023,03,18,18,45,臺中市,南區,0,1,0,8,3,5,50,4,1,1,5,4,5,7,2,1,10,5,5,2,13,23,3,10,1,1,B01,7,14,1,4,2,1,"  ",23,23,1,21,8,B01,120.684285,24.130785,2,66000,387130000C,(04)23289100,(04)25368667
7023,2023,03,18,18,48,臺中市,豐原區,0,1,0,8,3,5,50,14,7,1,5,4,5,7,4,4,1,4,4,2,14,12,3,10,1,1,B03,7,2,1,8,2,3,"  ",12,12,1,22,8,B03,120.726207,24.260251,2,66000,387130000C,(04)23289100,(04)25368667
7024,2023,03,18,18,50,臺中市,大里區,0,1,0,8,3,5,50,14,8,1,5,4,5,7,4,4,5,2,5,1,17,23,2,9,1,1,C03,7,9,1,10,2,11,"  ",23,23,1,5,8,C03,120.689317,24.118188,2,66000,387130000C,(04)23289100,(04)25368667
7025,2023,03,18,18,53,臺中市,西區,0,0,0,8,1,5,50,3,1,1,5,4,5,7,4,4,5,5,5,2,12,26,"  ","  ","  ","  ",B03,"  ","  ",1,"  ",1,"  ","  ",26,"   ",1,21,"  ",B03,120.655649,24.13479,3,66000,387130000C,(04)23289100,(04)25368667
7026,2023,03,18,18,54,臺中市,太平區,0,1,0,8,3,5,50,4,4,1,5,4,5,7,1,1,5,5,5,2,13,16,3,10,1,1,C03,7,9,1,10,2,12,"  ",16,16,1,22,5,C03,120.711493,24.149872,2,66000,387130000C,(04)23289100,(04)25368667
7027,2023,03,18,18,57,臺中市,龍井區,0,0,0,8,,,50,,,,,,,,,,,,,,,23,"  ","  ","  ","  ",B03,"  ","  ",6,"  ",2,"  ","  ",23,"   ",1,21,"  ",B03,120.5,24.1,3,66000,387130000C,(04)23289100,(04)25368667
7028,2023,03,18,19,5,臺中市,潭子區,0,0,0,8,,,60,,,,,,,,,,,,,,,23,"  ","  ","  ","  ",B03,"  ","  ",1,"  ",2,"  ","  ",23,"   ",1,21,"  ",B03,120.705267,24.209873,3,66000,387130000C,(04)23289100,(04)25368667
7029,2023,03,18,19,10,臺中市,沙鹿區,0,2,0,8,3,5,50,4,1,1,5,4,5,7,1,1,10,5,5,2,16,6,3,10,1,1,B03,7,5,1,8,2,5,"  ",6,6,1,21,8,B03,120.558672,24.233539,2,66000,387130000C,(04)23289100,(04)25368667
7030,2023,03,18,19,11,臺中市,東區,0,2,0,8,3,5,50,5,1,1,5,4,5,7,2,1,10,5,5,2,16,6,3,10,1,1,B03,7,5,6,18,2,5,"  ",6,6,1,21,8,B03,120.701008,24.144601,2,66000,387130000C,(04)23289100,(04)25368667
7031,2023,03,18,19,12,臺中市,龍井區,0,0,0,,,,50,,,,,,,,,,,,,,,12,"  ","  ","  ","  ",B03,"  ","  ",1,"  ",2,"  ","  ",12,"   ",1,5,"  ",B03,120.590387,24.188611,3,66000,387130000C,(04)23289100,(04)25368667
7032,2023,03,18,19,13,臺中市,東區,0,1,0,8,3,5,50,3,1,1,5,4,5,7,1,1,10,5,5,2,16,6,3,10,1,1,B03,7,6,1,8,2,5,"  ",6,6,1,22,8,B03,120.696008,24.134907,2,66000,387130000C,(04)23289100,(04)25368667
7033,2023,03,18,19,13,臺中市,梧棲區,0,2,0,8,3,5,50,4,1,1,5,4,5,7,1,1,10,5,5,2,16,4,2,7,1,1,C03,7,9,2,18,2,11,"  ",4,4,1,16,8,C03,120.562019,24.255752,2,66000,387130000C,(04)23289100,(04)25368667
7034,2023,03,18,19,16,臺中市,太平區,0,1,0,8,3,5,50,14,9,1,5,4,5,7,4,4,5,5,5,2,18,23,2,9,1,1,C03,7,9,1,10,2,12,"  ",23,23,1,21,8,C03,120.712678,24.142986,2,66000,387130000C,(04)23289100,(04)25368667
7035,2023,03,18,19,25,臺中市,大里區,0,0,0,8,,,50,,,,,,,,,,,,,,,44,"  ","  ","  ","  ",B03,"  ","  ",1,"  ",2,"  ","  ",44,"   ",1,22,"  ",B03,120.712216,24.093867,3,66000,387130000C,(04)23289100,(04)25368667
7036,2023,03,18,19,26,臺中市,北區,0,2,0,8,3,5,50,5,2,1,5,4,5,7,2,1,5,4,4,1,16,26,3,10,3,4,B03,7,6,1,8,2,6,"  ",9,26,1,22,9,B03,120.686252,24.15482,2,66000,387130000C,(04)23289100,(04)25368667
7037,2023,03,18,19,28,臺中市,北屯區,0,0,0,8,,,50,,,,,,,,,,,,,,,7,"  ","  ","  ","  ",B03,"  ","  ",1,"  ",1,"  ","  ",7,7,1,22,"  ",B03,120.73042,24.177167,3,66000,387130000C,(04)23289100,(04)25368667
7038,2023,03,18,19,30,臺中市,北屯區,0,0,0,8,,,30,,,,,,,,,,,,,,,12,"  ","  ","  ","  ",B03,"  ","  ",1,"  ",1,"  ","  ",12,"   ",1,22,"  ",B03,120.737392,24.174869,3,66000,387130000C,(04)23289100,(04)25368667
7039,2023,03,18,19,31,臺中市,東區,0,1,0,8,3,5,50,5,1,1,5,4,5,7,1,1,10,5,5,2,15,25,4,11,1,1,C03,7,9,1,10,2,11,"  ",25,25,1,5,8,C03,120.689144,24.136986,2,66000,387130000C,(04)23289100,(04)25368667
7040,2023,03,18,19,32,臺中市,北區,0,1,0,8,3,5,30,14,9,1,5,4,5,7,4,4,10,5,5,2,17,23,2,9,1,1,C03,7,9,1,10,2,12,"  ",23,23,1,22,8,C03,120.677711,24.162703,2,66000,387130000C,(04)23289100,(04)25368667
7041,2023,03,18,19,33,臺中市,太平區,0,2,0,8,3,5,50,3,1,1,5,4,5,7,4,4,10,5,5,2,16,27,2,9,1,1,C03,7,5,1,10,2,11,"  ",27,27,1,22,5,C03,120.723826,24.117294,2,66000,387130000C,(04)23289100,(04)25368667
7042,2023,03,18,19,34,臺中市,中區,0,1,0,8,3,5,50,3,1,1,5,4,5,7,4,4,10,5,5,2,12,23,3,10,1,1,B01,7,6,1,8,2,5,"  ",23,23,1,22,9,B01,120.686084,24.138188,2,66000,387130000C,(04)23289100,(04)25368667
7043,2023,03,18,19,34,臺中市,龍井區,0,1,0,8,3,5,30,4,1,1,5,4,5,7,4,4,10,5,5,2,15,23,2,9,1,1,C03,7,9,1,10,2,11,"  ",23,23,1,3,8,C03,120.586401,24.180814,2,66000,387130000C,(04)23289100,(04)25368667
7044,2023,03,18,19,37,臺中市,西屯區,0,0,0,8,,,30,,,,,,,,,,,,,,,42,"  ","  ","  ","  ",B03,"  ","  ",1,"  ",2,"  ","  ",42,"   ",1,22,"  ",B03,120.651935,24.190061,3,66000,387130000C,(04)23289100,(04)25368667
7045,2023,03,18,19,39,臺中市,西屯區,0,0,0,8,,,50,,,,,,,,,,,,,,,23,"  ","  ","  ","  ",B03,"  ","  ",1,"  ",1,"  ","  ",23,"   ",1,22,"  ",B03,120.635273,24.17175,3,66000,387130000C,(04)23289100,(04)25368667
7046,2023,03,18,19,45,臺中市,北屯區,0,0,0,8,,,50,,,,,,,,,,,,,,,12,"  ","  ","  ","  ",B03,"  ","  ",1,"  ",1,"  ","  ",12,"   ",1,5,"  ",B03,120.708893,24.165566,3,66000,387130000C,(04)23289100,(04)25368667
7047,2023,03,18,19,45,臺中市,北屯區,0,0,0,8,,,50,,,,,,,,,,,,,,,23,"  ","  ","  ","  ",C03,"  ","  ",1,"  ",2,"  ","  ",23,"   ",1,22,"  ",C03,120.697745,24.170349,3,66000,387130000C,(04)23289100,(04)25368667
7048,2023,03,18,19,46,臺中市,南區,0,0,0,8,,,50,,,,,,,,,,,,,,,7,"  ","  ","  ","  ",B03,"  ","  ",1,"  ",2,"  ","  ",7,"   ",1,22,"  ",B03,120.679441,24.123036,3,66000,387130000C,(04)23289100,(04)25368667