序號,年,月,日,時,分,縣市,區,死亡數量,受傷數量,2-30,天候,光線,道路類別,速限_速度(公里),道路型態,事故位置,路面鋪裝,路面狀態,路面缺陷,障礙物,視距,號誌種類,號誌動作,分向設施,快車道或一般車道間,快慢車道間,路面邊線,事故類型及型態,主要肇因,受傷程度,主要傷處,保護裝備,行動電話,當事者區分,車輛用途,當事者行動狀態,駕駛資格情形,駕駛執照種類,飲酒情形,車輛撞擊部位最初,車輛撞擊部位其他,肇事因素個別,肇事因素主要,肇事逃逸,職業,旅次目的,車種,GPS座標X,GPS座標Y,事故類別,縣市別代碼,機關代碼,市話,傳真
7049,2023,03,18,19,47,臺中市,潭子區,0,1,0,8,3,5,40,14,8,1,5,4,5,7,4,4,1,4,4,2,18,43,2,9,1,1,C03,7,9,1,10,2,14,"  ",43,43,1,22,8,C03,120.686831,24.206549,2,66000,387130000C,(04)23289100,(04)25368667
7050,2023,03,18,19,50,臺中市,后里區,0,1,0,8,1,5,50,14,9,1,5,4,5,7,4,4,5,4,5,1,12,23,2,7,1,1,F03,7,9,8,20,2,16,"  ",23,23,1,22,8,F03,120.688814,24.314655,2,66000,387130000C,(04)23289100,(04)25368667
7051,2023,03,18,19,56,臺中市,霧峰區,0,0,0,8,,,50,,,,,,,,,,,,,,,23,"  ","  ","  ","  ",B03,"  ","  ",1,"  ",2,"  ","  ",23,"   ",1,2,"  ",B03,120.698982,24.068129,3,66000,387130000C,(04)23289100,(04)25368667
7052,2023,03,18,20,2,臺中市,南屯區,0,0,0,8,,,40,,,,,,,,,,,,,,,23,"  ","  ","  ","  ",B12,"  ","  ",1,"  ",1,"  ","  ",23,"   ",1,5,"  ",B12,120.623381,24.150273,3,66000,387130000C,(04)23289100,(04)25368667
7053,2023,03,18,20,5,臺中市,南區,0,2,0,8,3,5,50,5,1,1,5,4,5,7,1,1,10,5,5,2,17,42,3,10,1,1,C03,7,14,1,10,2,13,"  ",42,42,1,22,8,C03,120.663275,24.125339,2,66000,387130000C,(04)23289100,(04)25368667
7054,2023,03,18,20,9,臺中市,大肚區,0,0,0,,,,30,,,,,,,,,,,,,,,17,"  ","  ","  ","  ",B03,"  ","  ",1,"  ",2,"  ","  ",17,"   ",1,5,"  ",B03,120.573842,24.166235,3,66000,387130000C,(04)23289100,(04)25368667
7055,2023,03,18,20,11,臺中市,西屯區,0,2,0,8,3,5,40,4,1,1,5,4,5,7,2,1,1,3,1,1,17,25,3,10,1,1,B03,7,5,1,8,2,1,"  ",25,25,1,1,9,B03,120.636703,24.171177,2,66000,387130000C,(04)23289100,(04)25368667
7056,2023,03,18,20,13,臺中市,北屯區,0,0,0,8,,,50,,,,,,,,,,,,,,,19,"  ","  ","  ","  ",C03,"  ","  ",1,"  ",1,"  ","  ",19,"   ",1,22,"  ",C03,120.696122,24.167847,3,66000,387130000C,(04)23289100,(04)25368667
7057,2023,03,18,20,23,臺中市,梧棲區,0,1,0,8,1,5,50,4,1,1,5,4,5,7,4,4,10,5,5,2,16,10,3,10,1,1,B03,7,11,1,8,2,8,"  ",10,10,1,5,8,B03,120.541059,24.256364,2,66000,387130000C,(04)23289100,(04)25368667
7058,2023,03,18,20,25,臺中市,北區,0,2,0,8,3,5,50,4,1,1,5,4,5,7,2,1,10,5,5,2,11,4,2,8,1,1,C03,7,5,1,10,2,12,"  ",4,4,1,5,8,C03,120.664836,24.164748,2,66000,387130000C,(04)23289100,(04)25368667
7059,2023,03,18,20,25,臺中市,太平區,0,1,0,8,3,5,50,14,9,1,5,4,5,7,4,4,5,5,5,2,18,23,2,9,1,1,C03,7,9,1,10,2,12,"  ",23,23,1,21,8,C03,120.704441,24.155001,2,66000,387130000C,(04)23289100,(04)25368667
7060,2023,03,18,20,27,臺中市,大里區,0,0,0,8,,,50,,,,,,,,,,,,,,,19,"  ","  ","  ","  ",B03,"  ","  ",1,"  ",2,"  ","  ",19,"   ",1,22,"  ",B03,120.714039,24.094149,3,66000,387130000C,(04)23289100,(04)25368667
7061,2023,03,18,20,29,臺中市,大雅區,0,1,0,8,3,5,50,4,1,1,5,4,5,7,2,1,1,4,5,1,16,23,2,9,1,1,C03,7,9,1,10,2,11,"  ",23,23,1,22,8,C03,120.666047,24.216786,2,66000,387130000C,(04)23289100,(04)25368667
7062,2023,03,18,20,30,臺中市,南屯區,0,0,0,8,3,5,50,14,9,1,5,4,5,7,4,4,9,5,5,2,17,67,"  ","  ","  ","  ","   ","  ","  ","  ","  ","  ","  ","  ",67,67,1,"  ","  ","   ",120.636171,24.150202,3,66000,387130000C,(04)23289100,(04)25368667
7063,2023,03,18,20,45,臺中市,大雅區,0,0,0,8,,,50,,,,,,,,,,,,,,,23,"  ","  ","  ","  ",B03,"  ","  ",1,"  ",2,"  ","  ",23,"   ",1,22,"  ",B03,120.646,24.22395,3,66000,387130000C,(04)23289100,(04)25368667
7064,2023,03,18,20,45,臺中市,大雅區,0,0,0,8,,,50,,,,,,,,,,,,,,,23,"  ","  ","  ","  ",B03,"  ","  ",6,"  ",2,"  ","  ",23,"   ",1,22,"  ",B03,120.651001,24.209852,3,66000,387130000C,(04)23289100,(04)25368667
7065,2023,03,18,20,45,臺中市,豐原區,0,0,0,8,,,50,,,,,,,,,,,,,,,12,"  ","  ","  ","  ",B03,"  ","  ",1,"  ",2,"  ","  ",12,12,1,4,"  ",B03,120.713586,24.239688,3,66000,387130000C,(04)23289100,(04)25368667
7066,2023,03,18,20,50,臺中市,大里區,0,1,0,8,3,5,30,3,1,1,5,4,5,7,4,4,10,5,5,2,16,42,2,8,1,1,C03,7,6,1,10,2,12,"  ",42,42,1,22,8,C03,120.681745,24.10037,2,66000,387130000C,(04)23289100,(04)25368667
7067,2023,03,18,20,57,臺中市,新社區,0,1,0,8,4,5,40,11,9,1,5,4,5,7,4,4,5,4,5,1,18,43,2,9,1,1,C01,7,9,1,8,2,11,14,43,43,1,22,9,C01,120.886723,24.121413,2,66000,387130000C,(04)23289100,(04)25368667
7068,2023,03,18,21,3,臺中市,北區,0,1,0,8,3,5,50,4,2,1,5,4,5,7,1,1,5,4,4,2,17,16,3,10,1,1,C03,7,9,1,10,2,11,"  ",16,16,1,22,8,C03,120.664089,24.162142,2,66000,387130000C,(04)23289100,(04)25368667
7069,2023,03,18,21,3,臺中市,東區,0,1,0,8,3,5,50,4,1,1,5,4,5,7,2,1,10,5,5,2,16,6,3,10,1,1,B01,7,6,1,4,2,5,"  ",6,6,1,10,8,B01,120.7012,24.14271,2,66000,387130000C,(04)23289100,(04)25368667
7070,2023,03,18,21,7,臺中市,潭子區,0,1,0,8,3,5,50,14,13,1,5,4,5,7,4,4,9,5,5,1,18,23,2,9,1,1,F01,7,9,8,20,6,16,"  ",23,23,1,22,8,F01,120.696599,24.224017,2,66000,387130000C,(04)23289100,(04)25368667
7071,2023,03,18,21,10,臺中市,北屯區,0,0,0,8,,,50,,,,,,,,,,,,,,,23,"  ","  ","  ","  ",B03,"  ","  ",2,"  ",1,"  ","  ",23,"   ",1,4,"  ",B03,120.721831,24.18194,3,66000,387130000C,(04)23289100,(04)25368667
7072,2023,03,18,21,14,臺中市,南屯區,0,1,0,8,3,5,50,4,1,1,5,4,5,7,1,1,10,5,5,2,16,6,3,10,1,1,B03,7,5,1,8,2,6,"  ",6,6,1,20,8,B03,120.644006,24.14677,2,66000,387130000C,(04)23289100,(04)25368667
7073,2023,03,18,21,18,臺中市,北區,0,0,0,,,,50,,,,,,,,,,,,,,,12,"  ","  ","  ","  ",B03,"  ","  ",1,"  ",2,"  ","  ",12,"   ",1,22,"  ",B03,120.675469,24.160437,3,66000,387130000C,(04)23289100,(04)25368667
7074,2023,03,18,21,18,臺中市,西屯區,0,1,0,8,3,5,40,4,1,1,5,4,5,7,1,1,10,5,5,2,17,6,3,10,3,4,B03,7,6,1,8,2,7,"  ",6,6,1,22,9,B03,120.630838,24.162441,2,66000,387130000C,(04)23289100,(04)25368667
7075,2023,03,18,21,20,臺中市,龍井區,0,0,0,,,,40,,,,,,,,,,,,,,,6,"  ","  ","  ","  ",B03,"  ","  ",1,"  ",1,"  ","  ",6,"   ",1,18,"  ",B03,120.576997,24.177351,3,66000,387130000C,(04)23289100,(04)25368667
7076,2023,03,18,21,21,臺中市,西屯區,0,0,0,8,,,40,,,,,,,,,,,,,,,12,"  ","  ","  ","  ",B01,"  ","  ",1,"  ",1,"  ","  ",12,"   ",1,22,"  ",B01,120.657322,24.157413,3,66000,387130000C,(04)23289100,(04)25368667
7077,2023,03,18,21,24,臺中市,豐原區,0,2,0,8,3,5,50,3,1,1,5,4,5,7,4,4,4,3,5,2,8,60,2,1,4,1,H01,8,17,8,20,10,16,"  ",60,51,1,22,8,H01,120.722494,24.23732,2,66000,387130000C,(04)23289100,(04)25368667
7078,2023,03,18,21,26,臺中市,北區,0,2,0,8,3,5,50,14,9,1,5,4,5,7,1,1,5,5,5,2,13,23,2,9,1,5,H02,7,20,8,20,10,16,"  ",67,23,1,22,8,H02,120.677811,24.149814,2,66000,387130000C,(04)23289100,(04)25368667
7079,2023,03,18,21,40,臺中市,北屯區,0,1,0,8,3,5,50,3,1,1,5,4,5,7,4,4,10,5,5,2,16,6,3,10,1,1,B03,7,6,1,8,2,2,"  ",6,6,1,22,8,B03,120.766284,24.197175,2,66000,387130000C,(04)23289100,(04)25368667
7080,2023,03,18,21,41,臺中市,南屯區,0,0,0,8,3,5,50,14,7,1,5,4,5,7,1,1,3,2,4,2,13,23,"  ","  ","  ","  ",C03,"  ","  ",1,"  ",1,"  ","  ",23,"   ",1,5,"  ",C03,120.623189,24.140547,3,66000,387130000C,(04)23289100,(04)25368667
7081,2023,03,18,21,56,臺中市,西屯區,0,0,0,8,,,50,,,,,,,,,,,,,,,16,"  ","  ","  ","  ",C03,"  ","  ",1,"  ",1,"  ","  ",16,"   ",1,4,"  ",C03,120.666916,24.175035,3,66000,387130000C,(04)23289100,(04)25368667
7082,2023,03,18,21,56,臺中市,大甲區,0,1,0,8,3,5,50,4,1,1,5,4,5,7,2,1,10,5,5,2,15,25,2,9,1,1,C03,7,9,1,10,2,11,"  ",25,25,1,22,9,C03,120.626845,24.340395,2,66000,387130000C,(04)23289100,(04)25368667
7083,2023,03,18,21,57,臺中市,大里區,0,0,0,8,,,50,,,,,,,,,,,,,,,19,"  ","  ","  ","  ",C03,"  ","  ",2,"  ",2,"  ","  ",19,19,1,22,"  ",C03,120.699976,24.093992,3,66000,387130000C,(04)23289100,(04)25368667
7084,2023,03,18,21,59,臺中市,龍井區,0,1,0,8,3,5,50,3,1,1,5,4,5,7,4,4,9,5,5,2,16,23,3,10,1,1,B03,7,5,1,8,2,8,"  ",6,23,1,21,8,B03,120.591063,24.180911,2,66000,387130000C,(04)23289100,(04)25368667
7085,2023,03,18,22,3,臺中市,北區,0,0,0,8,,,50,,,,,,,,,,,,,,,6,"  ","  ","  ","  ",B03,"  ","  ",1,"  ",2,"  ","  ",6,"   ",1,22,"  ",B03,120.671321,24.163188,3,66000,387130000C,(04)23289100,(04)25368667
7086,2023,03,18,22,7,臺中市,北屯區,0,2,0,8,3,5,40,14,9,1,5,4,5,7,4,4,10,5,5,2,17,19,2,9,1,1,C03,7,1,1,10,2,14,"  ",19,19,1,4,8,C03,120.661575,24.187808,2,66000,387130000C,(04)23289100,(04)25368667
7087,2023,03,18,22,15,臺中市,北屯區,0,0,0,8,,,40,,,,,,,,,,,,,,,23,"  ","  ","  ","  ",B03,"  ","  ",1,"  ",1,"  ","  ",23,"   ",1,22,"  ",B03,120.719391,24.163138,3,66000,387130000C,(04)23289100,(04)25368667
7088,2023,03,18,22,15,臺中市,大甲區,0,2,0,8,3,5,50,11,13,1,5,4,5,7,4,4,9,5,5,2,17,23,2,9,1,1,C03,7,9,3,18,2,12,"  ",23,23,1,22,1,C03,120.625779,24.342527,2,66000,387130000C,(04)23289100,(04)25368667
7089,2023,03,18,22,23,臺中市,北屯區,0,1,0,8,3,5,50,14,9,1,5,4,5,7,4,4,5,4,5,2,18,43,2,9,1,1,C03,7,9,1,10,2,14,"  ",43,43,1,22,1,C03,120.703727,24.169606,2,66000,387130000C,(04)23289100,(04)25368667
7090,2023,03,18,22,27,臺中市,豐原區,0,0,0,8,,,50,,,,,,,,,,,,,,,7,"  ","  ","  ","  ",B03,"  ","  ",1,"  ",2,"  ","  ",7,"   ",1,22,"  ",B03,120.721306,24.270245,3,66000,387130000C,(04)23289100,(04)25368667
7091,2023,03,18,22,30,臺中市,西屯區,0,1,0,8,3,5,50,4,2,1,5,4,5,7,1,1,10,5,5,2,19,42,2,9,1,4,C03,7,9,1,10,2,11,"  ",42,42,1,22,8,C03,120.643203,24.194025,2,66000,387130000C,(04)23289100,(04)25368667
7092,2023,03,18,22,44,臺中市,西屯區,0,1,0,8,3,5,50,14,8,1,5,4,5,7,4,4,1,4,5,2,17,23,2,9,3,4,C03,7,9,1,10,2,11,"  ",23,23,1,22,9,C03,120.648018,24.163949,2,66000,387130000C,(04)23289100,(04)25368667
7093,2023,03,18,23,3,臺中市,北區,0,2,0,8,1,5,50,14,8,1,5,4,5,7,4,4,5,4,5,2,2,23,2,9,3,4,C03,7,9,1,10,2,11,"  ",23,23,1,22,9,C03,120.6868,24.145516,2,66000,387130000C,(04)23289100,(04)25368667
7094,2023,03,18,23,9,臺中市,東區,0,2,0,8,3,5,50,4,1,1,5,4,5,7,2,1,10,5,5,2,17,25,3,10,1,1,B03,7,5,1,8,2,8,"  ",25,25,1,21,8,B03,120.7012,24.14271,2,66000,387130000C,(04)23289100,(04)25368667
7095,2023,03,18,23,10,臺中市,北區,0,0,0,8,,,40,,,,,,,,,,,,,,,23,"  ","  ","  ","  ","   ","  ","  ","  ","  ","  ","  ","  ",23,23,1,"  ","  ","   ",120.688475,24.146516,3,66000,387130000C,(04)23289100,(04)25368667
7096,2023,03,18,23,12,臺中市,北區,0,2,0,8,3,5,50,4,1,1,5,4,5,7,3,1,10,5,5,2,15,6,2,9,1,1,C03,7,9,1,10,2,12,"  ",6,6,1,22,9,C03,120.666513,24.154728,2,66000,387130000C,(04)23289100,(04)25368667
7097,2023,03,18,23,13,臺中市,西屯區,0,0,0,8,,,30,,,,,,,,,,,,,,,6,"  ","  ","  ","  ",B03,"  ","  ",1,"  ",1,"  ","  ",6,"   ",1,4,"  ",B03,120.594905,24.193712,3,66000,387130000C,(04)23289100,(04)25368667
7098,2023,03,18,23,21,臺中市,沙鹿區,0,1,0,7,3,5,40,4,1,1,5,4,5,7,1,1,10,5,5,2,16,6,3,10,1,1,B12,7,6,1,8,2,6,"  ",6,6,1,22,1,B12,120.574295,24.229982,2,66000,387130000C,(04)23289100,(04)25368667
7099,2023,03,18,23,30,臺中市,太平區,0,0,0,8,,,50,,,,,,,,,,,,,,,16,"  ","  ","  ","  ",C03,"  ","  ",1,"  ",9,"  ","  ",16,"   ",1,22,"  ",C03,120.716327,24.118743,3,66000,387130000C,(04)23289100,(04)25368667
7100,2023,03,18,23,50,臺中市,外埔區,0,0,0,,,,50,,,,,,,,,,,,,,,23,"  ","  ","  ","  ",B03,"  ","  ",1,"  ",2,"  ","  ",23,"   ",1,22,"  ",B03,120.629259,24.345142,3,66000,387130000C,(04)23289100,(04)25368667
7101,2023,03,18,23,52,臺中市,西屯區,0,0,0,8,,,60,,,,,,,,,,,,,,,42,"  ","  ","  ","  ",B03,"  ","  ",1,"  ",2,"  ","  ",42,"   ",1,22,"  ",B03,120.641076,24.167898,3,66000,387130000C,(04)23289100,(04)25368667
7102,2023,03,18,23,54,臺中市,大里區,0,2,0,8,3,5,50,3,2,1,5,4,5,7,4,4,10,5,5,1,29,67,"  ","  ","  ","  ","   ","  ","  ","  ","  ","  ","  ","  ",67,67,1,"  ","  ","   ",120.671888,24.11495,2,66000,387130000C,(04)23289100,(04)25368667
7103,2023,03,19,0,15,臺中市,西屯區,0,0,0,8,,,40,,,,,,,,,,,,,,,12,"  ","  ","  ","  ",B03,"  ","  ",1,"  ",1,"  ","  ",12,"   ",1,4,"  ",B03,120.638279,24.169403,3,66000,387130000C,(04)23289100,(04)25368667
7104,2023,03,19,0,22,臺中市,沙鹿區,0,0,0,8,,,50,,,,,,,,,,,,,,,6,"  ","  ","  ","  ",B03,"  ","  ",1,"  ",2,"  ","  ",6,"   ",1,20,"  ",B03,120.564993,24.212002,3,66000,387130000C,(04)23289100,(04)25368667
7105,2023,03,19,0,24,臺中市,北屯區,0,0,0,8,,,50,,,,,,,,,,,,,,,26,"  ","  ","  ","  ",B03,"  ","  ",1,"  ",11,"  ","  ",26,"   ",1,21,"  ",B03,120.698325,24.166991,3,66000,387130000C,(04)23289100,(04)25368667
7106,2023,03,19,0,39,臺中市,南屯區,0,0,0,8,3,5,50,14,8,1,5,4,5,7,4,4,1,4,5,2,13,23,"  ","  ","  ","  ",C03,"  ","  ",1,"  ",2,"  ","  ",23,"   ",1,5,"  ",C03,120.622645,24.148911,3,66000,387130000C,(04)23289100,(04)25368667
7107,2023,03,19,0,45,臺中市,中區,0,0,0,8,,,50,,,,,,,,,,,,,,,23,"  ","  ","  ","  ",B03,"  ","  ",1,"  ",11,"  ","  ",23,"   ",1,5,"  ",B03,120.683843,24.141839,3,66000,387130000C,(04)23289100,(04)25368667
7108,2023,03,19,0,56,臺中市,西屯區,0,1,0,8,1,5,50,14,8,1,5,4,5,7,4,4,5,4,4,2,16,23,3,10,1,1,C03,7,9,1,10,2,12,"  ",23,23,1,4,8,C03,120.645118,24.17201,2,66000,387130000C,(04)23289100,(04)25368667
7109,2023,03,19,1,12,臺中市,東區,0,1,0,7,3,5,50,4,1,1,5,4,5,7,1,1,10,5,5,2,24,23,2,9,1,1,C03,7,9,1,10,2,11,"  ",23,23,1,22,9,C03,120.689095,24.142965,2,66000,387130000C,(04)23289100,(04)25368667
7110,2023,03,19,1,35,臺中市,西屯區,0,0,0,8,,,50,,,,,,,,,,,,,,,42,"  ","  ","  ","  ",B03,"  ","  ",1,"  ",2,"  ","  ",42,"   ",1,22,"  ",B03,120.63748,24.178803,3,66000,387130000C,(04)23289100,(04)25368667
7111,2023,03,19,1,38,臺中市,新社區,0,0,0,8,,,40,,,,,,,,,,,,,,,44,,,,,,,,,,,,,,,,,,,120.847725,24.158646,3,66000,387130000C,(04)23289100,(04)25368667
7112,2023,03,19,1,55,臺中市,南區,0,2,0,8,3,5,50,4,1,1,5,4,5,7,3,1,10,5,5,2,15,6,3,10,1,1,B02,7,9,1,8,2,5,"  ",6,6,1,22,8,B02,120.657822,24.116516,2,66000,387130000C,(04)23289100,(04)25368667
7113,2023,03,19,3,26,臺中市,太平區,0,1,0,8,3,5,50,14,9,1,5,4,5,7,4,4,9,5,5,2,17,23,2,9,3,4,C03,7,9,1,10,2,11,"  ",23,23,1,9,8,C03,120.714521,24.159637,2,66000,387130000C,(04)23289100,(04)25368667
7114,2023,03,19,3,54,臺中市,南屯區,0,0,0,8,,,1,,,,,,,,,,,,,,,12,"  ","  ","  ","  ",B02,"  ","  ",1,"  ",11,"  ","  ",12,"   ",1,5,"  ",B02,120.622645,24.148911,3,66000,387130000C,(04)23289100,(04)25368667
7115,2023,03,19,5,19,臺中市,太平區,0,3,0,8,1,5,50,14,9,1,5,4,5,7,4,4,5,5,5,2,18,23,2,9,1,1,B12,7,9,1,8,2,1,"  ",23,23,1,21,8,B12,120.816621,24.069626,2,66000,387130000C,(04)23289100,(04)25368667
7116,2023,03,19,6,30,臺中市,新社區,0,0,0,8,,,50,,,,,,,,,,,,,,,23,"  ","  ","  ","  ",B12,"  ","  ",1,"  ",2,"  ","  ",23,"   ",1,5,"  ",B12,120.808033,24.243477,3,66000,387130000C,(04)23289100,(04)25368667
7117,2023,03,19,6,42,臺中市,西屯區,0,0,0,8,,,50,,,,,,,,,,,,,,,23,"  ","  ","  ","  ",B03,"  ","  ",1,"  ",1,"  ","  ",23,"   ",1,22,"  ",B03,120.587643,24.175716,3,66000,387130000C,(04)23289100,(04)25368667
7118,2023,03,19,6,43,臺中市,北屯區,0,1,0,8,1,5,50,5,1,1,5,4,5,7,1,1,10,5,5,2,16,23,2,9,1,1,C03,7,9,1,10,2,15,"  ",23,23,1,21,8,C03,120.68624,24.188258,2,66000,387130000C,(04)23289100,(04)25368667
7119,2023,03,19,6,45,臺中市,太平區,0,1,0,8,1,5,50,14,9,1,5,4,5,7,4,4,5,5,5,2,12,22,3,10,1,1,B03,7,13,1,8,11,7,"  ",44,22,1,22,8,B03,120.715585,24.144476,2,66000,387130000C,(04)23289100,(04)25368667
7120,2023,03,19,6,56,臺中市,北屯區,0,1,0,8,1,5,30,14,9,1,5,4,5,7,4,4,10,5,5,2,16,19,3,10,1,1,B03,7,1,6,18,2,1,"  ",19,19,1,21,8,B03,120.699816,24.17958,2,66000,387130000C,(04)23289100,(04)25368667
7121,2023,03,19,6,58,臺中市,西屯區,0,0,0,8,,,50,,,,,,,,,,,,,,,10,"  ","  ","  ","  ",A05,"  ","  ",1,"  ",2,"  ","  ",10,10,1,4,"  ",A05,120.657417,24.196719,3,66000,387130000C,(04)23289100,(04)25368667
7122,2023,03,19,7,6,臺中市,神岡區,0,0,0,8,,,50,,,,,,,,,,,,,,,12,"  ","  ","  ","  ",B03,"  ","  ",1,"  ",2,"  ","  ",12,"   ",1,22,"  ",B03,120.655157,24.279761,3,66000,387130000C,(04)23289100,(04)25368667
7123,2023,03,19,7,10,臺中市,大甲區,0,0,0,8,1,5,15,1,2,1,5,4,5,7,1,1,4,5,5,1,13,23,3,10,"  ",1,B03,7,9,1,8,6,1,"  ",23,23,1,22,8,B03,120.657113,24.38093,3,66000,387130000C,(04)23289100,(04)25368667
7124,2023,03,19,7,24,臺中市,西區,0,0,0,8,,,50,,,,,,,,,,,,,,,6,"  ","  ","  ","  ",B12,"  ","  ",1,"  ",1,"  ","  ",6,"   ",1,9,"  ",B12,120.669844,24.141177,3,66000,387130000C,(04)23289100,(04)25368667
7125,2023,03,19,7,35,臺中市,梧棲區,0,3,0,8,1,5,50,3,2,1,5,4,5,7,4,4,10,5,5,2,16,4,2,1,1,1,B03,7,5,1,8,2,5,"  ",4,4,1,9,1,B03,120.539684,24.243174,2,66000,387130000C,(04)23289100,(04)25368667
7126,2023,03,19,7,39,臺中市,西屯區,0,2,0,8,1,5,50,4,1,1,5,4,5,7,2,1,10,5,5,2,16,8,2,9,3,4,C03,7,5,1,10,2,11,"  ",8,8,1,22,8,C03,120.655938,24.165527,2,66000,387130000C,(04)23289100,(04)25368667
7127,2023,03,19,7,48,臺中市,清水區,0,1,0,8,1,5,60,14,7,1,5,4,5,7,2,1,1,4,4,1,13,23,2,9,1,1,B03,7,9,1,8,2,1,"  ",23,23,1,21,8,B03,120.56747,24.269976,2,66000,387130000C,(04)23289100,(04)25368667
7128,2023,03,19,7,54,臺中市,西屯區,0,2,0,8,1,5,50,3,1,1,5,4,5,7,1,1,10,5,5,2,16,8,2,9,1,1,C03,7,5,1,10,2,12,"  ",8,8,1,19,8,C03,120.648985,24.168268,2,66000,387130000C,(04)23289100,(04)25368667
7129,2023,03,19,8,2,臺中市,西屯區,0,0,0,8,,,50,,,,,,,,,,,,,,,23,"  ","  ","  ","  ",B03,"  ","  ",1,"  ",1,"  ","  ",23,"   ",1,22,"  ",B03,120.644716,24.178968,3,66000,387130000C,(04)23289100,(04)25368667
7130,2023,03,19,8,16,臺中市,后里區,0,0,0,,,,40,,,,,,,,,,,,,,,17,"  ","  ","  ","  ",F03,"  ","  ",8,"  ",2,"  ","  ",17,"   ",1,22,"  ",F03,120.714944,24.306847,3,66000,387130000C,(04)23289100,(04)25368667
7131,2023,03,19,8,18,臺中市,西區,0,1,0,8,1,5,50,4,1,1,5,4,5,7,4,4,10,5,5,2,18,42,2,9,1,1,C03,7,9,6,18,5,14,"  ",42,42,1,4,5,C03,120.65956,24.152536,2,66000,387130000C,(04)23289100,(04)25368667
7132,2023,03,19,8,24,臺中市,大里區,0,0,0,8,,,50,,,,,,,,,,,,,,,9,"  ","  ","  ","  ",B03,"  ","  ",1,"  ",2,"  ","  ",9,9,1,5,"  ",B03,120.689858,24.112789,3,66000,387130000C,(04)23289100,(04)25368667
7133,2023,03,19,8,24,臺中市,豐原區,0,0,0,8,,,50,,,,,,,,,,,,,,,25,"  ","  ","  ","  ",B03,"  ","  ",1,"  ",2,"  ","  ",25,"   ",1,22,"  ",B03,120.74766,24.266563,4,66000,387130000C,(04)23289100,(04)25368667
7134,2023,03,19,8,30,臺中市,南屯區,0,0,0,,,,50,,,,,,,,,,,,,,,17,"  ","  ","  ","  ",B12,"  ","  ",1,"  ",11,"  ","  ",17,17,1,22,"  ",B12,120.647656,24.14877,3,66000,387130000C,(04)23289100,(04)25368667
7135,2023,03,19,8,30,臺中市,大甲區,0,1,0,8,1,5,50,4,1,1,5,4,5,7,1,1,10,5,5,2,15,25,3,10,1,1,B03,7,9,1,8,2,1,"  ",25,25,1,4,8,B03,120.619324,24.370636,2,66000,387130000C,(04)23289100,(04)25368667
7136,2023,03,19,8,34,臺中市,南屯區,0,0,0,8,,,50,,,,,,,,,,,,,,,23,"  ","  ","  ","  ",B03,"  ","  ",1,"  ",2,"  ","  ",23,"   ",1,22,"  ",B03,120.634555,24.15401,3,66000,387130000C,(04)23289100,(04)25368667
7137,2023,03,19,8,40,臺中市,北區,0,2,0,8,1,5,50,14,7,1,5,4,5,7,4,4,9,4,4,2,13,23,2,9,1,1,C03,7,5,1,10,2,12,"  ",44,23,1,22,9,C03,120.689796,24.152385,2,66000,387130000C,(04)23289100,(04)25368667
7138,2023,03,19,8,43,臺中市,南屯區,0,1,0,8,1,5,50,14,8,1,5,4,5,7,4,4,5,4,4,2,16,23,2,5,1,1,C03,7,9,1,10,2,14,"  ",23,23,1,22,8,C03,120.612272,24.137737,2,66000,387130000C,(04)23289100,(04)25368667
7139,2023,03,19,8,47,臺中市,太平區,0,1,0,8,1,5,30,14,9,1,5,4,5,7,4,4,10,5,5,2,18,23,2,1,1,1,C03,7,1,1,10,2,14,"  ",23,23,1,22,8,C03,120.740157,24.158371,2,66000,387130000C,(04)23289100,(04)25368667
7140,2023,03,19,8,55,臺中市,新社區,0,2,0,8,1,5,40,11,9,1,5,4,5,1,4,4,5,3,5,1,16,42,2,9,1,1,F01,7,6,8,20,2,16,"  ",42,42,1,22,6,F01,120.831474,24.169329,2,66000,387130000C,(04)23289100,(04)25368667
7141,2023,03,19,8,59,臺中市,中區,0,2,0,8,1,5,50,4,1,1,5,4,5,7,1,1,10,5,5,2,16,6,3,10,1,1,B03,7,5,1,8,2,5,"  ",6,6,1,21,8,B03,120.677642,24.144083,2,66000,387130000C,(04)23289100,(04)25368667
7142,2023,03,19,9,5,臺中市,西屯區,0,0,0,,,,50,,,,,,,,,,,,,,,12,"  ","  ","  ","  ",B03,"  ","  ",1,"  ",1,"  ","  ",12,"   ",1,22,"  ",B03,120.651265,24.166439,3,66000,387130000C,(04)23289100,(04)25368667
7143,2023,03,19,9,7,臺中市,西屯區,0,1,0,8,1,5,30,14,9,1,5,4,5,7,4,4,10,5,5,2,14,12,3,10,1,1,B03,7,2,1,8,1,7,"  ",12,12,1,22,8,B03,120.637683,24.179001,2,66000,387130000C,(04)23289100,(04)25368667
7144,2023,03,19,9,17,臺中市,北屯區,0,0,0,8,,,50,,,,,,,,,,,,,,,19,"  ","  ","  ","  ",B03,"  ","  ",1,"  ",1,"  ","  ",19,"   ",1,5,"  ",B03,120.688451,24.165916,3,66000,387130000C,(04)23289100,(04)25368667