序號,年,月,日,時,分,縣市,區,死亡數量,受傷數量,2-30,天候,光線,道路類別,速限_速度(公里),道路型態,事故位置,路面鋪裝,路面狀態,路面缺陷,障礙物,視距,號誌種類,號誌動作,分向設施,快車道或一般車道間,快慢車道間,路面邊線,事故類型及型態,主要肇因,受傷程度,主要傷處,保護裝備,行動電話,當事者區分,車輛用途,當事者行動狀態,駕駛資格情形,駕駛執照種類,飲酒情形,車輛撞擊部位最初,車輛撞擊部位其他,肇事因素個別,肇事因素主要,肇事逃逸,職業,旅次目的,車種,GPS座標X,GPS座標Y,事故類別,縣市別代碼,機關代碼,市話,傳真
7145,2023,03,19,9,18,臺中市,東區,0,1,0,8,1,5,50,4,1,1,5,4,5,7,1,1,10,5,5,2,16,42,2,9,1,1,F02,7,15,8,20,2,16,"  ",42,42,1,22,8,F02,120.708645,24.142691,2,66000,387130000C,(04)23289100,(04)25368667
7146,2023,03,19,9,18,臺中市,南屯區,0,0,0,,,,50,,,,,,,,,,,,,,,23,"  ","  ","  ","  ",B03,"  ","  ",1,"  ",1,"  ","  ",23,"   ",1,22,"  ",B03,120.628462,24.120542,3,66000,387130000C,(04)23289100,(04)25368667
7147,2023,03,19,9,20,臺中市,烏日區,0,1,0,8,1,5,50,14,8,1,5,4,5,7,4,4,5,5,4,2,16,23,2,9,1,1,C03,7,9,6,10,4,12,"  ",23,23,1,21,8,C03,120.633979,24.107259,2,66000,387130000C,(04)23289100,(04)25368667
7148,2023,03,19,9,21,臺中市,中區,0,2,0,8,1,5,50,5,18,1,5,4,5,7,2,1,10,5,5,2,3,15,2,9,1,1,C03,7,5,6,10,2,11,"  ",15,15,1,22,8,C03,120.682395,24.14578,2,66000,387130000C,(04)23289100,(04)25368667
7149,2023,03,19,9,24,臺中市,北屯區,0,0,0,8,,,30,,,,,,,,,,,,,,,19,"  ","  ","  ","  ",B03,"  ","  ",1,"  ",2,"  ","  ",19,19,1,5,"  ",B03,120.725235,24.190512,3,66000,387130000C,(04)23289100,(04)25368667
7150,2023,03,19,9,26,臺中市,南屯區,0,1,0,8,1,5,50,14,9,1,5,4,5,7,4,4,4,3,5,2,9,23,3,10,4,5,H03,8,20,8,20,10,16,"  ",60,23,1,21,8,H03,120.64534,24.146856,2,66000,387130000C,(04)23289100,(04)25368667
7151,2023,03,19,9,40,臺中市,北屯區,0,0,0,8,,,50,,,,,,,,,,,,,,,23,"  ","  ","  ","  ",B03,"  ","  ",1,"  ",1,"  ","  ",23,"   ",1,22,"  ",B03,120.747683,24.195781,3,66000,387130000C,(04)23289100,(04)25368667
7152,2023,03,19,9,41,臺中市,東區,0,1,0,8,1,5,50,14,8,1,5,4,5,7,4,4,9,5,4,2,16,6,3,10,3,4,B03,7,6,1,8,2,2,"  ",6,6,1,5,8,B03,120.700251,24.140204,2,66000,387130000C,(04)23289100,(04)25368667
7153,2023,03,19,9,44,臺中市,北屯區,0,0,0,8,,,50,,,,,,,,,,,,,,,12,"  ","  ","  ","  ",B03,"  ","  ",1,"  ",1,"  ","  ",12,"   ",1,21,"  ",B03,120.687147,24.193528,3,66000,387130000C,(04)23289100,(04)25368667
7154,2023,03,19,9,45,臺中市,西屯區,0,3,0,8,1,5,40,4,1,1,5,4,5,7,1,1,10,5,5,2,13,23,2,9,1,1,C03,7,9,1,10,2,11,"  ",23,23,1,22,8,C03,120.647907,24.174153,2,66000,387130000C,(04)23289100,(04)25368667
7155,2023,03,19,9,51,臺中市,西屯區,0,2,0,8,1,5,50,3,1,1,5,4,5,7,4,4,10,5,5,2,16,6,2,7,3,4,C03,7,5,1,10,2,12,"  ",6,6,1,22,8,C03,120.644928,24.173291,2,66000,387130000C,(04)23289100,(04)25368667
7156,2023,03,19,10,1,臺中市,西屯區,0,2,0,8,1,5,50,3,1,1,5,4,5,7,4,4,10,5,5,2,13,23,2,8,1,1,C03,7,9,1,10,2,11,"  ",23,23,1,21,8,C03,120.651833,24.166763,2,66000,387130000C,(04)23289100,(04)25368667
7157,2023,03,19,10,2,臺中市,西屯區,0,0,0,8,,,50,,,,,,,,,,,,,,,12,"  ","  ","  ","  ",B03,"  ","  ",1,"  ",1,"  ","  ",12,12,1,22,"  ",B03,120.650449,24.171015,3,66000,387130000C,(04)23289100,(04)25368667
7158,2023,03,19,10,5,臺中市,西屯區,0,0,0,8,,,30,,,,,,,,,,,,,,,23,"  ","  ","  ","  ",B03,"  ","  ",1,"  ",2,"  ","  ",23,"   ",1,22,"  ",B03,120.665718,24.170541,3,66000,387130000C,(04)23289100,(04)25368667
7159,2023,03,19,10,5,臺中市,梧棲區,0,2,0,8,1,5,40,14,8,1,5,4,5,7,4,4,1,4,3,1,17,7,3,10,1,1,B03,7,7,1,8,2,2,"  ",7,7,1,9,8,B03,120.546577,24.246142,2,66000,387130000C,(04)23289100,(04)25368667
7160,2023,03,19,10,6,臺中市,北屯區,0,0,0,8,,,50,,,,,,,,,,,,,,,26,"  ","  ","  ","  ",B03,"  ","  ",1,"  ",1,"  ","  ",26,"   ",1,5,"  ",B03,120.697508,24.17048,3,66000,387130000C,(04)23289100,(04)25368667
7161,2023,03,19,10,7,臺中市,北屯區,0,1,0,8,1,5,50,3,1,1,5,4,5,7,4,4,10,5,5,2,17,6,3,10,1,1,B03,7,6,1,8,2,8,"  ",6,6,1,5,8,B03,120.720464,24.162869,2,66000,387130000C,(04)23289100,(04)25368667
7162,2023,03,19,10,12,臺中市,梧棲區,0,0,0,,,,40,,,,,,,,,,,,,,,12,"  ","  ","  ","  ",A04,"  ","  ",1,"  ",2,"  ","  ",12,"   ",1,10,"  ",A04,120.540793,24.248043,3,66000,387130000C,(04)23289100,(04)25368667
7163,2023,03,19,10,13,臺中市,南區,0,1,0,8,1,5,30,14,9,1,5,4,5,7,4,4,10,5,5,2,17,22,2,9,3,4,C03,7,9,1,10,2,11,"  ",22,22,1,5,8,C03,120.677575,24.12836,2,66000,387130000C,(04)23289100,(04)25368667
7164,2023,03,19,10,14,臺中市,大甲區,0,2,0,8,1,5,50,3,1,1,5,4,5,7,4,4,10,5,5,2,16,10,2,9,1,1,C03,7,11,1,10,2,14,"  ",10,10,1,4,8,C03,120.622615,24.345311,2,66000,387130000C,(04)23289100,(04)25368667
7165,2023,03,19,10,16,臺中市,潭子區,0,1,0,8,1,5,50,3,1,1,5,4,5,7,1,1,3,1,5,2,18,42,2,7,1,1,C03,7,5,1,10,2,14,"  ",42,42,1,22,8,C03,120.709422,24.200329,2,66000,387130000C,(04)23289100,(04)25368667
7166,2023,03,19,10,20,臺中市,龍井區,0,1,0,8,1,5,30,4,9,5,5,4,5,7,4,4,10,5,5,2,15,6,2,8,1,1,C03,7,9,1,10,2,11,"  ",6,6,1,12,8,C03,120.524835,24.204111,2,66000,387130000C,(04)23289100,(04)25368667
7167,2023,03,19,10,21,臺中市,南屯區,0,0,0,,,,50,,,,,,,,,,,,,,,9,"  ","  ","  ","  ",B03,"  ","  ",1,"  ",2,"  ","  ",9,"   ",1,22,"  ",B03,120.649964,24.132011,3,66000,387130000C,(04)23289100,(04)25368667
7168,2023,03,19,10,25,臺中市,西屯區,0,1,0,8,1,5,30,3,1,1,5,4,5,7,4,4,10,5,5,2,16,6,3,10,1,1,B03,7,5,6,8,2,1,"  ",6,6,1,22,8,B03,120.65215,24.162295,2,66000,387130000C,(04)23289100,(04)25368667
7169,2023,03,19,10,28,臺中市,西屯區,0,0,0,8,,,50,,,,,,,,,,,,,,,23,"  ","  ","  ","  ",B03,"  ","  ",1,"  ",1,"  ","  ",23,"   ",1,22,"  ",B03,120.634536,24.172491,3,66000,387130000C,(04)23289100,(04)25368667
7170,2023,03,19,10,37,臺中市,南屯區,0,0,0,8,,,50,,,,,,,,,,,,,,,12,"  ","  ","  ","  ",B03,"  ","  ",1,"  ",1,"  ","  ",12,"   ",1,19,"  ",B03,120.63318,24.144691,3,66000,387130000C,(04)23289100,(04)25368667
7171,2023,03,19,10,41,臺中市,東區,0,0,0,8,,,50,,,,,,,,,,,,,,,23,"  ","  ","  ","  ",C03,"  ","  ",1,10,9,"  ","  ",23,23,2,21,"  ",C03,120.694356,24.151438,3,66000,387130000C,(04)23289100,(04)25368667
7172,2023,03,19,10,45,臺中市,大甲區,0,0,0,8,,,50,,,,,,,,,,,,,,,10,"  ","  ","  ","  ",B12,"  ","  ",1,"  ",2,"  ","  ",10,"   ",1,22,"  ",B12,120.66707,24.391371,3,66000,387130000C,(04)23289100,(04)25368667
7173,2023,03,19,10,51,臺中市,霧峰區,0,0,0,8,,,60,,,,,,,,,,,,,,,23,"  ","  ","  ","  ",B03,"  ","  ",1,"  ",1,"  ","  ",23,"   ",1,4,"  ",B03,120.696805,24.029072,3,66000,387130000C,(04)23289100,(04)25368667
7174,2023,03,19,11,14,臺中市,東區,0,2,0,8,1,5,50,4,1,1,5,4,5,7,1,1,10,5,5,2,13,16,2,9,1,1,C03,7,9,1,10,2,14,"  ",16,16,1,22,8,C03,120.699913,24.142778,2,66000,387130000C,(04)23289100,(04)25368667
7175,2023,03,19,11,16,臺中市,南區,0,0,0,8,,,40,,,,,,,,,,,,,,,23,"  ","  ","  ","  ",B03,"  ","  ",1,8,2,"  ","  ",23,23,1,5,"  ",B03,120.704295,24.138491,3,66000,387130000C,(04)23289100,(04)25368667
7176,2023,03,19,11,18,臺中市,西區,0,0,0,8,1,5,50,4,2,1,5,4,5,7,1,1,3,4,5,2,12,7,"  ","  ","  ","  ",B03,"  ","  ",1,"  ",1,"  ","  ",7,"   ",1,22,"  ",B03,120.655135,24.150813,3,66000,387130000C,(04)23289100,(04)25368667
7177,2023,03,19,11,19,臺中市,大雅區,0,2,0,8,1,5,30,4,1,1,5,4,5,7,1,1,10,5,5,1,15,25,2,6,1,1,B03,7,9,1,8,2,6,"  ",25,25,1,22,8,B03,120.63921,24.225978,2,66000,387130000C,(04)23289100,(04)25368667
7178,2023,03,19,11,26,臺中市,大里區,0,2,0,8,1,5,50,4,1,1,5,4,5,7,1,1,1,4,4,1,16,7,3,10,1,1,B03,7,8,1,8,2,2,"  ",7,7,1,22,9,B03,120.694594,24.089307,2,66000,387130000C,(04)23289100,(04)25368667
7179,2023,03,19,11,27,臺中市,大里區,0,1,0,8,1,5,50,4,1,1,5,4,5,7,1,1,10,5,5,2,16,10,3,10,1,1,B11,7,11,1,4,2,5,"  ",10,10,1,10,4,B11,120.692653,24.119561,2,66000,387130000C,(04)23289100,(04)25368667
7180,2023,03,19,11,30,臺中市,北區,0,0,0,8,,,50,,,,,,,,,,,,,,,12,"  ","  ","  ","  ",B03,"  ","  ",1,"  ",1,"  ","  ",12,"   ",1,21,"  ",B03,120.673042,24.172115,3,66000,387130000C,(04)23289100,(04)25368667
7181,2023,03,19,11,31,臺中市,北屯區,0,0,0,8,,,50,,,,,,,,,,,,,,,6,"  ","  ","  ","  ",B03,"  ","  ",1,"  ",1,"  ","  ",6,"   ",1,22,"  ",B03,120.732316,24.17687,3,66000,387130000C,(04)23289100,(04)25368667
7182,2023,03,19,11,31,臺中市,神岡區,0,0,0,8,,,50,,,,,,,,,,,,,,,16,"  ","  ","  ","  ",C03,"  ","  ",1,"  ",2,"  ","  ",16,"   ",1,22,"  ",C03,120.695648,24.236063,3,66000,387130000C,(04)23289100,(04)25368667
7183,2023,03,19,11,32,臺中市,南屯區,0,1,0,8,1,5,50,4,1,1,5,4,5,7,2,1,1,3,5,2,16,6,3,10,1,1,B03,7,6,1,8,2,5,"  ",6,6,1,22,8,B03,120.638325,24.147405,2,66000,387130000C,(04)23289100,(04)25368667
7184,2023,03,19,11,35,臺中市,東區,0,2,0,8,1,5,50,4,1,1,5,4,5,7,2,1,10,5,5,2,13,23,2,9,1,1,C03,7,9,1,10,2,11,"  ",23,23,1,22,8,C03,120.697677,24.150822,2,66000,387130000C,(04)23289100,(04)25368667
7185,2023,03,19,11,43,臺中市,豐原區,0,0,0,8,,,50,,,,,,,,,,,,,,,23,"  ","  ","  ","  ",B03,"  ","  ",1,"  ",2,"  ","  ",23,"   ",1,22,"  ",B03,120.755888,24.274947,3,66000,387130000C,(04)23289100,(04)25368667
7186,2023,03,19,11,45,臺中市,南區,0,0,0,8,,,50,,,,,,,,,,,,,,,16,"  ","  ","  ","  ",B03,"  ","  ",1,8,1,"  ","  ",16,16,1,21,"  ",B03,120.670047,24.126452,3,66000,387130000C,(04)23289100,(04)25368667
7187,2023,03,19,11,45,臺中市,清水區,0,0,0,8,,,50,,,,,,,,,,,,,,,7,"  ","  ","  ","  ",B03,"  ","  ",1,"  ",2,"  ","  ",7,"   ",1,21,"  ",B03,120.573192,24.263324,3,66000,387130000C,(04)23289100,(04)25368667
7188,2023,03,19,11,47,臺中市,南屯區,0,2,0,8,1,5,50,3,1,1,5,4,5,7,4,4,5,5,5,2,16,10,2,8,1,1,C03,7,11,1,10,1,14,"  ",10,10,1,4,8,C03,120.648641,24.151606,2,66000,387130000C,(04)23289100,(04)25368667
7189,2023,03,19,11,50,臺中市,南屯區,0,1,0,8,1,5,50,14,9,1,5,4,5,7,4,4,9,5,5,2,17,6,3,10,1,1,C03,7,6,1,10,2,12,"  ",6,6,1,22,8,C03,120.610245,24.141319,2,66000,387130000C,(04)23289100,(04)25368667
7190,2023,03,19,11,50,臺中市,東勢區,0,1,0,8,1,5,50,11,9,1,5,4,5,7,4,4,5,5,5,2,17,42,2,8,1,1,C03,7,9,1,10,1,15,"  ",42,42,1,21,9,C03,120.828271,24.255932,2,66000,387130000C,(04)23289100,(04)25368667
7191,2023,03,19,11,52,臺中市,霧峰區,0,0,0,8,,,40,,,,,,,,,,,,,,,26,"  ","  ","  ","  ",B12,"  ","  ",1,"  ",2,"  ","  ",26,"   ",1,4,"  ",B12,120.66286,24.062088,3,66000,387130000C,(04)23289100,(04)25368667
7192,2023,03,19,11,56,臺中市,太平區,0,1,0,8,1,5,50,4,1,1,5,4,5,7,1,1,5,5,5,2,16,23,2,9,1,1,C03,7,9,1,10,2,14,"  ",23,23,1,21,8,C03,120.71185,24.144439,2,66000,387130000C,(04)23289100,(04)25368667
7193,2023,03,19,11,57,臺中市,大里區,0,0,0,8,,,50,,,,,,,,,,,,,,,19,"  ","  ","  ","  ",B03,"  ","  ",1,"  ",2,"  ","  ",19,"   ",1,22,"  ",B03,120.690126,24.108577,3,66000,387130000C,(04)23289100,(04)25368667
7194,2023,03,19,11,59,臺中市,霧峰區,0,1,0,8,1,5,30,11,9,1,5,4,5,7,4,4,10,5,5,1,11,13,2,9,1,1,C03,7,9,1,10,2,11,"  ",13,13,1,20,5,C03,120.686287,24.022667,2,66000,387130000C,(04)23289100,(04)25368667
7195,2023,03,19,12,0,臺中市,北屯區,0,1,0,8,1,5,40,14,16,1,5,4,5,7,4,4,10,5,5,1,13,23,3,10,1,1,B03,7,9,1,8,2,5,"  ",23,23,1,21,8,B03,120.721877,24.185337,2,66000,387130000C,(04)23289100,(04)25368667
7196,2023,03,19,12,1,臺中市,北區,0,0,0,8,,,50,,,,,,,,,,,,,,,23,"  ","  ","  ","  ",C03,"  ","  ",1,"  ",1,"  ","  ",23,"   ",1,21,"  ",C03,120.688039,24.151307,3,66000,387130000C,(04)23289100,(04)25368667
7197,2023,03,19,12,6,臺中市,西屯區,0,1,0,8,1,5,50,14,9,1,5,4,5,7,4,4,9,5,5,2,3,53,2,9,4,5,H01,8,16,8,20,10,16,"  ",53,53,1,22,8,H01,120.666949,24.176639,2,66000,387130000C,(04)23289100,(04)25368667
7198,2023,03,19,12,13,臺中市,潭子區,0,0,0,8,,,50,,,,,,,,,,,,,,,19,"  ","  ","  ","  ",B03,"  ","  ",1,"  ",2,"  ","  ",19,"   ",1,21,"  ",B03,120.700516,24.214011,3,66000,387130000C,(04)23289100,(04)25368667
7199,2023,03,19,12,15,臺中市,東區,0,0,0,8,,,50,,,,,,,,,,,,,,,23,"  ","  ","  ","  ",C03,"  ","  ",1,"  ",2,"  ","  ",23,"   ",1,22,"  ",C03,120.697782,24.13316,3,66000,387130000C,(04)23289100,(04)25368667
7200,2023,03,19,12,16,臺中市,北屯區,0,1,0,8,1,5,50,14,9,1,5,4,5,7,4,4,5,2,5,2,13,16,2,9,1,1,C03,7,9,1,10,2,11,"  ",16,16,1,5,8,C03,120.705595,24.169485,2,66000,387130000C,(04)23289100,(04)25368667
7201,2023,03,19,12,17,臺中市,南屯區,0,1,0,8,1,5,50,4,4,1,5,4,5,7,2,1,1,3,5,2,17,23,3,10,1,1,C03,7,9,1,10,2,12,"  ",23,23,1,22,8,C03,120.637948,24.147403,2,66000,387130000C,(04)23289100,(04)25368667
7202,2023,03,19,12,18,臺中市,北區,0,0,0,8,,,40,,,,,,,,,,,,,,,7,"  ","  ","  ","  ",B03,"  ","  ",1,"  ",2,"  ","  ",7,"   ",1,22,"  ",B03,120.678659,24.15033,3,66000,387130000C,(04)23289100,(04)25368667
7203,2023,03,19,12,32,臺中市,西屯區,0,0,0,8,,,50,,,,,,,,,,,,,,,23,"  ","  ","  ","  ",B02,"  ","  ",1,"  ",2,"  ","  ",23,"   ",1,21,"  ",B02,120.645278,24.172321,3,66000,387130000C,(04)23289100,(04)25368667
7204,2023,03,19,12,35,臺中市,西區,0,1,0,8,1,5,50,14,9,1,5,4,5,7,4,4,5,4,5,2,17,38,3,10,1,1,B03,7,14,1,8,2,8,"  ",38,38,1,22,9,B03,120.659105,24.151004,2,66000,387130000C,(04)23289100,(04)25368667
7205,2023,03,19,12,35,臺中市,沙鹿區,0,0,0,8,,,40,,,,,,,,,,,,,,,12,"  ","  ","  ","  ",B12,"  ","  ",1,"  ",2,"  ","  ",12,"   ",1,4,"  ",B12,120.578276,24.221841,3,66000,387130000C,(04)23289100,(04)25368667
7206,2023,03,19,12,37,臺中市,西屯區,0,0,0,8,,,50,,,,,,,,,,,,,,,42,"  ","  ","  ","  ",B03,"  ","  ",1,"  ",1,"  ","  ",42,"   ",1,22,"  ",B03,120.615333,24.182376,3,66000,387130000C,(04)23289100,(04)25368667
7207,2023,03,19,12,43,臺中市,神岡區,0,0,0,8,,,50,,,,,,,,,,,,,,,17,"  ","  ","  ","  ",B03,"  ","  ",1,"  ",1,"  ","  ",17,"   ",1,12,"  ",B03,120.656783,24.269302,3,66000,387130000C,(04)23289100,(04)25368667
7208,2023,03,19,12,46,臺中市,北屯區,0,0,0,8,,,40,,,,,,,,,,,,,,,43,"  ","  ","  ","  ",B03,"  ","  ",1,"  ",1,"  ","  ",43,"   ",1,22,"  ",B03,120.69561,24.170016,3,66000,387130000C,(04)23289100,(04)25368667
7209,2023,03,19,12,47,臺中市,西屯區,0,0,0,,,,50,,,,,,,,,,,,,,,16,"  ","  ","  ","  ",C03,"  ","  ",1,"  ",2,"  ","  ",16,"   ",1,22,"  ",C03,120.643548,24.170831,3,66000,387130000C,(04)23289100,(04)25368667
7210,2023,03,19,12,48,臺中市,南屯區,0,1,0,8,1,5,50,4,2,1,5,4,5,7,2,1,1,5,5,2,17,26,2,9,1,1,C03,7,9,1,10,2,14,"  ",26,26,1,22,8,C03,120.62267,24.140394,2,66000,387130000C,(04)23289100,(04)25368667
7211,2023,03,19,12,49,臺中市,豐原區,0,1,0,8,1,5,50,5,1,1,5,4,5,7,2,1,5,4,5,2,17,25,3,10,1,1,B03,7,5,1,8,2,1,"  ",25,25,1,22,7,B03,120.717948,24.251842,2,66000,387130000C,(04)23289100,(04)25368667
7212,2023,03,19,12,56,臺中市,外埔區,0,0,0,,,,50,,,,,,,,,,,,,,,23,"  ","  ","  ","  ",B03,"  ","  ",1,"  ",2,"  ","  ",23,"   ",1,22,"  ",B03,120.63767,24.341709,3,66000,387130000C,(04)23289100,(04)25368667
7213,2023,03,19,12,59,臺中市,霧峰區,0,0,0,8,1,5,30,4,1,1,5,4,5,7,3,1,5,5,5,1,15,6,"  ","  ","  ","  ",B03,"  ","  ",1,"  ",2,"  ","  ",6,"   ",1,22,"  ",B03,120.673564,24.033557,3,66000,387130000C,(04)23289100,(04)25368667
7214,2023,03,19,13,0,臺中市,西屯區,0,0,0,8,,,50,,,,,,,,,,,,,,,19,"  ","  ","  ","  ",C03,"  ","  ",1,"  ",2,"  ","  ",19,"   ",1,22,"  ",C03,120.643245,24.158528,3,66000,387130000C,(04)23289100,(04)25368667
7215,2023,03,19,13,5,臺中市,烏日區,0,0,0,8,,,50,,,,,,,,,,,,,,,23,"  ","  ","  ","  ",B03,"  ","  ",1,"  ",2,"  ","  ",23,"   ",1,5,"  ",B03,120.615496,24.10305,3,66000,387130000C,(04)23289100,(04)25368667
7216,2023,03,19,13,8,臺中市,西屯區,0,0,0,8,,,0,,,,,,,,,,,,,,,26,"  ","  ","  ","  ",B03,"  ","  ",1,"  ",2,"  ","  ",26,"   ",1,22,"  ",B03,120.60911,24.184506,3,66000,387130000C,(04)23289100,(04)25368667
7217,2023,03,19,13,9,臺中市,南屯區,0,0,0,,,,50,,,,,,,,,,,,,,,10,"  ","  ","  ","  ",B03,"  ","  ",1,"  ",2,"  ","  ",10,"   ",1,4,"  ",B03,120.637044,24.136361,3,66000,387130000C,(04)23289100,(04)25368667
7218,2023,03,19,13,15,臺中市,南屯區,0,0,0,8,,,50,,,,,,,,,,,,,,,17,"  ","  ","  ","  ",B03,"  ","  ",1,"  ",1,"  ","  ",17,"   ",1,22,"  ",B03,120.651266,24.150256,3,66000,387130000C,(04)23289100,(04)25368667
7219,2023,03,19,13,25,臺中市,西屯區,0,0,0,8,,,50,,,,,,,,,,,,,,,9,"  ","  ","  ","  ",C03,"  ","  ",3,"  ",1,"  ","  ",9,"   ",1,22,"  ",C03,120.644268,24.171377,3,66000,387130000C,(04)23289100,(04)25368667
7220,2023,03,19,13,31,臺中市,北屯區,0,1,0,8,1,5,50,4,1,1,5,4,5,7,2,1,10,5,5,2,17,26,2,9,3,4,C03,7,15,1,10,2,14,"  ",26,26,1,21,8,C03,120.671413,24.173911,2,66000,387130000C,(04)23289100,(04)25368667
7221,2023,03,19,13,31,臺中市,西屯區,0,0,0,8,,,50,,,,,,,,,,,,,,,23,"  ","  ","  ","  ",B03,"  ","  ",1,"  ",2,"  ","  ",23,"   ",1,21,"  ",B03,120.600883,24.191835,3,66000,387130000C,(04)23289100,(04)25368667
7222,2023,03,19,13,31,臺中市,豐原區,0,0,0,8,,,50,,,,,,,,,,,,,,,23,"  ","  ","  ","  ",B03,"  ","  ",1,"  ",9,"  ","  ",23,"   ",2,22,"  ",B03,120.718247,24.25533,3,66000,387130000C,(04)23289100,(04)25368667
7223,2023,03,19,13,34,臺中市,西屯區,0,2,0,8,1,5,30,3,1,1,5,4,5,7,4,4,10,5,5,2,16,6,2,9,1,4,C03,7,5,1,10,2,14,"  ",6,6,1,22,8,C03,120.653501,24.165148,2,66000,387130000C,(04)23289100,(04)25368667
7224,2023,03,19,13,37,臺中市,大里區,0,0,0,8,,,50,,,,,,,,,,,,,,,23,"  ","  ","  ","  ",B12,"  ","  ",6,"  ",2,"  ","  ",23,"   ",1,6,"  ",B12,120.692135,24.116135,3,66000,387130000C,(04)23289100,(04)25368667
7225,2023,03,19,13,38,臺中市,南屯區,0,0,0,8,,,40,,,,,,,,,,,,,,,23,"  ","  ","  ","  ",B03,"  ","  ",1,"  ",1,"  ","  ",23,"   ",1,5,"  ",B03,120.622952,24.145909,3,66000,387130000C,(04)23289100,(04)25368667
7226,2023,03,19,13,40,臺中市,南屯區,0,0,0,8,,,50,,,,,,,,,,,,,,,23,"  ","  ","  ","  ",B03,"  ","  ",1,8,1,"  ","  ",23,23,1,12,"  ",B03,120.636802,24.136257,3,66000,387130000C,(04)23289100,(04)25368667
7227,2023,03,19,13,41,臺中市,大里區,0,0,0,8,,,80,,,,,,,,,,,,,,,42,"  ","  ","  ","  ",B03,"  ","  ",1,"  ",2,"  ","  ",42,"   ",1,4,"  ",B03,120.696382,24.110285,3,66000,387130000C,(04)23289100,(04)25368667
7228,2023,03,19,13,50,臺中市,清水區,0,2,0,8,1,5,50,4,1,1,5,4,5,7,1,1,1,4,5,1,13,23,2,9,1,1,C04,7,9,1,10,2,11,"  ",23,23,1,22,8,C04,120.563091,24.263853,2,66000,387130000C,(04)23289100,(04)25368667
7229,2023,03,19,14,0,臺中市,太平區,0,1,0,8,1,5,30,14,9,1,5,4,5,7,4,4,5,5,5,1,18,13,2,9,1,1,C03,7,9,1,9,2,12,"  ",13,13,1,18,8,C03,120.817551,24.086603,2,66000,387130000C,(04)23289100,(04)25368667
7230,2023,03,19,14,2,臺中市,北屯區,0,1,0,8,1,5,50,4,1,1,5,4,5,7,2,1,10,5,5,2,16,9,3,10,1,1,B03,7,6,6,8,2,6,"  ",9,9,1,5,8,B03,120.706073,24.169425,2,66000,387130000C,(04)23289100,(04)25368667
7231,2023,03,19,14,5,臺中市,西區,0,1,0,8,1,5,50,3,1,1,5,4,5,7,4,4,10,5,5,2,17,8,3,10,1,1,B03,7,5,1,8,1,15,"  ",8,8,1,22,9,B03,120.666532,24.144252,2,66000,387130000C,(04)23289100,(04)25368667
7232,2023,03,19,14,6,臺中市,大里區,0,1,0,8,1,5,60,4,2,1,5,4,5,7,2,1,3,4,4,1,18,23,2,9,3,4,C03,7,6,1,10,2,12,"  ",23,23,1,22,9,C03,120.682386,24.100462,2,66000,387130000C,(04)23289100,(04)25368667
7233,2023,03,19,14,10,臺中市,北屯區,0,1,0,8,1,5,50,14,9,1,5,4,5,7,4,4,5,4,5,2,12,23,2,7,1,1,C03,7,9,3,18,2,12,"  ",23,23,1,5,8,C03,120.721353,24.175838,2,66000,387130000C,(04)23289100,(04)25368667
7234,2023,03,19,14,15,臺中市,南屯區,0,0,0,8,,,50,,,,,,,,,,,,,,,23,"  ","  ","  ","  ",B03,"  ","  ",1,"  ",2,"  ","  ",23,"   ",1,22,"  ",B03,120.640799,24.15466,3,66000,387130000C,(04)23289100,(04)25368667
7235,2023,03,19,14,17,臺中市,西區,0,1,0,8,1,5,50,14,9,1,5,4,5,7,4,4,10,5,5,2,17,40,3,10,1,1,B03,7,14,1,8,2,4,"  ",40,40,1,22,9,B03,120.658286,24.14352,2,66000,387130000C,(04)23289100,(04)25368667
7236,2023,03,19,14,17,臺中市,大里區,0,0,0,8,,,60,,,,,,,,,,,,,,,16,"  ","  ","  ","  ",B03,"  ","  ",1,"  ",2,"  ","  ",16,"   ",1,4,"  ",B03,120.690704,24.098029,3,66000,387130000C,(04)23289100,(04)25368667
7237,2023,03,19,14,20,臺中市,大雅區,0,1,0,8,1,5,50,4,1,1,5,4,5,7,1,1,3,4,5,1,13,23,2,9,1,1,C03,7,9,3,18,2,11,"  ",23,23,1,22,8,C03,120.63027,24.241053,2,66000,387130000C,(04)23289100,(04)25368667
7238,2023,03,19,14,29,臺中市,北屯區,0,1,0,8,1,5,50,5,1,1,5,4,5,7,1,1,10,5,5,2,17,42,3,10,3,4,B03,7,6,1,8,2,6,"  ",42,42,1,21,8,B03,120.691438,24.172708,2,66000,387130000C,(04)23289100,(04)25368667
7239,2023,03,19,14,30,臺中市,西屯區,0,1,0,8,1,5,50,14,9,1,5,4,5,7,4,4,10,4,5,2,13,16,3,10,3,4,C03,7,9,1,10,2,11,"  ",16,16,1,22,8,C03,120.649736,24.162988,2,66000,387130000C,(04)23289100,(04)25368667
7240,2023,03,19,14,32,臺中市,南屯區,0,1,0,8,1,5,50,4,1,1,5,4,5,7,1,1,10,5,5,2,16,6,3,10,1,1,B12,7,6,1,8,2,5,"  ",6,6,1,5,8,B12,120.640451,24.151241,2,66000,387130000C,(04)23289100,(04)25368667