序號,年,月,日,時,分,縣市,區,死亡數量,受傷數量,2-30,天候,光線,道路類別,速限_速度(公里),道路型態,事故位置,路面鋪裝,路面狀態,路面缺陷,障礙物,視距,號誌種類,號誌動作,分向設施,快車道或一般車道間,快慢車道間,路面邊線,事故類型及型態,主要肇因,受傷程度,主要傷處,保護裝備,行動電話,當事者區分,車輛用途,當事者行動狀態,駕駛資格情形,駕駛執照種類,飲酒情形,車輛撞擊部位最初,車輛撞擊部位其他,肇事因素個別,肇事因素主要,肇事逃逸,職業,旅次目的,車種,GPS座標X,GPS座標Y,事故類別,縣市別代碼,機關代碼,市話,傳真
7337,2023,03,19,18,50,臺中市,中區,0,0,0,,,,50,,,,,,,,,,,,,,,23,"  ","  ","  ","  ",B03,"  ","  ",1,"  ",1,"  ","  ",44,23,1,20,"  ",B03,120.677133,24.144552,3,66000,387130000C,(04)23289100,(04)25368667
7338,2023,03,19,18,50,臺中市,北屯區,0,0,0,8,,,40,,,,,,,,,,,,,,,18,"  ","  ","  ","  ",B03,"  ","  ",1,"  ",1,"  ","  ",18,"   ",1,4,"  ",B03,120.698236,24.17855,3,66000,387130000C,(04)23289100,(04)25368667
7339,2023,03,19,18,52,臺中市,西屯區,0,0,0,8,,,50,,,,,,,,,,,,,,,14,"  ","  ","  ","  ",B03,"  ","  ",1,"  ",1,"  ","  ",14,"   ",1,4,"  ",B03,120.638046,24.175661,3,66000,387130000C,(04)23289100,(04)25368667
7340,2023,03,19,18,56,臺中市,東區,0,0,0,,,,50,,,,,,,,,,,,,,,12,"  ","  ","  ","  ",B03,"  ","  ","  ","  ",2,"  ","  ",12,"   ",1,22,"  ",B03,120.697555,24.150249,3,66000,387130000C,(04)23289100,(04)25368667
7341,2023,03,19,19,0,臺中市,西區,0,2,0,8,3,5,50,4,2,1,5,4,5,7,1,1,5,4,5,2,12,7,3,10,1,1,B03,7,8,1,8,2,5,"  ",7,7,1,22,9,B03,120.668198,24.146717,2,66000,387130000C,(04)23289100,(04)25368667
7342,2023,03,19,19,5,臺中市,南區,0,0,0,,,,,,,,,,,,,,,,,,,43,"  ","  ","  ","  ","   ","  ","  ","  ","  ","  ","  ","  ",43,"   ",1,"  ","  ","   ",120.670078,24.114016,3,66000,387130000C,(04)23289100,(04)25368667
7343,2023,03,19,19,11,臺中市,大里區,0,1,0,8,1,5,50,14,7,1,5,4,5,7,4,4,5,5,4,1,18,16,2,9,1,1,C03,7,12,1,10,2,12,"  ",16,16,1,22,9,C03,120.68689,24.115388,2,66000,387130000C,(04)23289100,(04)25368667
7344,2023,03,19,19,13,臺中市,太平區,0,0,0,8,,,50,,,,,,,,,,,,,,,23,"  ","  ","  ","  ",B03,"  ","  ",1,"  ",2,"  ","  ",23,"   ",1,21,"  ",B03,120.715228,24.111136,3,66000,387130000C,(04)23289100,(04)25368667
7345,2023,03,19,19,15,臺中市,西屯區,0,1,0,8,3,5,50,4,1,1,5,4,5,7,2,1,10,5,5,2,16,6,3,10,1,1,B03,7,5,1,8,2,1,"  ",6,6,1,22,8,B03,120.664645,24.171022,2,66000,387130000C,(04)23289100,(04)25368667
7346,2023,03,19,19,17,臺中市,西屯區,0,1,0,8,3,5,40,14,8,1,5,4,5,7,4,4,1,4,3,2,24,23,2,9,1,1,C03,7,9,1,10,2,11,"  ",23,23,1,22,8,C03,120.645866,24.164451,2,66000,387130000C,(04)23289100,(04)25368667
7347,2023,03,19,19,25,臺中市,北區,0,0,0,,,,50,,,,,,,,,,,,,,,12,"  ","  ","  ","  ",C03,"  ","  ",1,"  ",11,"  ","  ",44,12,1,22,"  ",C03,120.67823,24.1729,3,66000,387130000C,(04)23289100,(04)25368667
7348,2023,03,19,19,37,臺中市,梧棲區,1,1,0,8,4,5,50,3,1,1,5,4,5,7,4,4,10,5,5,1,3,23,2,9,1,1,C03,7,9,1,10,2,11,"  ",23,23,1,16,8,C03,120.542031,24.260743,1,66000,387130000C,(04)23289100,(04)25368667
7349,2023,03,19,19,43,臺中市,西屯區,0,0,0,8,,,30,,,,,,,,,,,,,,,14,"  ","  ","  ","  ",C03,"  ","  ",1,"  ",1,"  ","  ",14,"   ",1,22,"  ",C03,120.614323,24.179809,3,66000,387130000C,(04)23289100,(04)25368667
7350,2023,03,19,19,53,臺中市,南區,0,0,0,8,,,50,,,,,,,,,,,,,,,23,"  ","  ","  ","  ",B03,"  ","  ",1,"  ",2,"  ","  ",23,"   ",1,22,"  ",B03,120.675976,24.132628,3,66000,387130000C,(04)23289100,(04)25368667
7351,2023,03,19,19,53,臺中市,南屯區,0,0,0,8,,,50,,,,,,,,,,,,,,,12,"  ","  ","  ","  ",B03,"  ","  ",1,8,2,"  ","  ",38,12,1,12,"  ",B03,120.644474,24.141239,3,66000,387130000C,(04)23289100,(04)25368667
7352,2023,03,19,19,54,臺中市,南屯區,0,1,0,8,1,5,50,14,9,1,5,4,5,7,4,4,5,4,5,2,12,6,3,10,1,1,B03,7,6,1,8,2,5,"  ",6,6,1,5,8,B03,120.638705,24.147313,2,66000,387130000C,(04)23289100,(04)25368667
7353,2023,03,19,19,56,臺中市,北區,0,1,0,7,3,5,50,4,2,1,5,4,5,7,1,1,10,5,5,2,9,51,2,8,1,1,H01,8,16,8,20,1,16,"  ",51,51,1,5,8,H01,120.684085,24.149878,2,66000,387130000C,(04)23289100,(04)25368667
7354,2023,03,19,19,58,臺中市,北區,0,1,0,8,3,5,50,14,9,1,5,4,5,7,1,1,4,1,5,2,13,23,2,8,1,1,C03,7,9,1,10,2,11,"  ",23,23,1,21,8,C03,120.686112,24.153453,2,66000,387130000C,(04)23289100,(04)25368667
7355,2023,03,19,20,5,臺中市,南屯區,0,1,0,8,3,5,50,4,2,1,5,4,5,7,1,1,5,4,5,2,12,23,2,9,3,4,C03,7,9,1,10,2,11,"  ",23,23,1,4,9,C03,120.611513,24.138435,2,66000,387130000C,(04)23289100,(04)25368667
7356,2023,03,19,20,7,臺中市,北區,0,0,0,8,,,50,,,,,,,,,,,,,,,23,"  ","  ","  ","  ",B03,"  ","  ",1,"  ",1,"  ","  ",23,"   ",1,22,"  ",B03,120.674863,24.146348,3,66000,387130000C,(04)23289100,(04)25368667
7357,2023,03,19,20,9,臺中市,西屯區,0,0,0,8,,,50,,,,,,,,,,,,,,,12,"  ","  ","  ","  ",B03,"  ","  ",1,"  ",1,"  ","  ",12,"   ",1,22,"  ",B03,120.657978,24.164376,3,66000,387130000C,(04)23289100,(04)25368667
7358,2023,03,19,20,10,臺中市,南屯區,0,1,0,8,3,5,50,3,2,1,5,4,5,7,1,1,5,4,5,2,13,23,2,9,1,1,C03,7,9,1,10,2,11,"  ",23,23,1,22,8,C03,120.622269,24.14031,2,66000,387130000C,(04)23289100,(04)25368667
7359,2023,03,19,20,10,臺中市,霧峰區,0,3,0,8,3,5,50,4,1,1,5,4,5,7,1,1,10,5,5,2,17,26,3,10,1,1,B03,7,5,1,8,2,8,"  ",26,26,1,22,8,B03,120.693087,24.073124,2,66000,387130000C,(04)23289100,(04)25368667
7360,2023,03,19,20,12,臺中市,太平區,0,1,0,8,3,5,50,4,1,1,5,4,5,7,1,1,10,5,5,2,16,23,3,10,3,4,C03,7,9,2,18,2,12,"  ",23,23,1,15,8,C03,120.713888,24.139858,2,66000,387130000C,(04)23289100,(04)25368667
7361,2023,03,19,20,15,臺中市,大安區,0,0,0,,,,50,,,,,,,,,,,,,,,23,"  ","  ","  ","  ",B03,"  ","  ",1,"  ",2,"  ","  ",23,"   ",1,4,"  ",B03,120.603998,24.382301,3,66000,387130000C,(04)23289100,(04)25368667
7362,2023,03,19,20,26,臺中市,大里區,0,2,0,8,3,5,50,4,1,1,5,4,5,7,1,1,10,5,5,2,16,19,2,9,1,1,C03,7,1,1,10,2,14,"  ",19,19,1,5,1,C03,120.679511,24.116615,2,66000,387130000C,(04)23289100,(04)25368667
7363,2023,03,19,20,47,臺中市,沙鹿區,0,2,0,8,3,5,50,12,7,1,5,4,5,7,4,4,5,5,4,2,17,42,2,9,1,1,C03,7,9,1,10,2,12,"  ",42,42,1,18,5,C03,120.579906,24.224222,2,66000,387130000C,(04)23289100,(04)25368667
7364,2023,03,19,20,54,臺中市,太平區,0,0,0,8,,,40,,,,,,,,,,,,,,,42,"  ","  ","  ","  ",C03,"  ","  ",1,"  ",11,"  ","  ",42,"   ",1,21,"  ",C03,120.712808,24.159023,3,66000,387130000C,(04)23289100,(04)25368667
7365,2023,03,19,20,58,臺中市,西屯區,0,0,0,8,,,50,,,,,,,,,,,,,,,26,"  ","  ","  ","  ",B03,"  ","  ",1,"  ",1,"  ","  ",26,"   ",1,4,"  ",B03,120.64419,24.161146,3,66000,387130000C,(04)23289100,(04)25368667
7366,2023,03,19,21,0,臺中市,豐原區,0,2,0,8,3,5,30,3,2,1,5,4,5,7,4,4,10,5,5,1,16,6,3,10,1,1,B03,7,6,1,8,2,7,"  ",6,6,1,21,8,B03,120.722294,24.232509,2,66000,387130000C,(04)23289100,(04)25368667
7367,2023,03,19,21,9,臺中市,東區,0,0,0,8,1,5,50,14,8,1,5,4,5,7,4,4,5,4,4,2,17,23,3,10,1,1,B03,7,9,1,7,11,2,"  ",23,23,1,22,8,B03,120.705108,24.144624,3,66000,387130000C,(04)23289100,(04)25368667
7368,2023,03,19,21,15,臺中市,北屯區,0,2,0,8,3,5,50,14,9,1,5,4,5,7,4,4,1,4,5,2,13,16,2,9,1,1,C03,7,9,1,10,2,11,"  ",16,16,1,22,8,C03,120.698241,24.172787,2,66000,387130000C,(04)23289100,(04)25368667
7369,2023,03,19,21,20,臺中市,大甲區,0,0,0,,,,50,,,,,,,,,,,,,,,7,"  ","  ","  ","  ",B03,"  ","  ",1,"  ",1,"  ","  ",7,7,1,22,"  ",B03,120.638871,24.362802,3,66000,387130000C,(04)23289100,(04)25368667
7370,2023,03,19,21,31,臺中市,西屯區,0,1,0,8,3,5,40,14,9,1,5,4,5,7,4,4,8,5,4,2,16,10,3,10,1,1,B02,7,11,1,8,2,8,"  ",10,10,1,22,8,B02,120.61512,24.191866,2,66000,387130000C,(04)23289100,(04)25368667
7371,2023,03,19,21,31,臺中市,西屯區,0,0,0,8,,,60,,,,,,,,,,,,,,,7,"  ","  ","  ","  ",B03,"  ","  ",1,"  ",1,"  ","  ",7,"   ",1,22,"  ",B03,120.653054,24.160579,3,66000,387130000C,(04)23289100,(04)25368667
7372,2023,03,19,21,32,臺中市,南區,0,1,0,8,3,5,50,3,1,1,5,4,5,7,1,1,10,5,5,2,18,42,2,8,1,1,C03,7,9,1,10,2,15,"  ",42,42,1,22,8,C03,120.660486,24.113207,2,66000,387130000C,(04)23289100,(04)25368667
7373,2023,03,19,21,41,臺中市,太平區,0,0,0,8,,,50,,,,,,,,,,,,,,,10,"  ","  ","  ","  ",B03,"  ","  ",1,"  ",2,"  ","  ",10,"   ",1,22,"  ",B03,120.711518,24.149908,3,66000,387130000C,(04)23289100,(04)25368667
7374,2023,03,19,21,45,臺中市,大肚區,0,0,0,,,,50,,,,,,,,,,,,,,,23,"  ","  ","  ","  ",B03,"  ","  ",7,"  ",11,"  ","  ",23,"   ",1,22,"  ",B03,120.562796,24.124144,3,66000,387130000C,(04)23289100,(04)25368667
7375,2023,03,19,21,47,臺中市,西區,0,1,0,8,3,5,50,14,8,1,5,4,5,7,4,4,1,4,4,2,16,19,3,10,1,1,B03,7,1,1,8,2,7,"  ",19,19,1,5,5,B03,120.666998,24.132803,2,66000,387130000C,(04)23289100,(04)25368667
7376,2023,03,19,21,50,臺中市,南區,0,0,0,,,,50,,,,,,,,,,,,,,,26,"  ","  ","  ","  ",B01,"  ","  ",1,"  ",2,"  ","  ",26,"   ",1,10,"  ",B01,120.668459,24.129389,3,66000,387130000C,(04)23289100,(04)25368667
7377,2023,03,19,21,52,臺中市,南區,0,0,0,8,,,50,,,,,,,,,,,,,,,7,"  ","  ","  ","  ",B03,"  ","  ",1,"  ",2,"  ","  ",7,"   ",1,22,"  ",B03,120.67006,24.119703,3,66000,387130000C,(04)23289100,(04)25368667
7378,2023,03,19,21,53,臺中市,北屯區,0,0,0,8,,,50,,,,,,,,,,,,,,,23,"  ","  ","  ","  ",B03,"  ","  ",1,"  ",1,"  ","  ",23,23,1,21,"  ",B03,120.670751,24.195585,3,66000,387130000C,(04)23289100,(04)25368667
7379,2023,03,19,21,55,臺中市,北區,0,0,0,8,,,50,,,,,,,,,,,,,,,23,"  ","  ","  ","  ",C03,"  ","  ",1,"  ",1,"  ","  ",23,"   ",1,5,"  ",C03,120.681053,24.158686,3,66000,387130000C,(04)23289100,(04)25368667
7380,2023,03,19,21,58,臺中市,南區,0,0,0,,,,,,,,,,,,,,,,,,,67,"  ","  ","  ","  ","   ","  ","  ","  ","  ","  ","  ","  ",67,"   ",1,"  ","  ","   ",120.669304,24.124443,3,66000,387130000C,(04)23289100,(04)25368667
7381,2023,03,19,22,0,臺中市,西屯區,0,0,0,8,,,50,,,,,,,,,,,,,,,23,"  ","  ","  ","  ",B03,"  ","  ",1,"  ",2,"  ","  ",23,"   ",1,22,"  ",B03,120.611574,24.186138,3,66000,387130000C,(04)23289100,(04)25368667
7382,2023,03,19,22,0,臺中市,神岡區,0,1,0,8,3,5,50,5,1,1,5,4,5,7,1,1,10,5,5,2,17,23,3,10,3,4,B03,7,9,1,10,2,8,"  ",23,23,1,22,9,B03,120.664207,24.258269,2,66000,387130000C,(04)23289100,(04)25368667
7383,2023,03,19,22,7,臺中市,北屯區,0,1,0,6,3,5,50,5,1,1,4,4,5,7,3,1,10,5,5,2,17,23,2,9,1,1,C03,7,9,1,10,2,11,"  ",23,23,1,4,8,C03,120.71446,24.174035,2,66000,387130000C,(04)23289100,(04)25368667
7384,2023,03,19,22,10,臺中市,烏日區,0,3,0,8,3,5,50,14,8,1,5,4,5,7,4,4,1,4,1,1,9,23,2,9,1,1,C03,7,9,1,10,2,11,"  ",23,23,1,22,8,C03,120.599642,24.110249,2,66000,387130000C,(04)23289100,(04)25368667
7385,2023,03,19,22,25,臺中市,神岡區,0,1,0,8,1,5,50,3,2,1,4,4,5,7,1,1,10,5,5,2,18,42,2,9,1,1,C03,7,9,1,10,2,14,"  ",42,42,1,22,9,C03,120.698623,24.248885,2,66000,387130000C,(04)23289100,(04)25368667
7386,2023,03,19,22,31,臺中市,大里區,0,2,0,8,3,5,50,4,1,1,5,4,5,7,1,1,5,5,4,2,16,9,3,10,1,1,C03,7,6,1,10,2,13,"  ",9,9,1,22,9,C03,120.686153,24.115274,2,66000,387130000C,(04)23289100,(04)25368667
7387,2023,03,19,22,38,臺中市,西屯區,0,1,0,8,1,5,50,4,1,1,5,4,5,7,1,1,8,4,5,1,16,7,3,10,1,4,C03,7,8,1,10,1,12,"  ",7,7,1,4,8,C03,120.641378,24.168258,2,66000,387130000C,(04)23289100,(04)25368667
7388,2023,03,19,22,40,臺中市,西屯區,0,0,0,8,,,50,,,,,,,,,,,,,,,19,"  ","  ","  ","  ",B01,"  ","  ",1,"  ",1,"  ","  ",19,"   ",1,22,"  ",B01,120.620923,24.184683,3,66000,387130000C,(04)23289100,(04)25368667
7389,2023,03,19,22,44,臺中市,北屯區,0,0,0,8,,,50,,,,,,,,,,,,,,,43,"  ","  ","  ","  ",B03,"  ","  ",1,"  ",1,"  ","  ",43,"   ",1,21,"  ",B03,120.711355,24.1722,3,66000,387130000C,(04)23289100,(04)25368667
7390,2023,03,19,22,57,臺中市,大雅區,0,0,0,8,,,50,,,,,,,,,,,,,,,23,"  ","  ","  ","  ",B03,"  ","  ",1,"  ",11,"  ","  ",23,"   ",1,21,"  ",B03,120.649596,24.223767,3,66000,387130000C,(04)23289100,(04)25368667
7391,2023,03,19,23,1,臺中市,沙鹿區,0,0,0,,,,60,,,,,,,,,,,,,,,23,"  ","  ","  ","  ",B12,"  ","  ",1,"  ",2,"  ","  ",23,"   ",1,22,"  ",B12,120.614508,24.244133,3,66000,387130000C,(04)23289100,(04)25368667
7392,2023,03,19,23,5,臺中市,清水區,0,0,0,8,,,90,,,,,,,,,,,,,,,23,"  ","  ","  ","  ",B03,"  ","  ",1,"  ",1,"  ","  ",23,"   ",1,21,"  ",B03,120.566324,24.321485,3,66000,387130000C,(04)23289100,(04)25368667
7393,2023,03,19,23,32,臺中市,神岡區,0,1,0,8,1,5,50,4,1,1,5,4,5,7,1,1,10,5,5,2,16,6,3,10,3,4,B03,7,6,1,8,2,5,"  ",6,6,1,22,9,B03,120.699422,24.264062,2,66000,387130000C,(04)23289100,(04)25368667
7394,2023,03,19,23,39,臺中市,北區,0,2,0,8,3,5,40,4,8,1,5,4,5,7,1,1,1,4,4,2,16,10,2,1,1,1,B03,7,11,1,8,2,2,"  ",10,10,1,5,5,B03,120.675319,24.160406,2,66000,387130000C,(04)23289100,(04)25368667
7395,2023,03,20,0,10,臺中市,大里區,0,0,0,8,3,5,50,4,2,1,5,4,5,7,4,4,5,5,5,1,16,26,"  ","  ","  ","  ",C03,"  ","  ",1,"  ",11,"  ","  ",26,"   ",1,5,"  ",C03,120.708847,24.08341,3,66000,387130000C,(04)23289100,(04)25368667
7396,2023,03,20,0,51,臺中市,南屯區,0,1,0,8,3,5,40,14,8,1,5,4,5,7,4,4,5,5,4,2,12,23,2,9,1,1,C03,7,9,1,10,2,12,"  ",23,23,1,20,8,C03,120.629286,24.121438,2,66000,387130000C,(04)23289100,(04)25368667
7397,2023,03,20,1,37,臺中市,清水區,0,1,0,8,1,5,50,4,1,1,5,4,5,7,1,1,10,5,5,2,15,25,2,9,1,1,C03,7,9,1,10,2,12,"  ",25,25,1,21,8,C03,120.549093,24.281512,2,66000,387130000C,(04)23289100,(04)25368667
7398,2023,03,20,5,55,臺中市,南區,0,1,0,8,1,5,50,4,2,1,5,4,5,7,1,1,9,4,5,2,16,10,3,10,1,1,B03,7,11,1,8,2,4,"  ",10,10,1,5,1,B03,120.652873,24.108827,2,66000,387130000C,(04)23289100,(04)25368667
7399,2023,03,20,6,34,臺中市,北區,0,2,0,8,1,5,50,3,1,1,5,4,5,7,4,4,9,5,5,2,15,6,2,9,1,1,C03,7,9,1,10,2,11,"  ",6,6,1,5,8,C03,120.682348,24.162081,2,66000,387130000C,(04)23289100,(04)25368667
7400,2023,03,20,6,50,臺中市,南屯區,0,0,0,,,,50,,,,,,,,,,,,,,,23,"  ","  ","  ","  ",B03,"  ","  ",1,"  ",9,"  ","  ",23,"   ",1,22,"  ",B03,120.648292,24.155633,3,66000,387130000C,(04)23289100,(04)25368667
7401,2023,03,20,6,51,臺中市,南區,0,1,0,7,1,5,50,4,1,1,5,4,5,7,1,1,10,5,5,2,17,42,2,8,1,1,C03,7,15,1,10,2,14,"  ",42,42,1,22,9,C03,120.694238,24.148363,2,66000,387130000C,(04)23289100,(04)25368667
7402,2023,03,20,6,56,臺中市,西屯區,0,1,0,8,1,5,50,4,1,1,5,4,5,7,3,1,10,5,5,2,16,6,3,10,3,4,B03,7,9,1,8,2,8,"  ",6,6,1,22,8,B03,120.624956,24.180805,2,66000,387130000C,(04)23289100,(04)25368667
7403,2023,03,20,7,5,臺中市,西屯區,0,2,0,7,1,5,50,4,1,1,5,4,5,7,4,4,10,5,5,2,12,16,2,8,1,1,C03,7,9,1,10,2,12,"  ",16,16,1,21,1,C03,120.624916,24.182033,2,66000,387130000C,(04)23289100,(04)25368667
7404,2023,03,20,7,9,臺中市,霧峰區,0,1,0,8,1,5,50,3,1,1,5,4,5,7,2,1,5,4,4,1,12,7,2,9,1,1,C03,7,7,1,10,2,14,"  ",7,7,1,4,5,C03,120.697537,24.056201,2,66000,387130000C,(04)23289100,(04)25368667
7405,2023,03,20,7,10,臺中市,南屯區,0,0,0,8,,,50,,,,,,,,,,,,,,,16,"  ","  ","  ","  ",B03,"  ","  ",1,"  ",1,"  ","  ",16,16,1,22,"  ",B03,120.644852,24.139971,3,66000,387130000C,(04)23289100,(04)25368667
7406,2023,03,20,7,10,臺中市,北屯區,0,0,0,8,,,50,,,,,,,,,,,,,,,67,"  ","  ","  ","  ","   ","  ","  ","  ","  ","  ","  ","  ",67,"   ",1,"  ","  ","   ",120.721617,24.17954,3,66000,387130000C,(04)23289100,(04)25368667
7407,2023,03,20,7,13,臺中市,北屯區,0,2,0,8,1,5,50,4,1,1,5,4,5,7,4,4,10,5,5,2,16,6,2,9,1,1,C03,7,5,1,10,2,11,14,14,6,1,16,8,C03,120.711637,24.16953,2,66000,387130000C,(04)23289100,(04)25368667
7408,2023,03,20,7,15,臺中市,東勢區,0,0,0,8,,,50,,,,,,,,,,,,,,,23,"  ","  ","  ","  ",B03,"  ","  ",1,"  ",1,"  ","  ",23,"   ",1,21,"  ",B03,120.828285,24.257329,3,66000,387130000C,(04)23289100,(04)25368667
7409,2023,03,20,7,16,臺中市,東區,0,1,0,8,1,5,50,4,1,1,5,4,1,7,1,1,10,5,5,2,17,6,3,10,1,1,B03,7,5,1,8,2,2,"  ",6,6,1,22,8,B03,120.70151,24.125407,2,66000,387130000C,(04)23289100,(04)25368667
7410,2023,03,20,7,18,臺中市,西屯區,0,1,0,8,1,5,35,11,8,1,5,4,5,7,4,4,10,5,5,2,13,16,3,10,1,4,C03,7,9,1,10,1,11,"  ",16,16,1,22,8,C03,120.63327,24.177679,2,66000,387130000C,(04)23289100,(04)25368667
7411,2023,03,20,7,20,臺中市,大雅區,0,1,0,8,1,5,50,14,9,1,5,4,5,7,4,4,5,4,5,1,16,6,3,10,1,1,B03,7,6,1,8,2,2,"  ",6,6,1,22,9,B03,120.636961,24.217376,2,66000,387130000C,(04)23289100,(04)25368667
7412,2023,03,20,7,23,臺中市,北屯區,0,0,0,8,,,50,,,,,,,,,,,,,,,4,"  ","  ","  ","  ",C03,"  ","  ",6,"  ",9,"  ","  ",4,"   ",2,5,"  ",C03,120.736923,24.178486,3,66000,387130000C,(04)23289100,(04)25368667
7413,2023,03,20,7,23,臺中市,大里區,0,0,0,8,,,50,,,,,,,,,,,,,,,17,"  ","  ","  ","  ",C03,"  ","  ",1,"  ",2,"  ","  ",17,"   ",1,22,"  ",C03,120.674193,24.102302,3,66000,387130000C,(04)23289100,(04)25368667
7414,2023,03,20,7,25,臺中市,后里區,0,2,0,8,1,5,50,3,1,1,5,4,5,7,4,4,10,5,5,1,12,8,2,9,1,1,C03,7,5,1,10,2,14,"  ",8,8,1,22,8,C03,120.683252,24.291809,2,66000,387130000C,(04)23289100,(04)25368667
7415,2023,03,20,7,28,臺中市,霧峰區,0,0,0,8,1,5,50,3,1,1,5,4,5,7,4,4,5,4,5,2,16,10,"  ","  ","  ","  ",B03,"  ","  ",1,"  ",2,"  ","  ",10,"   ",1,22,"  ",B03,120.66451,24.047637,3,66000,387130000C,(04)23289100,(04)25368667
7416,2023,03,20,7,30,臺中市,北區,0,0,0,8,,,50,,,,,,,,,,,,,,,23,"  ","  ","  ","  ",A02,"  ","  ",1,"  ",1,"  ","  ",23,"   ",1,22,"  ",A02,120.6774,24.154011,3,66000,387130000C,(04)23289100,(04)25368667
7417,2023,03,20,7,30,臺中市,太平區,0,0,0,8,,,50,,,,,,,,,,,,,,,42,"  ","  ","  ","  ",A11,"  ","  ",1,"  ",2,"  ","  ",42,"   ",1,4,"  ",A11,120.713066,24.159072,3,66000,387130000C,(04)23289100,(04)25368667
7418,2023,03,20,7,31,臺中市,西屯區,0,1,0,8,1,5,50,4,1,1,5,4,5,7,1,1,10,5,5,2,16,6,3,10,3,4,C03,7,6,1,10,2,12,"  ",6,6,1,22,8,C03,120.660526,24.164361,2,66000,387130000C,(04)23289100,(04)25368667
7419,2023,03,20,7,35,臺中市,南區,0,2,0,8,1,5,1,14,9,1,5,4,5,7,4,4,5,5,5,2,16,19,2,9,1,1,C03,7,1,1,10,2,14,"  ",19,19,1,21,8,C03,120.657613,24.114562,2,66000,387130000C,(04)23289100,(04)25368667
7420,2023,03,20,7,35,臺中市,北屯區,0,1,0,8,1,5,50,4,1,1,5,4,5,7,2,1,10,5,5,2,18,23,2,9,1,1,C03,7,9,1,10,2,12,"  ",23,23,1,5,1,C03,120.667722,24.187547,2,66000,387130000C,(04)23289100,(04)25368667
7421,2023,03,20,7,42,臺中市,大甲區,0,1,0,8,1,5,50,4,1,1,5,4,5,7,1,1,10,5,5,2,16,6,3,10,1,1,A12,7,6,1,1,4,5,"  ",6,6,1,10,4,A12,120.655777,24.393205,2,66000,387130000C,(04)23289100,(04)25368667
7422,2023,03,20,7,44,臺中市,西屯區,0,0,0,8,,,50,,,,,,,,,,,,,,,44,"  ","  ","  ","  ",B02,"  ","  ",1,"  ",1,"  ","  ",44,"   ",1,22,"  ",B02,120.616255,24.185468,3,66000,387130000C,(04)23289100,(04)25368667
7423,2023,03,20,7,45,臺中市,東區,0,2,0,8,1,5,50,4,1,1,5,4,5,7,4,4,10,5,5,2,16,6,2,7,3,4,C03,7,5,1,10,2,11,"  ",6,6,1,5,8,C03,120.69021,24.135936,2,66000,387130000C,(04)23289100,(04)25368667
7424,2023,03,20,7,48,臺中市,西屯區,0,0,0,8,1,5,50,14,9,1,5,4,5,7,4,4,5,2,5,2,17,23,3,10,1,1,B03,7,3,1,8,1,2,6,23,23,1,20,7,B03,120.652513,24.159438,3,66000,387130000C,(04)23289100,(04)25368667
7425,2023,03,20,7,50,臺中市,北區,0,0,0,8,,,50,,,,,,,,,,,,,,,18,"  ","  ","  ","  ",B03,"  ","  ",1,"  ",2,"  ","  ",18,"   ",1,22,"  ",B03,120.670474,24.171917,3,66000,387130000C,(04)23289100,(04)25368667
7426,2023,03,20,7,50,臺中市,南屯區,0,0,0,8,,,50,,,,,,,,,,,,,,,23,"  ","  ","  ","  ",C03,"  ","  ",1,"  ",1,"  ","  ",23,"   ",1,22,"  ",C03,120.612516,24.151381,3,66000,387130000C,(04)23289100,(04)25368667
7427,2023,03,20,7,50,臺中市,大里區,0,0,0,,,,50,,,,,,,,,,,,,,,23,"  ","  ","  ","  ",B03,"  ","  ",1,"  ",2,"  ","  ",23,"   ",1,5,"  ",B03,120.703776,24.109683,3,66000,387130000C,(04)23289100,(04)25368667
7428,2023,03,20,7,50,臺中市,沙鹿區,0,2,0,8,1,5,40,14,20,1,5,4,5,5,4,4,1,4,1,1,10,42,2,8,1,1,C03,7,9,1,10,2,12,"  ",42,42,1,20,8,C03,120.572019,24.243344,2,66000,387130000C,(04)23289100,(04)25368667
7429,2023,03,20,7,53,臺中市,北屯區,0,1,0,8,1,5,50,3,1,1,5,4,5,7,4,4,10,5,5,2,16,6,3,10,1,1,B12,7,5,1,8,2,6,"  ",6,6,1,22,8,B12,120.725916,24.179061,2,66000,387130000C,(04)23289100,(04)25368667
7430,2023,03,20,7,55,臺中市,大里區,0,0,0,8,,,30,,,,,,,,,,,,,,,23,"  ","  ","  ","  ",B03,"  ","  ",1,"  ",2,"  ","  ",23,"   ",1,4,"  ",B03,120.699784,24.091078,3,66000,387130000C,(04)23289100,(04)25368667
7431,2023,03,20,7,55,臺中市,大里區,0,0,0,8,1,5,50,14,7,1,5,4,5,7,1,1,5,5,4,1,13,16,"  ","  ","  ","  ",B03,"  ","  ",1,"  ",2,"  ","  ",16,"   ",1,22,"  ",B03,120.706037,24.095562,3,66000,387130000C,(04)23289100,(04)25368667
7432,2023,03,20,7,55,臺中市,沙鹿區,0,2,0,8,1,5,30,4,1,1,5,4,5,7,4,4,10,5,5,2,15,6,2,9,1,1,C03,7,9,1,10,2,11,"  ",6,6,1,4,5,C03,120.572353,24.26019,2,66000,387130000C,(04)23289100,(04)25368667