序號,年,月,日,時,分,縣市,區,死亡數量,受傷數量,2-30,天候,光線,道路類別,速限_速度(公里),道路型態,事故位置,路面鋪裝,路面狀態,路面缺陷,障礙物,視距,號誌種類,號誌動作,分向設施,快車道或一般車道間,快慢車道間,路面邊線,事故類型及型態,主要肇因,受傷程度,主要傷處,保護裝備,行動電話,當事者區分,車輛用途,當事者行動狀態,駕駛資格情形,駕駛執照種類,飲酒情形,車輛撞擊部位最初,車輛撞擊部位其他,肇事因素個別,肇事因素主要,肇事逃逸,職業,旅次目的,車種,GPS座標X,GPS座標Y,事故類別,縣市別代碼,機關代碼,市話,傳真
7433,2023,03,20,7,58,臺中市,外埔區,0,1,0,8,1,5,50,14,9,1,5,4,5,7,4,4,1,4,5,1,13,16,3,10,1,1,B03,7,9,1,8,2,1,"  ",16,16,1,21,1,B03,120.640503,24.33992,2,66000,387130000C,(04)23289100,(04)25368667
7434,2023,03,20,8,0,臺中市,大里區,0,0,0,8,,,40,,,,,,,,,,,,,,,6,"  ","  ","  ","  ",B12,"  ","  ",1,"  ",2,"  ","  ",6,"   ",1,22,"  ",B12,120.662391,24.092966,3,66000,387130000C,(04)23289100,(04)25368667
7435,2023,03,20,8,1,臺中市,西屯區,0,2,0,8,1,5,50,14,9,1,5,4,5,7,4,4,9,5,5,2,13,23,3,10,3,4,B03,7,9,1,8,2,5,"  ",23,23,1,22,8,B03,120.65482,24.17055,2,66000,387130000C,(04)23289100,(04)25368667
7436,2023,03,20,8,2,臺中市,西區,0,0,0,8,,,50,,,,,,,,,,,,,,,6,"  ","  ","  ","  ",B01,"  ","  ",1,"  ",1,"  ","  ",6,6,1,10,"  ",B01,120.668192,24.149007,3,66000,387130000C,(04)23289100,(04)25368667
7437,2023,03,20,8,2,臺中市,北屯區,0,2,0,8,1,5,50,4,1,1,5,4,5,7,1,1,10,5,5,2,16,10,2,8,1,1,C03,7,11,1,10,2,11,"  ",10,10,1,22,8,C03,120.722563,24.176105,2,66000,387130000C,(04)23289100,(04)25368667
7438,2023,03,20,8,5,臺中市,南區,0,2,0,8,1,5,50,3,1,1,5,4,5,7,4,4,10,5,5,2,9,23,2,9,1,1,C03,7,6,1,10,2,11,"  ",23,23,1,22,8,C03,120.679286,24.119037,2,66000,387130000C,(04)23289100,(04)25368667
7439,2023,03,20,8,5,臺中市,烏日區,0,0,0,8,,,80,,,,,,,,,,,,,,,23,"  ","  ","  ","  ",B03,"  ","  ",1,"  ",2,"  ","  ",23,"   ",1,21,"  ",B03,120.617355,24.107902,3,66000,387130000C,(04)23289100,(04)25368667
7440,2023,03,20,8,6,臺中市,西區,0,0,0,8,,,50,,,,,,,,,,,,,,,42,"  ","  ","  ","  ",B03,"  ","  ",1,"  ",1,"  ","  ",42,"   ",1,2,"  ",B03,120.652992,24.147328,3,66000,387130000C,(04)23289100,(04)25368667
7441,2023,03,20,8,6,臺中市,大甲區,0,2,0,8,1,5,30,4,1,1,5,4,5,7,4,4,1,5,5,1,12,16,2,9,1,1,C03,7,9,1,10,2,11,"  ",16,16,1,4,1,C03,120.659306,24.397596,2,66000,387130000C,(04)23289100,(04)25368667
7442,2023,03,20,8,11,臺中市,南區,0,0,0,8,,,50,,,,,,,,,,,,,,,23,"  ","  ","  ","  ",B03,"  ","  ",1,8,2,"  ","  ",23,23,1,21,"  ",B03,120.65923,24.122751,3,66000,387130000C,(04)23289100,(04)25368667
7443,2023,03,20,8,13,臺中市,北屯區,0,1,0,8,1,5,50,14,7,1,5,4,5,7,4,4,5,4,4,2,13,16,2,9,1,1,C03,7,9,1,10,5,11,"  ",16,16,1,5,8,C03,120.699121,24.164753,2,66000,387130000C,(04)23289100,(04)25368667
7444,2023,03,20,8,14,臺中市,北屯區,0,0,0,8,,,50,,,,,,,,,,,,,,,23,"  ","  ","  ","  ",B03,"  ","  ",1,"  ",2,"  ","  ",23,"   ",1,5,"  ",B03,120.69337,24.197338,3,66000,387130000C,(04)23289100,(04)25368667
7445,2023,03,20,8,14,臺中市,神岡區,0,0,0,8,,,50,,,,,,,,,,,,,,,26,"  ","  ","  ","  ",B03,"  ","  ",1,"  ",1,"  ","  ",26,26,1,22,"  ",B03,120.698366,24.235658,3,66000,387130000C,(04)23289100,(04)25368667
7446,2023,03,20,8,23,臺中市,西屯區,0,1,0,8,1,5,50,14,9,1,5,4,5,7,4,4,5,5,5,2,16,6,3,10,1,1,B03,7,5,1,8,2,6,"  ",6,6,1,21,1,B03,120.635994,24.172777,2,66000,387130000C,(04)23289100,(04)25368667
7447,2023,03,20,8,25,臺中市,北區,0,1,0,8,1,5,50,14,9,1,5,4,5,7,2,1,5,4,4,2,17,23,3,10,1,1,B02,7,9,1,8,2,5,"  ",23,23,1,5,3,B02,120.666401,24.166975,2,66000,387130000C,(04)23289100,(04)25368667
7448,2023,03,20,8,32,臺中市,南區,0,0,0,8,,,50,,,,,,,,,,,,,,,12,"  ","  ","  ","  ",B03,"  ","  ",1,"  ",2,"  ","  ",12,"   ",1,22,"  ",B03,120.666101,24.126746,3,66000,387130000C,(04)23289100,(04)25368667
7449,2023,03,20,8,32,臺中市,南屯區,0,1,0,8,1,5,50,4,18,1,5,4,5,7,2,1,1,5,5,2,3,15,3,10,1,1,B03,7,6,1,8,2,1,"  ",15,15,1,22,8,B03,120.646854,24.150919,2,66000,387130000C,(04)23289100,(04)25368667
7450,2023,03,20,8,33,臺中市,中區,0,1,0,8,1,5,50,4,1,1,5,4,5,7,4,4,10,5,5,2,16,6,3,10,1,1,B12,7,5,1,8,2,1,"  ",6,6,1,4,5,B12,120.674671,24.14321,2,66000,387130000C,(04)23289100,(04)25368667
7451,2023,03,20,8,33,臺中市,南屯區,0,1,0,8,1,5,50,4,1,1,5,4,5,7,1,1,5,5,5,2,11,6,3,10,3,4,B03,7,5,1,8,2,1,"  ",6,6,1,22,8,B03,120.645172,24.129599,2,66000,387130000C,(04)23289100,(04)25368667
7452,2023,03,20,8,34,臺中市,南屯區,0,0,0,8,,,50,,,,,,,,,,,,,,,8,"  ","  ","  ","  ",F01,"  ","  ",8,"  ",2,"  ","  ",8,"   ",1,20,"  ",F01,120.646808,24.148836,3,66000,387130000C,(04)23289100,(04)25368667
7453,2023,03,20,8,35,臺中市,北屯區,0,1,0,8,1,5,50,14,9,1,5,4,5,7,4,4,1,5,4,2,13,16,3,10,1,1,C03,7,9,6,18,2,11,"  ",16,16,1,5,8,C03,120.685928,24.172404,2,66000,387130000C,(04)23289100,(04)25368667
7454,2023,03,20,8,36,臺中市,西屯區,0,0,0,8,,,30,,,,,,,,,,,,,,,6,"  ","  ","  ","  ",C03,"  ","  ",1,"  ",1,"  ","  ",6,"   ",1,22,"  ",C03,120.65395,24.16139,3,66000,387130000C,(04)23289100,(04)25368667
7455,2023,03,20,8,36,臺中市,龍井區,0,0,0,8,,,40,,,,,,,,,,,,,,,16,"  ","  ","  ","  ",C03,"  ","  ",1,"  ",2,"  ","  ",16,"   ",1,22,"  ",C03,120.591277,24.183423,3,66000,387130000C,(04)23289100,(04)25368667
7456,2023,03,20,8,40,臺中市,南屯區,0,3,0,8,1,5,50,14,7,1,5,4,5,7,4,4,4,3,4,2,13,16,2,9,1,1,C03,7,9,4,8,2,11,12,16,16,1,22,8,C03,120.617075,24.156489,2,66000,387130000C,(04)23289100,(04)25368667
7457,2023,03,20,8,42,臺中市,沙鹿區,0,0,0,8,,,40,,,,,,,,,,,,,,,23,"  ","  ","  ","  ",A12,"  ","  ",1,"  ",2,"  ","  ",23,"   ",1,9,"  ",A12,120.567486,24.203608,3,66000,387130000C,(04)23289100,(04)25368667
7458,2023,03,20,8,43,臺中市,大雅區,0,0,0,8,,,30,,,,,,,,,,,,,,,5,"  ","  ","  ","  ",B03,"  ","  ",1,"  ",9,"  ","  ",5,"   ",2,22,"  ",B03,120.65407,24.209472,3,66000,387130000C,(04)23289100,(04)25368667
7459,2023,03,20,8,43,臺中市,太平區,0,1,0,8,1,5,50,5,1,1,5,4,5,7,1,1,5,5,5,1,16,42,3,10,1,1,B12,7,15,1,8,2,5,"  ",42,42,1,21,8,B12,120.728687,24.150149,2,66000,387130000C,(04)23289100,(04)25368667
7460,2023,03,20,8,46,臺中市,東勢區,0,0,0,8,,,60,,,,,,,,,,,,,,,12,"  ","  ","  ","  ",B12,"  ","  ",1,"  ",1,"  ","  ",12,"   ",1,21,"  ",B12,120.832641,24.245092,3,66000,387130000C,(04)23289100,(04)25368667
7461,2023,03,20,8,50,臺中市,豐原區,0,2,0,8,1,5,40,14,8,1,5,4,5,7,4,4,3,4,4,1,17,16,2,9,1,1,C03,7,9,1,10,2,11,"  ",16,16,1,22,8,C03,120.756366,24.275181,2,66000,387130000C,(04)23289100,(04)25368667
7462,2023,03,20,8,51,臺中市,烏日區,0,1,0,8,1,5,30,4,1,1,5,4,5,7,4,4,10,5,5,1,15,6,2,9,1,1,C03,7,9,1,10,2,12,"  ",6,6,1,21,7,C03,120.629807,24.08011,2,66000,387130000C,(04)23289100,(04)25368667
7463,2023,03,20,8,52,臺中市,南區,0,2,0,8,1,5,50,4,1,1,5,4,3,7,1,1,10,5,5,2,16,6,2,9,1,1,C03,7,5,1,10,2,12,"  ",6,6,1,22,8,C03,120.679403,24.124232,2,66000,387130000C,(04)23289100,(04)25368667
7464,2023,03,20,8,52,臺中市,太平區,0,2,0,8,1,5,50,14,9,1,5,4,5,7,4,4,5,5,4,1,16,19,2,8,1,1,C03,7,1,1,10,2,11,"  ",19,19,1,4,7,C03,120.730137,24.150299,2,66000,387130000C,(04)23289100,(04)25368667
7465,2023,03,20,8,53,臺中市,東區,0,0,0,8,,,50,,,,,,,,,,,,,,,23,"  ","  ","  ","  ",B03,"  ","  ",1,10,2,"  ","  ",23,23,1,5,"  ",B03,120.699303,24.146805,3,66000,387130000C,(04)23289100,(04)25368667
7466,2023,03,20,8,55,臺中市,大里區,0,0,0,8,1,5,80,10,7,1,5,4,5,7,4,4,1,3,5,1,17,30,"  ","  ","  ","  ",B12,"  ","  ",1,"  ",11,"  ","  ",30,"   ",1,5,"  ",B12,120.690704,24.098029,3,66000,387130000C,(04)23289100,(04)25368667
7467,2023,03,20,8,56,臺中市,大里區,0,1,0,8,1,5,50,14,9,1,5,4,5,7,4,4,9,5,5,2,17,23,2,9,1,1,C03,7,9,1,10,2,11,"  ",23,23,1,22,8,C03,120.672988,24.112898,2,66000,387130000C,(04)23289100,(04)25368667
7468,2023,03,20,9,10,臺中市,南區,0,0,0,8,,,50,,,,,,,,,,,,,,,16,"  ","  ","  ","  ",B03,"  ","  ",1,8,2,"  ","  ",16,16,1,21,"  ",B03,120.681121,24.127813,3,66000,387130000C,(04)23289100,(04)25368667
7469,2023,03,20,9,12,臺中市,大里區,0,1,0,8,1,5,30,14,9,1,5,4,5,7,4,4,10,5,5,2,29,42,2,9,1,1,C03,7,15,1,10,9,12,"  ",42,42,2,4,5,C03,120.710468,24.087054,2,66000,387130000C,(04)23289100,(04)25368667
7470,2023,03,20,9,15,臺中市,大肚區,0,0,0,8,,,50,,,,,,,,,,,,,,,44,"  ","  ","  ","  ",A12,"  ","  ",1,"  ",2,"  ","  ",44,"   ",1,3,"  ",A12,120.583077,24.172671,3,66000,387130000C,(04)23289100,(04)25368667
7471,2023,03,20,9,20,臺中市,西屯區,0,1,0,8,1,5,50,4,1,1,5,4,5,7,1,1,10,5,5,2,16,42,3,10,3,4,C04,7,15,1,11,2,12,"  ",42,42,1,22,8,C04,120.638155,24.162959,2,66000,387130000C,(04)23289100,(04)25368667
7472,2023,03,20,9,22,臺中市,大里區,0,1,0,8,1,5,50,5,1,1,5,4,5,7,1,1,10,5,5,2,16,10,3,10,1,1,B03,7,11,1,8,2,4,"  ",10,10,1,5,1,B03,120.686545,24.120866,2,66000,387130000C,(04)23289100,(04)25368667
7473,2023,03,20,9,29,臺中市,烏日區,0,0,0,8,,,50,,,,,,,,,,,,,,,12,"  ","  ","  ","  ",A12,"  ","  ",1,"  ",2,"  ","  ",12,"   ",1,21,"  ",A12,120.642871,24.07368,3,66000,387130000C,(04)23289100,(04)25368667
7474,2023,03,20,9,30,臺中市,西區,0,0,0,8,,,50,,,,,,,,,,,,,,,23,"  ","  ","  ","  ",B03,"  ","  ",1,"  ",2,"  ","  ",23,"   ",1,22,"  ",B03,120.657065,24.134428,3,66000,387130000C,(04)23289100,(04)25368667
7475,2023,03,20,9,32,臺中市,西屯區,0,0,0,8,,,40,,,,,,,,,,,,,,,7,"  ","  ","  ","  ",B03,"  ","  ",1,"  ",1,"  ","  ",7,"   ",1,22,"  ",B03,120.632171,24.162039,3,66000,387130000C,(04)23289100,(04)25368667
7476,2023,03,20,9,33,臺中市,北屯區,0,1,0,8,1,5,50,14,9,1,5,4,5,7,4,4,5,5,5,2,17,19,3,10,1,1,B02,7,1,1,8,2,1,"  ",19,19,1,22,7,B02,120.664853,24.193405,2,66000,387130000C,(04)23289100,(04)25368667
7477,2023,03,20,9,35,臺中市,西屯區,0,3,0,8,1,5,50,4,1,1,5,4,5,7,2,1,10,5,5,2,16,8,2,9,1,1,C03,7,5,3,18,2,13,14,8,8,1,4,1,C03,120.644591,24.18508,2,66000,387130000C,(04)23289100,(04)25368667
7478,2023,03,20,9,37,臺中市,潭子區,0,1,0,8,1,5,50,4,1,1,5,4,5,7,1,1,5,5,5,1,17,6,3,10,1,1,B03,7,6,1,8,2,2,"  ",6,6,1,22,8,B03,120.673918,24.20885,2,66000,387130000C,(04)23289100,(04)25368667
7479,2023,03,20,9,40,臺中市,南區,0,1,0,8,1,5,50,14,7,1,5,4,5,7,4,4,5,4,4,2,16,23,2,9,1,1,C03,7,15,1,10,2,12,"  ",23,23,1,22,8,C03,120.68163,24.134032,2,66000,387130000C,(04)23289100,(04)25368667
7480,2023,03,20,9,44,臺中市,神岡區,0,0,0,8,,,50,,,,,,,,,,,,,,,26,"  ","  ","  ","  ",B12,"  ","  ",1,"  ",1,"  ","  ",26,26,1,22,"  ",B12,120.682683,24.246365,3,66000,387130000C,(04)23289100,(04)25368667
7481,2023,03,20,9,45,臺中市,北區,0,1,0,8,1,5,40,14,7,1,5,4,5,7,4,4,5,4,4,2,16,7,2,9,1,1,C03,7,7,1,10,2,14,"  ",7,7,1,22,8,C03,120.675461,24.168055,2,66000,387130000C,(04)23289100,(04)25368667
7482,2023,03,20,9,49,臺中市,東區,0,2,0,8,1,5,50,4,1,1,5,4,5,7,2,1,10,5,5,2,16,6,3,10,3,4,B03,7,5,1,8,2,1,"  ",6,6,1,5,8,B03,120.699396,24.146948,2,66000,387130000C,(04)23289100,(04)25368667
7483,2023,03,20,9,52,臺中市,霧峰區,0,0,0,8,1,5,30,14,9,1,5,4,5,7,4,4,10,5,5,2,29,43,"  ","  ","  ","  ",C03,"  ","  ",6,"  ",2,"  ","  ",43,"   ",1,22,"  ",C03,120.706176,24.066007,3,66000,387130000C,(04)23289100,(04)25368667
7484,2023,03,20,9,53,臺中市,豐原區,0,0,0,8,,,30,,,,,,,,,,,,,,,12,"  ","  ","  ","  ",B03,"  ","  ",1,"  ",2,"  ","  ",12,"   ",1,22,"  ",B03,120.716249,24.248378,3,66000,387130000C,(04)23289100,(04)25368667
7485,2023,03,20,9,55,臺中市,大肚區,0,0,0,8,,,50,,,,,,,,,,,,,,,23,"  ","  ","  ","  ",B12,"  ","  ",1,"  ",2,"  ","  ",23,"   ",1,22,"  ",B12,120.578759,24.168357,3,66000,387130000C,(04)23289100,(04)25368667
7486,2023,03,20,9,56,臺中市,豐原區,0,1,0,8,1,5,50,14,7,1,5,4,5,7,4,4,9,5,4,2,16,23,2,9,3,4,C03,7,9,1,9,2,15,"  ",23,23,1,22,8,C03,120.735213,24.255733,2,66000,387130000C,(04)23289100,(04)25368667
7487,2023,03,20,9,57,臺中市,豐原區,0,0,0,8,,,50,,,,,,,,,,,,,,,42,"  ","  ","  ","  ",B03,"  ","  ",1,"  ",2,"  ","  ",42,42,1,22,"  ",B03,120.715015,24.249485,3,66000,387130000C,(04)23289100,(04)25368667
7488,2023,03,20,9,57,臺中市,豐原區,0,0,0,8,,,50,,,,,,,,,,,,,,,6,"  ","  ","  ","  ",B03,"  ","  ",1,"  ",2,"  ","  ",6,"   ",1,22,"  ",B03,120.718799,24.252518,3,66000,387130000C,(04)23289100,(04)25368667
7489,2023,03,20,9,58,臺中市,烏日區,0,1,0,8,1,5,40,14,8,1,5,4,5,7,4,4,1,4,1,1,14,12,3,10,3,4,B12,7,2,1,8,2,7,"  ",12,12,1,21,1,B12,120.588835,24.113731,2,66000,387130000C,(04)23289100,(04)25368667
7490,2023,03,20,9,59,臺中市,西屯區,0,0,0,8,,,40,,,,,,,,,,,,,,,17,"  ","  ","  ","  ",B12,"  ","  ",1,"  ",1,"  ","  ",17,"   ",1,22,"  ",B12,120.64082,24.158183,3,66000,387130000C,(04)23289100,(04)25368667
7491,2023,03,20,10,5,臺中市,北屯區,0,0,0,8,,,50,,,,,,,,,,,,,,,26,"  ","  ","  ","  ",B03,"  ","  ",1,"  ",1,"  ","  ",26,"   ",1,5,"  ",B03,120.699208,24.175883,3,66000,387130000C,(04)23289100,(04)25368667
7492,2023,03,20,10,6,臺中市,霧峰區,0,1,0,8,1,5,60,4,1,1,5,4,5,7,2,1,10,5,5,2,16,25,3,10,1,1,B12,7,5,1,8,2,2,"  ",25,25,1,4,5,B12,120.695811,24.013101,2,66000,387130000C,(04)23289100,(04)25368667
7493,2023,03,20,10,14,臺中市,東區,0,1,0,8,1,5,50,14,7,1,5,4,5,7,4,4,3,4,4,2,17,42,3,10,1,1,B03,7,5,1,8,2,15,"  ",42,42,1,22,8,B03,120.693699,24.14812,2,66000,387130000C,(04)23289100,(04)25368667
7494,2023,03,20,10,18,臺中市,北屯區,0,0,0,8,,,30,,,,,,,,,,,,,,,23,"  ","  ","  ","  ",B12,"  ","  ",1,"  ",1,"  ","  ",23,"   ",1,5,"  ",B12,120.666788,24.180278,3,66000,387130000C,(04)23289100,(04)25368667
7495,2023,03,20,10,19,臺中市,南屯區,0,0,0,8,,,50,,,,,,,,,,,,,,,23,"  ","  ","  ","  ",C03,"  ","  ",1,"  ",1,"  ","  ",23,"   ",1,22,"  ",C03,120.604504,24.136308,3,66000,387130000C,(04)23289100,(04)25368667
7496,2023,03,20,10,19,臺中市,太平區,0,0,0,8,,,50,,,,,,,,,,,,,,,16,"  ","  ","  ","  ",B03,"  ","  ",1,"  ",1,"  ","  ",16,"   ",1,21,"  ",B03,120.720806,24.149291,3,66000,387130000C,(04)23289100,(04)25368667
7497,2023,03,20,10,20,臺中市,太平區,0,0,0,8,,,50,,,,,,,,,,,,,,,23,"  ","  ","  ","  ",B03,"  ","  ",1,"  ",2,"  ","  ",23,"   ",1,19,"  ",B03,120.714495,24.124948,3,66000,387130000C,(04)23289100,(04)25368667
7498,2023,03,20,10,21,臺中市,霧峰區,0,0,0,8,1,5,50,3,1,1,5,4,5,7,3,1,1,4,4,1,17,6,"  ","  ","  ","  ",C03,"  ","  ",6,"  ",2,"  ","  ",6,"   ",1,22,"  ",C03,120.69557,24.052776,3,66000,387130000C,(04)23289100,(04)25368667
7499,2023,03,20,10,28,臺中市,沙鹿區,0,0,0,8,1,5,40,14,8,1,5,4,5,7,2,1,1,4,3,1,9,44,3,10,1,1,A04,7,9,1,2,2,15,"  ",44,44,1,10,4,A04,120.569772,24.237073,3,66000,387130000C,(04)23289100,(04)25368667
7500,2023,03,20,10,33,臺中市,后里區,0,1,0,8,1,5,50,4,1,1,5,4,5,7,1,1,10,5,4,1,12,8,2,9,1,1,C03,7,5,1,10,2,12,"  ",8,8,1,22,8,C03,120.689202,24.314444,2,66000,387130000C,(04)23289100,(04)25368667
7501,2023,03,20,10,34,臺中市,太平區,0,2,0,8,1,5,50,3,1,1,5,4,5,7,4,4,5,5,5,2,16,6,2,9,1,1,C03,7,5,1,10,2,14,"  ",6,6,1,21,8,C03,120.715614,24.141648,2,66000,387130000C,(04)23289100,(04)25368667
7502,2023,03,20,10,36,臺中市,南區,0,0,0,8,,,50,,,,,,,,,,,,,,,23,"  ","  ","  ","  ",B01,"  ","  ",1,4,2,"  ","  ",23,23,1,21,"  ",B01,120.649826,24.120475,3,66000,387130000C,(04)23289100,(04)25368667
7503,2023,03,20,10,37,臺中市,北區,0,0,0,8,,,50,,,,,,,,,,,,,,,43,"  ","  ","  ","  ",B03,"  ","  ",1,"  ",11,"  ","  ",43,"   ",1,22,"  ",B03,120.681307,24.158192,3,66000,387130000C,(04)23289100,(04)25368667
7504,2023,03,20,10,37,臺中市,南區,0,1,0,8,1,5,50,14,7,1,5,4,5,7,4,4,5,5,5,2,13,23,2,9,1,1,C03,7,9,1,10,2,11,"  ",23,23,1,22,8,C03,120.664211,24.11349,2,66000,387130000C,(04)23289100,(04)25368667
7505,2023,03,20,10,49,臺中市,潭子區,0,1,0,8,1,5,60,4,1,1,5,4,5,7,2,1,10,5,5,2,16,25,3,10,1,1,B01,7,5,1,4,2,2,"  ",25,25,1,10,8,B01,120.732718,24.13471,2,66000,387130000C,(04)23289100,(04)25368667
7506,2023,03,20,10,51,臺中市,西區,0,1,0,8,1,5,50,4,2,1,5,4,5,7,1,1,10,5,5,2,16,6,3,10,1,1,B03,7,6,1,8,2,8,"  ",6,6,1,4,5,B03,120.666441,24.13348,2,66000,387130000C,(04)23289100,(04)25368667
7507,2023,03,20,10,55,臺中市,清水區,0,0,0,8,,,0,,,,,,,,,,,,,,,12,"  ","  ","  ","  ",B03,"  ","  ",1,"  ",2,"  ","  ",12,"   ",1,5,"  ",B03,120.558424,24.273528,3,66000,387130000C,(04)23289100,(04)25368667
7508,2023,03,20,10,56,臺中市,南屯區,0,0,0,8,,,50,,,,,,,,,,,,,,,7,"  ","  ","  ","  ",B03,"  ","  ",1,"  ",2,"  ","  ",7,"   ",1,4,"  ",B03,120.64485,24.146914,3,66000,387130000C,(04)23289100,(04)25368667
7509,2023,03,20,10,58,臺中市,北屯區,0,1,0,8,1,5,50,4,1,1,5,4,5,7,2,1,10,5,5,2,17,6,3,10,1,1,B03,7,5,1,8,2,2,"  ",6,6,1,5,8,B03,120.688352,24.162962,2,66000,387130000C,(04)23289100,(04)25368667
7510,2023,03,20,10,59,臺中市,霧峰區,0,1,0,8,1,5,25,4,1,1,5,4,5,7,4,4,10,5,5,1,15,6,2,9,1,1,C03,7,9,1,10,2,11,"  ",6,6,1,4,5,C03,120.685035,24.075322,2,66000,387130000C,(04)23289100,(04)25368667
7511,2023,03,20,10,59,臺中市,梧棲區,0,0,0,8,,,50,,,,,,,,,,,,,,,25,"  ","  ","  ","  ",C03,"  ","  ",1,"  ",2,"  ","  ",25,"   ",1,20,"  ",C03,120.541363,24.257192,3,66000,387130000C,(04)23289100,(04)25368667
7512,2023,03,20,11,0,臺中市,大里區,0,1,0,8,1,5,50,3,1,1,5,4,5,7,4,4,3,4,5,1,16,23,2,9,1,1,F03,7,9,8,20,2,16,"  ",23,23,1,12,5,F03,120.687893,24.09468,2,66000,387130000C,(04)23289100,(04)25368667
7513,2023,03,20,11,6,臺中市,西屯區,0,0,0,8,,,50,,,,,,,,,,,,,,,23,"  ","  ","  ","  ",B03,"  ","  ",1,"  ",1,"  ","  ",23,"   ",1,22,"  ",B03,120.624608,24.179225,3,66000,387130000C,(04)23289100,(04)25368667
7514,2023,03,20,11,10,臺中市,烏日區,0,1,0,8,1,5,50,3,1,1,5,4,5,7,4,4,5,5,5,2,12,10,3,10,1,1,B03,7,11,1,8,2,8,"  ",10,10,1,21,8,B03,120.599836,24.108052,2,66000,387130000C,(04)23289100,(04)25368667
7515,2023,03,20,11,13,臺中市,西區,0,1,0,8,1,5,50,11,8,1,5,4,5,7,4,4,4,5,4,2,17,7,3,10,3,4,B03,7,8,1,8,2,5,"  ",7,7,1,21,8,B03,120.686785,24.15928,2,66000,387130000C,(04)23289100,(04)25368667
7516,2023,03,20,11,13,臺中市,西屯區,0,0,0,8,,,50,,,,,,,,,,,,,,,43,"  ","  ","  ","  ",B03,"  ","  ",1,"  ",2,"  ","  ",43,"   ",1,22,"  ",B03,120.631719,24.170681,3,66000,387130000C,(04)23289100,(04)25368667
7517,2023,03,20,11,14,臺中市,南屯區,0,0,0,8,,,50,,,,,,,,,,,,,,,23,"  ","  ","  ","  ",A12,"  ","  ",1,"  ",2,"  ","  ",23,23,1,22,"  ",A12,120.627441,24.116269,3,66000,387130000C,(04)23289100,(04)25368667
7518,2023,03,20,11,15,臺中市,南屯區,0,3,0,8,1,5,50,14,9,1,5,4,5,7,4,4,9,4,5,2,2,23,2,6,1,1,C03,7,9,1,10,2,11,"  ",23,23,1,22,8,C03,120.6405,24.13852,2,66000,387130000C,(04)23289100,(04)25368667
7519,2023,03,20,11,19,臺中市,北屯區,0,1,0,8,1,5,50,3,1,1,5,4,5,7,4,4,10,5,5,2,17,26,3,10,1,1,B12,7,5,1,8,2,1,"  ",26,26,1,4,8,B12,120.720285,24.178511,2,66000,387130000C,(04)23289100,(04)25368667
7520,2023,03,20,11,22,臺中市,霧峰區,0,0,0,8,1,5,50,14,9,1,5,4,5,7,4,4,5,5,5,1,29,44,"  ","  ","  ","  ",B03,"  ","  ",1,"  ",2,"  ","  ",44,"   ",1,22,"  ",B03,120.708671,24.076736,3,66000,387130000C,(04)23289100,(04)25368667
7521,2023,03,20,11,25,臺中市,潭子區,0,0,0,8,,,60,,,,,,,,,,,,,,,7,"  ","  ","  ","  ",B03,"  ","  ",1,"  ",2,"  ","  ",7,"   ",1,21,"  ",B03,120.705267,24.209873,3,66000,387130000C,(04)23289100,(04)25368667
7522,2023,03,20,11,26,臺中市,北屯區,0,0,0,8,,,50,,,,,,,,,,,,,,,7,"  ","  ","  ","  ",B03,"  ","  ",1,"  ",1,"  ","  ",7,"   ",1,22,"  ",B03,120.687248,24.171948,3,66000,387130000C,(04)23289100,(04)25368667
7523,2023,03,20,11,26,臺中市,太平區,0,0,0,8,,,40,,,,,,,,,,,,,,,23,"  ","  ","  ","  ",B03,"  ","  ",1,"  ",1,"  ","  ",23,"   ",1,5,"  ",B03,120.714467,24.147604,3,66000,387130000C,(04)23289100,(04)25368667
7524,2023,03,20,11,29,臺中市,北屯區,0,0,0,8,,,50,,,,,,,,,,,,,,,16,"  ","  ","  ","  ",C03,"  ","  ",1,"  ",1,"  ","  ",16,16,1,5,"  ",C03,120.719475,24.163003,3,66000,387130000C,(04)23289100,(04)25368667
7525,2023,03,20,11,37,臺中市,烏日區,0,2,0,8,1,5,30,4,1,1,5,4,5,3,4,4,10,5,5,2,15,6,2,9,1,1,B03,7,9,1,8,2,1,"  ",6,6,1,21,9,B03,120.648704,24.064988,2,66000,387130000C,(04)23289100,(04)25368667
7526,2023,03,20,11,37,臺中市,烏日區,0,0,0,8,,,30,,,,,,,,,,,,,,,12,"  ","  ","  ","  ",A11,"  ","  ",1,"  ",2,"  ","  ",12,"   ",1,21,"  ",A11,120.642946,24.107409,3,66000,387130000C,(04)23289100,(04)25368667
7527,2023,03,20,11,38,臺中市,西屯區,0,2,0,8,1,5,30,4,1,1,5,4,5,7,4,4,10,5,5,2,15,6,2,9,1,1,C03,7,9,1,10,1,12,"  ",6,6,1,22,8,C03,120.644318,24.179654,2,66000,387130000C,(04)23289100,(04)25368667
7528,2023,03,20,11,39,臺中市,東區,0,1,0,8,1,5,50,5,1,1,5,4,5,7,1,1,10,5,5,2,16,6,3,10,3,4,B03,7,6,1,8,2,5,"  ",6,6,1,5,8,B03,120.693006,24.134878,2,66000,387130000C,(04)23289100,(04)25368667