序號,年,月,日,時,分,縣市,區,死亡數量,受傷數量,2-30,天候,光線,道路類別,速限_速度(公里),道路型態,事故位置,路面鋪裝,路面狀態,路面缺陷,障礙物,視距,號誌種類,號誌動作,分向設施,快車道或一般車道間,快慢車道間,路面邊線,事故類型及型態,主要肇因,受傷程度,主要傷處,保護裝備,行動電話,當事者區分,車輛用途,當事者行動狀態,駕駛資格情形,駕駛執照種類,飲酒情形,車輛撞擊部位最初,車輛撞擊部位其他,肇事因素個別,肇事因素主要,肇事逃逸,職業,旅次目的,車種,GPS座標X,GPS座標Y,事故類別,縣市別代碼,機關代碼,市話,傳真
7529,2023,03,20,11,40,臺中市,北屯區,0,1,0,8,1,5,50,4,1,1,5,4,5,7,1,1,10,5,5,2,12,6,3,10,1,1,B03,7,6,1,8,2,2,"  ",6,6,1,5,8,B03,120.687004,24.185553,2,66000,387130000C,(04)23289100,(04)25368667
7530,2023,03,20,11,40,臺中市,太平區,0,2,0,8,1,5,30,3,1,1,5,4,5,7,4,4,10,5,5,2,16,23,2,8,1,1,C03,7,9,1,10,2,12,"  ",23,23,1,21,8,C03,120.734305,24.147819,2,66000,387130000C,(04)23289100,(04)25368667
7531,2023,03,20,11,40,臺中市,沙鹿區,0,1,0,8,1,5,50,4,1,1,5,4,5,7,4,4,10,5,5,2,15,6,2,9,1,1,C03,7,9,4,8,2,11,"  ",6,6,1,4,5,C03,120.561873,24.244365,2,66000,387130000C,(04)23289100,(04)25368667
7532,2023,03,20,11,42,臺中市,北屯區,0,1,0,8,1,5,40,4,1,1,5,4,5,7,4,4,10,5,5,2,16,6,3,10,1,1,B03,7,6,1,8,2,5,"  ",6,6,1,22,8,B03,120.690688,24.162988,2,66000,387130000C,(04)23289100,(04)25368667
7533,2023,03,20,11,42,臺中市,西屯區,0,1,0,8,1,5,50,3,1,1,5,4,5,7,1,1,10,5,5,2,16,6,3,10,3,4,B03,7,5,1,8,2,4,"  ",6,6,1,22,8,B03,120.661943,24.176306,2,66000,387130000C,(04)23289100,(04)25368667
7534,2023,03,20,11,44,臺中市,西屯區,0,0,0,8,,,50,,,,,,,,,,,,,,,42,"  ","  ","  ","  ",B03,"  ","  ",1,"  ",1,"  ","  ",42,"   ",1,21,"  ",B03,120.641763,24.157864,3,66000,387130000C,(04)23289100,(04)25368667
7535,2023,03,20,11,47,臺中市,東區,0,1,0,8,1,5,50,14,9,1,5,4,5,7,1,1,3,4,5,2,17,17,2,9,1,1,B12,7,9,1,8,2,2,"  ",17,17,1,21,8,B12,120.692395,24.139415,2,66000,387130000C,(04)23289100,(04)25368667
7536,2023,03,20,11,48,臺中市,神岡區,0,1,0,8,1,5,50,5,1,1,5,4,5,7,1,1,10,5,5,2,17,26,2,9,1,1,C03,7,7,1,10,2,13,"  ",26,26,1,22,8,C03,120.664357,24.258273,2,66000,387130000C,(04)23289100,(04)25368667
7537,2023,03,20,11,48,臺中市,豐原區,0,2,0,8,1,5,50,14,7,1,5,4,5,7,4,4,9,4,4,2,17,6,2,9,1,1,C03,7,11,3,18,2,12,4,6,6,1,22,8,C03,120.728019,24.244285,2,66000,387130000C,(04)23289100,(04)25368667
7538,2023,03,20,11,50,臺中市,北區,0,1,0,8,1,5,50,4,1,1,5,4,5,7,3,1,5,5,5,2,16,6,3,10,1,1,B03,7,9,1,8,2,1,"  ",6,6,1,21,8,B03,120.695941,24.159882,2,66000,387130000C,(04)23289100,(04)25368667
7539,2023,03,20,11,51,臺中市,霧峰區,0,1,0,8,1,5,40,14,9,1,5,4,5,7,4,4,5,5,5,1,13,16,2,9,1,1,C03,7,9,1,10,2,11,"  ",16,16,1,18,5,C03,120.71017,24.076649,2,66000,387130000C,(04)23289100,(04)25368667
7540,2023,03,20,11,57,臺中市,西屯區,0,0,0,8,,,30,,,,,,,,,,,,,,,17,"  ","  ","  ","  ",B03,"  ","  ",1,"  ",1,"  ","  ",17,17,1,22,"  ",B03,120.666098,24.17784,3,66000,387130000C,(04)23289100,(04)25368667
7541,2023,03,20,11,58,臺中市,中區,0,1,0,8,1,5,50,4,1,1,5,4,5,7,4,4,10,4,5,2,29,23,2,9,1,1,C03,7,9,1,10,2,12,"  ",23,23,1,4,8,C03,120.680637,24.142826,2,66000,387130000C,(04)23289100,(04)25368667
7542,2023,03,20,12,0,臺中市,南屯區,0,1,0,8,1,5,50,4,1,1,5,4,5,7,2,1,1,5,4,2,13,23,2,9,1,1,C03,7,9,1,10,1,11,"  ",23,23,1,4,8,C03,120.646512,24.132,2,66000,387130000C,(04)23289100,(04)25368667
7543,2023,03,20,12,1,臺中市,豐原區,0,0,0,8,1,5,50,3,2,1,5,4,5,7,4,4,5,5,4,2,13,16,3,10,3,4,B03,7,9,1,8,2,1,"  ",16,16,1,22,8,B03,120.704033,24.239336,3,66000,387130000C,(04)23289100,(04)25368667
7544,2023,03,20,12,4,臺中市,西屯區,0,0,0,8,,,50,,,,,,,,,,,,,,,16,"  ","  ","  ","  ",B03,"  ","  ",1,"  ",1,"  ","  ",16,"   ",1,22,"  ",B03,120.645294,24.172622,3,66000,387130000C,(04)23289100,(04)25368667
7545,2023,03,20,12,6,臺中市,北屯區,0,0,0,8,,,50,,,,,,,,,,,,,,,23,"  ","  ","  ","  ",B03,"  ","  ",1,"  ",1,"  ","  ",23,"   ",1,22,"  ",B03,120.701161,24.187143,3,66000,387130000C,(04)23289100,(04)25368667
7546,2023,03,20,12,14,臺中市,大里區,0,0,0,8,1,5,60,4,2,2,5,4,5,7,1,1,1,2,4,2,29,23,"  ","  ","  ","  ",B02,"  ","  ",1,"  ",2,"  ","  ",23,"   ",1,22,"  ",B02,120.669347,24.103434,3,66000,387130000C,(04)23289100,(04)25368667
7547,2023,03,20,12,14,臺中市,太平區,0,0,0,8,,,40,,,,,,,,,,,,,,,18,"  ","  ","  ","  ",B03,"  ","  ",1,"  ",2,"  ","  ",18,"   ",1,5,"  ",B03,120.720123,24.150445,3,66000,387130000C,(04)23289100,(04)25368667
7548,2023,03,20,12,15,臺中市,中區,0,0,0,8,,,50,,,,,,,,,,,,,,,7,"  ","  ","  ","  ",B03,"  ","  ",1,"  ",1,"  ","  ",7,"   ",1,5,"  ",B03,120.680387,24.143535,3,66000,387130000C,(04)23289100,(04)25368667
7549,2023,03,20,12,18,臺中市,太平區,0,1,0,7,1,5,50,4,1,1,5,4,5,7,2,1,10,5,5,2,3,15,3,10,1,1,B12,7,5,1,8,2,1,"  ",15,15,1,4,3,B12,120.715347,24.158876,2,66000,387130000C,(04)23289100,(04)25368667
7550,2023,03,20,12,19,臺中市,龍井區,0,0,0,8,,,30,,,,,,,,,,,,,,,12,"  ","  ","  ","  ",B12,"  ","  ",1,"  ",2,"  ","  ",12,"   ",1,22,"  ",B12,120.589556,24.179375,3,66000,387130000C,(04)23289100,(04)25368667
7551,2023,03,20,12,23,臺中市,南屯區,0,0,0,8,,,50,,,,,,,,,,,,,,,23,"  ","  ","  ","  ",B02,"  ","  ",1,"  ",2,"  ","  ",23,"   ",1,22,"  ",B02,120.631644,24.141302,3,66000,387130000C,(04)23289100,(04)25368667
7552,2023,03,20,12,25,臺中市,西屯區,0,0,0,8,,,50,,,,,,,,,,,,,,,7,"  ","  ","  ","  ",B03,"  ","  ",1,"  ",1,"  ","  ",7,"   ",1,22,"  ",B03,120.642809,24.170324,3,66000,387130000C,(04)23289100,(04)25368667
7553,2023,03,20,12,25,臺中市,霧峰區,0,1,0,8,1,5,30,11,22,1,5,4,5,7,4,4,10,5,5,1,29,43,2,9,1,1,C03,7,15,1,10,2,15,"  ",43,43,1,22,9,C03,120.664236,24.064303,2,66000,387130000C,(04)23289100,(04)25368667
7554,2023,03,20,12,29,臺中市,西屯區,0,0,0,8,,,50,,,,,,,,,,,,,,,23,"  ","  ","  ","  ",B02,"  ","  ",1,"  ",1,"  ","  ",23,"   ",1,21,"  ",B02,120.648788,24.17028,3,66000,387130000C,(04)23289100,(04)25368667
7555,2023,03,20,12,32,臺中市,南區,0,1,0,8,1,5,50,14,9,1,5,4,5,7,4,4,1,5,5,2,2,43,"  ","  ","  ","  ","   ","  ","  ","  ","  ","  ","  ","  ",43,43,2,"  ","  ","   ",120.651725,24.12182,2,66000,387130000C,(04)23289100,(04)25368667
7556,2023,03,20,12,36,臺中市,北區,0,1,0,8,1,5,50,3,1,1,5,4,5,7,2,1,1,4,4,2,3,23,3,10,1,1,B03,7,6,1,8,2,5,"  ",23,23,1,21,8,B03,120.680935,24.163012,2,66000,387130000C,(04)23289100,(04)25368667
7557,2023,03,20,12,36,臺中市,西屯區,0,1,0,8,1,5,50,3,1,1,5,4,5,7,4,4,10,5,5,2,17,6,3,10,1,4,B03,7,5,1,8,2,15,"  ",6,6,1,22,8,B03,120.648515,24.169071,2,66000,387130000C,(04)23289100,(04)25368667
7558,2023,03,20,12,41,臺中市,霧峰區,0,3,0,8,1,5,50,14,8,1,5,4,5,7,4,4,5,4,4,1,16,7,2,9,2,1,F01,7,7,8,20,2,16,"  ",7,7,1,22,9,F01,120.69948,24.070923,2,66000,387130000C,(04)23289100,(04)25368667
7559,2023,03,20,12,43,臺中市,北區,0,1,0,8,1,5,50,4,1,1,5,4,5,7,1,1,5,5,5,2,16,26,3,10,1,1,C03,7,9,1,10,2,12,"  ",26,26,1,22,8,C03,120.682463,24.1592,2,66000,387130000C,(04)23289100,(04)25368667
7560,2023,03,20,12,48,臺中市,神岡區,0,0,0,8,,,50,,,,,,,,,,,,,,,16,"  ","  ","  ","  ",B03,"  ","  ",1,"  ",2,"  ","  ",16,"   ",1,22,"  ",B03,120.696715,24.2541,3,66000,387130000C,(04)23289100,(04)25368667
7561,2023,03,20,12,49,臺中市,霧峰區,0,1,0,8,1,5,40,4,1,1,5,4,5,7,2,1,10,5,5,2,17,6,3,10,1,1,B03,7,5,1,8,2,15,"  ",6,6,1,4,5,B03,120.678028,24.073679,2,66000,387130000C,(04)23289100,(04)25368667
7562,2023,03,20,12,50,臺中市,東區,0,0,0,,,,50,,,,,,,,,,,,,,,12,"  ","  ","  ","  ",B03,"  ","  ",1,"  ",2,"  ","  ",12,"   ",1,20,"  ",B03,120.692395,24.139415,3,66000,387130000C,(04)23289100,(04)25368667
7563,2023,03,20,12,51,臺中市,南屯區,0,1,0,8,1,5,50,14,9,1,5,4,5,7,4,4,5,5,5,2,14,12,3,10,1,1,C03,7,2,1,10,2,13,"  ",12,12,1,22,8,C03,120.64403,24.136885,2,66000,387130000C,(04)23289100,(04)25368667
7564,2023,03,20,12,52,臺中市,東區,0,0,0,8,,,50,,,,,,,,,,,,,,,23,"  ","  ","  ","  ",B03,"  ","  ",1,8,1,"  ","  ",23,23,1,21,"  ",B03,120.688983,24.142918,3,66000,387130000C,(04)23289100,(04)25368667
7565,2023,03,20,12,54,臺中市,西屯區,0,0,0,8,,,50,,,,,,,,,,,,,,,44,"  ","  ","  ","  ",B03,"  ","  ",1,"  ",1,"  ","  ",44,44,1,22,"  ",B03,120.642306,24.172625,3,66000,387130000C,(04)23289100,(04)25368667
7566,2023,03,20,13,1,臺中市,西屯區,0,0,0,8,,,50,,,,,,,,,,,,,,,23,"  ","  ","  ","  ",B03,"  ","  ",1,"  ",1,"  ","  ",23,"   ",1,22,"  ",B03,120.612134,24.191641,3,66000,387130000C,(04)23289100,(04)25368667
7567,2023,03,20,13,7,臺中市,清水區,0,0,0,8,,,50,,,,,,,,,,,,,,,6,"  ","  ","  ","  ",B03,"  ","  ",1,"  ",1,"  ","  ",6,"   ",1,21,"  ",B03,120.577786,24.271173,3,66000,387130000C,(04)23289100,(04)25368667
7568,2023,03,20,13,10,臺中市,南屯區,0,0,0,8,,,50,,,,,,,,,,,,,,,16,"  ","  ","  ","  ",B03,"  ","  ",1,"  ",1,"  ","  ",16,16,1,22,"  ",B03,120.622853,24.149917,3,66000,387130000C,(04)23289100,(04)25368667
7569,2023,03,20,13,10,臺中市,太平區,0,1,0,8,1,5,50,14,8,1,5,4,5,7,4,4,5,5,4,2,12,17,2,9,1,1,C03,7,9,1,10,2,12,11,17,17,1,21,8,C03,120.714102,24.149706,2,66000,387130000C,(04)23289100,(04)25368667
7570,2023,03,20,13,14,臺中市,神岡區,0,0,0,8,,,40,,,,,,,,,,,,,,,6,"  ","  ","  ","  ",B03,"  ","  ",1,"  ",2,"  ","  ",6,6,1,22,"  ",B03,120.659486,24.273165,3,66000,387130000C,(04)23289100,(04)25368667
7571,2023,03,20,13,15,臺中市,西屯區,0,1,0,8,1,5,40,14,8,1,5,4,5,7,4,4,1,5,1,2,18,43,2,9,3,4,F01,7,9,8,20,2,15,"  ",43,43,1,22,8,F01,120.608184,24.183892,2,66000,387130000C,(04)23289100,(04)25368667
7572,2023,03,20,13,18,臺中市,太平區,0,2,0,8,1,5,50,3,9,1,5,4,5,7,3,1,5,5,4,1,16,23,2,8,1,1,C03,7,9,1,10,2,11,"  ",23,23,1,18,2,C03,120.733386,24.118704,2,66000,387130000C,(04)23289100,(04)25368667
7573,2023,03,20,13,22,臺中市,北屯區,0,2,0,8,1,5,50,3,2,1,5,4,5,7,4,4,1,4,5,2,13,42,3,10,1,1,B03,7,9,1,8,2,1,"  ",42,42,1,5,8,B03,120.719125,24.16333,2,66000,387130000C,(04)23289100,(04)25368667
7574,2023,03,20,13,25,臺中市,北區,0,0,0,8,,,50,,,,,,,,,,,,,,,6,"  ","  ","  ","  ",C03,"  ","  ",1,"  ",2,"  ","  ",6,"   ",1,22,"  ",C03,120.674129,24.147149,3,66000,387130000C,(04)23289100,(04)25368667
7575,2023,03,20,13,30,臺中市,中區,0,1,0,8,1,5,50,3,1,1,5,4,5,7,4,4,10,5,5,2,17,19,3,10,1,1,C03,7,1,1,10,2,15,"  ",19,19,1,22,9,C03,120.685284,24.141543,2,66000,387130000C,(04)23289100,(04)25368667
7576,2023,03,20,13,32,臺中市,北屯區,0,0,0,8,,,50,,,,,,,,,,,,,,,12,"  ","  ","  ","  ",B03,"  ","  ",3,"  ",2,"  ","  ",12,"   ",1,5,"  ",B03,120.666376,24.192941,3,66000,387130000C,(04)23289100,(04)25368667
7577,2023,03,20,13,34,臺中市,南區,0,0,0,8,,,50,,,,,,,,,,,,,,,23,"  ","  ","  ","  ",B03,"  ","  ",1,10,2,"  ","  ",23,23,1,5,"  ",B03,120.699198,24.129673,3,66000,387130000C,(04)23289100,(04)25368667
7578,2023,03,20,13,35,臺中市,神岡區,0,0,0,8,,,50,,,,,,,,,,,,,,,16,"  ","  ","  ","  ",B03,"  ","  ",1,"  ",2,"  ","  ",16,"   ",1,20,"  ",B03,120.693149,24.248429,3,66000,387130000C,(04)23289100,(04)25368667
7579,2023,03,20,13,40,臺中市,潭子區,0,0,0,8,,,80,,,,,,,,,,,,,,,42,"  ","  ","  ","  ",B03,"  ","  ",1,"  ",2,"  ","  ",42,"   ",1,22,"  ",B03,120.710003,24.200555,3,66000,387130000C,(04)23289100,(04)25368667
7580,2023,03,20,13,40,臺中市,北區,0,2,0,8,1,5,50,14,9,1,5,4,5,7,4,4,2,4,4,2,16,7,2,9,1,1,C03,7,7,1,10,2,14,"  ",7,7,1,18,8,C03,120.683976,24.149109,2,66000,387130000C,(04)23289100,(04)25368667
7581,2023,03,20,13,42,臺中市,西區,0,0,0,8,,,50,,,,,,,,,,,,,,,7,"  ","  ","  ","  ",B01,"  ","  ",1,"  ",2,"  ","  ",7,"   ",1,21,"  ",B01,120.661768,24.154714,3,66000,387130000C,(04)23289100,(04)25368667
7582,2023,03,20,13,43,臺中市,北屯區,0,0,0,8,,,50,,,,,,,,,,,,,,,23,"  ","  ","  ","  ",B03,"  ","  ",1,"  ",1,"  ","  ",23,23,1,5,"  ",B03,120.685447,24.172486,3,66000,387130000C,(04)23289100,(04)25368667
7583,2023,03,20,13,47,臺中市,東區,0,0,0,8,,,50,,,,,,,,,,,,,,,6,"  ","  ","  ","  ",B12,"  ","  ",1,8,2,"  ","  ",6,6,1,5,"  ",B12,120.649895,24.116846,3,66000,387130000C,(04)23289100,(04)25368667
7584,2023,03,20,13,48,臺中市,太平區,0,1,0,8,1,5,50,14,9,1,5,4,5,7,4,4,5,4,5,1,16,26,3,10,1,1,B03,7,5,1,8,2,5,"  ",26,26,1,5,8,B03,120.73133,24.134534,2,66000,387130000C,(04)23289100,(04)25368667
7585,2023,03,20,13,50,臺中市,北屯區,0,1,0,8,1,5,50,4,1,1,5,4,5,7,2,1,10,5,5,2,16,6,3,10,1,1,B03,7,5,1,8,2,2,"  ",6,6,1,5,8,B03,120.701981,24.182591,2,66000,387130000C,(04)23289100,(04)25368667
7586,2023,03,20,13,54,臺中市,南屯區,0,1,0,8,1,5,50,4,1,1,5,4,5,7,1,1,10,5,5,2,16,6,3,10,3,4,B12,7,5,1,8,2,5,"  ",6,6,1,22,8,B12,120.620854,24.13999,2,66000,387130000C,(04)23289100,(04)25368667
7587,2023,03,20,13,55,臺中市,大雅區,0,2,0,8,1,5,50,4,2,1,5,4,5,7,1,1,5,5,4,1,16,25,2,9,1,1,C03,7,5,1,10,2,11,"  ",25,25,1,22,8,C03,120.670123,24.224232,2,66000,387130000C,(04)23289100,(04)25368667
7588,2023,03,20,14,5,臺中市,太平區,0,0,0,8,,,80,,,,,,,,,,,,,,,23,"  ","  ","  ","  ",B12,"  ","  ",1,"  ",1,"  ","  ",23,"   ",1,4,"  ",B12,120.717008,24.155089,3,66000,387130000C,(04)23289100,(04)25368667
7589,2023,03,20,14,8,臺中市,南屯區,0,0,0,,,,40,,,,,,,,,,,,,,,19,"  ","  ","  ","  ",B03,"  ","  ",1,"  ",2,"  ","  ",19,"   ",1,4,"  ",B03,120.631041,24.156401,3,66000,387130000C,(04)23289100,(04)25368667
7590,2023,03,20,14,8,臺中市,西屯區,0,0,0,8,,,50,,,,,,,,,,,,,,,23,"  ","  ","  ","  ",B02,"  ","  ",1,"  ",1,"  ","  ",23,"   ",1,22,"  ",B02,120.652038,24.19005,3,66000,387130000C,(04)23289100,(04)25368667
7591,2023,03,20,14,9,臺中市,中區,0,0,0,8,,,50,,,,,,,,,,,,,,,42,"  ","  ","  ","  ",B03,"  ","  ",1,"  ",1,"  ","  ",42,"   ",1,21,"  ",B03,120.685284,24.141543,3,66000,387130000C,(04)23289100,(04)25368667
7592,2023,03,20,14,14,臺中市,西屯區,0,1,0,8,1,5,40,3,1,1,5,4,5,7,4,4,5,4,4,2,13,16,2,9,1,1,C03,7,9,1,10,2,12,"  ",16,16,1,22,8,C03,120.627891,24.184107,2,66000,387130000C,(04)23289100,(04)25368667
7593,2023,03,20,14,20,臺中市,大雅區,0,1,0,8,1,5,30,3,1,1,5,4,5,7,1,1,10,5,5,1,17,6,3,10,1,1,B11,7,6,1,4,2,4,"  ",6,6,1,10,8,B11,120.675604,24.229342,2,66000,387130000C,(04)23289100,(04)25368667
7594,2023,03,20,14,20,臺中市,沙鹿區,0,0,0,8,,,70,,,,,,,,,,,,,,,7,"  ","  ","  ","  ",B01,"  ","  ",1,"  ",2,"  ","  ",7,"   ",1,10,"  ",B01,120.61003,24.24576,3,66000,387130000C,(04)23289100,(04)25368667
7595,2023,03,20,14,22,臺中市,西區,0,1,0,8,1,5,50,3,1,1,5,4,5,7,4,4,10,5,5,2,17,19,3,10,1,1,B03,7,1,1,8,2,8,"  ",19,19,1,4,8,B03,120.666627,24.144363,2,66000,387130000C,(04)23289100,(04)25368667
7596,2023,03,20,14,25,臺中市,豐原區,0,0,0,8,,,50,,,,,,,,,,,,,,,12,"  ","  ","  ","  ",B12,"  ","  ",1,"  ",2,"  ","  ",12,"   ",1,22,"  ",B12,120.720265,24.264713,3,66000,387130000C,(04)23289100,(04)25368667
7597,2023,03,20,14,30,臺中市,外埔區,0,0,0,8,1,5,50,3,1,1,5,4,3,5,4,4,10,5,5,2,11,6,"  ","  ","  ","  ",B03,"  ","  ",1,"  ",1,"  ","  ",6,"   ",1,19,"  ",B03,120.638776,24.341785,3,66000,387130000C,(04)23289100,(04)25368667
7598,2023,03,20,14,35,臺中市,北區,0,0,0,8,,,50,,,,,,,,,,,,,,,7,"  ","  ","  ","  ",C03,"  ","  ",1,"  ",1,"  ","  ",7,"   ",1,5,"  ",C03,120.681356,24.156522,3,66000,387130000C,(04)23289100,(04)25368667
7599,2023,03,20,14,36,臺中市,大甲區,0,2,0,8,1,5,50,4,1,1,5,4,5,7,4,4,10,5,5,2,15,6,3,10,1,1,C03,7,9,1,10,2,12,"  ",6,6,1,4,1,C03,120.623981,24.34539,2,66000,387130000C,(04)23289100,(04)25368667
7600,2023,03,20,14,43,臺中市,太平區,0,1,0,8,1,5,30,4,1,1,5,4,5,7,4,4,10,5,5,2,16,6,3,10,1,1,B03,7,9,1,8,2,5,"  ",6,6,1,5,8,B03,120.72861,24.155158,2,66000,387130000C,(04)23289100,(04)25368667
7601,2023,03,20,14,46,臺中市,清水區,0,0,0,8,,,70,,,,,,,,,,,,,,,23,"  ","  ","  ","  ",B03,"  ","  ",1,"  ",1,"  ","  ",23,"   ",1,19,"  ",B03,120.581244,24.281784,3,66000,387130000C,(04)23289100,(04)25368667
7602,2023,03,20,14,50,臺中市,大里區,0,0,0,8,,,50,,,,,,,,,,,,,,,6,"  ","  ","  ","  ",B03,"  ","  ",1,"  ",2,"  ","  ",6,"   ",1,22,"  ",B03,120.681141,24.104047,3,66000,387130000C,(04)23289100,(04)25368667
7603,2023,03,20,14,54,臺中市,大里區,0,0,0,8,,,50,,,,,,,,,,,,,,,23,"  ","  ","  ","  ",C03,"  ","  ",1,"  ",2,"  ","  ",23,"   ",1,22,"  ",C03,120.675834,24.095938,3,66000,387130000C,(04)23289100,(04)25368667
7604,2023,03,20,14,54,臺中市,大甲區,0,2,0,8,1,5,50,4,1,1,5,4,5,7,1,1,10,5,5,2,17,25,2,9,1,1,C03,7,6,1,10,2,14,"  ",25,25,1,4,1,C03,120.625026,24.340605,2,66000,387130000C,(04)23289100,(04)25368667
7605,2023,03,20,14,58,臺中市,大里區,0,0,0,8,,,50,,,,,,,,,,,,,,,23,"  ","  ","  ","  ",B03,"  ","  ",1,"  ",2,"  ","  ",23,"   ",1,21,"  ",B03,120.692016,24.110355,3,66000,387130000C,(04)23289100,(04)25368667
7606,2023,03,20,15,0,臺中市,大雅區,0,0,0,8,,,30,,,,,,,,,,,,,,,12,"  ","  ","  ","  ",B03,"  ","  ",1,"  ",2,"  ","  ",12,"   ",1,21,"  ",B03,120.668405,24.20319,3,66000,387130000C,(04)23289100,(04)25368667
7607,2023,03,20,15,6,臺中市,北屯區,0,2,0,8,1,5,50,3,1,1,5,4,5,7,4,4,5,5,5,2,16,19,2,9,2,1,C03,7,1,1,10,2,11,"  ",19,19,1,22,8,C03,120.668902,24.173892,2,66000,387130000C,(04)23289100,(04)25368667
7608,2023,03,20,15,7,臺中市,中區,0,2,0,8,1,5,50,4,1,1,5,4,5,7,2,1,10,5,5,2,16,8,2,9,1,1,C03,7,5,1,10,2,12,"  ",8,8,1,2,9,C03,120.678815,24.147178,2,66000,387130000C,(04)23289100,(04)25368667
7609,2023,03,20,15,10,臺中市,東區,0,0,0,8,1,5,50,14,7,1,5,4,5,7,4,4,5,4,4,2,17,42,3,10,1,1,A12,7,15,1,7,2,15,"  ",42,42,1,22,8,A12,120.703044,24.142606,3,66000,387130000C,(04)23289100,(04)25368667
7610,2023,03,20,15,10,臺中市,北屯區,0,1,0,8,1,5,50,4,18,1,5,4,5,7,2,1,10,5,5,2,3,15,3,10,1,1,B03,7,6,1,8,2,2,"  ",15,15,1,5,8,B03,120.728198,24.1712,2,66000,387130000C,(04)23289100,(04)25368667
7611,2023,03,20,15,20,臺中市,潭子區,0,1,0,8,1,5,60,14,12,1,5,4,5,7,4,4,1,4,4,1,18,23,2,9,1,1,C03,7,9,1,10,2,12,"  ",23,23,1,22,9,C03,120.707488,24.226671,2,66000,387130000C,(04)23289100,(04)25368667
7612,2023,03,20,15,21,臺中市,西屯區,0,0,0,8,,,40,,,,,,,,,,,,,,,19,"  ","  ","  ","  ",B01,"  ","  ",1,"  ",1,"  ","  ",19,"   ",1,21,"  ",B01,120.603578,24.175013,3,66000,387130000C,(04)23289100,(04)25368667
7613,2023,03,20,15,29,臺中市,西屯區,0,0,0,8,,,40,,,,,,,,,,,,,,,12,"  ","  ","  ","  ",A12,"  ","  ",1,"  ",1,"  ","  ",12,"   ",1,22,"  ",A12,120.663993,24.1681,3,66000,387130000C,(04)23289100,(04)25368667
7614,2023,03,20,15,35,臺中市,清水區,0,1,0,8,1,5,50,11,9,1,5,4,5,7,4,4,8,3,5,2,16,26,3,10,1,1,B03,7,5,1,8,2,8,"  ",26,26,1,21,8,B03,120.567807,24.266127,2,66000,387130000C,(04)23289100,(04)25368667
7615,2023,03,20,15,36,臺中市,北區,0,1,0,8,1,5,50,4,1,1,5,4,5,7,4,4,10,5,5,2,16,26,3,10,1,1,B03,7,5,1,8,2,1,"  ",26,26,1,5,8,B03,120.676504,24.152384,2,66000,387130000C,(04)23289100,(04)25368667
7616,2023,03,20,15,45,臺中市,東區,0,1,0,8,1,5,50,4,1,1,5,4,5,7,4,4,10,5,5,2,15,6,2,9,1,1,C03,7,9,1,10,2,12,"  ",6,6,1,5,8,C03,120.688178,24.140988,2,66000,387130000C,(04)23289100,(04)25368667
7617,2023,03,20,15,48,臺中市,北屯區,0,0,0,8,,,40,,,,,,,,,,,,,,,12,"  ","  ","  ","  ",B12,"  ","  ",1,"  ",9,"  ","  ",12,"   ",2,21,"  ",B12,120.69494,24.179445,3,66000,387130000C,(04)23289100,(04)25368667
7618,2023,03,20,15,50,臺中市,北屯區,0,2,0,8,1,5,50,4,2,1,5,4,5,7,1,1,5,4,5,2,16,8,2,9,1,1,C03,7,4,1,10,2,11,"  ",23,8,1,22,8,C03,120.677078,24.185883,2,66000,387130000C,(04)23289100,(04)25368667
7619,2023,03,20,15,54,臺中市,大里區,0,0,0,8,1,5,50,14,9,1,5,4,5,7,4,4,5,5,5,2,12,17,"  ","  ","  ","  ",C03,"  ","  ",1,"  ",2,"  ","  ",17,"   ",1,22,"  ",C03,120.673267,24.112826,3,66000,387130000C,(04)23289100,(04)25368667
7620,2023,03,20,15,55,臺中市,北屯區,0,1,0,8,1,5,40,14,8,1,5,4,5,7,4,4,5,5,4,2,12,40,3,10,1,1,B03,7,13,1,8,2,8,"  ",40,40,1,22,8,B03,120.683323,24.173731,2,66000,387130000C,(04)23289100,(04)25368667
7621,2023,03,20,15,58,臺中市,西區,0,0,0,8,,,50,,,,,,,,,,,,,,,17,"  ","  ","  ","  ",B03,"  ","  ",1,"  ",1,"  ","  ",17,"   ",1,21,"  ",B03,120.672093,24.141924,3,66000,387130000C,(04)23289100,(04)25368667
7622,2023,03,20,16,1,臺中市,北屯區,0,0,0,8,,,50,,,,,,,,,,,,,,,12,"  ","  ","  ","  ",B03,"  ","  ",1,"  ",9,"  ","  ",12,"   ",1,22,"  ",B03,120.716329,24.168326,3,66000,387130000C,(04)23289100,(04)25368667
7623,2023,03,20,16,5,臺中市,東區,0,1,0,8,1,5,50,4,1,1,5,4,5,7,1,1,10,5,5,2,18,23,2,8,1,1,C03,7,6,1,10,11,12,"  ",23,23,1,22,9,C03,120.684925,24.135194,2,66000,387130000C,(04)23289100,(04)25368667
7624,2023,03,20,16,6,臺中市,西屯區,0,0,0,8,,,40,,,,,,,,,,,,,,,16,"  ","  ","  ","  ",C03,"  ","  ",1,"  ",1,"  ","  ",16,"   ",1,4,"  ",C03,120.645965,24.172043,3,66000,387130000C,(04)23289100,(04)25368667