序號,年,月,日,時,分,縣市,區,死亡數量,受傷數量,2-30,天候,光線,道路類別,速限_速度(公里),道路型態,事故位置,路面鋪裝,路面狀態,路面缺陷,障礙物,視距,號誌種類,號誌動作,分向設施,快車道或一般車道間,快慢車道間,路面邊線,事故類型及型態,主要肇因,受傷程度,主要傷處,保護裝備,行動電話,當事者區分,車輛用途,當事者行動狀態,駕駛資格情形,駕駛執照種類,飲酒情形,車輛撞擊部位最初,車輛撞擊部位其他,肇事因素個別,肇事因素主要,肇事逃逸,職業,旅次目的,車種,GPS座標X,GPS座標Y,事故類別,縣市別代碼,機關代碼,市話,傳真
7817,2023,03,21,8,5,臺中市,南區,0,3,0,8,1,5,50,4,1,1,5,4,5,7,1,1,10,5,5,2,16,6,2,9,1,1,B03,7,5,1,8,2,5,"  ",6,6,1,22,8,B03,120.667595,24.128009,2,66000,387130000C,(04)23289100,(04)25368667
7818,2023,03,21,8,10,臺中市,霧峰區,0,1,0,8,1,5,50,3,1,1,5,4,5,7,1,1,10,5,5,2,17,8,3,10,1,1,C03,7,5,6,18,2,12,"  ",8,8,1,21,5,C03,120.710206,24.074337,2,66000,387130000C,(04)23289100,(04)25368667
7819,2023,03,21,8,13,臺中市,中區,0,0,0,8,,,50,,,,,,,,,,,,,,,40,"  ","  ","  ","  ",A12,"  ","  ",1,"  ",1,"  ","  ",40,"   ",1,4,"  ",A12,120.682438,24.140525,3,66000,387130000C,(04)23289100,(04)25368667
7820,2023,03,21,8,13,臺中市,北屯區,0,0,0,8,,,50,,,,,,,,,,,,,,,16,"  ","  ","  ","  ",B03,"  ","  ",1,"  ",2,"  ","  ",16,"   ",1,5,"  ",B03,120.66658,24.201349,3,66000,387130000C,(04)23289100,(04)25368667
7821,2023,03,21,8,14,臺中市,東區,0,1,0,8,1,5,50,14,9,1,5,4,5,7,2,1,10,5,5,2,12,17,2,9,1,1,C03,7,9,3,18,2,14,"  ",17,17,1,21,8,C03,120.690479,24.1386,2,66000,387130000C,(04)23289100,(04)25368667
7822,2023,03,21,8,15,臺中市,北屯區,0,1,0,8,1,5,50,4,1,1,5,4,5,7,2,1,10,5,5,2,12,26,3,10,1,1,C03,7,9,1,10,2,11,"  ",26,26,1,5,8,C03,120.685498,24.172177,2,66000,387130000C,(04)23289100,(04)25368667
7823,2023,03,21,8,16,臺中市,大雅區,0,2,0,8,1,5,30,3,1,1,5,4,5,5,4,4,10,5,5,2,16,6,2,9,1,1,C03,7,5,1,10,2,11,"  ",6,6,1,22,8,C03,120.667902,24.216914,2,66000,387130000C,(04)23289100,(04)25368667
7824,2023,03,21,8,16,臺中市,大里區,0,1,0,8,1,5,40,11,9,1,5,4,5,7,4,4,5,5,5,1,11,26,3,10,1,1,B12,7,5,6,8,2,8,"  ",26,26,1,4,5,B12,120.724386,24.084424,2,66000,387130000C,(04)23289100,(04)25368667
7825,2023,03,21,8,17,臺中市,西屯區,0,1,0,8,1,5,50,4,1,1,5,4,5,7,4,4,10,5,5,2,16,44,2,9,3,4,C03,7,9,1,10,2,14,"  ",44,44,1,22,8,C03,120.606465,24.188358,2,66000,387130000C,(04)23289100,(04)25368667
7826,2023,03,21,8,20,臺中市,神岡區,0,0,0,8,,,50,,,,,,,,,,,,,,,23,"  ","  ","  ","  ",B03,"  ","  ",1,"  ",2,"  ","  ",23,"   ",1,21,"  ",B03,120.707468,24.260283,3,66000,387130000C,(04)23289100,(04)25368667
7827,2023,03,21,8,24,臺中市,大雅區,0,0,0,8,,,50,,,,,,,,,,,,,,,23,"  ","  ","  ","  ",B12,"  ","  ",1,"  ",2,"  ","  ",23,"   ",1,22,"  ",B12,120.648038,24.215968,3,66000,387130000C,(04)23289100,(04)25368667
7828,2023,03,21,8,25,臺中市,西屯區,0,2,0,8,1,5,30,3,9,1,5,4,5,7,4,4,9,5,5,2,11,6,2,9,1,1,C03,7,5,1,10,1,11,"  ",6,6,1,12,8,C03,120.616116,24.18563,2,66000,387130000C,(04)23289100,(04)25368667
7829,2023,03,21,8,25,臺中市,霧峰區,0,0,0,8,,,30,,,,,,,,,,,,,,,42,"  ","  ","  ","  ",A05,"  ","  ",1,"  ",2,"  ","  ",23,42,1,10,"  ",A05,120.675408,24.076882,3,66000,387130000C,(04)23289100,(04)25368667
7830,2023,03,21,8,25,臺中市,清水區,0,0,0,8,,,30,,,,,,,,,,,,,,,17,"  ","  ","  ","  ",B03,"  ","  ",1,"  ",1,"  ","  ",17,"   ",1,5,"  ",B03,120.580358,24.273518,3,66000,387130000C,(04)23289100,(04)25368667
7831,2023,03,21,8,29,臺中市,太平區,0,1,0,8,1,5,50,14,12,1,5,4,5,7,4,4,5,4,4,2,13,7,2,9,1,1,C03,7,8,1,10,2,11,"  ",7,7,1,22,1,C03,120.713285,24.149632,2,66000,387130000C,(04)23289100,(04)25368667
7832,2023,03,21,8,30,臺中市,大里區,0,1,0,8,1,5,50,14,9,1,5,4,5,7,4,4,1,4,5,1,13,23,2,8,1,1,C03,7,9,1,10,2,14,"  ",23,23,1,21,8,C03,120.69271,24.103591,2,66000,387130000C,(04)23289100,(04)25368667
7833,2023,03,21,8,36,臺中市,東區,0,1,0,8,1,5,50,4,1,1,5,4,5,7,1,1,10,5,5,2,16,26,2,9,1,1,C03,7,9,1,10,2,11,"  ",26,26,1,22,8,C03,120.702423,24.140299,2,66000,387130000C,(04)23289100,(04)25368667
7834,2023,03,21,8,37,臺中市,大雅區,0,0,0,8,,,50,,,,,,,,,,,,,,,12,"  ","  ","  ","  ",B03,"  ","  ",1,"  ",2,"  ","  ",12,"   ",1,22,"  ",B03,120.653802,24.231085,3,66000,387130000C,(04)23289100,(04)25368667
7835,2023,03,21,8,42,臺中市,西區,0,3,0,8,1,5,50,3,1,1,5,4,5,7,4,4,10,5,5,2,16,6,2,7,1,1,C03,7,5,1,10,2,11,"  ",6,6,1,12,9,C03,120.670365,24.134456,2,66000,387130000C,(04)23289100,(04)25368667
7836,2023,03,21,8,43,臺中市,南屯區,0,0,0,8,,,1,,,,,,,,,,,,,,,42,"  ","  ","  ","  ",B02,"  ","  ",1,"  ",2,"  ","  ",42,"   ",1,19,"  ",B02,120.649688,24.148571,3,66000,387130000C,(04)23289100,(04)25368667
7837,2023,03,21,8,43,臺中市,西屯區,0,0,0,8,,,30,,,,,,,,,,,,,,,17,"  ","  ","  ","  ",B12,"  ","  ",1,"  ",1,"  ","  ",17,"   ",1,22,"  ",B12,120.61308,24.162107,3,66000,387130000C,(04)23289100,(04)25368667
7838,2023,03,21,8,53,臺中市,烏日區,0,0,0,8,1,5,40,5,1,1,5,4,5,7,1,1,1,2,1,1,16,10,3,10,3,4,B12,7,11,1,8,2,8,"  ",10,10,1,21,4,B12,120.65334,24.08991,3,66000,387130000C,(04)23289100,(04)25368667
7839,2023,03,21,8,54,臺中市,北區,0,2,0,8,1,5,50,14,9,1,5,4,5,7,4,4,5,4,5,2,16,7,2,9,1,1,C03,7,8,1,10,2,12,"  ",7,7,1,22,8,C03,120.678832,24.167145,2,66000,387130000C,(04)23289100,(04)25368667
7840,2023,03,21,8,57,臺中市,中區,0,1,0,8,1,5,50,4,2,1,5,4,5,7,1,1,10,2,5,2,16,26,2,8,1,1,C03,7,7,1,10,2,14,"  ",26,26,1,22,8,C03,120.683683,24.138642,2,66000,387130000C,(04)23289100,(04)25368667
7841,2023,03,21,9,0,臺中市,西屯區,0,0,0,8,,,50,,,,,,,,,,,,,,,67,"  ","  ","  ","  ","   ","  ","  ","  ","  ","  ","  ","  ",67,"   ",1,"  ","  ","   ",120.60047,24.172605,3,66000,387130000C,(04)23289100,(04)25368667
7842,2023,03,21,9,0,臺中市,大里區,0,0,0,8,,,50,,,,,,,,,,,,,,,23,"  ","  ","  ","  ",B03,"  ","  ",1,"  ",2,"  ","  ",23,"   ",1,5,"  ",B03,120.681173,24.096124,3,66000,387130000C,(04)23289100,(04)25368667
7843,2023,03,21,9,2,臺中市,后里區,0,1,0,8,2,5,50,14,9,1,5,4,3,7,4,4,5,5,5,2,12,2,2,9,1,1,C03,7,8,3,18,2,12,"  ",2,2,1,22,8,C03,120.711811,24.305192,2,66000,387130000C,(04)23289100,(04)25368667
7844,2023,03,21,9,10,臺中市,北區,0,3,0,8,1,5,40,14,9,1,5,4,5,7,4,4,10,5,5,2,12,23,2,9,1,1,C03,7,1,1,10,2,12,"  ",23,23,1,22,8,C03,120.672874,24.169654,2,66000,387130000C,(04)23289100,(04)25368667
7845,2023,03,21,9,27,臺中市,西屯區,0,1,0,8,1,5,50,5,2,1,5,4,5,7,2,1,8,3,5,1,13,23,2,9,1,1,C03,7,9,1,10,2,11,"  ",23,23,1,22,8,C03,120.646756,24.168936,2,66000,387130000C,(04)23289100,(04)25368667
7846,2023,03,21,9,30,臺中市,沙鹿區,0,0,0,8,,,50,,,,,,,,,,,,,,,23,"  ","  ","  ","  ",C03,"  ","  ",1,"  ",2,"  ","  ",23,"   ",1,4,"  ",C03,120.565908,24.250135,3,66000,387130000C,(04)23289100,(04)25368667
7847,2023,03,21,9,32,臺中市,北屯區,0,0,0,8,,,50,,,,,,,,,,,,,,,16,"  ","  ","  ","  ",B03,"  ","  ",1,"  ",2,"  ","  ",16,"   ",1,5,"  ",B03,120.67837,24.184174,3,66000,387130000C,(04)23289100,(04)25368667
7848,2023,03,21,9,34,臺中市,西屯區,0,0,0,8,,,50,,,,,,,,,,,,,,,44,"  ","  ","  ","  ",B03,"  ","  ",1,"  ",1,"  ","  ",44,"   ",1,22,"  ",B03,120.627238,24.177645,3,66000,387130000C,(04)23289100,(04)25368667
7849,2023,03,21,9,35,臺中市,太平區,0,1,0,8,1,5,30,3,1,1,5,4,5,7,4,4,10,5,5,2,14,12,3,10,1,1,B11,7,2,1,3,2,6,"  ",12,12,1,10,8,B11,120.729535,24.140475,2,66000,387130000C,(04)23289100,(04)25368667
7850,2023,03,21,9,43,臺中市,南區,0,0,0,8,,,50,,,,,,,,,,,,,,,25,"  ","  ","  ","  ",C03,"  ","  ",1,"  ",2,"  ","  ",25,"   ",1,22,"  ",C03,120.68295,24.134424,3,66000,387130000C,(04)23289100,(04)25368667
7851,2023,03,21,9,43,臺中市,神岡區,0,0,0,8,,,30,,,,,,,,,,,,,,,16,"  ","  ","  ","  ",C03,"  ","  ",1,"  ",1,"  ","  ",16,"   ",1,22,"  ",C03,120.695024,24.2468,3,66000,387130000C,(04)23289100,(04)25368667
7852,2023,03,21,9,45,臺中市,霧峰區,0,0,0,8,,,60,,,,,,,,,,,,,,,23,"  ","  ","  ","  ",B03,"  ","  ",1,"  ",2,"  ","  ",23,23,1,4,"  ",B03,120.692374,24.045671,3,66000,387130000C,(04)23289100,(04)25368667
7853,2023,03,21,9,47,臺中市,西屯區,0,0,0,8,,,50,,,,,,,,,,,,,,,43,"  ","  ","  ","  ",B12,"  ","  ",1,"  ",2,"  ","  ",43,"   ",1,22,"  ",B12,120.632863,24.162778,3,66000,387130000C,(04)23289100,(04)25368667
7854,2023,03,21,9,55,臺中市,南區,0,0,0,,,,50,,,,,,,,,,,,,,,16,"  ","  ","  ","  ",B12,"  ","  ",1,"  ",2,"  ","  ",16,"   ",1,5,"  ",B12,120.657515,24.129591,3,66000,387130000C,(04)23289100,(04)25368667
7855,2023,03,21,9,58,臺中市,霧峰區,0,0,0,8,,,40,,,,,,,,,,,,,,,42,"  ","  ","  ","  ",B03,"  ","  ",1,"  ",2,"  ","  ",42,"   ",1,21,"  ",B03,120.662702,24.072991,3,66000,387130000C,(04)23289100,(04)25368667
7856,2023,03,21,9,59,臺中市,烏日區,0,0,0,8,1,5,80,14,7,1,5,4,5,7,4,4,1,4,1,1,12,44,3,10,3,4,A41,7,9,1,1,2,8,"  ",44,44,1,21,9,A41,120.60869,24.097152,3,66000,387130000C,(04)23289100,(04)25368667
7857,2023,03,21,10,0,臺中市,南區,0,1,0,8,1,5,50,14,9,1,5,4,5,7,4,4,3,4,5,2,13,23,2,9,1,1,C03,7,9,3,18,2,11,"  ",23,23,1,22,8,C03,120.65385,24.116874,2,66000,387130000C,(04)23289100,(04)25368667
7858,2023,03,21,10,3,臺中市,西區,0,0,0,8,,,50,,,,,,,,,,,,,,,23,"  ","  ","  ","  ",B03,"  ","  ",1,"  ",2,"  ","  ",23,"   ",1,2,"  ",B03,120.657461,24.149501,3,66000,387130000C,(04)23289100,(04)25368667
7859,2023,03,21,10,3,臺中市,石岡區,0,0,0,8,,,70,,,,,,,,,,,,,,,23,"  ","  ","  ","  ",B03,"  ","  ",1,"  ",2,"  ","  ",23,23,1,22,"  ",B03,120.786848,24.274138,3,66000,387130000C,(04)23289100,(04)25368667
7860,2023,03,21,10,7,臺中市,西屯區,0,1,0,8,1,5,50,3,1,1,5,4,5,7,4,4,10,5,5,2,16,6,3,10,3,4,B03,7,6,1,8,2,2,"  ",6,6,1,22,8,B03,120.626986,24.17739,2,66000,387130000C,(04)23289100,(04)25368667
7861,2023,03,21,10,10,臺中市,沙鹿區,0,1,0,8,1,5,50,4,1,1,5,4,5,7,1,1,10,5,5,2,17,26,3,10,1,1,B03,7,9,1,8,2,1,"  ",26,26,1,21,8,B03,120.560836,24.241137,2,66000,387130000C,(04)23289100,(04)25368667
7862,2023,03,21,10,11,臺中市,北區,0,0,0,,,,50,,,,,,,,,,,,,,,12,"  ","  ","  ","  ",C03,"  ","  ",1,"  ",2,"  ","  ",12,"   ",1,22,"  ",C03,120.681643,24.154837,3,66000,387130000C,(04)23289100,(04)25368667
7863,2023,03,21,10,14,臺中市,北屯區,0,0,0,8,,,40,,,,,,,,,,,,,,,40,"  ","  ","  ","  ",B12,"  ","  ",1,"  ",1,"  ","  ",40,"   ",1,5,"  ",B12,120.666273,24.201404,3,66000,387130000C,(04)23289100,(04)25368667
7864,2023,03,21,10,21,臺中市,大雅區,0,1,0,8,1,5,50,4,1,1,5,4,5,7,1,1,5,5,5,1,17,43,3,10,3,4,B03,7,9,1,8,9,2,"  ",43,43,1,22,9,B03,120.645829,24.225853,2,66000,387130000C,(04)23289100,(04)25368667
7865,2023,03,21,10,26,臺中市,西區,0,1,0,8,1,5,50,4,1,1,5,4,5,7,1,1,10,5,5,2,18,42,2,9,1,1,C03,7,9,3,18,2,14,"  ",42,42,1,22,9,C03,120.655141,24.147749,2,66000,387130000C,(04)23289100,(04)25368667
7866,2023,03,21,10,29,臺中市,清水區,0,1,0,8,1,5,50,4,2,1,5,4,5,7,3,1,8,3,5,1,13,23,2,9,1,1,C03,7,9,3,18,2,11,"  ",23,23,1,21,8,C03,120.575186,24.271905,2,66000,387130000C,(04)23289100,(04)25368667
7867,2023,03,21,10,30,臺中市,梧棲區,0,0,0,8,,,50,,,,,,,,,,,,,,,18,"  ","  ","  ","  ",B03,"  ","  ",1,"  ",2,"  ","  ",18,"   ",1,20,"  ",B03,120.532207,24.254108,3,66000,387130000C,(04)23289100,(04)25368667
7868,2023,03,21,10,33,臺中市,西屯區,0,0,0,8,,,30,,,,,,,,,,,,,,,17,"  ","  ","  ","  ",B03,"  ","  ",1,"  ",2,"  ","  ",17,"   ",1,21,"  ",B03,120.620804,24.185691,3,66000,387130000C,(04)23289100,(04)25368667
7869,2023,03,21,10,38,臺中市,霧峰區,0,1,0,8,1,5,40,3,1,1,5,4,5,7,3,1,5,4,5,1,13,23,2,9,1,1,C03,7,4,1,10,2,11,"  ",23,23,1,18,5,C03,120.709436,24.07676,2,66000,387130000C,(04)23289100,(04)25368667
7870,2023,03,21,10,40,臺中市,太平區,0,1,0,8,1,5,50,5,18,1,5,4,5,7,1,1,5,4,4,1,3,42,3,10,1,1,F03,7,5,8,20,2,16,"  ",42,42,1,21,8,F03,120.731847,24.139292,2,66000,387130000C,(04)23289100,(04)25368667
7871,2023,03,21,10,44,臺中市,北區,0,2,0,8,1,5,50,3,1,1,5,4,5,7,1,1,5,4,5,2,15,25,2,9,1,1,F01,7,1,8,20,2,16,"  ",25,25,1,5,8,F01,120.669247,24.166837,2,66000,387130000C,(04)23289100,(04)25368667
7872,2023,03,21,10,46,臺中市,太平區,0,0,0,8,,,50,,,,,,,,,,,,,,,23,"  ","  ","  ","  ",B03,"  ","  ",1,"  ",1,"  ","  ",23,"   ",1,22,"  ",B03,120.701882,24.148221,3,66000,387130000C,(04)23289100,(04)25368667
7873,2023,03,21,10,47,臺中市,太平區,0,1,0,8,1,5,50,3,1,1,5,4,5,7,4,4,10,5,5,2,17,26,2,9,1,1,C03,7,9,1,10,2,15,"  ",26,26,1,22,8,C03,120.728025,24.13467,2,66000,387130000C,(04)23289100,(04)25368667
7874,2023,03,21,10,55,臺中市,北區,0,0,0,8,,,50,,,,,,,,,,,,,,,16,"  ","  ","  ","  ",C03,"  ","  ",1,"  ",1,"  ","  ",16,"   ",1,22,"  ",C03,120.682097,24.154669,3,66000,387130000C,(04)23289100,(04)25368667
7875,2023,03,21,11,0,臺中市,神岡區,0,1,0,8,1,5,30,3,1,1,5,4,5,7,4,4,10,5,5,2,16,27,3,10,1,1,C03,7,5,1,10,2,14,"  ",27,27,1,21,8,C03,120.683165,24.248003,2,66000,387130000C,(04)23289100,(04)25368667
7876,2023,03,21,11,1,臺中市,北區,0,0,0,8,,,50,,,,,,,,,,,,,,,6,"  ","  ","  ","  ",B03,"  ","  ",1,"  ",2,"  ","  ",6,"   ",1,22,"  ",B03,120.667087,24.159243,3,66000,387130000C,(04)23289100,(04)25368667
7877,2023,03,21,11,1,臺中市,神岡區,0,0,0,8,,,30,,,,,,,,,,,,,,,12,"  ","  ","  ","  ",B02,"  ","  ",1,"  ",2,"  ","  ",12,"   ",1,22,"  ",B02,120.69208,24.277748,3,66000,387130000C,(04)23289100,(04)25368667
7878,2023,03,21,11,7,臺中市,西屯區,0,1,0,8,1,5,50,4,2,1,5,4,5,7,2,1,1,2,1,2,13,23,3,10,1,1,A11,7,9,1,1,1,1,"  ",23,23,1,22,8,A11,120.625338,24.207037,2,66000,387130000C,(04)23289100,(04)25368667
7879,2023,03,21,11,9,臺中市,北屯區,0,0,0,8,,,50,,,,,,,,,,,,,,,10,"  ","  ","  ","  ",C03,"  ","  ",1,"  ",1,"  ","  ",10,10,1,19,"  ",C03,120.665499,24.186407,3,66000,387130000C,(04)23289100,(04)25368667
7880,2023,03,21,11,12,臺中市,太平區,0,0,0,8,,,50,,,,,,,,,,,,,,,19,"  ","  ","  ","  ",B03,"  ","  ",1,"  ",2,"  ","  ",19,"   ",1,22,"  ",B03,120.719644,24.129689,3,66000,387130000C,(04)23289100,(04)25368667
7881,2023,03,21,11,17,臺中市,北屯區,0,0,0,8,,,50,,,,,,,,,,,,,,,23,"  ","  ","  ","  ",C03,"  ","  ",1,"  ",1,"  ","  ",23,"   ",1,22,"  ",C03,120.68643,24.166858,3,66000,387130000C,(04)23289100,(04)25368667
7882,2023,03,21,11,18,臺中市,南區,0,0,0,8,,,50,,,,,,,,,,,,,,,23,"  ","  ","  ","  ",B03,"  ","  ",1,"  ",2,"  ","  ",23,"   ",1,22,"  ",B03,120.67,24.117448,3,66000,387130000C,(04)23289100,(04)25368667
7883,2023,03,21,11,23,臺中市,南區,0,0,0,8,,,50,,,,,,,,,,,,,,,16,"  ","  ","  ","  ",C03,"  ","  ",1,10,2,"  ","  ",16,16,1,21,"  ",C03,120.676047,24.127113,3,66000,387130000C,(04)23289100,(04)25368667
7884,2023,03,21,11,26,臺中市,烏日區,0,1,0,8,1,5,30,14,9,2,5,4,5,7,4,4,5,4,5,2,17,19,3,10,1,1,B01,7,1,1,3,2,15,"  ",19,19,1,10,8,B01,120.61553,24.11295,2,66000,387130000C,(04)23289100,(04)25368667
7885,2023,03,21,11,26,臺中市,沙鹿區,0,0,0,8,,,60,,,,,,,,,,,,,,,23,"  ","  ","  ","  ",B03,"  ","  ",1,"  ",2,"  ","  ",23,"   ",1,9,"  ",B03,120.569457,24.23769,3,66000,387130000C,(04)23289100,(04)25368667
7886,2023,03,21,11,27,臺中市,北區,0,0,0,8,,,50,,,,,,,,,,,,,,,26,"  ","  ","  ","  ",B03,"  ","  ",1,"  ",2,"  ","  ",26,"   ",1,22,"  ",B03,120.686252,24.15482,3,66000,387130000C,(04)23289100,(04)25368667
7887,2023,03,21,11,30,臺中市,大雅區,0,1,0,8,1,5,50,14,9,1,5,4,5,7,1,1,5,5,5,1,17,23,2,7,1,1,C03,7,9,1,10,2,14,"  ",23,23,1,21,8,C03,120.646401,24.21203,2,66000,387130000C,(04)23289100,(04)25368667
7888,2023,03,21,11,33,臺中市,大甲區,0,1,0,8,1,5,50,5,1,1,5,4,5,7,1,1,10,5,5,2,16,25,3,10,1,1,B12,7,5,1,8,2,2,"  ",25,25,1,4,1,B12,120.631786,24.355163,2,66000,387130000C,(04)23289100,(04)25368667
7889,2023,03,21,11,36,臺中市,西屯區,0,1,0,8,1,5,40,3,1,1,5,4,5,7,4,4,1,5,1,2,12,23,2,9,1,1,C03,7,9,1,10,2,14,"  ",23,23,1,22,8,C03,120.627026,24.177618,2,66000,387130000C,(04)23289100,(04)25368667
7890,2023,03,21,11,45,臺中市,中區,0,1,0,8,1,5,50,4,2,1,5,4,5,7,1,1,10,5,5,2,17,19,3,10,3,4,B03,7,1,3,18,2,8,"  ",19,19,1,21,8,B03,120.675804,24.144255,2,66000,387130000C,(04)23289100,(04)25368667
7891,2023,03,21,11,49,臺中市,梧棲區,0,0,0,,,,70,,,,,,,,,,,,,,,23,"  ","  ","  ","  ",B12,"  ","  ",1,"  ",1,"  ","  ",23,"   ",1,4,"  ",B12,120.527012,24.259379,3,66000,387130000C,(04)23289100,(04)25368667
7892,2023,03,21,11,50,臺中市,北區,0,0,0,8,,,50,,,,,,,,,,,,,,,38,"  ","  ","  ","  ",C03,"  ","  ",1,"  ",1,"  ","  ",38,"   ",1,22,"  ",C03,120.67433,24.155894,3,66000,387130000C,(04)23289100,(04)25368667
7893,2023,03,21,11,50,臺中市,梧棲區,0,0,0,8,,,50,,,,,,,,,,,,,,,12,"  ","  ","  ","  ",B12,"  ","  ",1,"  ",1,"  ","  ",12,"   ",1,5,"  ",B12,120.551992,24.253493,4,66000,387130000C,(04)23289100,(04)25368667
7894,2023,03,21,11,50,臺中市,豐原區,0,0,0,8,,,50,,,,,,,,,,,,,,,12,"  ","  ","  ","  ",B03,"  ","  ",1,"  ",1,"  ","  ",12,"   ",1,22,"  ",B03,120.712859,24.25029,3,66000,387130000C,(04)23289100,(04)25368667
7895,2023,03,21,11,53,臺中市,東區,0,2,0,8,1,5,50,3,1,1,5,4,5,7,4,4,10,5,5,2,16,6,2,9,1,1,C03,7,6,1,10,2,14,"  ",6,6,1,22,8,C03,120.699381,24.145221,2,66000,387130000C,(04)23289100,(04)25368667
7896,2023,03,21,11,56,臺中市,潭子區,0,1,0,8,1,5,60,3,1,1,5,4,5,7,1,1,1,4,4,1,16,6,3,10,1,1,B12,7,5,1,8,2,1,"  ",6,6,1,22,9,B12,120.702434,24.189563,2,66000,387130000C,(04)23289100,(04)25368667
7897,2023,03,21,11,58,臺中市,西區,0,2,0,8,1,5,30,4,1,1,5,4,5,7,4,4,10,5,5,2,15,6,2,9,1,1,C03,7,9,1,10,2,12,"  ",6,6,1,22,4,C03,120.660856,24.149696,2,66000,387130000C,(04)23289100,(04)25368667
7898,2023,03,21,12,0,臺中市,北屯區,0,0,0,8,,,50,,,,,,,,,,,,,,,19,"  ","  ","  ","  ",B12,"  ","  ",1,"  ",2,"  ","  ",19,"   ",1,21,"  ",B12,120.662278,24.189773,3,66000,387130000C,(04)23289100,(04)25368667
7899,2023,03,21,12,0,臺中市,大里區,0,0,0,8,,,50,,,,,,,,,,,,,,,19,"  ","  ","  ","  ",B03,"  ","  ",1,"  ",2,"  ","  ",19,19,1,22,"  ",B03,120.679568,24.095516,3,66000,387130000C,(04)23289100,(04)25368667
7900,2023,03,21,12,0,臺中市,新社區,0,0,0,8,,,50,,,,,,,,,,,,,,,23,"  ","  ","  ","  ",C02,"  ","  ",1,"  ",2,"  ","  ",23,"   ",1,22,"  ",C02,120.83504,24.16964,3,66000,387130000C,(04)23289100,(04)25368667
7901,2023,03,21,12,8,臺中市,西區,0,3,0,8,1,5,40,14,8,1,5,4,5,7,4,4,1,4,1,2,13,16,2,9,1,1,C03,7,9,1,10,2,11,"  ",16,16,1,4,8,C03,120.658942,24.157694,2,66000,387130000C,(04)23289100,(04)25368667
7902,2023,03,21,12,10,臺中市,北屯區,0,0,0,8,,,50,,,,,,,,,,,,,,,16,"  ","  ","  ","  ",B12,"  ","  ",1,"  ",1,"  ","  ",16,"   ",1,22,"  ",B12,120.703146,24.159596,3,66000,387130000C,(04)23289100,(04)25368667
7903,2023,03,21,12,14,臺中市,清水區,0,1,0,8,1,5,50,4,1,1,5,4,5,7,1,1,10,5,5,2,16,6,3,10,1,1,B03,7,6,1,8,2,5,"  ",6,6,1,21,8,B03,120.572431,24.264164,2,66000,387130000C,(04)23289100,(04)25368667
7904,2023,03,21,12,15,臺中市,沙鹿區,0,1,0,8,1,5,60,14,7,1,5,4,5,7,4,4,5,5,5,2,13,13,2,9,1,1,C03,7,9,1,9,2,11,"  ",13,13,1,3,5,C03,120.575219,24.2391,2,66000,387130000C,(04)23289100,(04)25368667
7905,2023,03,21,12,17,臺中市,南屯區,0,0,0,8,,,50,,,,,,,,,,,,,,,23,"  ","  ","  ","  ",B03,"  ","  ",1,"  ",2,"  ","  ",23,"   ",1,22,"  ",B03,120.64964,24.139385,3,66000,387130000C,(04)23289100,(04)25368667
7906,2023,03,21,12,19,臺中市,東勢區,0,0,0,8,1,5,50,11,9,1,5,4,5,7,4,4,5,4,5,1,11,21,3,10,1,1,C03,7,9,3,18,5,14,"  ",21,21,1,22,9,C03,120.845275,24.243935,3,66000,387130000C,(04)23289100,(04)25368667
7907,2023,03,21,12,24,臺中市,中區,0,1,0,8,1,5,50,14,7,1,5,4,5,7,2,1,5,4,4,2,17,26,3,10,1,1,B03,7,8,1,8,2,7,"  ",26,26,1,2,9,B03,120.675775,24.141511,2,66000,387130000C,(04)23289100,(04)25368667
7908,2023,03,21,12,30,臺中市,西屯區,0,1,0,8,1,5,40,4,1,1,5,4,5,7,4,4,10,5,5,2,16,6,3,10,3,4,B03,7,6,1,8,2,2,"  ",6,6,1,22,8,B03,120.65591,24.159346,2,66000,387130000C,(04)23289100,(04)25368667
7909,2023,03,21,12,30,臺中市,西屯區,0,0,0,8,,,50,,,,,,,,,,,,,,,6,"  ","  ","  ","  ",B03,"  ","  ",1,"  ",1,"  ","  ",6,"   ",1,12,"  ",B03,120.644691,24.194238,3,66000,387130000C,(04)23289100,(04)25368667
7910,2023,03,21,12,31,臺中市,南屯區,0,0,0,,,,50,,,,,,,,,,,,,,,12,"  ","  ","  ","  ",B03,"  ","  ",1,"  ",2,"  ","  ",12,"   ",1,22,"  ",B03,120.643872,24.135846,3,66000,387130000C,(04)23289100,(04)25368667
7911,2023,03,21,12,32,臺中市,霧峰區,0,2,0,8,1,5,50,4,1,1,5,4,5,7,4,4,10,5,5,2,17,6,2,9,1,1,C03,7,9,1,10,2,11,"  ",6,6,1,21,5,C03,120.700612,24.070873,2,66000,387130000C,(04)23289100,(04)25368667
7912,2023,03,21,12,38,臺中市,西屯區,0,0,0,8,,,50,,,,,,,,,,,,,,,23,"  ","  ","  ","  ",C03,"  ","  ",1,"  ",1,"  ","  ",23,"   ",1,22,"  ",C03,120.613815,24.174574,3,66000,387130000C,(04)23289100,(04)25368667