序號,年,月,日,時,分,縣市,區,死亡數量,受傷數量,2-30,天候,光線,道路類別,速限_速度(公里),道路型態,事故位置,路面鋪裝,路面狀態,路面缺陷,障礙物,視距,號誌種類,號誌動作,分向設施,快車道或一般車道間,快慢車道間,路面邊線,事故類型及型態,主要肇因,受傷程度,主要傷處,保護裝備,行動電話,當事者區分,車輛用途,當事者行動狀態,駕駛資格情形,駕駛執照種類,飲酒情形,車輛撞擊部位最初,車輛撞擊部位其他,肇事因素個別,肇事因素主要,肇事逃逸,職業,旅次目的,車種,GPS座標X,GPS座標Y,事故類別,縣市別代碼,機關代碼,市話,傳真
7913,2023,03,21,12,39,臺中市,北屯區,0,0,0,8,,,50,,,,,,,,,,,,,,,23,"  ","  ","  ","  ",B03,"  ","  ",1,"  ",2,"  ","  ",23,"   ",1,5,"  ",B03,120.722553,24.166445,3,66000,387130000C,(04)23289100,(04)25368667
7914,2023,03,21,12,39,臺中市,沙鹿區,0,1,0,8,1,5,50,4,1,1,5,4,5,7,1,1,10,5,5,2,16,25,2,9,1,1,B03,7,11,1,8,2,5,"  ",25,25,1,21,8,B03,120.558754,24.233577,2,66000,387130000C,(04)23289100,(04)25368667
7915,2023,03,21,12,43,臺中市,南屯區,0,0,0,8,,,1,,,,,,,,,,,,,,,42,"  ","  ","  ","  ",B03,"  ","  ",8,"  ",10,"  ","  ",42,"   ",1,4,"  ",B03,120.643877,24.151164,3,66000,387130000C,(04)23289100,(04)25368667
7916,2023,03,21,12,45,臺中市,西屯區,0,2,0,8,1,5,40,3,1,1,5,4,5,7,2,1,10,5,5,2,16,6,3,10,1,1,B03,7,6,1,8,2,5,"  ",6,6,1,21,8,B03,120.614063,24.183861,2,66000,387130000C,(04)23289100,(04)25368667
7917,2023,03,21,12,51,臺中市,北區,0,0,0,8,,,50,,,,,,,,,,,,,,,42,"  ","  ","  ","  ",A02,"  ","  ",1,"  ",1,"  ","  ",42,"   ",1,10,"  ",A02,120.682945,24.145658,3,66000,387130000C,(04)23289100,(04)25368667
7918,2023,03,21,12,53,臺中市,西區,0,1,0,8,1,5,50,3,1,1,5,4,5,7,4,4,10,5,5,2,17,6,3,10,3,4,B03,7,6,1,8,2,8,"  ",6,6,1,21,8,B03,120.670768,24.153096,2,66000,387130000C,(04)23289100,(04)25368667
7919,2023,03,21,12,55,臺中市,東區,0,0,0,,,,,,,,,,,,,,,,,,,67,"  ","  ","  ","  ","   ","  ","  ","  ","  ","  ","  ","  ",67,"   ",1,"  ","  ","   ",120.689329,24.144972,3,66000,387130000C,(04)23289100,(04)25368667
7920,2023,03,21,13,0,臺中市,大里區,0,1,0,8,1,5,50,14,9,1,5,4,5,7,4,4,3,4,5,1,13,23,2,9,1,1,C03,7,9,1,10,2,11,"  ",23,23,1,18,5,C03,120.681101,24.105838,2,66000,387130000C,(04)23289100,(04)25368667
7921,2023,03,21,13,2,臺中市,太平區,0,0,0,8,,,50,,,,,,,,,,,,,,,12,"  ","  ","  ","  ",B03,"  ","  ",1,"  ",1,"  ","  ",12,"   ",1,21,"  ",B03,120.713233,24.131314,3,66000,387130000C,(04)23289100,(04)25368667
7922,2023,03,21,13,2,臺中市,清水區,0,0,0,8,,,30,,,,,,,,,,,,,,,12,"  ","  ","  ","  ",B03,"  ","  ",1,"  ",2,"  ","  ",12,"   ",1,21,"  ",B03,120.560321,24.268508,3,66000,387130000C,(04)23289100,(04)25368667
7923,2023,03,21,13,10,臺中市,潭子區,0,0,0,8,,,50,,,,,,,,,,,,,,,23,"  ","  ","  ","  ",B03,"  ","  ",1,"  ",2,"  ","  ",23,"   ",1,22,"  ",B03,120.703002,24.200654,3,66000,387130000C,(04)23289100,(04)25368667
7924,2023,03,21,13,10,臺中市,南區,0,1,0,8,1,5,40,14,8,1,5,4,5,7,4,4,5,5,4,2,13,23,2,8,1,1,C03,7,9,1,10,2,11,"  ",23,23,1,22,8,C03,120.673166,24.123988,2,66000,387130000C,(04)23289100,(04)25368667
7925,2023,03,21,13,10,臺中市,烏日區,0,0,0,8,,,40,,,,,,,,,,,,,,,18,"  ","  ","  ","  ",B03,"  ","  ",1,"  ",1,"  ","  ",18,"   ",1,9,"  ",B03,120.644459,24.072129,3,66000,387130000C,(04)23289100,(04)25368667
7926,2023,03,21,13,16,臺中市,北區,0,2,0,8,1,5,50,3,1,1,5,4,5,7,4,4,9,5,5,2,16,6,2,8,1,1,C03,7,5,1,10,2,11,"  ",6,6,1,22,9,C03,120.691008,24.16138,2,66000,387130000C,(04)23289100,(04)25368667
7927,2023,03,21,13,16,臺中市,西屯區,0,1,0,8,1,5,50,14,9,1,5,4,5,7,4,4,8,3,5,1,9,43,3,10,1,1,C03,7,9,1,10,2,12,"  ",43,43,1,22,8,C03,120.66913,24.177097,2,66000,387130000C,(04)23289100,(04)25368667
7928,2023,03,21,13,16,臺中市,大安區,0,1,0,8,1,5,50,4,1,1,5,4,5,7,3,1,10,5,5,2,15,6,2,9,1,1,C03,7,9,1,10,2,12,"  ",6,6,1,21,8,C03,120.596336,24.375788,2,66000,387130000C,(04)23289100,(04)25368667
7929,2023,03,21,13,18,臺中市,北屯區,0,0,0,8,,,50,,,,,,,,,,,,,,,6,"  ","  ","  ","  ",B12,"  ","  ",1,"  ",1,"  ","  ",6,6,1,5,"  ",B12,120.689103,24.174131,3,66000,387130000C,(04)23289100,(04)25368667
7930,2023,03,21,13,20,臺中市,北屯區,0,0,0,8,,,50,,,,,,,,,,,,,,,26,"  ","  ","  ","  ",B03,"  ","  ",1,"  ",11,"  ","  ",26,26,2,21,"  ",B03,120.662469,24.188557,3,66000,387130000C,(04)23289100,(04)25368667
7931,2023,03,21,13,20,臺中市,西屯區,0,0,0,8,,,50,,,,,,,,,,,,,,,12,"  ","  ","  ","  ",B03,"  ","  ",1,"  ",1,"  ","  ",12,"   ",1,22,"  ",B03,120.654345,24.164855,3,66000,387130000C,(04)23289100,(04)25368667
7932,2023,03,21,13,20,臺中市,霧峰區,0,0,0,8,,,50,,,,,,,,,,,,,,,23,"  ","  ","  ","  ",B03,"  ","  ",1,"  ",2,"  ","  ",23,"   ",1,22,"  ",B03,120.698788,24.06274,3,66000,387130000C,(04)23289100,(04)25368667
7933,2023,03,21,13,24,臺中市,東區,0,1,0,8,1,5,50,3,1,1,5,4,5,7,1,1,10,5,5,2,16,6,2,9,1,1,C03,7,5,1,8,2,11,"  ",6,6,1,22,8,C03,120.692776,24.136867,2,66000,387130000C,(04)23289100,(04)25368667
7934,2023,03,21,13,29,臺中市,南區,0,2,0,8,1,5,50,4,1,1,5,4,5,7,3,1,10,5,5,2,15,6,2,9,1,1,C03,7,9,1,10,2,12,"  ",6,6,1,21,8,C03,120.6657,24.11609,2,66000,387130000C,(04)23289100,(04)25368667
7935,2023,03,21,13,35,臺中市,北屯區,0,1,0,8,1,5,50,11,7,1,5,4,5,7,4,4,3,5,4,1,18,23,2,9,1,1,C02,7,9,1,9,2,12,11,23,23,1,22,8,C02,120.787449,24.205411,2,66000,387130000C,(04)23289100,(04)25368667
7936,2023,03,21,13,39,臺中市,北屯區,0,0,0,8,,,50,,,,,,,,,,,,,,,12,"  ","  ","  ","  ",B03,"  ","  ",1,"  ",1,"  ","  ",12,"   ",1,5,"  ",B03,120.682541,24.18518,3,66000,387130000C,(04)23289100,(04)25368667
7937,2023,03,21,13,39,臺中市,大里區,0,0,0,8,,,50,,,,,,,,,,,,,,,6,"  ","  ","  ","  ",B03,"  ","  ",1,"  ",2,"  ","  ",6,"   ",1,4,"  ",B03,120.693387,24.091936,3,66000,387130000C,(04)23289100,(04)25368667
7938,2023,03,21,13,40,臺中市,霧峰區,0,0,0,8,,,30,,,,,,,,,,,,,,,42,"  ","  ","  ","  ",B11,"  ","  ",1,"  ",2,"  ","  ",42,"   ",1,21,"  ",B11,120.662034,24.067893,3,66000,387130000C,(04)23289100,(04)25368667
7939,2023,03,21,13,45,臺中市,西屯區,0,0,0,8,,,50,,,,,,,,,,,,,,,23,"  ","  ","  ","  ",C03,"  ","  ",1,"  ",1,"  ","  ",23,"   ",1,12,"  ",C03,120.647178,24.196561,3,66000,387130000C,(04)23289100,(04)25368667
7940,2023,03,21,13,46,臺中市,豐原區,0,1,0,8,1,5,50,15,8,1,5,4,5,7,4,4,1,4,4,1,17,42,3,10,1,1,B12,7,14,1,8,2,15,"  ",42,42,1,22,8,B12,120.755071,24.274168,2,66000,387130000C,(04)23289100,(04)25368667
7941,2023,03,21,13,49,臺中市,北屯區,0,2,0,8,1,5,50,4,1,1,5,4,5,7,1,1,10,5,5,2,13,16,2,9,1,1,C03,7,9,1,10,2,12,14,16,16,1,5,8,C03,120.693835,24.165415,2,66000,387130000C,(04)23289100,(04)25368667
7942,2023,03,21,13,56,臺中市,南屯區,0,1,0,8,1,5,50,5,1,1,5,4,5,7,1,1,10,5,5,2,16,10,3,10,1,1,C03,7,11,1,10,2,14,"  ",10,10,1,22,8,C03,120.64877,24.143783,2,66000,387130000C,(04)23289100,(04)25368667
7943,2023,03,21,13,57,臺中市,南區,0,1,0,8,1,5,50,4,1,1,5,4,5,7,1,1,10,5,5,2,16,6,3,10,1,1,B03,7,5,1,8,2,8,"  ",6,6,1,22,8,B03,120.668721,24.112818,2,66000,387130000C,(04)23289100,(04)25368667
7944,2023,03,21,13,58,臺中市,西區,0,1,0,8,1,5,40,11,8,1,5,4,5,7,4,4,4,4,4,2,17,40,3,10,1,1,B11,7,13,1,4,2,4,"  ",40,40,1,4,8,B11,120.665172,24.151518,2,66000,387130000C,(04)23289100,(04)25368667
7945,2023,03,21,13,59,臺中市,南屯區,0,0,0,8,,,50,,,,,,,,,,,,,,,17,"  ","  ","  ","  ",A05,"  ","  ",1,"  ",1,"  ","  ",17,"   ",1,22,"  ",A05,120.649968,24.130773,3,66000,387130000C,(04)23289100,(04)25368667
7946,2023,03,21,14,2,臺中市,梧棲區,0,0,0,,,,40,,,,,,,,,,,,,,,6,"  ","  ","  ","  ",B03,"  ","  ",1,"  ",1,"  ","  ",6,"   ",1,4,"  ",B03,120.542681,24.245918,3,66000,387130000C,(04)23289100,(04)25368667
7947,2023,03,21,14,5,臺中市,烏日區,0,0,0,8,,,50,,,,,,,,,,,,,,,9,"  ","  ","  ","  ",B03,"  ","  ",1,"  ",2,"  ","  ",9,"   ",1,4,"  ",B03,120.619328,24.11662,3,66000,387130000C,(04)23289100,(04)25368667
7948,2023,03,21,14,15,臺中市,北屯區,0,0,0,8,,,50,,,,,,,,,,,,,,,10,"  ","  ","  ","  ",B12,"  ","  ",1,"  ",2,"  ","  ",10,"   ",1,21,"  ",B12,120.705807,24.173678,3,66000,387130000C,(04)23289100,(04)25368667
7949,2023,03,21,14,15,臺中市,沙鹿區,0,1,0,8,1,5,60,5,1,1,5,4,5,7,1,1,10,5,5,2,16,25,2,9,1,1,C03,7,9,1,10,2,11,"  ",25,25,1,22,9,C03,120.569563,24.237414,2,66000,387130000C,(04)23289100,(04)25368667
7950,2023,03,21,14,16,臺中市,北屯區,0,0,0,8,,,40,,,,,,,,,,,,,,,12,"  ","  ","  ","  ",B02,"  ","  ",1,"  ",2,"  ","  ",12,"   ",1,22,"  ",B02,120.709793,24.167035,3,66000,387130000C,(04)23289100,(04)25368667
7951,2023,03,21,14,19,臺中市,北屯區,0,0,0,8,,,40,,,,,,,,,,,,,,,23,"  ","  ","  ","  ",B12,"  ","  ",1,"  ",1,"  ","  ",23,"   ",1,5,"  ",B12,120.718578,24.163481,3,66000,387130000C,(04)23289100,(04)25368667
7952,2023,03,21,14,21,臺中市,外埔區,0,1,0,8,1,5,30,3,1,1,5,4,5,7,4,4,10,5,5,2,17,23,2,9,1,1,C03,7,9,1,10,2,14,"  ",23,23,1,21,1,C03,120.643377,24.348627,2,66000,387130000C,(04)23289100,(04)25368667
7953,2023,03,21,14,27,臺中市,西屯區,0,0,0,8,,,50,,,,,,,,,,,,,,,16,"  ","  ","  ","  ",B03,"  ","  ",1,"  ",1,"  ","  ",16,"   ",1,21,"  ",B03,120.609816,24.185248,3,66000,387130000C,(04)23289100,(04)25368667
7954,2023,03,21,14,32,臺中市,外埔區,0,2,0,8,1,5,50,3,2,1,5,4,5,7,4,4,4,4,4,1,17,2,3,10,1,1,B12,7,11,1,8,2,15,"  ",2,2,1,4,8,B12,120.637915,24.341561,2,66000,387130000C,(04)23289100,(04)25368667
7955,2023,03,21,14,36,臺中市,西屯區,0,0,0,8,,,50,,,,,,,,,,,,,,,23,"  ","  ","  ","  ",B03,"  ","  ",1,"  ",11,"  ","  ",23,"   ",1,22,"  ",B03,120.642954,24.158177,3,66000,387130000C,(04)23289100,(04)25368667
7956,2023,03,21,14,41,臺中市,南屯區,0,0,0,,,,50,,,,,,,,,,,,,,,23,"  ","  ","  ","  ",C03,"  ","  ",1,"  ",1,"  ","  ",23,"   ",1,4,"  ",C03,120.638473,24.140482,3,66000,387130000C,(04)23289100,(04)25368667
7957,2023,03,21,14,42,臺中市,烏日區,0,0,0,8,,,30,,,,,,,,,,,,,,,42,"  ","  ","  ","  ",B12,"  ","  ",1,"  ",2,"  ","  ",42,"   ",1,21,"  ",B12,120.638897,24.106313,3,66000,387130000C,(04)23289100,(04)25368667
7958,2023,03,21,14,43,臺中市,西區,0,1,0,8,1,5,50,4,2,1,5,4,5,7,1,1,10,5,5,2,17,7,3,10,1,1,B03,7,8,1,8,2,2,"  ",7,7,1,19,8,B03,120.66526,24.147914,2,66000,387130000C,(04)23289100,(04)25368667
7959,2023,03,21,14,44,臺中市,潭子區,0,1,0,8,1,5,50,3,1,1,5,4,5,7,4,4,5,5,5,1,17,8,3,10,1,1,C03,7,5,6,10,2,14,"  ",8,8,1,22,8,C03,120.721454,24.204045,2,66000,387130000C,(04)23289100,(04)25368667
7960,2023,03,21,14,47,臺中市,外埔區,0,1,0,8,1,5,50,10,17,1,5,4,5,7,4,4,1,3,5,1,16,23,3,10,1,1,B03,7,7,1,8,2,8,"  ",23,23,1,4,8,B03,120.647263,24.327546,2,66000,387130000C,(04)23289100,(04)25368667
7961,2023,03,21,14,48,臺中市,西屯區,0,0,0,8,,,50,,,,,,,,,,,,,,,42,"  ","  ","  ","  ",A12,"  ","  ",1,"  ",1,"  ","  ",42,"   ",1,22,"  ",A12,120.633249,24.183018,3,66000,387130000C,(04)23289100,(04)25368667
7962,2023,03,21,14,50,臺中市,中區,0,0,0,8,,,50,,,,,,,,,,,,,,,23,"  ","  ","  ","  ",C03,"  ","  ",1,"  ",2,"  ","  ",23,"   ",1,21,"  ",C03,120.683198,24.142536,3,66000,387130000C,(04)23289100,(04)25368667
7963,2023,03,21,14,55,臺中市,大里區,0,0,0,8,,,50,,,,,,,,,,,,,,,23,"  ","  ","  ","  ",C03,"  ","  ",1,"  ",2,"  ","  ",23,"   ",1,22,"  ",C03,120.699216,24.096611,3,66000,387130000C,(04)23289100,(04)25368667
7964,2023,03,21,14,57,臺中市,南屯區,0,0,0,8,,,50,,,,,,,,,,,,,,,23,"  ","  ","  ","  ",B03,"  ","  ",1,"  ",1,"  ","  ",23,"   ",1,22,"  ",B03,120.646661,24.132365,3,66000,387130000C,(04)23289100,(04)25368667
7965,2023,03,21,14,59,臺中市,西屯區,0,1,0,8,1,5,50,4,1,1,5,4,5,7,1,1,9,4,4,2,13,26,3,10,1,1,B03,7,6,1,8,2,1,"  ",26,26,1,12,8,B03,120.655276,24.200285,2,66000,387130000C,(04)23289100,(04)25368667
7966,2023,03,21,15,0,臺中市,豐原區,0,0,0,8,,,50,,,,,,,,,,,,,,,18,"  ","  ","  ","  ",B12,"  ","  ",1,"  ",2,"  ","  ",18,18,1,22,"  ",B12,120.729865,24.254177,3,66000,387130000C,(04)23289100,(04)25368667
7967,2023,03,21,15,11,臺中市,北屯區,0,1,0,8,1,5,50,3,2,1,5,4,5,7,1,1,5,4,4,2,16,9,3,10,1,1,B12,7,6,1,8,2,5,"  ",9,9,1,22,8,B12,120.678276,24.203242,2,66000,387130000C,(04)23289100,(04)25368667
7968,2023,03,21,15,14,臺中市,北屯區,0,0,0,8,,,50,,,,,,,,,,,,,,,43,"  ","  ","  ","  ","   ","  ","  ","  ","  ","  ","  ","  ",43,"   ",1,"  ","  ","   ",120.686873,24.176803,3,66000,387130000C,(04)23289100,(04)25368667
7969,2023,03,21,15,24,臺中市,西屯區,0,0,0,8,,,50,,,,,,,,,,,,,,,16,"  ","  ","  ","  ",A02,"  ","  ",1,"  ",2,"  ","  ",16,"   ",1,22,"  ",A02,120.608986,24.187155,3,66000,387130000C,(04)23289100,(04)25368667
7970,2023,03,21,15,25,臺中市,北屯區,0,2,0,8,1,5,50,3,1,1,5,4,5,7,2,1,10,5,5,2,13,16,2,9,1,1,C03,7,9,1,10,2,11,"  ",16,16,1,5,8,C03,120.71184,24.164591,2,66000,387130000C,(04)23289100,(04)25368667
7971,2023,03,21,15,25,臺中市,西屯區,0,0,0,8,,,1,,,,,,,,,,,,,,,19,"  ","  ","  ","  ",A41,"  ","  ",1,"  ",1,"  ","  ",19,"   ",1,21,"  ",A41,120.589628,24.1675,3,66000,387130000C,(04)23289100,(04)25368667
7972,2023,03,21,15,25,臺中市,烏日區,0,0,0,8,,,30,,,,,,,,,,,,,,,23,"  ","  ","  ","  ",A41,"  ","  ",1,"  ",2,"  ","  ",23,"   ",1,10,"  ",A41,120.635133,24.06651,3,66000,387130000C,(04)23289100,(04)25368667
7973,2023,03,21,15,29,臺中市,西屯區,0,0,0,8,,,50,,,,,,,,,,,,,,,6,"  ","  ","  ","  ",B02,"  ","  ",1,"  ",1,"  ","  ",6,"   ",1,22,"  ",B02,120.64623,24.154795,3,66000,387130000C,(04)23289100,(04)25368667
7974,2023,03,21,15,32,臺中市,大肚區,0,0,0,8,,,40,,,,,,,,,,,,,,,23,"  ","  ","  ","  ",B03,"  ","  ",1,"  ",2,"  ","  ",23,"   ",1,19,"  ",B03,120.54592,24.150037,3,66000,387130000C,(04)23289100,(04)25368667
7975,2023,03,21,15,33,臺中市,北區,0,2,0,8,1,5,50,14,22,1,5,4,5,7,4,4,9,5,5,2,16,6,2,9,1,1,C03,7,5,1,10,2,12,"  ",6,6,1,22,9,C03,120.668623,24.154613,2,66000,387130000C,(04)23289100,(04)25368667
7976,2023,03,21,15,40,臺中市,新社區,0,0,0,8,1,5,50,4,9,1,5,4,5,7,3,1,10,5,5,1,17,6,"  ","  ","  ","  ",B03,"  ","  ",1,"  ",2,"  ","  ",6,"   ",1,22,"  ",B03,120.798349,24.203244,3,66000,387130000C,(04)23289100,(04)25368667
7977,2023,03,21,15,48,臺中市,豐原區,0,2,0,8,1,5,40,14,9,1,5,4,5,7,4,4,10,5,5,1,17,42,3,10,1,1,C03,7,12,1,10,2,13,"  ",42,42,1,22,8,C03,120.730902,24.262136,2,66000,387130000C,(04)23289100,(04)25368667
7978,2023,03,21,15,55,臺中市,西區,0,0,0,8,,,50,,,,,,,,,,,,,,,7,"  ","  ","  ","  ",B03,"  ","  ",1,"  ",1,"  ","  ",44,"   ",1,5,"  ",B03,120.663848,24.151235,3,66000,387130000C,(04)23289100,(04)25368667
7979,2023,03,21,16,7,臺中市,潭子區,0,1,0,8,1,5,50,14,9,1,5,4,5,7,4,4,10,5,5,2,17,17,3,10,1,1,B03,7,9,1,8,2,4,"  ",17,17,1,22,8,B03,120.70191,24.192338,2,66000,387130000C,(04)23289100,(04)25368667
7980,2023,03,21,16,8,臺中市,北屯區,0,0,0,8,,,50,,,,,,,,,,,,,,,23,"  ","  ","  ","  ",B03,"  ","  ",1,"  ",2,"  ","  ",23,"   ",1,21,"  ",B03,120.677714,24.183288,3,66000,387130000C,(04)23289100,(04)25368667
7981,2023,03,21,16,10,臺中市,西屯區,0,0,0,8,,,40,,,,,,,,,,,,,,,7,"  ","  ","  ","  ",C03,"  ","  ",1,"  ",2,"  ","  ",44,7,1,22,"  ",C03,120.63039,24.180355,3,66000,387130000C,(04)23289100,(04)25368667
7982,2023,03,21,16,15,臺中市,龍井區,0,1,0,8,1,5,50,4,1,1,5,4,5,7,1,1,10,5,5,2,16,6,3,10,1,1,B03,7,6,1,8,2,2,"  ",6,6,1,11,8,B03,120.531269,24.182382,2,66000,387130000C,(04)23289100,(04)25368667
7983,2023,03,21,16,18,臺中市,大里區,0,0,0,8,,,,,,,,,,,,,,,,,,18,"  ","  ","  ","  ",B01,"  ","  ","  ","  ","  ","  ","  ",18,"   ",1,"  ","  ",B01,120.684144,24.107961,3,66000,387130000C,(04)23289100,(04)25368667
7984,2023,03,21,16,18,臺中市,太平區,0,0,0,8,,,30,,,,,,,,,,,,,,,6,"  ","  ","  ","  ",C03,"  ","  ",1,"  ",11,"  ","  ",6,"   ",1,22,"  ",C03,120.707959,24.111884,3,66000,387130000C,(04)23289100,(04)25368667
7985,2023,03,21,16,20,臺中市,南區,0,0,0,8,,,50,,,,,,,,,,,,,,,23,"  ","  ","  ","  ",B03,"  ","  ",1,"  ",2,"  ","  ",23,"   ",1,5,"  ",B03,120.670181,24.118517,3,66000,387130000C,(04)23289100,(04)25368667
7986,2023,03,21,16,20,臺中市,龍井區,0,1,0,8,2,5,50,14,9,1,5,4,5,7,4,4,9,5,5,1,16,26,3,10,1,1,B03,7,5,1,8,2,2,"  ",26,26,1,2,1,B03,120.582282,24.177646,2,66000,387130000C,(04)23289100,(04)25368667
7987,2023,03,21,16,23,臺中市,太平區,0,0,0,8,,,30,,,,,,,,,,,,,,,12,"  ","  ","  ","  ",B11,"  ","  ",1,"  ",2,"  ","  ",12,"   ",1,5,"  ",B11,120.721207,24.150818,3,66000,387130000C,(04)23289100,(04)25368667
7988,2023,03,21,16,25,臺中市,沙鹿區,0,1,0,8,1,5,50,3,1,1,5,4,5,7,4,4,10,5,5,2,16,10,3,10,1,1,B03,7,11,1,4,2,5,"  ",10,10,1,22,1,B03,120.560184,24.238331,2,66000,387130000C,(04)23289100,(04)25368667
7989,2023,03,21,16,26,臺中市,西區,0,1,0,8,1,5,50,14,7,1,5,4,5,7,4,4,5,2,5,2,17,23,3,10,1,1,B03,7,9,1,8,2,1,"  ",23,23,1,4,7,B03,120.66202,24.149866,2,66000,387130000C,(04)23289100,(04)25368667
7990,2023,03,21,16,27,臺中市,北區,0,2,0,8,1,5,50,4,1,1,5,4,5,7,1,1,1,2,4,2,17,23,2,9,1,1,C03,7,15,1,11,2,13,"  ",44,23,1,4,8,C03,120.685395,24.152786,2,66000,387130000C,(04)23289100,(04)25368667
7991,2023,03,21,16,28,臺中市,南屯區,0,0,0,8,1,5,50,4,1,1,5,4,5,7,2,1,10,5,5,2,16,26,3,10,1,1,C03,7,6,1,10,2,12,"  ",26,26,1,22,8,C03,120.653005,24.135752,3,66000,387130000C,(04)23289100,(04)25368667
7992,2023,03,21,16,28,臺中市,豐原區,0,0,0,8,,,50,,,,,,,,,,,,,,,7,"  ","  ","  ","  ",B11,"  ","  ",1,"  ",2,"  ","  ",7,"   ",1,22,"  ",B11,120.716777,24.251759,3,66000,387130000C,(04)23289100,(04)25368667
7993,2023,03,21,16,35,臺中市,西屯區,0,0,0,8,,,50,,,,,,,,,,,,,,,7,"  ","  ","  ","  ",B03,"  ","  ",1,"  ",1,"  ","  ",7,"   ",1,22,"  ",B03,120.620131,24.187156,3,66000,387130000C,(04)23289100,(04)25368667
7994,2023,03,21,16,39,臺中市,豐原區,0,0,0,,,,60,,,,,,,,,,,,,,,17,3,10,3,4,A12,7,9,1,7,9,4,"  ",17,17,1,10,4,A12,120.699977,24.236839,3,66000,387130000C,(04)23289100,(04)25368667
7995,2023,03,21,16,45,臺中市,南區,0,2,0,8,1,5,50,4,1,1,5,4,5,7,4,4,10,5,5,2,16,6,2,9,1,1,C03,7,6,1,10,2,11,"  ",6,67,1,22,8,C03,120.677095,24.128143,2,66000,387130000C,(04)23289100,(04)25368667
7996,2023,03,21,16,45,臺中市,霧峰區,0,0,0,8,,,50,,,,,,,,,,,,,,,23,"  ","  ","  ","  ",B03,"  ","  ",1,"  ",2,"  ","  ",23,"   ",1,3,"  ",B03,120.696125,24.065357,3,66000,387130000C,(04)23289100,(04)25368667
7997,2023,03,21,16,46,臺中市,西屯區,0,3,0,8,1,5,30,3,1,1,5,4,5,7,4,4,10,5,5,2,17,19,2,9,1,1,C03,7,1,1,10,2,14,"  ",19,19,1,22,8,C03,120.65562,24.160159,2,66000,387130000C,(04)23289100,(04)25368667
7998,2023,03,21,16,51,臺中市,北屯區,0,2,0,8,1,5,50,3,2,1,5,4,5,7,4,4,9,4,4,2,16,19,3,10,1,1,B03,7,1,1,8,2,8,"  ",19,19,1,22,8,B03,120.686626,24.197848,2,66000,387130000C,(04)23289100,(04)25368667
7999,2023,03,21,16,52,臺中市,西屯區,0,0,0,8,,,1,,,,,,,,,,,,,,,19,"  ","  ","  ","  ",A12,"  ","  ",1,"  ",2,"  ","  ",19,"   ",1,9,"  ",A12,120.624875,24.156104,3,66000,387130000C,(04)23289100,(04)25368667
8000,2023,03,21,16,53,臺中市,北屯區,0,2,0,8,1,5,30,4,1,1,5,4,5,7,4,4,10,5,5,2,15,6,2,9,1,1,C03,7,9,1,10,2,12,"  ",6,6,1,22,8,C03,120.666782,24.189457,2,66000,387130000C,(04)23289100,(04)25368667
8001,2023,03,21,16,54,臺中市,太平區,0,0,0,8,,,80,,,,,,,,,,,,,,,23,"  ","  ","  ","  ",B12,"  ","  ",1,"  ",2,"  ","  ",23,"   ",1,22,"  ",B12,120.710725,24.141557,3,66000,387130000C,(04)23289100,(04)25368667
8002,2023,03,21,16,54,臺中市,大甲區,0,0,0,,,,40,,,,,,,,,,,,,,,17,"  ","  ","  ","  ",A12,"  ","  ",1,"  ",1,"  ","  ",17,17,1,22,"  ",A12,120.63727,24.356725,3,66000,387130000C,(04)23289100,(04)25368667
8003,2023,03,21,16,58,臺中市,南屯區,0,0,0,,,,50,,,,,,,,,,,,,,,23,"  ","  ","  ","  ",B03,"  ","  ",1,"  ",1,"  ","  ",23,"   ",1,4,"  ",B03,120.643931,24.146892,3,66000,387130000C,(04)23289100,(04)25368667
8004,2023,03,21,17,0,臺中市,北區,0,0,0,8,,,50,,,,,,,,,,,,,,,7,"  ","  ","  ","  ",B03,"  ","  ",1,"  ",2,"  ","  ",7,"   ",1,5,"  ",B03,120.682009,24.162803,3,66000,387130000C,(04)23289100,(04)25368667
8005,2023,03,21,17,2,臺中市,西屯區,0,0,0,8,,,50,,,,,,,,,,,,,,,17,"  ","  ","  ","  ",B12,"  ","  ",1,"  ",2,"  ","  ",17,"   ",1,22,"  ",B12,120.644446,24.202101,3,66000,387130000C,(04)23289100,(04)25368667
8006,2023,03,21,17,3,臺中市,西屯區,0,1,0,8,2,5,1,3,20,2,5,4,5,7,1,1,5,4,5,2,14,12,3,10,1,1,B03,7,2,1,8,2,3,"  ",12,12,1,22,1,B03,120.599896,24.162861,2,66000,387130000C,(04)23289100,(04)25368667
8007,2023,03,21,17,5,臺中市,南屯區,0,1,0,8,1,5,50,11,9,1,5,4,5,7,4,4,1,5,5,2,29,42,2,9,1,4,C03,7,9,1,10,2,12,"  ",42,42,1,22,8,C03,120.604231,24.142593,2,66000,387130000C,(04)23289100,(04)25368667
8008,2023,03,21,17,8,臺中市,南屯區,0,0,0,8,,,50,,,,,,,,,,,,,,,23,"  ","  ","  ","  ",B03,"  ","  ",1,"  ",1,"  ","  ",23,"   ",1,22,"  ",B03,120.62267,24.140394,3,66000,387130000C,(04)23289100,(04)25368667