序號,年,月,日,時,分,縣市,區,死亡數量,受傷數量,2-30,天候,光線,道路類別,速限_速度(公里),道路型態,事故位置,路面鋪裝,路面狀態,路面缺陷,障礙物,視距,號誌種類,號誌動作,分向設施,快車道或一般車道間,快慢車道間,路面邊線,事故類型及型態,主要肇因,受傷程度,主要傷處,保護裝備,行動電話,當事者區分,車輛用途,當事者行動狀態,駕駛資格情形,駕駛執照種類,飲酒情形,車輛撞擊部位最初,車輛撞擊部位其他,肇事因素個別,肇事因素主要,肇事逃逸,職業,旅次目的,車種,GPS座標X,GPS座標Y,事故類別,縣市別代碼,機關代碼,市話,傳真
8009,2023,03,21,17,10,臺中市,大里區,0,1,0,8,1,5,40,8,9,1,5,4,5,7,4,4,5,5,5,1,13,23,3,10,1,1,B03,7,9,1,7,11,1,"  ",23,23,1,7,8,B03,120.680074,24.073924,2,66000,387130000C,(04)23289100,(04)25368667
8010,2023,03,21,17,12,臺中市,西區,0,1,0,8,1,5,50,5,1,1,5,4,5,7,1,1,10,5,5,2,18,42,2,9,3,4,F01,7,9,8,20,2,16,"  ",42,42,1,15,8,F01,120.680119,24.13497,2,66000,387130000C,(04)23289100,(04)25368667
8011,2023,03,21,17,13,臺中市,潭子區,0,2,0,8,1,5,40,3,1,1,5,4,5,7,3,1,5,5,5,2,13,16,2,8,1,1,C03,7,5,1,10,2,11,"  ",16,16,1,22,8,C03,120.717867,24.194384,2,66000,387130000C,(04)23289100,(04)25368667
8012,2023,03,21,17,14,臺中市,西屯區,0,1,0,8,1,5,40,4,1,1,5,4,5,7,1,1,10,5,5,2,17,43,3,10,1,1,C03,7,9,1,10,2,12,"  ",43,43,1,21,8,C03,120.669431,24.177293,2,66000,387130000C,(04)23289100,(04)25368667
8013,2023,03,21,17,15,臺中市,沙鹿區,0,0,0,8,,,50,,,,,,,,,,,,,,,7,"  ","  ","  ","  ",C03,"  ","  ",1,"  ",2,"  ","  ",7,"   ",1,22,"  ",C03,120.575323,24.226945,3,66000,387130000C,(04)23289100,(04)25368667
8014,2023,03,21,17,17,臺中市,烏日區,0,0,0,8,,,50,,,,,,,,,,,,,,,9,"  ","  ","  ","  ",B03,"  ","  ",1,"  ",2,"  ","  ",9,"   ",1,21,"  ",B03,120.623187,24.102915,3,66000,387130000C,(04)23289100,(04)25368667
8015,2023,03,21,17,18,臺中市,神岡區,0,0,0,8,,,30,,,,,,,,,,,,,,,12,"  ","  ","  ","  ",B03,"  ","  ",1,"  ",2,"  ","  ",12,"   ",1,22,"  ",B03,120.676581,24.23665,3,66000,387130000C,(04)23289100,(04)25368667
8016,2023,03,21,17,19,臺中市,大里區,0,1,0,8,1,5,50,4,1,1,5,4,5,7,1,1,5,5,5,1,12,17,3,10,1,1,C03,7,5,3,18,2,14,"  ",17,17,1,22,9,C03,120.680081,24.095624,2,66000,387130000C,(04)23289100,(04)25368667
8017,2023,03,21,17,20,臺中市,北區,0,0,0,8,,,50,,,,,,,,,,,,,,,17,"  ","  ","  ","  ",B03,"  ","  ",1,"  ",1,"  ","  ",17,"   ",1,22,"  ",B03,120.681991,24.144643,4,66000,387130000C,(04)23289100,(04)25368667
8018,2023,03,21,17,21,臺中市,太平區,0,1,0,8,2,5,50,4,1,1,5,4,5,7,4,4,5,5,5,2,13,23,2,9,1,1,F03,7,9,8,20,2,16,"  ",23,23,1,21,8,F03,120.715184,24.137821,2,66000,387130000C,(04)23289100,(04)25368667
8019,2023,03,21,17,24,臺中市,西區,0,1,0,8,1,5,50,4,1,1,5,4,5,7,1,1,10,5,5,2,11,6,3,10,1,1,B03,7,5,1,8,2,6,"  ",6,6,1,22,9,B03,120.661677,24.137964,2,66000,387130000C,(04)23289100,(04)25368667
8020,2023,03,21,17,25,臺中市,西屯區,0,1,0,8,1,5,50,14,8,1,5,4,5,7,4,4,1,4,5,2,17,44,3,10,3,4,B03,7,9,1,8,2,5,"  ",44,44,1,22,9,B03,120.653651,24.160559,2,66000,387130000C,(04)23289100,(04)25368667
8021,2023,03,21,17,26,臺中市,潭子區,0,0,0,8,,,60,,,,,,,,,,,,,,,23,"  ","  ","  ","  ",B03,"  ","  ",1,"  ",2,"  ","  ",23,"   ",1,22,"  ",B03,120.706378,24.220298,3,66000,387130000C,(04)23289100,(04)25368667
8022,2023,03,21,17,27,臺中市,北屯區,0,1,0,8,1,5,50,4,1,1,5,4,5,7,2,1,10,5,5,2,12,7,3,10,1,1,A05,7,7,1,5,2,4,"  ",7,7,1,5,8,A05,120.658763,24.17837,2,66000,387130000C,(04)23289100,(04)25368667
8023,2023,03,21,17,30,臺中市,烏日區,0,0,0,8,2,5,50,14,9,1,5,4,5,7,4,4,1,4,5,1,13,23,3,10,3,4,B03,7,9,1,8,2,1,"  ",23,23,1,21,9,B03,120.645472,24.109879,3,66000,387130000C,(04)23289100,(04)25368667
8024,2023,03,21,17,31,臺中市,豐原區,0,0,0,8,,,50,,,,,,,,,,,,,,,42,"  ","  ","  ","  ",C03,"  ","  ",1,"  ",9,"  ","  ",42,"   ",1,22,"  ",C03,120.7137,24.254214,3,66000,387130000C,(04)23289100,(04)25368667
8025,2023,03,21,17,37,臺中市,西區,0,0,0,8,1,5,50,14,7,1,5,4,5,7,4,4,1,4,4,2,13,23,"  ","  ","  ","  ",B03,"  ","  ",1,"  ",1,"  ","  ",23,"   ",1,4,"  ",B03,120.658515,24.154853,3,66000,387130000C,(04)23289100,(04)25368667
8026,2023,03,21,17,38,臺中市,烏日區,0,0,0,8,,,30,,,,,,,,,,,,,,,23,"  ","  ","  ","  ",B02,"  ","  ",1,"  ",2,"  ","  ",23,23,1,5,"  ",B02,120.616351,24.112161,3,66000,387130000C,(04)23289100,(04)25368667
8027,2023,03,21,17,40,臺中市,中區,0,3,0,8,2,5,50,4,1,1,5,4,5,7,4,4,10,5,5,2,15,6,2,9,1,1,C03,7,9,1,10,2,11,"  ",6,6,1,21,8,C03,120.681345,24.142198,2,66000,387130000C,(04)23289100,(04)25368667
8028,2023,03,21,17,41,臺中市,梧棲區,0,3,0,8,1,5,40,14,9,1,5,4,5,7,4,4,9,5,5,1,16,19,2,9,1,1,F03,7,1,8,20,2,16,"  ",19,19,1,20,8,F03,120.542948,24.240542,2,66000,387130000C,(04)23289100,(04)25368667
8029,2023,03,21,17,42,臺中市,西區,0,0,0,8,,,50,,,,,,,,,,,,,,,23,"  ","  ","  ","  ",B03,"  ","  ",1,"  ",1,"  ","  ",23,"   ",1,21,"  ",B03,120.66525,24.136699,3,66000,387130000C,(04)23289100,(04)25368667
8030,2023,03,21,17,43,臺中市,西屯區,0,0,0,8,,,30,,,,,,,,,,,,,,,43,"  ","  ","  ","  ",B01,"  ","  ",1,"  ",1,"  ","  ",43,"   ",1,22,"  ",B01,120.607186,24.18543,3,66000,387130000C,(04)23289100,(04)25368667
8031,2023,03,21,17,44,臺中市,西區,0,2,0,8,1,5,50,4,1,1,5,4,5,7,1,1,10,5,5,2,1,15,2,9,1,1,C03,7,9,1,10,2,11,"  ",15,15,1,22,9,C03,120.665275,24.147883,2,66000,387130000C,(04)23289100,(04)25368667
8032,2023,03,21,17,44,臺中市,大甲區,0,1,0,8,1,5,40,14,8,1,5,4,5,7,4,4,1,4,4,1,18,23,2,9,1,1,C03,7,9,1,10,2,12,"  ",23,23,1,21,8,C03,120.625678,24.357966,2,66000,387130000C,(04)23289100,(04)25368667
8033,2023,03,21,17,45,臺中市,大雅區,0,1,0,8,1,5,50,4,1,1,5,4,5,7,4,4,5,5,5,1,17,6,3,10,1,1,B03,7,5,1,8,2,8,"  ",6,6,1,21,8,B03,120.652956,24.226164,2,66000,387130000C,(04)23289100,(04)25368667
8034,2023,03,21,17,45,臺中市,霧峰區,0,0,0,8,,,80,,,,,,,,,,,,,,,42,"  ","  ","  ","  ",B03,"  ","  ",1,"  ",2,"  ","  ",42,"   ",1,3,"  ",B03,120.672484,24.042527,3,66000,387130000C,(04)23289100,(04)25368667
8035,2023,03,21,17,45,臺中市,新社區,0,1,0,8,2,5,50,4,1,1,5,4,5,7,4,4,10,5,5,2,16,6,3,10,1,1,B03,7,5,1,8,2,6,"  ",6,6,1,21,9,B03,120.795913,24.224315,2,66000,387130000C,(04)23289100,(04)25368667
8036,2023,03,21,17,47,臺中市,北區,0,2,0,8,1,5,40,14,8,1,5,4,5,7,4,4,1,4,5,2,12,1,2,9,1,1,C03,7,4,3,18,2,12,"  ",1,1,1,5,8,C03,120.684906,24.162221,2,66000,387130000C,(04)23289100,(04)25368667
8037,2023,03,21,17,47,臺中市,北屯區,0,0,0,8,,,40,,,,,,,,,,,,,,,23,"  ","  ","  ","  ",B03,"  ","  ",1,"  ",1,"  ","  ",23,"   ",1,21,"  ",B03,120.678115,24.193282,3,66000,387130000C,(04)23289100,(04)25368667
8038,2023,03,21,17,47,臺中市,梧棲區,0,1,0,8,2,5,50,4,18,1,5,4,5,7,1,1,10,5,5,2,3,15,3,10,1,1,B03,7,6,1,8,2,5,"  ",15,15,1,3,8,B03,120.536746,24.260458,2,66000,387130000C,(04)23289100,(04)25368667
8039,2023,03,21,17,48,臺中市,西屯區,0,1,0,8,1,5,50,4,1,1,5,4,5,7,2,1,10,5,5,2,18,43,2,9,1,1,C03,7,9,1,10,2,12,"  ",43,43,1,22,8,C03,120.646108,24.164245,2,66000,387130000C,(04)23289100,(04)25368667
8040,2023,03,21,17,50,臺中市,西區,0,1,0,8,1,5,50,14,9,1,5,4,5,7,4,4,1,4,5,2,12,7,2,9,1,1,C03,7,7,1,10,2,14,"  ",7,7,1,5,5,C03,120.669807,24.149757,2,66000,387130000C,(04)23289100,(04)25368667
8041,2023,03,21,17,55,臺中市,霧峰區,0,1,0,8,2,5,60,3,1,1,5,4,5,7,4,4,1,4,4,1,16,26,3,10,1,1,B03,7,6,1,8,2,2,"  ",9,26,1,19,8,B03,120.693355,24.037215,2,66000,387130000C,(04)23289100,(04)25368667
8042,2023,03,21,17,56,臺中市,南屯區,0,0,0,8,,,50,,,,,,,,,,,,,,,23,"  ","  ","  ","  ",B03,"  ","  ",6,"  ",2,"  ","  ",23,"   ",1,22,"  ",B03,120.608026,24.150803,3,66000,387130000C,(04)23289100,(04)25368667
8043,2023,03,21,17,56,臺中市,西屯區,0,1,0,8,3,5,50,15,9,1,5,4,5,7,4,4,1,4,5,2,13,7,2,9,1,1,C03,7,7,1,10,2,13,"  ",7,7,1,22,8,C03,120.649881,24.163265,2,66000,387130000C,(04)23289100,(04)25368667
8044,2023,03,21,17,57,臺中市,中區,0,2,0,8,2,5,50,14,9,1,5,4,5,7,4,4,5,4,5,2,3,51,2,9,4,5,H01,8,16,8,20,1,16,"  ",51,51,1,20,8,H01,120.682793,24.143711,2,66000,387130000C,(04)23289100,(04)25368667
8045,2023,03,21,17,57,臺中市,南區,0,1,0,8,1,5,50,4,1,1,5,4,5,7,2,1,10,5,5,2,16,8,2,8,1,1,C03,7,5,2,18,2,14,"  ",8,8,1,16,8,C03,120.666716,24.114421,2,66000,387130000C,(04)23289100,(04)25368667
8046,2023,03,21,17,58,臺中市,南屯區,0,1,0,8,3,5,50,14,8,1,5,4,5,7,4,4,5,5,4,2,16,26,3,10,1,1,B03,7,5,1,8,2,1,"  ",26,26,1,22,8,B03,120.642378,24.142122,2,66000,387130000C,(04)23289100,(04)25368667
8047,2023,03,21,17,58,臺中市,太平區,0,1,0,8,2,5,30,4,2,1,5,4,5,7,3,1,5,5,5,1,16,6,2,9,1,1,C03,7,5,1,10,2,12,"  ",6,6,1,18,8,C03,120.727533,24.147631,2,66000,387130000C,(04)23289100,(04)25368667
8048,2023,03,21,18,4,臺中市,南區,0,1,0,8,3,5,50,4,9,1,5,4,5,7,2,1,5,5,5,2,17,23,3,10,3,4,C03,7,9,1,10,9,11,"  ",23,23,1,5,8,C03,120.650118,24.120638,2,66000,387130000C,(04)23289100,(04)25368667
8049,2023,03,21,18,5,臺中市,南區,0,2,0,8,2,5,50,14,9,1,5,4,5,7,4,4,1,4,5,2,16,42,2,8,1,1,C03,7,15,3,18,2,13,"  ",42,42,1,5,8,C03,120.649345,24.121589,2,66000,387130000C,(04)23289100,(04)25368667
8050,2023,03,21,18,5,臺中市,烏日區,0,0,0,8,,,40,,,,,,,,,,,,,,,23,"  ","  ","  ","  ",A11,"  ","  ",1,"  ",2,"  ","  ",23,"   ",1,20,"  ",A11,120.61473,24.117858,3,66000,387130000C,(04)23289100,(04)25368667
8051,2023,03,21,18,14,臺中市,南區,0,4,0,8,3,5,50,3,1,1,5,4,5,7,4,4,10,5,5,2,16,6,2,9,1,1,C03,7,5,1,10,2,11,"  ",6,6,1,19,8,C03,120.663933,24.115325,2,66000,387130000C,(04)23289100,(04)25368667
8052,2023,03,21,18,14,臺中市,清水區,0,2,0,8,3,5,50,5,1,1,5,4,5,7,1,1,10,5,5,2,12,42,2,9,1,1,C03,7,9,1,10,2,14,"  ",42,42,1,21,8,C03,120.572096,24.264094,2,66000,387130000C,(04)23289100,(04)25368667
8053,2023,03,21,18,21,臺中市,西屯區,0,0,0,8,,,40,,,,,,,,,,,,,,,23,"  ","  ","  ","  ",B03,"  ","  ",1,"  ",2,"  ","  ",23,"   ",1,22,"  ",B03,120.635591,24.181471,3,66000,387130000C,(04)23289100,(04)25368667
8054,2023,03,21,18,22,臺中市,西屯區,0,0,0,8,,,40,,,,,,,,,,,,,,,23,"  ","  ","  ","  ",C03,"  ","  ",1,"  ",1,"  ","  ",23,"   ",1,21,"  ",C03,120.641483,24.176981,3,66000,387130000C,(04)23289100,(04)25368667
8055,2023,03,21,18,23,臺中市,烏日區,0,1,0,8,3,5,50,5,1,1,5,4,5,7,2,1,5,4,5,1,16,19,2,9,1,1,C03,7,1,1,10,2,15,"  ",19,19,1,21,9,C03,120.62734,24.10404,2,66000,387130000C,(04)23289100,(04)25368667
8056,2023,03,21,18,25,臺中市,北屯區,0,0,0,8,,,50,,,,,,,,,,,,,,,23,"  ","  ","  ","  ",C03,"  ","  ",1,"  ",2,"  ","  ",23,23,1,22,"  ",C03,120.67686,24.192111,3,66000,387130000C,(04)23289100,(04)25368667
8057,2023,03,21,18,28,臺中市,西屯區,0,1,0,8,3,5,40,5,2,1,5,4,5,7,2,1,5,4,4,2,16,9,2,8,1,1,C03,7,6,1,10,2,12,"  ",9,9,1,22,8,C03,120.657093,24.163363,2,66000,387130000C,(04)23289100,(04)25368667
8058,2023,03,21,18,28,臺中市,龍井區,0,0,0,8,,,30,,,,,,,,,,,,,,,42,"  ","  ","  ","  ",A31,"  ","  ",1,"  ",2,"  ","  ",42,"   ",1,10,"  ",A31,120.511865,24.202806,3,66000,387130000C,(04)23289100,(04)25368667
8059,2023,03,21,18,30,臺中市,北屯區,0,0,0,8,,,30,,,,,,,,,,,,,,,23,"  ","  ","  ","  ",B03,"  ","  ",1,"  ",1,"  ","  ",23,"   ",1,4,"  ",B03,120.699756,24.179453,3,66000,387130000C,(04)23289100,(04)25368667
8060,2023,03,21,18,35,臺中市,北屯區,0,2,0,8,3,5,30,4,1,1,5,4,5,7,4,4,10,5,5,2,15,6,2,9,1,1,C03,7,9,1,10,2,13,"  ",6,6,1,22,8,C03,120.692556,24.18153,2,66000,387130000C,(04)23289100,(04)25368667
8061,2023,03,21,18,36,臺中市,西屯區,0,1,0,8,3,5,50,4,1,1,5,4,5,7,1,1,10,5,5,2,17,16,2,9,3,4,C03,7,9,1,10,2,11,"  ",16,16,1,22,9,C03,120.651816,24.165933,2,66000,387130000C,(04)23289100,(04)25368667
8062,2023,03,21,18,38,臺中市,大里區,0,1,0,8,2,5,30,14,9,1,5,4,5,7,4,4,10,5,5,1,12,23,2,9,3,4,C03,7,9,3,18,2,11,"  ",23,23,1,22,9,C03,120.702281,24.105734,2,66000,387130000C,(04)23289100,(04)25368667
8063,2023,03,21,18,40,臺中市,潭子區,0,1,0,8,3,5,40,14,9,1,5,4,5,7,4,4,9,4,4,1,17,26,3,10,1,1,C03,7,5,1,10,2,11,"  ",26,26,1,22,8,C03,120.709758,24.204756,2,66000,387130000C,(04)23289100,(04)25368667
8064,2023,03,21,18,45,臺中市,北區,0,0,0,8,,,50,,,,,,,,,,,,,,,26,"  ","  ","  ","  ",B03,"  ","  ",1,"  ",1,"  ","  ",26,"   ",1,5,"  ",B03,120.676548,24.16324,3,66000,387130000C,(04)23289100,(04)25368667
8065,2023,03,21,18,46,臺中市,西區,0,0,0,8,,,50,,,,,,,,,,,,,,,19,"  ","  ","  ","  ",B01,"  ","  ",1,"  ",1,"  ","  ",19,"   ",1,21,"  ",B01,120.66347,24.150862,3,66000,387130000C,(04)23289100,(04)25368667
8066,2023,03,21,18,46,臺中市,西屯區,0,0,0,8,,,50,,,,,,,,,,,,,,,23,"  ","  ","  ","  ",B03,"  ","  ",1,"  ",1,"  ","  ",23,"   ",1,22,"  ",B03,120.662295,24.200691,3,66000,387130000C,(04)23289100,(04)25368667
8067,2023,03,21,18,47,臺中市,豐原區,0,0,0,8,,,50,,,,,,,,,,,,,,,17,"  ","  ","  ","  ",B03,"  ","  ",1,"  ",2,"  ","  ",17,"   ",1,22,"  ",B03,120.716016,24.231547,3,66000,387130000C,(04)23289100,(04)25368667
8068,2023,03,21,18,48,臺中市,北屯區,0,0,0,8,,,50,,,,,,,,,,,,,,,7,"  ","  ","  ","  ",B12,"  ","  ",1,"  ",2,"  ","  ",7,"   ",1,22,"  ",B12,120.699379,24.175676,3,66000,387130000C,(04)23289100,(04)25368667
8069,2023,03,21,18,49,臺中市,大里區,0,1,0,8,3,5,50,14,9,1,5,4,5,7,4,4,5,2,5,1,13,19,3,10,1,1,B03,7,1,1,8,2,4,"  ",19,19,1,22,9,B03,120.699455,24.084313,2,66000,387130000C,(04)23289100,(04)25368667
8070,2023,03,21,18,52,臺中市,西區,0,2,0,8,3,5,50,4,1,1,5,4,5,7,1,1,10,5,5,2,15,25,2,9,1,1,C03,7,9,1,10,2,11,"  ",25,25,1,22,9,C03,120.665268,24.146718,2,66000,387130000C,(04)23289100,(04)25368667
8071,2023,03,21,18,55,臺中市,南屯區,0,1,0,7,3,5,50,3,1,1,5,4,5,7,4,4,10,5,5,2,16,19,3,10,3,4,B03,7,1,1,8,2,8,"  ",19,19,1,22,8,B03,120.604618,24.136363,2,66000,387130000C,(04)23289100,(04)25368667
8072,2023,03,21,18,55,臺中市,西屯區,0,0,0,,,,50,,,,,,,,,,,,,,,7,"  ","  ","  ","  ",B03,"  ","  ",1,"  ",1,"  ","  ",7,"   ",1,22,"  ",B03,120.639627,24.182322,3,66000,387130000C,(04)23289100,(04)25368667
8073,2023,03,21,18,55,臺中市,沙鹿區,0,0,0,8,,,60,,,,,,,,,,,,,,,23,"  ","  ","  ","  ",B03,"  ","  ",1,"  ",2,"  ","  ",23,"   ",1,22,"  ",B03,120.578477,24.223393,3,66000,387130000C,(04)23289100,(04)25368667
8074,2023,03,21,18,57,臺中市,南屯區,0,1,0,8,3,5,50,14,8,1,5,4,5,7,4,4,1,4,4,2,13,23,3,10,3,4,C03,7,9,1,10,2,11,"  ",23,23,1,4,9,C03,120.637457,24.149919,2,66000,387130000C,(04)23289100,(04)25368667
8075,2023,03,21,19,0,臺中市,東勢區,0,1,0,8,3,5,50,4,2,1,5,4,5,7,4,4,5,5,5,1,11,6,2,9,1,1,C03,7,9,4,8,7,14,"  ",21,6,1,21,9,C03,120.8308,24.249341,2,66000,387130000C,(04)23289100,(04)25368667
8076,2023,03,21,19,1,臺中市,烏日區,0,1,0,8,3,5,50,3,1,1,5,4,5,7,1,1,10,5,5,2,13,23,2,7,1,1,C03,7,9,1,10,2,11,14,23,23,1,20,9,C03,120.607544,24.126694,2,66000,387130000C,(04)23289100,(04)25368667
8077,2023,03,21,19,4,臺中市,太平區,0,0,0,8,,,50,,,,,,,,,,,,,,,42,"  ","  ","  ","  ",C03,"  ","  ",1,"  ",1,"  ","  ",42,"   ",1,21,"  ",C03,120.708391,24.128395,3,66000,387130000C,(04)23289100,(04)25368667
8078,2023,03,21,19,6,臺中市,大里區,0,0,0,8,,,50,,,,,,,,,,,,,,,17,"  ","  ","  ","  ",B12,"  ","  ",1,"  ",2,"  ","  ",17,"   ",1,5,"  ",B12,120.69,24.101423,3,66000,387130000C,(04)23289100,(04)25368667
8079,2023,03,21,19,8,臺中市,沙鹿區,0,0,0,8,,,50,,,,,,,,,,,,,,,18,"  ","  ","  ","  ",B03,"  ","  ",1,"  ",9,"  ","  ",18,"   ",1,22,"  ",B03,120.558669,24.236482,3,66000,387130000C,(04)23289100,(04)25368667
8080,2023,03,21,19,10,臺中市,南區,0,0,0,8,3,5,50,14,7,1,5,4,5,7,1,1,1,4,5,2,13,23,3,10,1,1,C03,7,9,1,10,2,11,"  ",23,23,1,22,8,C03,120.647398,24.109898,3,66000,387130000C,(04)23289100,(04)25368667
8081,2023,03,21,19,11,臺中市,北屯區,0,2,0,8,3,5,50,3,1,1,5,4,5,7,4,4,5,5,5,2,12,43,2,9,1,1,C03,7,9,1,10,2,11,"  ",43,43,1,22,8,C03,120.705377,24.166883,2,66000,387130000C,(04)23289100,(04)25368667
8082,2023,03,21,19,15,臺中市,北區,0,1,0,7,3,5,50,4,2,1,5,4,5,7,1,1,10,5,5,2,12,25,2,9,1,1,C03,7,6,1,10,2,14,"  ",25,25,1,5,8,C03,120.680886,24.147197,2,66000,387130000C,(04)23289100,(04)25368667
8083,2023,03,21,19,15,臺中市,北屯區,0,2,0,8,3,5,50,14,9,1,5,4,5,7,4,4,1,2,5,2,13,16,2,8,1,1,C03,7,9,1,10,2,12,"  ",16,16,1,4,8,C03,120.686515,24.201538,2,66000,387130000C,(04)23289100,(04)25368667
8084,2023,03,21,19,17,臺中市,北區,0,1,0,8,3,5,50,5,1,1,5,4,5,7,1,1,10,5,5,2,17,19,2,8,1,1,C03,7,1,1,10,2,12,"  ",19,19,1,22,9,C03,120.670471,24.155893,2,66000,387130000C,(04)23289100,(04)25368667
8085,2023,03,21,19,18,臺中市,太平區,0,0,0,8,,,50,,,,,,,,,,,,,,,6,"  ","  ","  ","  ",C03,"  ","  ",1,"  ",2,"  ","  ",6,"   ",1,5,"  ",C03,120.719193,24.124938,3,66000,387130000C,(04)23289100,(04)25368667
8086,2023,03,21,19,20,臺中市,東區,0,1,0,8,3,5,50,3,1,1,5,4,5,7,1,1,10,5,5,2,17,44,2,9,1,1,C03,7,5,1,10,2,11,"  ",44,44,1,22,8,C03,120.690203,24.12893,2,66000,387130000C,(04)23289100,(04)25368667
8087,2023,03,21,19,23,臺中市,北屯區,0,2,0,8,3,5,50,3,2,1,5,4,5,7,2,1,5,2,5,2,13,16,3,10,1,1,C03,7,9,1,10,2,11,"  ",16,16,1,21,8,C03,120.715042,24.174209,2,66000,387130000C,(04)23289100,(04)25368667
8088,2023,03,21,19,23,臺中市,大里區,0,0,0,8,,,50,,,,,,,,,,,,,,,12,"  ","  ","  ","  ",B02,"  ","  ",1,"  ",2,"  ","  ",12,"   ",1,22,"  ",B02,120.692906,24.109398,3,66000,387130000C,(04)23289100,(04)25368667
8089,2023,03,21,19,26,臺中市,大甲區,0,1,0,8,3,5,50,4,1,1,5,4,5,7,4,4,10,5,5,2,16,23,3,10,1,1,B03,7,5,1,8,2,8,"  ",23,23,1,21,8,B03,120.62208,24.3448,2,66000,387130000C,(04)23289100,(04)25368667
8090,2023,03,21,19,28,臺中市,南屯區,0,0,0,8,3,5,40,14,8,1,5,4,5,7,4,4,5,5,4,2,13,16,3,10,1,1,C03,7,9,1,10,1,11,"  ",16,16,1,22,8,C03,120.634803,24.153359,3,66000,387130000C,(04)23289100,(04)25368667
8091,2023,03,21,19,28,臺中市,大里區,0,0,0,8,,,50,,,,,,,,,,,,,,,16,"  ","  ","  ","  ",B03,"  ","  ",1,"  ",2,"  ","  ",16,"   ",1,5,"  ",B03,120.692268,24.100498,3,66000,387130000C,(04)23289100,(04)25368667
8092,2023,03,21,19,32,臺中市,南屯區,0,0,0,,,,50,,,,,,,,,,,,,,,44,"  ","  ","  ","  ",F01,"  ","  ",8,"  ",2,"  ","  ",44,"   ",1,4,"  ",F01,120.63562,24.14839,3,66000,387130000C,(04)23289100,(04)25368667
8093,2023,03,21,19,43,臺中市,南屯區,0,0,0,8,,,50,,,,,,,,,,,,,,,23,"  ","  ","  ","  ",B12,"  ","  ",1,"  ",9,"  ","  ",23,"   ",1,22,"  ",B12,120.612854,24.150862,3,66000,387130000C,(04)23289100,(04)25368667
8094,2023,03,21,19,48,臺中市,太平區,0,2,0,8,3,5,50,14,9,1,5,4,5,7,4,4,10,5,5,2,12,17,2,9,1,1,C03,7,9,1,10,2,14,"  ",17,17,1,18,8,C03,120.733596,24.143012,2,66000,387130000C,(04)23289100,(04)25368667
8095,2023,03,21,19,51,臺中市,西區,0,1,0,8,3,5,50,3,1,1,5,4,5,7,4,4,10,5,5,2,16,6,3,10,1,1,B03,7,5,1,8,2,1,"  ",6,6,1,21,8,B03,120.654189,24.153578,2,66000,387130000C,(04)23289100,(04)25368667
8096,2023,03,21,20,0,臺中市,東區,0,0,0,8,,,50,,,,,,,,,,,,,,,23,"  ","  ","  ","  ",B03,"  ","  ",1,"  ",1,"  ","  ",23,"   ",1,22,"  ",B03,120.706561,24.139565,3,66000,387130000C,(04)23289100,(04)25368667
8097,2023,03,21,20,1,臺中市,大里區,0,0,0,8,,,50,,,,,,,,,,,,,,,16,"  ","  ","  ","  ",B03,"  ","  ",1,"  ",1,"  ","  ",16,"   ",1,22,"  ",B03,120.697154,24.111181,4,66000,387130000C,(04)23289100,(04)25368667
8098,2023,03,21,20,2,臺中市,南區,0,0,0,,,,50,,,,,,,,,,,,,,,12,"  ","  ","  ","  ",A04,"  ","  ",1,"  ",2,"  ","  ",12,"   ",1,10,"  ",A04,120.677955,24.128668,3,66000,387130000C,(04)23289100,(04)25368667
8099,2023,03,21,20,15,臺中市,西區,0,0,0,8,,,1,,,,,,,,,,,,,,,42,"  ","  ","  ","  ",B12,"  ","  ",1,"  ",9,"  ","  ",44,42,1,21,"  ",B12,120.665783,24.138933,3,66000,387130000C,(04)23289100,(04)25368667
8100,2023,03,21,20,15,臺中市,北屯區,0,0,0,8,,,50,,,,,,,,,,,,,,,23,"  ","  ","  ","  ",C03,"  ","  ",1,"  ",1,"  ","  ",23,23,1,22,"  ",C03,120.680251,24.196234,3,66000,387130000C,(04)23289100,(04)25368667
8101,2023,03,21,20,17,臺中市,大雅區,0,0,0,8,,,50,,,,,,,,,,,,,,,16,"  ","  ","  ","  ",B03,"  ","  ",1,"  ",2,"  ","  ",16,"   ",1,22,"  ",B03,120.666761,24.216335,3,66000,387130000C,(04)23289100,(04)25368667
8102,2023,03,21,20,20,臺中市,西屯區,0,1,0,8,3,5,40,14,16,1,5,4,5,7,4,4,1,4,5,2,23,42,2,9,1,1,C03,7,9,1,10,2,11,"  ",42,42,1,22,8,C03,120.633934,24.175299,2,66000,387130000C,(04)23289100,(04)25368667
8103,2023,03,21,20,20,臺中市,烏日區,0,1,0,8,3,5,30,5,1,1,5,4,5,7,4,4,10,5,5,2,15,6,3,10,1,1,B03,7,9,1,1,2,4,"  ",6,6,1,9,8,B03,120.651573,24.049445,2,66000,387130000C,(04)23289100,(04)25368667
8104,2023,03,21,20,22,臺中市,中區,0,1,0,8,3,5,50,4,1,1,5,4,5,7,1,1,10,5,5,2,2,15,3,10,1,1,B03,7,5,1,8,2,1,"  ",15,15,1,22,9,B03,120.678356,24.144781,2,66000,387130000C,(04)23289100,(04)25368667