序號,年,月,日,時,分,縣市,區,死亡數量,受傷數量,2-30,天候,光線,道路類別,速限_速度(公里),道路型態,事故位置,路面鋪裝,路面狀態,路面缺陷,障礙物,視距,號誌種類,號誌動作,分向設施,快車道或一般車道間,快慢車道間,路面邊線,事故類型及型態,主要肇因,受傷程度,主要傷處,保護裝備,行動電話,當事者區分,車輛用途,當事者行動狀態,駕駛資格情形,駕駛執照種類,飲酒情形,車輛撞擊部位最初,車輛撞擊部位其他,肇事因素個別,肇事因素主要,肇事逃逸,職業,旅次目的,車種,GPS座標X,GPS座標Y,事故類別,縣市別代碼,機關代碼,市話,傳真
8105,2023,03,21,20,22,臺中市,太平區,0,2,0,8,3,5,50,14,9,1,5,4,5,7,4,4,5,5,5,2,16,27,2,9,1,1,C03,7,6,1,10,2,12,"  ",27,27,1,21,8,C03,120.7174,24.114456,2,66000,387130000C,(04)23289100,(04)25368667
8106,2023,03,21,20,23,臺中市,西屯區,0,2,0,8,3,5,50,14,9,1,5,4,5,7,4,4,5,4,5,2,3,52,2,9,4,5,H01,8,16,8,20,10,16,"  ",52,52,1,22,8,H01,120.645933,24.17571,2,66000,387130000C,(04)23289100,(04)25368667
8107,2023,03,21,20,24,臺中市,南屯區,0,1,0,8,3,5,50,14,7,1,5,4,5,7,1,1,5,5,4,2,17,42,2,9,1,4,C03,7,9,1,10,2,15,"  ",42,42,1,22,8,C03,120.626483,24.114818,2,66000,387130000C,(04)23289100,(04)25368667
8108,2023,03,21,20,38,臺中市,東區,0,0,0,8,,,50,,,,,,,,,,,,,,,23,"  ","  ","  ","  ",C03,"  ","  ",1,"  ",2,"  ","  ",23,"   ",1,5,"  ",C03,120.692588,24.134947,3,66000,387130000C,(04)23289100,(04)25368667
8109,2023,03,21,20,38,臺中市,龍井區,0,0,0,,,,60,,,,,,,,,,,,,,,23,"  ","  ","  ","  ",C01,"  ","  ",1,"  ",2,"  ","  ",23,"   ",1,22,"  ",C01,120.586509,24.185851,3,66000,387130000C,(04)23289100,(04)25368667
8110,2023,03,21,20,46,臺中市,后里區,0,0,0,8,3,5,60,14,1,2,5,4,5,7,2,1,8,2,4,1,12,16,"  ","  ","  ","  ",B03,"  ","  ",1,"  ",2,"  ","  ",16,"   ",1,9,"  ",B03,120.72381,24.294998,3,66000,387130000C,(04)23289100,(04)25368667
8111,2023,03,21,20,55,臺中市,東區,0,0,0,8,,,50,,,,,,,,,,,,,,,12,"  ","  ","  ","  ",B03,"  ","  ",1,"  ",2,"  ","  ",12,"   ",1,5,"  ",B03,120.702795,24.133566,3,66000,387130000C,(04)23289100,(04)25368667
8112,2023,03,21,21,5,臺中市,太平區,0,0,0,8,,,50,,,,,,,,,,,,,,,26,"  ","  ","  ","  ",C02,"  ","  ",1,"  ",2,"  ","  ",26,"   ",1,18,"  ",C02,120.723188,24.131929,3,66000,387130000C,(04)23289100,(04)25368667
8113,2023,03,21,21,7,臺中市,北區,0,2,0,8,3,5,50,14,9,1,5,4,5,7,4,4,5,5,5,2,3,51,2,9,4,5,H01,8,16,8,20,10,16,"  ",51,51,1,5,8,H01,120.680457,24.149202,2,66000,387130000C,(04)23289100,(04)25368667
8114,2023,03,21,21,10,臺中市,大里區,0,1,0,8,3,5,50,14,9,1,5,4,5,7,3,1,5,4,4,1,16,26,3,10,1,1,B03,7,11,1,8,1,4,"  ",26,26,1,5,8,B03,120.683023,24.110143,2,66000,387130000C,(04)23289100,(04)25368667
8115,2023,03,21,21,11,臺中市,西區,0,2,0,8,3,5,50,4,1,1,5,4,5,7,1,1,10,5,5,1,16,23,2,9,1,1,C03,7,9,1,10,1,14,"  ",23,23,1,21,8,C03,120.675422,24.133556,2,66000,387130000C,(04)23289100,(04)25368667
8116,2023,03,21,21,13,臺中市,豐原區,0,0,0,8,,,50,,,,,,,,,,,,,,,10,"  ","  ","  ","  ",B03,"  ","  ",1,"  ",2,"  ","  ",10,"   ",1,21,"  ",B03,120.71667,24.24091,3,66000,387130000C,(04)23289100,(04)25368667
8117,2023,03,21,21,25,臺中市,太平區,0,0,0,8,,,30,,,,,,,,,,,,,,,67,"  ","  ","  ","  ","   ","  ","  ","  ","  ","  ",15,"  ",67,67,1,"  ","  ","   ",120.724882,24.155151,3,66000,387130000C,(04)23289100,(04)25368667
8118,2023,03,21,21,35,臺中市,北屯區,0,0,0,8,,,50,,,,,,,,,,,,,,,23,"  ","  ","  ","  ",B03,"  ","  ",1,"  ",1,"  ","  ",23,"   ",1,5,"  ",B03,120.671176,24.174478,3,66000,387130000C,(04)23289100,(04)25368667
8119,2023,03,21,21,50,臺中市,北區,0,0,0,8,,,50,,,,,,,,,,,,,,,12,"  ","  ","  ","  ",B03,"  ","  ",1,"  ",1,"  ","  ",12,"   ",1,5,"  ",B03,120.674623,24.158454,3,66000,387130000C,(04)23289100,(04)25368667
8120,2023,03,21,21,57,臺中市,梧棲區,0,1,0,8,3,5,50,3,1,1,5,4,5,7,4,4,10,5,5,2,19,23,2,9,1,1,C03,7,5,3,18,8,11,"  ",23,23,1,9,8,C03,120.541796,24.251673,2,66000,387130000C,(04)23289100,(04)25368667
8121,2023,03,21,22,5,臺中市,西區,0,0,0,8,,,50,,,,,,,,,,,,,,,12,"  ","  ","  ","  ",B03,"  ","  ",1,8,1,"  ","  ",12,12,1,22,"  ",B03,120.664342,24.151561,3,66000,387130000C,(04)23289100,(04)25368667
8122,2023,03,21,22,10,臺中市,西屯區,0,1,0,8,1,5,40,3,2,1,5,4,5,7,1,1,5,5,4,2,17,10,2,9,1,1,C03,7,11,1,10,2,14,"  ",10,10,1,21,8,C03,120.663918,24.166383,2,66000,387130000C,(04)23289100,(04)25368667
8123,2023,03,21,22,13,臺中市,太平區,0,2,0,8,3,5,50,5,1,1,5,4,5,7,1,1,10,5,5,2,16,6,3,10,1,1,B03,7,5,1,8,2,2,"  ",6,6,1,21,8,B03,120.724564,24.149605,2,66000,387130000C,(04)23289100,(04)25368667
8124,2023,03,21,22,14,臺中市,中區,0,1,0,8,3,5,50,3,2,1,5,4,5,7,1,1,3,2,5,2,13,23,2,9,1,1,C03,7,14,1,10,2,11,"  ",23,23,1,4,8,C03,120.684285,24.137163,2,66000,387130000C,(04)23289100,(04)25368667
8125,2023,03,21,22,17,臺中市,大里區,0,0,0,8,,,50,,,,,,,,,,,,,,,7,"  ","  ","  ","  ",F03,"  ","  ",8,"  ",1,"  ","  ",7,"   ",1,22,"  ",F03,120.672308,24.114878,3,66000,387130000C,(04)23289100,(04)25368667
8126,2023,03,21,22,18,臺中市,太平區,0,2,0,8,3,5,50,4,1,1,5,4,5,7,2,1,10,5,5,2,16,25,2,9,3,1,F01,7,5,8,20,2,16,"  ",25,25,1,20,8,F01,120.730847,24.112122,2,66000,387130000C,(04)23289100,(04)25368667
8127,2023,03,21,22,24,臺中市,潭子區,0,0,0,,,,60,,,,,,,,,,,,,,,50,"  ","  ","  ","  ",A02,"  ","  ",1,"  ",2,"  ","  ",50,"   ",1,22,"  ",A02,120.705252,24.214705,3,66000,387130000C,(04)23289100,(04)25368667
8128,2023,03,21,22,24,臺中市,西屯區,0,2,0,8,3,5,50,3,1,1,5,4,5,7,4,4,10,5,5,2,17,14,2,9,3,4,C01,7,9,1,9,2,12,"  ",14,6,1,22,9,C01,120.649952,24.183048,2,66000,387130000C,(04)23289100,(04)25368667
8129,2023,03,21,22,26,臺中市,西屯區,0,1,0,8,3,5,30,4,1,1,5,4,5,7,4,4,10,5,5,2,15,6,3,10,1,1,B03,7,9,1,8,2,6,"  ",6,6,1,22,8,B03,120.648285,24.182811,2,66000,387130000C,(04)23289100,(04)25368667
8130,2023,03,21,22,30,臺中市,東區,0,0,0,8,3,5,50,14,7,1,5,4,5,7,4,4,5,4,5,2,13,16,3,10,1,1,C03,7,9,1,10,2,11,"  ",16,16,1,22,8,C03,120.696877,24.147793,3,66000,387130000C,(04)23289100,(04)25368667
8131,2023,03,21,22,30,臺中市,南屯區,0,0,0,,,,50,,,,,,,,,,,,,,,7,"  ","  ","  ","  ",B03,"  ","  ",1,"  ",2,"  ","  ",7,"   ",1,22,"  ",B03,120.598422,24.155204,3,66000,387130000C,(04)23289100,(04)25368667
8132,2023,03,21,23,7,臺中市,西屯區,0,2,0,8,3,5,50,3,1,1,5,4,5,7,1,1,10,5,5,2,16,6,2,9,1,1,C03,7,5,1,10,2,12,"  ",6,6,1,22,8,C03,120.662968,24.163798,2,66000,387130000C,(04)23289100,(04)25368667
8133,2023,03,21,23,7,臺中市,沙鹿區,0,3,0,8,3,5,50,3,1,1,5,4,5,7,4,4,10,5,5,2,16,23,2,9,1,1,C03,7,9,1,10,2,11,"  ",23,23,1,18,8,C03,120.574812,24.227393,2,66000,387130000C,(04)23289100,(04)25368667
8134,2023,03,21,23,11,臺中市,西屯區,0,0,0,8,,,50,,,,,,,,,,,,,,,23,"  ","  ","  ","  ",C03,"  ","  ",3,"  ",11,"  ","  ",23,"   ",1,22,"  ",C03,120.642899,24.177124,3,66000,387130000C,(04)23289100,(04)25368667
8135,2023,03,21,23,22,臺中市,大肚區,0,1,0,8,3,5,50,4,1,1,5,4,5,7,1,1,10,5,5,2,15,25,2,9,1,1,C03,7,9,1,10,2,11,"  ",25,25,1,21,8,C03,120.563275,24.124091,2,66000,387130000C,(04)23289100,(04)25368667
8136,2023,03,21,23,27,臺中市,北屯區,0,0,0,8,,,50,,,,,,,,,,,,,,,23,"  ","  ","  ","  ",B03,"  ","  ",1,"  ",9,"  ","  ",23,"   ",1,21,"  ",B03,120.718928,24.173657,3,66000,387130000C,(04)23289100,(04)25368667
8137,2023,03,21,23,40,臺中市,北屯區,0,1,0,8,1,5,50,14,8,1,5,4,5,7,4,4,1,4,4,2,27,23,2,9,1,1,C03,7,9,1,10,2,11,"  ",23,23,1,21,8,C03,120.686661,24.203108,2,66000,387130000C,(04)23289100,(04)25368667
8138,2023,03,22,1,15,臺中市,西屯區,0,0,0,8,,,50,,,,,,,,,,,,,,,23,"  ","  ","  ","  ",B03,"  ","  ",1,"  ",2,"  ","  ",23,"   ",1,22,"  ",B03,120.655177,24.160797,3,66000,387130000C,(04)23289100,(04)25368667
8139,2023,03,22,1,20,臺中市,北屯區,0,1,0,8,3,5,50,11,9,1,5,4,5,7,4,4,9,4,5,2,17,26,2,9,1,1,C03,7,9,2,18,2,11,"  ",26,26,1,21,8,C03,120.705645,24.16743,2,66000,387130000C,(04)23289100,(04)25368667
8140,2023,03,22,2,15,臺中市,南屯區,0,1,0,8,3,5,50,4,1,1,5,4,5,7,1,1,10,5,5,2,15,25,3,10,2,1,B03,7,9,1,8,2,2,"  ",25,25,1,22,8,B03,120.647783,24.143838,2,66000,387130000C,(04)23289100,(04)25368667
8141,2023,03,22,4,5,臺中市,霧峰區,0,0,0,8,,,30,,,,,,,,,,,,,,,23,"  ","  ","  ","  ",C03,"  ","  ",3,"  ",11,"  ","  ",23,23,2,18,"  ",C03,120.710077,24.080314,3,66000,387130000C,(04)23289100,(04)25368667
8142,2023,03,22,4,15,臺中市,西區,0,2,0,8,1,5,50,4,1,1,5,4,5,7,1,1,10,5,5,2,13,23,2,9,1,1,C03,7,9,1,10,2,11,"  ",23,23,1,22,9,C03,120.665287,24.150867,2,66000,387130000C,(04)23289100,(04)25368667
8143,2023,03,22,5,22,臺中市,龍井區,0,2,0,8,1,5,50,14,9,1,5,4,5,7,4,4,9,5,5,1,13,23,2,9,3,4,C03,7,9,1,10,2,11,"  ",23,23,1,22,9,C03,120.590492,24.191306,2,66000,387130000C,(04)23289100,(04)25368667
8144,2023,03,22,5,25,臺中市,北屯區,0,1,0,8,3,5,50,4,1,1,5,4,5,7,3,1,10,5,5,2,16,6,2,9,1,1,C03,7,9,1,10,2,11,"  ",6,6,1,21,8,C03,120.686911,24.16816,2,66000,387130000C,(04)23289100,(04)25368667
8145,2023,03,22,6,6,臺中市,南區,0,1,0,8,1,5,50,14,7,1,5,4,5,7,4,4,5,5,4,2,16,26,3,10,1,1,C03,7,5,1,10,2,12,"  ",26,26,1,22,8,C03,120.70485,24.138022,2,66000,387130000C,(04)23289100,(04)25368667
8146,2023,03,22,6,16,臺中市,霧峰區,0,2,0,8,1,5,40,4,1,1,5,4,5,7,3,1,10,5,5,1,16,1,2,9,1,1,C02,7,4,1,9,2,11,"  ",1,1,1,4,8,C02,120.694888,24.06602,2,66000,387130000C,(04)23289100,(04)25368667
8147,2023,03,22,6,30,臺中市,大肚區,0,0,0,8,,,50,,,,,,,,,,,,,,,23,"  ","  ","  ","  ",B03,"  ","  ",1,"  ",2,"  ","  ",23,"   ",1,21,"  ",B03,120.540192,24.155149,3,66000,387130000C,(04)23289100,(04)25368667
8148,2023,03,22,6,34,臺中市,東區,0,2,0,8,1,5,50,3,1,1,5,4,5,7,4,4,10,5,5,2,16,19,2,9,1,1,C03,7,1,1,10,2,14,"  ",19,19,1,5,5,C03,120.705661,24.130061,2,66000,387130000C,(04)23289100,(04)25368667
8149,2023,03,22,6,40,臺中市,西屯區,0,0,0,8,,,50,,,,,,,,,,,,,,,7,"  ","  ","  ","  ",B03,"  ","  ",1,"  ",11,"  ","  ",7,"   ",1,22,"  ",B03,120.630383,24.180486,3,66000,387130000C,(04)23289100,(04)25368667
8150,2023,03,22,6,46,臺中市,梧棲區,0,1,0,8,1,5,50,3,1,1,5,4,5,7,1,1,10,5,5,2,16,25,3,10,1,1,B03,7,9,1,5,5,2,"  ",25,25,1,3,1,B03,120.519807,24.225208,2,66000,387130000C,(04)23289100,(04)25368667
8151,2023,03,22,6,50,臺中市,東區,0,1,0,8,1,5,50,4,1,1,5,4,5,7,1,1,10,5,5,2,18,42,2,9,1,1,C03,7,9,1,10,2,14,"  ",42,42,1,22,8,C03,120.705963,24.129797,2,66000,387130000C,(04)23289100,(04)25368667
8152,2023,03,22,6,55,臺中市,西屯區,0,0,0,8,,,50,,,,,,,,,,,,,,,16,"  ","  ","  ","  ",B03,"  ","  ",1,"  ",2,"  ","  ",16,"   ",1,22,"  ",B03,120.633912,24.162001,3,66000,387130000C,(04)23289100,(04)25368667
8153,2023,03,22,6,57,臺中市,東區,0,1,0,8,1,5,50,3,1,1,5,4,5,7,4,4,1,5,5,2,12,7,3,10,1,1,B01,7,10,1,4,2,6,"  ",7,7,1,10,5,B01,120.697171,24.136934,2,66000,387130000C,(04)23289100,(04)25368667
8154,2023,03,22,7,3,臺中市,北屯區,0,0,0,8,,,30,,,,,,,,,,,,,,,23,"  ","  ","  ","  ",B03,"  ","  ",1,8,1,"  ","  ",23,23,1,21,"  ",B03,120.718994,24.161507,3,66000,387130000C,(04)23289100,(04)25368667
8155,2023,03,22,7,4,臺中市,大里區,0,0,0,8,,,50,,,,,,,,,,,,,,,12,"  ","  ","  ","  ",B03,"  ","  ",1,"  ",1,"  ","  ",12,"   ",1,22,"  ",B03,120.679468,24.095393,3,66000,387130000C,(04)23289100,(04)25368667
8156,2023,03,22,7,5,臺中市,太平區,0,1,0,8,1,5,30,3,1,1,5,4,5,7,4,4,5,5,5,2,16,6,3,10,1,1,C03,7,6,4,8,2,11,"  ",6,6,1,21,8,C03,120.733206,24.112287,2,66000,387130000C,(04)23289100,(04)25368667
8157,2023,03,22,7,9,臺中市,神岡區,0,0,0,8,,,50,,,,,,,,,,,,,,,7,"  ","  ","  ","  ",B03,"  ","  ",1,"  ",1,"  ","  ",7,"   ",1,22,"  ",B03,120.695768,24.24838,3,66000,387130000C,(04)23289100,(04)25368667
8158,2023,03,22,7,10,臺中市,大里區,0,2,0,8,1,5,50,5,2,1,5,4,5,7,1,1,5,4,5,1,13,23,2,9,1,1,C03,7,9,1,10,2,11,"  ",23,23,1,5,1,C03,120.686931,24.121325,2,66000,387130000C,(04)23289100,(04)25368667
8159,2023,03,22,7,10,臺中市,沙鹿區,0,0,0,8,,,50,,,,,,,,,,,,,,,17,"  ","  ","  ","  ",B03,"  ","  ",1,"  ",2,"  ","  ",17,"   ",1,4,"  ",B03,120.577252,24.212693,3,66000,387130000C,(04)23289100,(04)25368667
8160,2023,03,22,7,15,臺中市,大里區,0,0,0,8,,,50,,,,,,,,,,,,,,,23,"  ","  ","  ","  ",B03,"  ","  ",1,"  ",2,"  ","  ",23,"   ",1,22,"  ",B03,120.70132,24.12388,3,66000,387130000C,(04)23289100,(04)25368667
8161,2023,03,22,7,15,臺中市,太平區,0,1,0,8,1,5,50,4,1,1,5,4,5,7,1,1,10,5,5,2,11,7,2,8,1,1,C03,7,9,1,10,2,14,"  ",23,7,1,9,1,C03,120.718151,24.159717,2,66000,387130000C,(04)23289100,(04)25368667
8162,2023,03,22,7,18,臺中市,大肚區,0,2,0,8,1,5,50,3,2,1,5,4,5,7,1,1,1,4,4,1,13,16,2,9,1,1,C03,7,9,1,10,2,11,"  ",16,16,1,21,8,C03,120.565004,24.123083,2,66000,387130000C,(04)23289100,(04)25368667
8163,2023,03,22,7,19,臺中市,梧棲區,0,3,0,8,1,5,50,3,1,1,5,4,5,7,4,4,10,5,5,1,16,6,2,9,3,4,C03,7,5,1,10,2,12,"  ",6,6,1,22,8,C03,120.542632,24.242248,2,66000,387130000C,(04)23289100,(04)25368667
8164,2023,03,22,7,22,臺中市,龍井區,0,0,0,8,,,50,,,,,,,,,,,,,,,6,"  ","  ","  ","  ",B03,"  ","  ",1,"  ",2,"  ","  ",6,"   ",1,12,"  ",B03,120.546034,24.201728,3,66000,387130000C,(04)23289100,(04)25368667
8165,2023,03,22,7,29,臺中市,潭子區,0,0,0,8,,,50,,,,,,,,,,,,,,,12,"  ","  ","  ","  ",B03,"  ","  ",1,"  ",2,"  ","  ",12,"   ",1,22,"  ",B03,120.693928,24.224648,3,66000,387130000C,(04)23289100,(04)25368667
8166,2023,03,22,7,30,臺中市,大里區,0,0,0,8,,,30,,,,,,,,,,,,,,,23,"  ","  ","  ","  ",B03,"  ","  ",1,"  ",2,"  ","  ",23,"   ",1,21,"  ",B03,120.696907,24.083082,3,66000,387130000C,(04)23289100,(04)25368667
8167,2023,03,22,7,30,臺中市,大甲區,0,1,0,8,1,5,50,3,1,1,5,4,5,7,4,4,5,5,5,2,17,23,2,9,1,1,C03,7,9,1,10,2,14,"  ",23,23,1,4,1,C03,120.611006,24.354626,2,66000,387130000C,(04)23289100,(04)25368667
8168,2023,03,22,7,30,臺中市,大甲區,0,0,0,8,1,5,40,4,2,1,5,4,5,7,2,1,5,5,5,2,13,23,"  ","  ","  ","  ",B03,"  ","  ",1,"  ",1,"  ","  ",23,23,1,22,"  ",B03,120.642037,24.365622,3,66000,387130000C,(04)23289100,(04)25368667
8169,2023,03,22,7,30,臺中市,東勢區,0,4,0,8,1,5,60,3,2,1,5,4,5,7,1,1,1,3,4,1,16,23,2,9,1,1,C03,7,9,1,10,2,11,"  ",23,23,1,22,9,C03,120.82937,24.249335,2,66000,387130000C,(04)23289100,(04)25368667
8170,2023,03,22,7,34,臺中市,霧峰區,0,1,0,8,1,8,60,3,1,1,5,4,5,7,1,1,9,4,1,1,16,9,3,10,1,1,B12,7,6,1,8,2,2,"  ",9,9,1,22,9,B12,120.69346,24.038027,2,66000,387130000C,(04)23289100,(04)25368667
8171,2023,03,22,7,40,臺中市,太平區,0,2,0,8,1,5,50,4,1,1,5,4,5,7,4,4,10,5,5,2,15,6,2,9,1,1,C03,7,9,1,10,2,12,"  ",6,6,1,21,8,C03,120.716968,24.116678,2,66000,387130000C,(04)23289100,(04)25368667
8172,2023,03,22,7,40,臺中市,大肚區,0,0,0,8,,,50,,,,,,,,,,,,,,,23,"  ","  ","  ","  ",B12,"  ","  ",1,"  ",2,"  ","  ",23,"   ",1,21,"  ",B12,120.556093,24.128403,3,66000,387130000C,(04)23289100,(04)25368667
8173,2023,03,22,7,40,臺中市,豐原區,0,0,0,8,,,50,,,,,,,,,,,,,,,42,"  ","  ","  ","  ",C03,"  ","  ",1,"  ",11,"  ","  ",42,"   ",2,4,"  ",C03,120.714027,24.251702,3,66000,387130000C,(04)23289100,(04)25368667
8174,2023,03,22,7,45,臺中市,太平區,0,3,0,8,1,5,50,3,1,1,5,4,5,7,1,1,5,5,5,1,16,25,2,9,1,1,C03,7,9,1,10,2,11,"  ",25,25,1,16,8,C03,120.733713,24.156941,2,66000,387130000C,(04)23289100,(04)25368667
8175,2023,03,22,7,45,臺中市,大甲區,0,2,0,8,1,5,30,14,9,1,5,4,5,7,4,4,10,5,4,2,17,19,2,9,1,1,F03,7,1,8,20,2,16,"  ",19,19,1,4,8,F03,120.652465,24.40473,2,66000,387130000C,(04)23289100,(04)25368667
8176,2023,03,22,7,49,臺中市,太平區,0,0,0,8,,,50,,,,,,,,,,,,,,,23,"  ","  ","  ","  ",C03,"  ","  ",1,"  ",2,"  ","  ",23,"   ",1,22,"  ",C03,120.733183,24.150526,3,66000,387130000C,(04)23289100,(04)25368667
8177,2023,03,22,7,50,臺中市,東區,0,0,0,8,,,50,,,,,,,,,,,,,,,23,"  ","  ","  ","  ",C04,"  ","  ",1,"  ",2,"  ","  ",23,"   ",1,22,"  ",C04,120.699125,24.125577,3,66000,387130000C,(04)23289100,(04)25368667
8178,2023,03,22,7,50,臺中市,大甲區,0,1,0,8,1,5,50,14,9,1,5,4,5,7,4,4,9,5,5,1,16,11,2,9,1,1,C03,7,11,1,10,2,11,"  ",11,11,1,4,8,C03,120.6264,24.349217,2,66000,387130000C,(04)23289100,(04)25368667
8179,2023,03,22,7,50,臺中市,神岡區,0,1,0,8,1,5,30,14,9,1,5,4,5,7,4,4,10,5,5,1,18,42,2,9,1,1,C03,7,9,1,10,2,12,"  ",42,42,1,22,8,C03,120.678076,24.264217,2,66000,387130000C,(04)23289100,(04)25368667
8180,2023,03,22,7,52,臺中市,北屯區,0,0,0,8,,,50,,,,,,,,,,,,,,,17,"  ","  ","  ","  ",C03,"  ","  ",4,"  ",1,"  ","  ",17,17,1,5,"  ",C03,120.719649,24.181675,3,66000,387130000C,(04)23289100,(04)25368667
8181,2023,03,22,7,53,臺中市,西屯區,0,1,0,8,1,5,50,4,1,1,5,4,5,7,1,1,10,5,5,2,12,6,3,10,1,1,B03,7,5,1,8,1,4,"  ",6,6,1,22,8,B03,120.649263,24.157196,2,66000,387130000C,(04)23289100,(04)25368667
8182,2023,03,22,7,53,臺中市,外埔區,0,2,0,8,1,5,50,14,9,1,5,4,5,7,4,4,5,4,5,1,3,51,2,9,4,5,H01,8,18,8,20,1,16,"  ",51,51,1,9,8,H01,120.652215,24.347232,2,66000,387130000C,(04)23289100,(04)25368667
8183,2023,03,22,7,54,臺中市,南區,0,1,0,8,1,5,50,14,7,1,5,4,5,7,1,1,1,4,4,2,12,42,2,9,1,1,C03,7,9,1,10,2,14,"  ",42,42,1,5,8,C03,120.670203,24.117023,2,66000,387130000C,(04)23289100,(04)25368667
8184,2023,03,22,7,54,臺中市,北屯區,0,1,0,8,1,5,30,3,1,1,5,4,5,7,4,4,10,5,5,2,16,6,3,10,1,1,B03,7,5,1,8,2,4,"  ",6,6,1,5,8,B03,120.733961,24.170255,2,66000,387130000C,(04)23289100,(04)25368667
8185,2023,03,22,7,55,臺中市,大雅區,0,1,0,8,1,5,50,14,8,1,5,4,5,7,4,4,5,5,4,1,12,9,3,10,1,1,C03,7,6,1,10,2,13,"  ",9,9,1,21,8,C03,120.642567,24.21993,2,66000,387130000C,(04)23289100,(04)25368667
8186,2023,03,22,7,55,臺中市,西屯區,0,0,0,8,,,40,,,,,,,,,,,,,,,17,"  ","  ","  ","  ",B03,"  ","  ",1,"  ",1,"  ","  ",17,"   ",1,12,"  ",B03,120.648281,24.196338,3,66000,387130000C,(04)23289100,(04)25368667
8187,2023,03,22,7,56,臺中市,豐原區,0,1,0,8,1,5,60,4,1,1,5,4,5,7,2,1,10,5,5,2,17,23,2,9,1,1,C03,7,9,1,10,2,11,"  ",23,23,1,22,8,C03,120.726533,24.238496,2,66000,387130000C,(04)23289100,(04)25368667
8188,2023,03,22,7,57,臺中市,北屯區,0,0,0,8,,,50,,,,,,,,,,,,,,,23,"  ","  ","  ","  ",B03,"  ","  ",1,"  ",1,"  ","  ",23,"   ",1,22,"  ",B03,120.686512,24.193214,3,66000,387130000C,(04)23289100,(04)25368667
8189,2023,03,22,8,0,臺中市,西屯區,0,0,0,8,,,30,,,,,,,,,,,,,,,17,"  ","  ","  ","  ",B03,"  ","  ",1,"  ",1,"  ","  ",17,"   ",1,22,"  ",B03,120.601937,24.182882,3,66000,387130000C,(04)23289100,(04)25368667
8190,2023,03,22,8,0,臺中市,霧峰區,0,0,0,8,,,50,,,,,,,,,,,,,,,23,"  ","  ","  ","  ",B12,"  ","  ",1,"  ",2,"  ","  ",23,"   ",1,22,"  ",B12,120.69411,24.07328,3,66000,387130000C,(04)23289100,(04)25368667
8191,2023,03,22,8,0,臺中市,大里區,0,1,0,8,1,5,40,14,8,1,4,4,5,7,4,4,3,4,3,1,18,23,2,9,1,1,C03,7,9,1,10,2,14,"  ",23,23,1,5,1,C03,120.667451,24.083353,2,66000,387130000C,(04)23289100,(04)25368667
8192,2023,03,22,8,3,臺中市,西屯區,0,0,0,8,,,80,,,,,,,,,,,,,,,23,"  ","  ","  ","  ",B03,"  ","  ",1,"  ",1,"  ","  ",23,23,1,22,"  ",B03,120.627027,24.160015,3,66000,387130000C,(04)23289100,(04)25368667
8193,2023,03,22,8,7,臺中市,北屯區,0,1,0,8,1,5,40,14,8,1,5,4,5,7,4,4,1,4,1,2,17,17,3,10,3,4,B03,7,4,1,8,2,2,"  ",17,17,1,21,8,B03,120.730028,24.160762,2,66000,387130000C,(04)23289100,(04)25368667
8194,2023,03,22,8,8,臺中市,西屯區,0,1,0,8,1,5,50,3,1,1,5,4,5,7,4,4,10,5,5,2,13,16,2,9,3,4,C03,7,9,1,10,2,11,"  ",16,16,1,22,8,C03,120.594773,24.185915,2,66000,387130000C,(04)23289100,(04)25368667
8195,2023,03,22,8,8,臺中市,大里區,0,1,0,8,1,5,40,4,2,1,5,4,5,7,4,4,10,5,5,2,15,6,2,3,1,1,C03,7,9,1,10,2,12,"  ",6,6,1,20,9,C03,120.706324,24.083408,2,66000,387130000C,(04)23289100,(04)25368667
8196,2023,03,22,8,10,臺中市,沙鹿區,0,1,0,8,1,5,50,4,1,1,5,4,5,7,1,1,10,5,5,2,17,23,2,9,1,1,C03,7,9,1,10,2,11,"  ",23,23,1,21,8,C03,120.564901,24.244421,2,66000,387130000C,(04)23289100,(04)25368667
8197,2023,03,22,8,10,臺中市,神岡區,0,0,0,8,,,30,,,,,,,,,,,,,,,17,"  ","  ","  ","  ",B12,"  ","  ",1,"  ",1,"  ","  ",17,"   ",1,21,"  ",B12,120.68256,24.271341,3,66000,387130000C,(04)23289100,(04)25368667
8198,2023,03,22,8,11,臺中市,西屯區,0,0,0,8,,,30,,,,,,,,,,,,,,,23,"  ","  ","  ","  ",C03,"  ","  ",1,"  ",11,"  ","  ",23,"   ",1,22,"  ",C03,120.593357,24.179776,3,66000,387130000C,(04)23289100,(04)25368667
8199,2023,03,22,8,14,臺中市,南區,0,0,0,8,,,50,,,,,,,,,,,,,,,23,"  ","  ","  ","  ",B03,"  ","  ",1,"  ",2,"  ","  ",23,"   ",1,22,"  ",B03,120.670077,24.114787,3,66000,387130000C,(04)23289100,(04)25368667
8200,2023,03,22,8,15,臺中市,南屯區,0,1,0,8,1,5,50,5,1,1,5,4,5,7,2,1,10,5,5,2,15,25,3,10,1,1,B03,7,9,1,8,2,2,"  ",25,25,1,22,9,B03,120.65482,24.135504,2,66000,387130000C,(04)23289100,(04)25368667