序號,年,月,日,時,分,縣市,區,死亡數量,受傷數量,2-30,天候,光線,道路類別,速限_速度(公里),道路型態,事故位置,路面鋪裝,路面狀態,路面缺陷,障礙物,視距,號誌種類,號誌動作,分向設施,快車道或一般車道間,快慢車道間,路面邊線,事故類型及型態,主要肇因,受傷程度,主要傷處,保護裝備,行動電話,當事者區分,車輛用途,當事者行動狀態,駕駛資格情形,駕駛執照種類,飲酒情形,車輛撞擊部位最初,車輛撞擊部位其他,肇事因素個別,肇事因素主要,肇事逃逸,職業,旅次目的,車種,GPS座標X,GPS座標Y,事故類別,縣市別代碼,機關代碼,市話,傳真
8201,2023,03,22,8,15,臺中市,后里區,0,0,0,8,1,3,50,14,9,1,5,4,5,7,4,4,7,4,4,1,17,18,3,10,3,4,C03,7,3,1,10,2,5,5,18,18,1,22,8,C03,120.713943,24.306073,3,66000,387130000C,(04)23289100,(04)25368667
8202,2023,03,22,8,21,臺中市,西屯區,0,0,0,8,,,50,,,,,,,,,,,,,,,42,"  ","  ","  ","  ",B03,"  ","  ",1,"  ",1,"  ","  ",42,"   ",1,22,"  ",B03,120.616104,24.190582,3,66000,387130000C,(04)23289100,(04)25368667
8203,2023,03,22,8,23,臺中市,霧峰區,0,1,0,8,1,5,40,14,9,1,5,4,5,7,4,4,5,5,5,1,17,25,3,10,1,1,F03,7,1,8,20,2,16,"  ",25,25,1,19,5,F03,120.679972,24.064933,2,66000,387130000C,(04)23289100,(04)25368667
8204,2023,03,22,8,27,臺中市,烏日區,0,1,0,8,1,5,40,14,9,1,5,4,5,7,4,4,10,5,5,2,18,42,2,9,1,1,C03,7,9,1,10,2,14,"  ",42,42,1,22,9,C03,120.588088,24.117522,2,66000,387130000C,(04)23289100,(04)25368667
8205,2023,03,22,8,31,臺中市,梧棲區,0,1,0,8,1,5,50,4,1,1,5,4,5,7,4,4,10,5,5,2,15,6,2,9,1,1,C03,7,9,1,10,2,11,"  ",6,6,1,20,1,C03,120.532789,24.256199,2,66000,387130000C,(04)23289100,(04)25368667
8206,2023,03,22,8,32,臺中市,烏日區,0,0,0,,,,30,,,,,,,,,,,,,,,42,"  ","  ","  ","  ",C03,"  ","  ",1,"  ",2,"  ","  ",42,"   ",1,21,"  ",C03,120.641689,24.10258,3,66000,387130000C,(04)23289100,(04)25368667
8207,2023,03,22,8,32,臺中市,沙鹿區,0,0,0,8,1,5,50,3,1,1,5,4,5,7,4,4,10,5,5,2,13,16,3,10,1,1,C03,7,6,1,10,2,11,"  ",16,16,1,3,1,C03,120.554455,24.225539,3,66000,387130000C,(04)23289100,(04)25368667
8208,2023,03,22,8,32,臺中市,梧棲區,0,2,0,8,1,5,30,4,1,1,5,4,5,7,4,4,10,5,5,2,16,6,2,9,3,4,C03,7,6,1,10,2,14,"  ",6,6,1,22,8,C03,120.526528,24.220814,2,66000,387130000C,(04)23289100,(04)25368667
8209,2023,03,22,8,33,臺中市,北區,0,0,0,,,,50,,,,,,,,,,,,,,,23,"  ","  ","  ","  ",B03,"  ","  ",1,"  ",2,"  ","  ",23,"   ",1,21,"  ",B03,120.681337,24.159322,3,66000,387130000C,(04)23289100,(04)25368667
8210,2023,03,22,8,34,臺中市,北屯區,0,0,0,8,,,50,,,,,,,,,,,,,,,17,"  ","  ","  ","  ",B03,"  ","  ",1,"  ",1,"  ","  ",17,17,1,5,"  ",B03,120.66221,24.184961,3,66000,387130000C,(04)23289100,(04)25368667
8211,2023,03,22,8,34,臺中市,北屯區,0,0,0,8,,,50,,,,,,,,,,,,,,,23,"  ","  ","  ","  ",B03,"  ","  ",1,"  ",9,"  ","  ",23,"   ",1,5,"  ",B03,120.669708,24.177473,3,66000,387130000C,(04)23289100,(04)25368667
8212,2023,03,22,8,39,臺中市,大雅區,0,0,0,8,,,30,,,,,,,,,,,,,,,23,"  ","  ","  ","  ",B03,"  ","  ",1,"  ",2,"  ","  ",23,"   ",1,22,"  ",B03,120.64835,24.23242,3,66000,387130000C,(04)23289100,(04)25368667
8213,2023,03,22,8,50,臺中市,大雅區,0,2,0,8,1,5,50,3,1,1,5,4,5,7,3,1,5,5,4,1,11,6,2,9,1,1,C03,7,5,1,10,2,11,"  ",6,6,1,21,8,C03,120.649579,24.216446,2,66000,387130000C,(04)23289100,(04)25368667
8214,2023,03,22,8,50,臺中市,沙鹿區,0,0,0,8,,,50,,,,,,,,,,,,,,,12,"  ","  ","  ","  ",B03,"  ","  ",1,"  ",2,"  ","  ",12,"   ",1,21,"  ",B03,120.572302,24.220915,3,66000,387130000C,(04)23289100,(04)25368667
8215,2023,03,22,8,51,臺中市,龍井區,0,2,0,8,1,5,40,4,1,1,5,4,5,7,1,1,10,5,5,2,13,16,2,8,1,1,C03,7,9,1,10,2,11,"  ",16,16,1,5,8,C03,120.581891,24.175517,2,66000,387130000C,(04)23289100,(04)25368667
8216,2023,03,22,8,54,臺中市,北屯區,0,1,0,8,1,5,50,14,8,1,5,4,5,7,4,4,1,4,4,2,16,7,2,9,1,1,C03,7,9,1,10,2,11,"  ",23,7,1,22,8,C03,120.686251,24.194619,2,66000,387130000C,(04)23289100,(04)25368667
8217,2023,03,22,8,55,臺中市,南屯區,0,0,0,8,,,50,,,,,,,,,,,,,,,19,"  ","  ","  ","  ",B03,"  ","  ",1,"  ",1,"  ","  ",19,"   ",1,22,"  ",B03,120.63673,24.14633,3,66000,387130000C,(04)23289100,(04)25368667
8218,2023,03,22,8,56,臺中市,北屯區,0,0,0,8,,,50,,,,,,,,,,,,,,,23,"  ","  ","  ","  ",B12,"  ","  ",1,8,2,"  ","  ",23,23,1,21,"  ",B12,120.699239,24.182556,3,66000,387130000C,(04)23289100,(04)25368667
8219,2023,03,22,8,59,臺中市,大雅區,0,0,0,8,,,50,,,,,,,,,,,,,,,7,"  ","  ","  ","  ",B03,"  ","  ",1,"  ",2,"  ","  ",7,"   ",1,21,"  ",B03,120.645074,24.225835,3,66000,387130000C,(04)23289100,(04)25368667
8220,2023,03,22,9,0,臺中市,烏日區,0,0,0,8,1,5,50,14,9,1,5,4,5,7,4,4,1,4,5,1,17,42,"  ","  ","  ","  ",B03,"  ","  ",1,"  ",2,"  ","  ",42,42,1,22,"  ",B03,120.632742,24.110091,3,66000,387130000C,(04)23289100,(04)25368667
8221,2023,03,22,9,5,臺中市,烏日區,0,0,0,8,,,50,,,,,,,,,,,,,,,23,"  ","  ","  ","  ",A04,"  ","  ",1,"  ",2,"  ","  ",23,"   ",1,10,"  ",A04,120.646375,24.110952,3,66000,387130000C,(04)23289100,(04)25368667
8222,2023,03,22,9,6,臺中市,太平區,0,1,0,8,1,5,50,3,1,1,5,4,5,7,4,4,10,5,5,2,16,6,3,10,1,1,B03,7,5,3,18,2,1,"  ",6,23,1,22,8,B03,120.703644,24.112422,2,66000,387130000C,(04)23289100,(04)25368667
8223,2023,03,22,9,9,臺中市,南屯區,0,0,0,,,,50,,,,,,,,,,,,,,,16,"  ","  ","  ","  ",B03,"  ","  ",1,"  ",1,"  ","  ",16,"   ",1,22,"  ",B03,120.640616,24.146988,3,66000,387130000C,(04)23289100,(04)25368667
8224,2023,03,22,9,10,臺中市,西屯區,0,0,0,8,,,50,,,,,,,,,,,,,,,43,"  ","  ","  ","  ",A31,"  ","  ",1,"  ",2,"  ","  ",43,"   ",1,22,"  ",A31,120.645639,24.163678,3,66000,387130000C,(04)23289100,(04)25368667
8225,2023,03,22,9,15,臺中市,太平區,0,0,0,8,,,50,,,,,,,,,,,,,,,16,"  ","  ","  ","  ",B03,"  ","  ",1,"  ",2,"  ","  ",16,"   ",1,20,"  ",B03,120.735423,24.133446,3,66000,387130000C,(04)23289100,(04)25368667
8226,2023,03,22,9,16,臺中市,西屯區,0,1,0,8,1,5,1,14,20,2,5,4,5,7,4,4,10,5,5,2,18,42,2,9,3,4,C03,7,9,1,10,2,14,"  ",42,42,1,22,8,C03,120.595222,24.182602,2,66000,387130000C,(04)23289100,(04)25368667
8227,2023,03,22,9,21,臺中市,北區,0,0,0,8,,,40,,,,,,,,,,,,,,,19,"  ","  ","  ","  ",B03,"  ","  ",1,"  ",1,"  ","  ",19,"   ",1,22,"  ",B03,120.681944,24.163102,3,66000,387130000C,(04)23289100,(04)25368667
8228,2023,03,22,9,30,臺中市,沙鹿區,0,0,0,6,,,40,,,,,,,,,,,,,,,12,"  ","  ","  ","  ",B03,"  ","  ",1,"  ",9,"  ","  ",12,"   ",1,22,"  ",B03,120.576997,24.214392,3,66000,387130000C,(04)23289100,(04)25368667
8229,2023,03,22,9,31,臺中市,南區,0,1,0,8,1,5,30,3,1,1,5,4,5,7,4,4,10,5,5,2,18,23,2,9,1,1,F01,7,9,8,20,2,16,"  ",23,23,1,21,8,F01,120.672021,24.125007,2,66000,387130000C,(04)23289100,(04)25368667
8230,2023,03,22,9,31,臺中市,北屯區,0,1,0,8,1,5,30,14,9,1,5,4,5,7,4,4,10,5,5,1,18,23,2,9,1,1,C03,7,9,1,10,2,14,11,23,23,1,5,8,C03,120.779897,24.182809,2,66000,387130000C,(04)23289100,(04)25368667
8231,2023,03,22,9,34,臺中市,北區,0,3,0,8,1,5,50,4,2,1,5,4,5,7,1,1,5,4,5,2,17,23,2,9,1,1,C03,7,9,1,10,2,11,"  ",23,23,1,22,8,C03,120.675681,24.159002,2,66000,387130000C,(04)23289100,(04)25368667
8232,2023,03,22,9,34,臺中市,太平區,0,0,0,8,,,,,,,,,,,,,,,,,,60,"  ","  ","  ","  ",C03,"  ","  ",1,"  ",2,"  ","  ",38,42,1,22,"  ",C03,120.72663,24.149715,3,66000,387130000C,(04)23289100,(04)25368667
8233,2023,03,22,9,34,臺中市,烏日區,0,0,0,8,1,5,50,3,1,1,5,4,5,7,1,1,1,4,5,1,12,23,"  ","  ","  ","  ",B03,"  ","  ",1,"  ",2,"  ","  ",23,"   ",1,22,"  ",B03,120.616844,24.116186,3,66000,387130000C,(04)23289100,(04)25368667
8234,2023,03,22,9,40,臺中市,大雅區,0,0,0,8,,,50,,,,,,,,,,,,,,,42,"  ","  ","  ","  ",B03,"  ","  ",1,"  ",2,"  ","  ",42,"   ",1,21,"  ",B03,120.66825,24.214974,3,66000,387130000C,(04)23289100,(04)25368667
8235,2023,03,22,9,43,臺中市,西區,0,1,0,8,1,5,50,4,1,1,5,4,5,7,1,1,10,4,5,2,16,17,2,9,1,1,C03,7,5,1,10,2,14,"  ",17,17,1,22,8,C03,120.666907,24.153208,2,66000,387130000C,(04)23289100,(04)25368667
8236,2023,03,22,9,43,臺中市,烏日區,0,0,0,8,,,30,,,,,,,,,,,,,,,17,"  ","  ","  ","  ",A12,"  ","  ",1,"  ",2,"  ","  ",17,"   ",1,21,"  ",A12,120.63241,24.097164,3,66000,387130000C,(04)23289100,(04)25368667
8237,2023,03,22,9,45,臺中市,梧棲區,0,1,0,8,1,5,60,4,1,1,5,4,5,7,1,1,10,5,5,2,16,6,3,10,1,1,B03,7,6,1,8,2,2,"  ",6,6,1,2,8,B03,120.540915,24.261205,2,66000,387130000C,(04)23289100,(04)25368667
8238,2023,03,22,9,50,臺中市,南屯區,0,1,0,8,1,5,50,4,2,1,5,4,5,7,2,1,1,3,5,2,18,23,2,9,1,1,C03,7,9,1,10,2,12,"  ",23,23,1,22,8,C03,120.64644,24.125351,2,66000,387130000C,(04)23289100,(04)25368667
8239,2023,03,22,9,55,臺中市,西屯區,0,1,0,8,1,5,50,14,9,1,5,4,5,7,4,4,9,5,5,2,16,19,3,10,1,1,B03,7,1,1,8,2,4,"  ",19,19,1,22,8,B03,120.639673,24.159362,2,66000,387130000C,(04)23289100,(04)25368667
8240,2023,03,22,10,0,臺中市,南屯區,0,1,0,8,1,5,50,3,1,1,5,4,5,7,4,4,10,5,5,2,12,6,3,10,1,1,B03,7,6,1,8,2,2,"  ",6,6,1,22,8,B03,120.646807,24.149946,2,66000,387130000C,(04)23289100,(04)25368667
8241,2023,03,22,10,4,臺中市,霧峰區,0,0,0,8,,,50,,,,,,,,,,,,,,,23,"  ","  ","  ","  ",B03,"  ","  ",1,"  ",2,"  ","  ",23,"   ",1,3,"  ",B03,120.662206,24.059558,3,66000,387130000C,(04)23289100,(04)25368667
8242,2023,03,22,10,4,臺中市,太平區,0,1,0,8,1,5,50,3,1,1,5,4,5,7,4,4,5,5,4,2,13,16,2,9,1,1,C03,7,9,1,10,2,11,"  ",16,16,1,18,8,C03,120.713459,24.125092,2,66000,387130000C,(04)23289100,(04)25368667
8243,2023,03,22,10,10,臺中市,烏日區,0,1,0,8,1,5,50,14,9,1,5,4,5,7,4,4,4,5,5,2,16,42,2,9,1,1,C03,7,9,1,10,2,11,12,42,42,1,22,9,C03,120.610977,24.110608,2,66000,387130000C,(04)23289100,(04)25368667
8244,2023,03,22,10,12,臺中市,西屯區,0,0,0,8,,,50,,,,,,,,,,,,,,,23,"  ","  ","  ","  ",B03,"  ","  ",1,"  ",11,"  ","  ",23,"   ",1,22,"  ",B03,120.622012,24.183477,3,66000,387130000C,(04)23289100,(04)25368667
8245,2023,03,22,10,23,臺中市,北屯區,0,0,0,8,,,50,,,,,,,,,,,,,,,23,"  ","  ","  ","  ",B03,"  ","  ",3,"  ",2,"  ","  ",23,"   ",1,5,"  ",B03,120.68135,24.169505,3,66000,387130000C,(04)23289100,(04)25368667
8246,2023,03,22,10,25,臺中市,南屯區,0,1,0,8,1,5,50,4,1,1,5,4,5,7,2,1,10,5,5,2,18,23,2,9,1,1,C03,7,9,1,10,2,14,"  ",23,23,1,22,9,C03,120.650057,24.133205,2,66000,387130000C,(04)23289100,(04)25368667
8247,2023,03,22,10,28,臺中市,東區,0,2,0,8,1,5,40,4,1,1,5,4,5,7,1,1,10,5,5,2,16,6,2,9,1,1,C03,7,6,1,10,2,12,"  ",6,6,1,5,8,C03,120.697067,24.138886,2,66000,387130000C,(04)23289100,(04)25368667
8248,2023,03,22,10,35,臺中市,東區,0,1,0,8,1,5,50,3,1,1,5,4,3,7,4,4,10,5,5,2,16,6,2,9,1,1,C03,7,6,1,10,2,12,"  ",6,6,1,5,8,C03,120.686772,24.14579,2,66000,387130000C,(04)23289100,(04)25368667
8249,2023,03,22,10,35,臺中市,北屯區,0,0,0,8,,,60,,,,,,,,,,,,,,,23,"  ","  ","  ","  ",B03,"  ","  ",1,"  ",2,"  ","  ",23,23,1,5,"  ",B03,120.712166,24.164674,3,66000,387130000C,(04)23289100,(04)25368667
8250,2023,03,22,10,39,臺中市,豐原區,0,0,0,8,,,40,,,,,,,,,,,,,,,42,"  ","  ","  ","  ",B03,"  ","  ",1,"  ",2,"  ","  ",42,"   ",1,22,"  ",B03,120.705756,24.252238,3,66000,387130000C,(04)23289100,(04)25368667
8251,2023,03,22,10,44,臺中市,北屯區,0,0,0,8,,,50,,,,,,,,,,,,,,,23,"  ","  ","  ","  ",A12,"  ","  ",1,3,2,"  ","  ",23,23,1,21,"  ",A12,120.670677,24.17485,3,66000,387130000C,(04)23289100,(04)25368667
8252,2023,03,22,10,45,臺中市,北屯區,0,1,0,8,1,5,50,4,1,1,5,4,5,7,1,1,10,5,5,2,11,6,2,9,1,1,C03,7,5,1,10,2,11,"  ",6,6,1,22,8,C03,120.718696,24.171442,2,66000,387130000C,(04)23289100,(04)25368667
8253,2023,03,22,10,47,臺中市,南屯區,0,1,0,8,1,5,50,14,9,1,5,4,5,7,4,4,1,4,5,2,13,16,2,8,1,1,C03,7,9,1,10,2,11,"  ",16,16,1,22,8,C03,120.64732,24.15101,2,66000,387130000C,(04)23289100,(04)25368667
8254,2023,03,22,10,48,臺中市,大雅區,0,0,0,8,,,50,,,,,,,,,,,,,,,23,"  ","  ","  ","  ",B03,"  ","  ",1,"  ",2,"  ","  ",23,"   ",1,21,"  ",B03,120.645649,24.225285,3,66000,387130000C,(04)23289100,(04)25368667
8255,2023,03,22,10,56,臺中市,太平區,0,1,0,8,1,5,30,4,1,1,5,4,5,7,4,4,10,5,5,2,15,6,3,10,1,1,B11,7,9,1,8,2,1,"  ",6,6,1,5,4,B11,120.723863,24.129847,2,66000,387130000C,(04)23289100,(04)25368667
8256,2023,03,22,10,57,臺中市,大雅區,0,0,0,8,,,40,,,,,,,,,,,,,,,43,"  ","  ","  ","  ",B03,"  ","  ",1,"  ",2,"  ","  ",43,"   ",1,22,"  ",B03,120.634518,24.204606,3,66000,387130000C,(04)23289100,(04)25368667
8257,2023,03,22,11,0,臺中市,豐原區,0,1,0,8,1,5,50,5,9,1,5,4,5,7,4,4,5,5,5,2,17,19,3,10,1,1,B03,7,1,1,8,2,2,"  ",19,19,1,22,8,B03,120.717855,24.250605,2,66000,387130000C,(04)23289100,(04)25368667
8258,2023,03,22,11,2,臺中市,太平區,0,0,0,8,,,30,,,,,,,,,,,,,,,17,"  ","  ","  ","  ",B03,"  ","  ",1,"  ",2,"  ","  ",17,"   ",1,4,"  ",B03,120.725252,24.111067,3,66000,387130000C,(04)23289100,(04)25368667
8259,2023,03,22,11,4,臺中市,北區,0,3,0,8,1,5,50,4,1,1,5,4,5,7,4,4,5,4,5,2,16,6,2,9,1,1,C03,7,5,1,10,2,13,"  ",6,6,1,21,8,C03,120.688697,24.152433,2,66000,387130000C,(04)23289100,(04)25368667
8260,2023,03,22,11,5,臺中市,北區,0,3,0,8,1,5,50,4,1,1,5,4,5,7,1,1,5,4,5,2,13,16,2,9,1,1,C03,7,9,3,18,2,11,"  ",16,16,1,22,8,C03,120.682358,24.154094,2,66000,387130000C,(04)23289100,(04)25368667
8261,2023,03,22,11,9,臺中市,西屯區,0,0,0,8,,,50,,,,,,,,,,,,,,,16,"  ","  ","  ","  ",C03,"  ","  ",1,"  ",1,"  ","  ",16,"   ",1,22,"  ",C03,120.640845,24.167487,3,66000,387130000C,(04)23289100,(04)25368667
8262,2023,03,22,11,12,臺中市,大甲區,0,0,0,,,,30,,,,,,,,,,,,,,,43,"  ","  ","  ","  ",B03,"  ","  ",1,"  ",1,"  ","  ",43,43,1,22,"  ",B03,120.618634,24.346879,3,66000,387130000C,(04)23289100,(04)25368667
8263,2023,03,22,11,15,臺中市,北屯區,0,0,0,8,,,50,,,,,,,,,,,,,,,42,"  ","  ","  ","  ",B12,"  ","  ",1,"  ",2,"  ","  ",42,"   ",1,21,"  ",B12,120.694629,24.171273,3,66000,387130000C,(04)23289100,(04)25368667
8264,2023,03,22,11,16,臺中市,南屯區,0,1,0,8,1,5,50,14,7,1,5,4,5,7,4,4,5,4,4,2,12,7,2,9,1,1,C03,7,7,1,10,2,14,"  ",7,7,1,22,8,C03,120.615138,24.13925,2,66000,387130000C,(04)23289100,(04)25368667
8265,2023,03,22,11,22,臺中市,東勢區,0,1,0,8,1,5,25,11,9,1,5,4,5,7,4,4,10,5,5,1,16,5,3,10,1,1,B03,7,9,1,8,2,4,"  ",5,5,1,22,9,B03,120.878502,24.231692,2,66000,387130000C,(04)23289100,(04)25368667
8266,2023,03,22,11,24,臺中市,西屯區,0,3,0,8,1,5,50,4,1,1,5,4,5,7,1,1,9,4,4,2,3,23,2,9,1,1,C03,7,9,1,10,2,11,"  ",23,23,1,12,8,C03,120.649163,24.174943,2,66000,387130000C,(04)23289100,(04)25368667
8267,2023,03,22,11,27,臺中市,烏日區,0,0,0,8,1,5,50,5,1,1,5,4,5,7,1,1,9,2,5,1,13,23,"  ","  ","  ","  ",B03,"  ","  ",1,"  ",2,"  ","  ",23,"   ",1,22,"  ",B03,120.637437,24.096761,3,66000,387130000C,(04)23289100,(04)25368667
8268,2023,03,22,11,30,臺中市,南區,0,0,0,8,,,40,,,,,,,,,,,,,,,42,"  ","  ","  ","  ",B12,"  ","  ",1,"  ",2,"  ","  ",42,"   ",1,22,"  ",B12,120.67518,24.125515,3,66000,387130000C,(04)23289100,(04)25368667
8269,2023,03,22,11,30,臺中市,霧峰區,0,2,0,8,1,5,30,14,9,1,5,4,5,7,4,4,10,5,5,2,16,8,2,9,1,1,C03,7,5,3,18,2,12,"  ",8,8,1,22,8,C03,120.68747,24.044195,2,66000,387130000C,(04)23289100,(04)25368667
8270,2023,03,22,11,31,臺中市,霧峰區,0,0,0,8,,,60,,,,,,,,,,,,,,,23,"  ","  ","  ","  ",B03,"  ","  ",1,"  ",2,"  ","  ",23,"   ",1,4,"  ",B03,120.696303,24.053879,3,66000,387130000C,(04)23289100,(04)25368667
8271,2023,03,22,11,33,臺中市,西屯區,0,0,0,8,,,50,,,,,,,,,,,,,,,16,"  ","  ","  ","  ",B03,"  ","  ",1,"  ",1,"  ","  ",16,"   ",1,22,"  ",B03,120.656574,24.159957,3,66000,387130000C,(04)23289100,(04)25368667
8272,2023,03,22,11,33,臺中市,大里區,0,1,0,8,1,5,50,3,1,1,5,4,5,7,4,4,1,4,4,2,16,19,3,10,1,1,B03,7,1,1,8,2,8,"  ",19,19,1,22,9,B03,120.66416,24.107645,2,66000,387130000C,(04)23289100,(04)25368667
8273,2023,03,22,11,35,臺中市,南屯區,0,0,0,8,,,50,,,,,,,,,,,,,,,6,"  ","  ","  ","  ",B12,"  ","  ",1,"  ",2,"  ","  ",6,"   ",1,22,"  ",B12,120.616875,24.154327,3,66000,387130000C,(04)23289100,(04)25368667
8274,2023,03,22,11,37,臺中市,西區,0,0,0,8,,,50,,,,,,,,,,,,,,,6,"  ","  ","  ","  ",B03,"  ","  ",1,"  ",1,"  ","  ",6,"   ",1,22,"  ",B03,120.66307,24.135128,3,66000,387130000C,(04)23289100,(04)25368667
8275,2023,03,22,11,40,臺中市,清水區,0,0,0,8,,,30,,,,,,,,,,,,,,,12,"  ","  ","  ","  ",B12,"  ","  ",6,"  ",2,"  ","  ",12,43,1,5,"  ",B12,120.561862,24.263399,3,66000,387130000C,(04)23289100,(04)25368667
8276,2023,03,22,11,42,臺中市,南區,0,1,0,8,1,5,50,4,1,1,5,4,5,7,1,1,10,5,5,2,15,25,3,10,1,1,B12,7,9,1,8,2,7,"  ",25,25,1,22,8,B12,120.666824,24.119158,2,66000,387130000C,(04)23289100,(04)25368667
8277,2023,03,22,11,47,臺中市,新社區,0,0,0,8,,,50,,,,,,,,,,,,,,,42,"  ","  ","  ","  ",B12,"  ","  ",1,"  ",2,"  ","  ",42,42,2,22,"  ",B12,120.794521,24.205399,3,66000,387130000C,(04)23289100,(04)25368667
8278,2023,03,22,11,54,臺中市,西屯區,0,0,0,8,,,50,,,,,,,,,,,,,,,23,"  ","  ","  ","  ",A02,"  ","  ",1,"  ",11,"  ","  ",23,"   ",1,22,"  ",A02,120.615268,24.182938,3,66000,387130000C,(04)23289100,(04)25368667
8279,2023,03,22,11,55,臺中市,烏日區,0,1,0,8,1,5,30,4,1,1,5,4,5,7,4,4,10,5,5,2,17,6,3,10,1,1,C03,7,9,1,10,2,15,"  ",6,6,1,21,8,C03,120.639511,24.107343,2,66000,387130000C,(04)23289100,(04)25368667
8280,2023,03,22,11,56,臺中市,南屯區,0,1,0,8,1,5,50,3,1,1,5,4,5,7,2,1,10,5,5,2,16,6,3,10,1,1,B03,7,5,1,8,2,6,"  ",6,6,1,5,8,B03,120.614335,24.14375,2,66000,387130000C,(04)23289100,(04)25368667
8281,2023,03,22,12,0,臺中市,西區,0,0,0,8,,,40,,,,,,,,,,,,,,,19,"  ","  ","  ","  ",B03,"  ","  ",1,"  ",1,"  ","  ",19,"   ",1,22,"  ",B03,120.662608,24.140163,3,66000,387130000C,(04)23289100,(04)25368667
8282,2023,03,22,12,3,臺中市,太平區,0,0,0,8,,,30,,,,,,,,,,,,,,,23,"  ","  ","  ","  ",B03,"  ","  ",1,"  ",1,"  ","  ",23,"   ",1,22,"  ",B03,120.705972,24.15099,3,66000,387130000C,(04)23289100,(04)25368667
8283,2023,03,22,12,5,臺中市,北屯區,0,0,0,8,,,50,,,,,,,,,,,,,,,12,"  ","  ","  ","  ",B03,"  ","  ",1,"  ",1,"  ","  ",12,"   ",1,21,"  ",B03,120.696327,24.183528,3,66000,387130000C,(04)23289100,(04)25368667
8284,2023,03,22,12,5,臺中市,清水區,0,2,0,8,1,5,50,3,1,5,5,4,5,7,1,1,1,5,5,1,16,8,2,9,1,1,C03,7,5,1,10,2,13,"  ",8,8,1,22,8,C03,120.574415,24.275428,2,66000,387130000C,(04)23289100,(04)25368667
8285,2023,03,22,12,7,臺中市,龍井區,0,0,0,8,,,50,,,,,,,,,,,,,,,23,"  ","  ","  ","  ",C03,"  ","  ",1,"  ",2,"  ","  ",23,"   ",1,12,"  ",C03,120.523408,24.20683,3,66000,387130000C,(04)23289100,(04)25368667
8286,2023,03,22,12,8,臺中市,北屯區,0,0,0,8,,,50,,,,,,,,,,,,,,,40,"  ","  ","  ","  ",B03,"  ","  ",1,8,2,"  ","  ",40,40,1,21,"  ",B03,120.699104,24.175348,3,66000,387130000C,(04)23289100,(04)25368667
8287,2023,03,22,12,11,臺中市,霧峰區,0,1,0,8,1,5,60,14,13,1,5,4,5,7,4,4,1,4,4,1,17,42,2,9,1,1,C03,7,9,1,10,2,11,"  ",42,42,1,22,8,C03,120.69366,24.032091,2,66000,387130000C,(04)23289100,(04)25368667
8288,2023,03,22,12,15,臺中市,太平區,0,0,0,8,,,50,,,,,,,,,,,,,,,23,"  ","  ","  ","  ",C03,"  ","  ",1,"  ",2,"  ","  ",23,"   ",1,20,"  ",C03,120.719561,24.149004,3,66000,387130000C,(04)23289100,(04)25368667
8289,2023,03,22,12,15,臺中市,烏日區,0,0,0,8,1,5,50,14,9,1,5,4,5,7,1,1,9,4,5,2,16,19,"  ","  ","  ","  ",B03,"  ","  ",1,"  ",2,"  ","  ",19,"   ",1,22,"  ",B03,120.6415,24.110515,3,66000,387130000C,(04)23289100,(04)25368667
8290,2023,03,22,12,15,臺中市,沙鹿區,0,0,0,8,,,50,,,,,,,,,,,,,,,42,"  ","  ","  ","  ",B03,"  ","  ",1,"  ",2,"  ","  ",42,"   ",1,4,"  ",B03,120.563291,24.24736,3,66000,387130000C,(04)23289100,(04)25368667
8291,2023,03,22,12,22,臺中市,太平區,0,0,0,8,,,50,,,,,,,,,,,,,,,18,"  ","  ","  ","  ",B03,"  ","  ",1,"  ",2,"  ","  ",18,"   ",1,22,"  ",B03,120.716194,24.12779,3,66000,387130000C,(04)23289100,(04)25368667
8292,2023,03,22,12,25,臺中市,太平區,0,1,0,8,4,5,50,14,8,1,5,4,5,7,4,4,9,4,4,1,13,23,2,7,1,1,C03,7,9,1,10,2,11,"  ",23,23,1,22,8,C03,120.729026,24.095144,2,66000,387130000C,(04)23289100,(04)25368667
8293,2023,03,22,12,26,臺中市,西區,0,0,0,8,,,50,,,,,,,,,,,,,,,42,"  ","  ","  ","  ",C03,"  ","  ",1,"  ",2,"  ","  ",42,"   ",1,21,"  ",C03,120.671236,24.145493,3,66000,387130000C,(04)23289100,(04)25368667
8294,2023,03,22,12,26,臺中市,神岡區,0,0,0,8,,,50,,,,,,,,,,,,,,,23,"  ","  ","  ","  ",B12,"  ","  ",1,"  ",2,"  ","  ",23,"   ",1,22,"  ",B12,120.655267,24.27186,3,66000,387130000C,(04)23289100,(04)25368667
8295,2023,03,22,12,27,臺中市,太平區,0,0,0,8,,,40,,,,,,,,,,,,,,,42,"  ","  ","  ","  ",F01,"  ","  ",8,"  ",2,"  ","  ",42,"   ",1,18,"  ",F01,120.722877,24.142299,3,66000,387130000C,(04)23289100,(04)25368667
8296,2023,03,22,12,28,臺中市,龍井區,0,1,0,8,1,5,50,14,9,1,5,4,5,7,4,4,5,4,5,2,16,26,2,8,1,1,C03,7,11,1,10,2,11,"  ",26,26,1,5,8,C03,120.588842,24.180733,2,66000,387130000C,(04)23289100,(04)25368667