序號,年,月,日,時,分,縣市,區,死亡數量,受傷數量,2-30,天候,光線,道路類別,速限_速度(公里),道路型態,事故位置,路面鋪裝,路面狀態,路面缺陷,障礙物,視距,號誌種類,號誌動作,分向設施,快車道或一般車道間,快慢車道間,路面邊線,事故類型及型態,主要肇因,受傷程度,主要傷處,保護裝備,行動電話,當事者區分,車輛用途,當事者行動狀態,駕駛資格情形,駕駛執照種類,飲酒情形,車輛撞擊部位最初,車輛撞擊部位其他,肇事因素個別,肇事因素主要,肇事逃逸,職業,旅次目的,車種,GPS座標X,GPS座標Y,事故類別,縣市別代碼,機關代碼,市話,傳真
8297,2023,03,22,12,29,臺中市,大里區,0,1,0,8,1,5,50,14,9,1,5,4,5,7,4,4,5,5,5,1,18,42,2,9,1,1,C03,7,9,1,10,2,14,"  ",42,42,1,22,8,C03,120.700726,24.1103,2,66000,387130000C,(04)23289100,(04)25368667
8298,2023,03,22,12,32,臺中市,北區,0,0,0,,,,50,,,,,,,,,,,,,,,23,"  ","  ","  ","  ",B03,"  ","  ",1,"  ",2,"  ","  ",44,23,1,22,"  ",B03,120.677468,24.172608,3,66000,387130000C,(04)23289100,(04)25368667
8299,2023,03,22,12,32,臺中市,西屯區,0,0,0,8,,,50,,,,,,,,,,,,,,,43,"  ","  ","  ","  ",B03,"  ","  ",1,"  ",2,"  ","  ",43,"   ",1,22,"  ",B03,120.647758,24.174405,3,66000,387130000C,(04)23289100,(04)25368667
8300,2023,03,22,12,33,臺中市,西區,0,0,0,8,,,50,,,,,,,,,,,,,,,12,"  ","  ","  ","  ",B03,"  ","  ",1,"  ",2,"  ","  ",12,"   ",1,5,"  ",B03,120.669049,24.143247,3,66000,387130000C,(04)23289100,(04)25368667
8301,2023,03,22,12,36,臺中市,北屯區,0,0,0,8,,,50,,,,,,,,,,,,,,,23,"  ","  ","  ","  ",B03,"  ","  ",1,"  ",2,"  ","  ",23,"   ",1,5,"  ",B03,120.735461,24.175336,3,66000,387130000C,(04)23289100,(04)25368667
8302,2023,03,22,12,38,臺中市,南屯區,0,1,0,8,1,5,30,3,1,1,5,4,5,7,4,4,10,5,5,2,16,23,3,10,1,1,B12,7,9,1,6,2,1,"  ",23,23,1,22,8,B12,120.648946,24.137571,2,66000,387130000C,(04)23289100,(04)25368667
8303,2023,03,22,12,38,臺中市,沙鹿區,0,0,0,8,,,40,,,,,,,,,,,,,,,16,"  ","  ","  ","  ",C03,"  ","  ",1,"  ",2,"  ","  ",16,16,1,4,"  ",C03,120.560543,24.240868,3,66000,387130000C,(04)23289100,(04)25368667
8304,2023,03,22,12,38,臺中市,梧棲區,0,0,0,,,,40,,,,,,,,,,,,,,,18,"  ","  ","  ","  ",B03,"  ","  ",1,"  ",2,"  ","  ",18,"   ",1,4,"  ",B03,120.531123,24.253224,3,66000,387130000C,(04)23289100,(04)25368667
8305,2023,03,22,12,40,臺中市,南屯區,0,1,0,8,1,5,40,4,1,1,5,4,5,7,2,1,10,5,5,2,12,23,2,8,1,1,C03,7,9,1,10,2,11,"  ",23,23,1,22,9,C03,120.637499,24.148796,2,66000,387130000C,(04)23289100,(04)25368667
8306,2023,03,22,12,42,臺中市,太平區,0,0,0,8,,,50,,,,,,,,,,,,,,,23,"  ","  ","  ","  ",C03,"  ","  ",1,"  ",2,"  ","  ",23,"   ",1,22,"  ",C03,120.701195,24.11243,3,66000,387130000C,(04)23289100,(04)25368667
8307,2023,03,22,12,47,臺中市,北屯區,0,0,0,8,,,40,,,,,,,,,,,,,,,42,"  ","  ","  ","  ",B12,"  ","  ",1,"  ",1,"  ","  ",42,"   ",1,21,"  ",B12,120.721047,24.174641,3,66000,387130000C,(04)23289100,(04)25368667
8308,2023,03,22,12,54,臺中市,沙鹿區,0,1,0,8,1,5,50,3,1,1,5,4,5,7,4,4,10,5,5,2,17,19,2,9,1,1,C03,7,9,1,10,2,11,"  ",26,19,1,21,8,C03,120.560601,24.237886,2,66000,387130000C,(04)23289100,(04)25368667
8309,2023,03,22,12,57,臺中市,北區,0,0,0,,,,50,,,,,,,,,,,,,,,19,"  ","  ","  ","  ",B03,"  ","  ",1,"  ",2,"  ","  ",19,"   ",1,21,"  ",B03,120.684987,24.15303,3,66000,387130000C,(04)23289100,(04)25368667
8310,2023,03,22,13,0,臺中市,大雅區,0,2,0,8,1,5,30,4,1,1,5,4,5,7,4,4,10,5,5,2,15,6,2,7,1,1,C03,7,9,1,10,2,11,"  ",6,6,1,22,8,C03,120.662677,24.226319,2,66000,387130000C,(04)23289100,(04)25368667
8311,2023,03,22,13,2,臺中市,北屯區,0,0,0,8,,,30,,,,,,,,,,,,,,,19,"  ","  ","  ","  ",C03,"  ","  ",1,10,2,"  ","  ",19,19,1,21,"  ",C03,120.695947,24.18429,3,66000,387130000C,(04)23289100,(04)25368667
8312,2023,03,22,13,3,臺中市,北屯區,0,0,0,8,,,50,,,,,,,,,,,,,,,19,"  ","  ","  ","  ",B02,"  ","  ",1,"  ",1,"  ","  ",19,"   ",1,5,"  ",B02,120.685474,24.167276,3,66000,387130000C,(04)23289100,(04)25368667
8313,2023,03,22,13,4,臺中市,西屯區,0,1,0,8,1,5,50,4,1,1,5,4,5,7,1,1,10,5,5,2,12,7,3,10,1,1,C03,7,8,1,10,2,13,"  ",7,7,1,22,8,C03,120.651631,24.176078,2,66000,387130000C,(04)23289100,(04)25368667
8314,2023,03,22,13,7,臺中市,南區,0,2,0,8,1,5,40,14,8,1,5,4,5,7,4,4,5,5,4,2,12,7,2,8,1,1,C03,7,8,1,10,2,12,"  ",7,7,1,21,8,C03,120.658284,24.113081,2,66000,387130000C,(04)23289100,(04)25368667
8315,2023,03,22,13,18,臺中市,沙鹿區,0,0,0,,,,60,,,,,,,,,,,,,,,6,"  ","  ","  ","  ",B03,"  ","  ",1,"  ",2,"  ","  ",6,"   ",1,22,"  ",B03,120.560647,24.209088,3,66000,387130000C,(04)23289100,(04)25368667
8316,2023,03,22,13,19,臺中市,霧峰區,0,1,0,8,1,5,60,3,1,1,5,4,5,7,1,1,10,5,5,2,17,10,3,10,3,4,B03,7,11,1,8,2,5,"  ",10,10,1,21,5,B03,120.692374,24.045671,2,66000,387130000C,(04)23289100,(04)25368667
8317,2023,03,22,13,20,臺中市,北區,0,1,0,8,1,5,50,14,9,1,5,4,5,7,4,4,5,4,5,2,17,40,3,10,1,1,B03,7,14,1,8,1,6,"  ",40,40,1,22,8,B03,120.676911,24.150669,2,66000,387130000C,(04)23289100,(04)25368667
8318,2023,03,22,13,37,臺中市,龍井區,0,2,0,8,1,5,50,4,1,1,5,4,5,7,1,1,10,5,5,2,16,6,3,10,1,1,B03,7,6,1,8,2,2,"  ",6,6,1,5,1,B03,120.58572,24.18586,2,66000,387130000C,(04)23289100,(04)25368667
8319,2023,03,22,13,38,臺中市,南區,0,0,0,,,,50,,,,,,,,,,,,,,,26,"  ","  ","  ","  ",B12,"  ","  ",1,"  ",2,"  ","  ",26,"   ",1,5,"  ",B12,120.648876,24.119286,3,66000,387130000C,(04)23289100,(04)25368667
8320,2023,03,22,13,38,臺中市,大里區,0,0,0,8,,,50,,,,,,,,,,,,,,,19,"  ","  ","  ","  ",B03,"  ","  ",1,"  ",2,"  ","  ",19,19,1,5,"  ",B03,120.673071,24.11604,3,66000,387130000C,(04)23289100,(04)25368667
8321,2023,03,22,13,40,臺中市,北區,0,0,0,,,,50,,,,,,,,,,,,,,,12,"  ","  ","  ","  ",B03,"  ","  ",1,"  ",2,"  ","  ",12,"   ",1,22,"  ",B03,120.684823,24.167494,3,66000,387130000C,(04)23289100,(04)25368667
8322,2023,03,22,13,41,臺中市,南屯區,0,1,0,8,1,5,50,14,9,1,5,4,5,7,4,4,5,5,4,2,15,6,2,8,1,1,C03,7,9,3,18,2,12,"  ",6,6,1,5,8,C03,120.625224,24.115408,2,66000,387130000C,(04)23289100,(04)25368667
8323,2023,03,22,13,48,臺中市,北屯區,0,0,0,8,,,50,,,,,,,,,,,,,,,23,"  ","  ","  ","  ",B03,"  ","  ",1,"  ",1,"  ","  ",23,"   ",1,5,"  ",B03,120.72183,24.182466,3,66000,387130000C,(04)23289100,(04)25368667
8324,2023,03,22,13,48,臺中市,霧峰區,0,0,0,8,,,60,,,,,,,,,,,,,,,26,"  ","  ","  ","  ",B03,"  ","  ",1,"  ",2,"  ","  ",26,"   ",1,22,"  ",B03,120.695402,24.059606,3,66000,387130000C,(04)23289100,(04)25368667
8325,2023,03,22,13,50,臺中市,中區,0,0,0,8,1,5,50,14,9,1,5,4,5,7,4,4,5,5,5,2,14,44,"  ","  ","  ","  ",B03,"  ","  ",1,"  ",9,"  ","  ",44,44,1,21,"  ",B03,120.677733,24.140657,3,66000,387130000C,(04)23289100,(04)25368667
8326,2023,03,22,13,51,臺中市,南屯區,0,1,0,8,1,5,50,14,9,1,5,4,5,7,4,4,5,5,5,2,17,23,2,9,1,1,C03,7,9,1,10,2,12,"  ",23,23,1,22,8,C03,120.6518,24.129799,2,66000,387130000C,(04)23289100,(04)25368667
8327,2023,03,22,13,54,臺中市,南屯區,0,0,0,8,,,50,,,,,,,,,,,,,,,23,"  ","  ","  ","  ",B03,"  ","  ",1,"  ",1,"  ","  ",23,"   ",1,22,"  ",B03,120.653246,24.13349,3,66000,387130000C,(04)23289100,(04)25368667
8328,2023,03,22,13,54,臺中市,北屯區,0,1,0,8,1,5,50,14,9,1,5,4,5,7,4,4,5,4,5,2,29,43,2,9,1,1,C03,7,9,1,10,2,15,"  ",43,23,1,21,8,C03,120.718748,24.175943,2,66000,387130000C,(04)23289100,(04)25368667
8329,2023,03,22,13,58,臺中市,北屯區,0,2,0,8,1,5,50,4,2,1,5,4,5,7,4,4,10,5,5,2,17,26,2,9,3,4,C03,7,5,1,10,2,15,"  ",26,26,1,21,8,C03,120.684496,24.173466,2,66000,387130000C,(04)23289100,(04)25368667
8330,2023,03,22,14,0,臺中市,豐原區,0,2,0,8,1,5,50,14,9,1,5,4,5,7,4,4,4,3,5,1,12,7,2,9,1,1,C03,7,7,1,10,2,14,"  ",7,7,1,19,5,C03,120.720305,24.263622,2,66000,387130000C,(04)23289100,(04)25368667
8331,2023,03,22,14,7,臺中市,南屯區,0,0,0,8,1,5,50,14,9,1,5,4,5,7,4,4,5,5,4,2,13,23,"  ","  ","  ","  ",B03,"  ","  ",1,"  ",1,"  ","  ",23,"   ",1,5,"  ",B03,120.646685,24.154626,3,66000,387130000C,(04)23289100,(04)25368667
8332,2023,03,22,14,10,臺中市,東區,0,0,0,8,1,5,50,14,9,1,5,4,5,7,4,4,5,4,5,2,17,23,3,10,1,1,B03,7,8,1,8,2,6,"  ",23,23,1,5,8,B03,120.688556,24.143117,3,66000,387130000C,(04)23289100,(04)25368667
8333,2023,03,22,14,17,臺中市,大雅區,0,1,0,8,1,5,50,14,8,1,5,4,5,7,4,4,9,4,4,1,17,23,2,7,1,1,C03,7,9,1,10,2,14,"  ",23,23,1,22,9,C03,120.646045,24.223577,2,66000,387130000C,(04)23289100,(04)25368667
8334,2023,03,22,14,17,臺中市,清水區,0,3,0,8,1,5,50,4,1,1,5,4,5,7,4,4,10,5,5,2,16,6,2,9,1,1,C03,7,9,1,10,2,11,"  ",6,6,1,21,8,C03,120.576943,24.26895,2,66000,387130000C,(04)23289100,(04)25368667
8335,2023,03,22,14,19,臺中市,西屯區,0,0,0,8,,,50,,,,,,,,,,,,,,,23,"  ","  ","  ","  ",B03,"  ","  ",1,"  ",1,"  ","  ",23,"   ",1,12,"  ",B03,120.649425,24.175138,3,66000,387130000C,(04)23289100,(04)25368667
8336,2023,03,22,14,25,臺中市,南屯區,0,0,0,,,,50,,,,,,,,,,,,,,,12,"  ","  ","  ","  ",B03,"  ","  ",1,"  ",1,"  ","  ",12,"   ",1,4,"  ",B03,120.611081,24.140336,3,66000,387130000C,(04)23289100,(04)25368667
8337,2023,03,22,14,27,臺中市,沙鹿區,0,0,0,8,,,50,,,,,,,,,,,,,,,38,"  ","  ","  ","  ",B03,"  ","  ",1,"  ",2,"  ","  ",38,"   ",1,20,"  ",B03,120.562309,24.242556,3,66000,387130000C,(04)23289100,(04)25368667
8338,2023,03,22,14,29,臺中市,沙鹿區,0,2,0,8,1,5,40,3,2,1,5,4,5,7,1,1,3,3,3,1,17,25,2,9,3,4,C03,7,9,1,10,2,12,"  ",25,25,1,22,8,C03,120.578055,24.223794,2,66000,387130000C,(04)23289100,(04)25368667
8339,2023,03,22,14,35,臺中市,潭子區,0,2,0,8,1,5,60,14,7,1,5,4,5,7,4,4,1,4,4,1,12,17,3,10,1,1,B03,7,4,1,8,2,6,"  ",17,17,1,22,9,B03,120.705844,24.217038,2,66000,387130000C,(04)23289100,(04)25368667
8340,2023,03,22,14,35,臺中市,西區,0,1,0,8,1,5,50,14,9,1,5,4,5,7,4,4,5,5,5,2,16,10,3,10,1,1,B12,7,11,1,8,2,8,"  ",10,10,1,22,8,B12,120.654556,24.149967,2,66000,387130000C,(04)23289100,(04)25368667
8341,2023,03,22,14,37,臺中市,西區,0,2,0,8,1,5,50,14,9,1,5,4,5,7,4,4,9,5,5,2,16,7,2,5,1,1,C03,7,8,1,10,2,12,"  ",7,7,1,22,8,C03,120.660903,24.141075,2,66000,387130000C,(04)23289100,(04)25368667
8342,2023,03,22,14,37,臺中市,沙鹿區,0,1,0,8,1,5,50,4,1,1,5,4,5,7,4,4,10,5,5,2,15,6,2,9,1,1,C03,7,9,1,10,2,12,"  ",6,6,1,21,8,C03,120.564189,24.242828,2,66000,387130000C,(04)23289100,(04)25368667
8343,2023,03,22,14,39,臺中市,大里區,0,0,0,8,,,50,,,,,,,,,,,,,,,23,"  ","  ","  ","  ",B12,"  ","  ",1,"  ",2,"  ","  ",23,"   ",1,21,"  ",B12,120.692362,24.091298,3,66000,387130000C,(04)23289100,(04)25368667
8344,2023,03,22,14,43,臺中市,南屯區,0,0,0,8,1,5,50,15,9,1,5,4,5,7,4,4,1,2,5,2,13,23,3,10,1,1,B03,7,9,1,8,1,1,"  ",23,23,1,22,8,B03,120.620761,24.145181,3,66000,387130000C,(04)23289100,(04)25368667
8345,2023,03,22,14,43,臺中市,大甲區,0,0,0,,,,40,,,,,,,,,,,,,,,18,"  ","  ","  ","  ",B12,"  ","  ",1,"  ",1,"  ","  ",18,18,1,22,"  ",B12,120.622744,24.344236,3,66000,387130000C,(04)23289100,(04)25368667
8346,2023,03,22,14,48,臺中市,豐原區,0,1,0,8,1,5,50,5,1,1,5,4,5,7,2,1,10,5,5,2,16,6,3,10,1,1,B12,7,5,1,8,2,2,"  ",6,6,1,22,8,B12,120.715298,24.248566,2,66000,387130000C,(04)23289100,(04)25368667
8347,2023,03,22,14,50,臺中市,西屯區,0,1,0,8,1,5,50,14,9,1,5,4,5,7,4,4,8,3,4,1,17,23,3,10,1,1,B03,7,9,1,8,2,1,"  ",23,23,1,22,8,B03,120.657993,24.163654,2,66000,387130000C,(04)23289100,(04)25368667
8348,2023,03,22,14,50,臺中市,霧峰區,0,0,0,8,,,70,,,,,,,,,,,,,,,37,"  ","  ","  ","  ",B03,"  ","  ",1,"  ",2,"  ","  ",37,"   ",1,22,"  ",B03,120.668996,24.044708,3,66000,387130000C,(04)23289100,(04)25368667
8349,2023,03,22,14,51,臺中市,西屯區,0,3,0,8,1,5,50,4,1,1,5,4,5,7,2,1,10,5,5,2,16,7,2,9,1,1,C03,7,8,1,10,2,12,"  ",7,7,1,22,8,C03,120.644618,24.178947,2,66000,387130000C,(04)23289100,(04)25368667
8350,2023,03,22,14,57,臺中市,南區,0,1,0,8,1,5,50,14,8,1,5,4,5,7,4,4,5,4,4,2,18,44,2,9,1,1,C03,7,9,1,10,2,15,"  ",44,44,1,5,8,C03,120.664908,24.127763,2,66000,387130000C,(04)23289100,(04)25368667
8351,2023,03,22,14,57,臺中市,西屯區,0,2,0,8,1,5,50,14,7,1,5,4,5,7,4,4,9,4,4,2,17,23,2,9,1,1,C03,7,9,1,10,2,11,"  ",23,23,1,22,8,C03,120.655176,24.170967,2,66000,387130000C,(04)23289100,(04)25368667
8352,2023,03,22,14,58,臺中市,西屯區,0,2,0,8,1,5,50,4,1,1,5,4,5,7,1,1,9,4,5,2,16,25,2,9,1,1,C03,7,9,4,8,2,11,"  ",25,25,1,12,8,C03,120.616763,24.185976,2,66000,387130000C,(04)23289100,(04)25368667
8353,2023,03,22,15,10,臺中市,太平區,0,0,0,8,,,30,,,,,,,,,,,,,,,18,"  ","  ","  ","  ",A12,"  ","  ",1,"  ",2,"  ","  ",18,"   ",1,4,"  ",A12,120.706793,24.149981,3,66000,387130000C,(04)23289100,(04)25368667
8354,2023,03,22,15,11,臺中市,南區,0,0,0,,,,50,,,,,,,,,,,,,,,23,"  ","  ","  ","  ",B03,"  ","  ",1,"  ",2,"  ","  ",23,"   ",1,22,"  ",B03,120.655311,24.115344,3,66000,387130000C,(04)23289100,(04)25368667
8355,2023,03,22,15,15,臺中市,霧峰區,0,1,0,8,1,5,40,14,9,1,5,4,5,7,4,4,5,4,4,2,17,19,2,7,3,4,C03,7,1,1,10,2,11,"  ",19,19,1,18,8,C03,120.716011,24.070978,2,66000,387130000C,(04)23289100,(04)25368667
8356,2023,03,22,15,18,臺中市,南屯區,0,0,0,8,,,50,,,,,,,,,,,,,,,38,"  ","  ","  ","  ",B03,"  ","  ",1,"  ",9,"  ","  ",38,"   ",1,22,"  ",B03,120.641638,24.135508,3,66000,387130000C,(04)23289100,(04)25368667
8357,2023,03,22,15,20,臺中市,東區,0,2,0,8,1,5,50,4,1,1,5,4,5,7,1,1,10,5,5,2,17,6,2,9,1,1,C03,7,5,4,8,4,11,"  ",6,6,1,22,8,C03,120.711254,24.144422,2,66000,387130000C,(04)23289100,(04)25368667
8358,2023,03,22,15,23,臺中市,西區,0,0,0,8,1,5,50,15,20,4,5,4,5,7,4,4,10,5,5,2,29,44,"  ","  ","  ","  ",C03,"  ","  ",1,"  ",1,"  ","  ",44,"   ",1,21,"  ",C03,120.664469,24.154165,3,66000,387130000C,(04)23289100,(04)25368667
8359,2023,03,22,15,25,臺中市,南區,0,1,0,8,1,5,30,3,2,1,5,4,5,7,4,4,10,5,5,2,16,6,2,9,1,1,C03,7,5,1,10,2,12,"  ",6,6,1,5,8,C03,120.660198,24.127883,2,66000,387130000C,(04)23289100,(04)25368667
8360,2023,03,22,15,26,臺中市,大甲區,0,2,0,8,1,5,30,14,9,1,5,4,5,7,4,4,10,5,5,2,17,19,3,10,1,1,C03,7,1,3,18,1,11,"  ",19,19,1,21,8,C03,120.619629,24.344326,2,66000,387130000C,(04)23289100,(04)25368667
8361,2023,03,22,15,28,臺中市,神岡區,0,0,0,8,,,50,,,,,,,,,,,,,,,5,"  ","  ","  ","  ",B12,"  ","  ",1,"  ",11,"  ","  ",5,"   ",2,22,"  ",B12,120.66805,24.273515,3,66000,387130000C,(04)23289100,(04)25368667
8362,2023,03,22,15,30,臺中市,清水區,0,0,0,8,,,30,,,,,,,,,,,,,,,26,"  ","  ","  ","  ",A12,"  ","  ",1,"  ",2,"  ","  ",26,26,1,22,"  ",A12,120.542302,24.290482,3,66000,387130000C,(04)23289100,(04)25368667
8363,2023,03,22,15,31,臺中市,北區,0,0,0,8,,,50,,,,,,,,,,,,,,,16,"  ","  ","  ","  ",C03,"  ","  ",1,"  ",1,"  ","  ",16,"   ",1,22,"  ",C03,120.69218,24.160493,3,66000,387130000C,(04)23289100,(04)25368667
8364,2023,03,22,15,33,臺中市,后里區,0,1,0,8,1,5,50,3,1,1,5,4,5,7,4,4,5,5,5,1,12,1,2,9,1,1,C03,7,4,1,10,2,11,"  ",1,1,1,22,6,C03,120.716792,24.326851,2,66000,387130000C,(04)23289100,(04)25368667
8365,2023,03,22,15,34,臺中市,南屯區,0,0,0,,,,50,,,,,,,,,,,,,,,7,"  ","  ","  ","  ",B03,"  ","  ",1,"  ",1,"  ","  ",7,"   ",1,4,"  ",B03,120.64097,24.14429,3,66000,387130000C,(04)23289100,(04)25368667
8366,2023,03,22,15,38,臺中市,北屯區,0,1,0,8,1,5,50,14,9,1,5,4,5,7,4,4,9,4,5,2,18,23,2,9,1,1,C03,7,9,1,10,2,11,"  ",23,23,1,22,8,C03,120.729471,24.177771,2,66000,387130000C,(04)23289100,(04)25368667
8367,2023,03,22,15,40,臺中市,西屯區,0,0,0,8,,,40,,,,,,,,,,,,,,,42,"  ","  ","  ","  ",B02,"  ","  ",1,"  ",1,"  ","  ",42,"   ",1,1,"  ",B02,120.635119,24.171639,3,66000,387130000C,(04)23289100,(04)25368667
8368,2023,03,22,15,41,臺中市,西區,0,0,0,8,1,5,50,4,2,1,5,4,5,7,1,1,5,2,5,2,13,23,"  ","  ","  ","  ",B03,"  ","  ",1,"  ",1,"  ","  ",23,"   ",1,5,"  ",B03,120.670553,24.146102,3,66000,387130000C,(04)23289100,(04)25368667
8369,2023,03,22,15,47,臺中市,北區,0,1,0,8,1,5,50,14,9,1,5,4,5,7,4,4,1,4,5,2,13,16,2,9,1,1,C03,7,9,1,10,2,11,"  ",16,16,1,5,8,C03,120.685395,24.152786,2,66000,387130000C,(04)23289100,(04)25368667
8370,2023,03,22,15,47,臺中市,太平區,0,0,0,8,,,50,,,,,,,,,,,,,,,12,"  ","  ","  ","  ",B03,"  ","  ",1,"  ",2,"  ","  ",12,"   ",1,4,"  ",B03,120.717787,24.148078,3,66000,387130000C,(04)23289100,(04)25368667
8371,2023,03,22,15,49,臺中市,龍井區,0,1,0,8,1,5,30,4,1,1,5,4,5,7,4,4,10,5,5,2,15,6,3,10,1,1,B12,7,9,1,8,2,5,"  ",6,6,1,2,1,B12,120.517388,24.199618,2,66000,387130000C,(04)23289100,(04)25368667
8372,2023,03,22,15,50,臺中市,大里區,0,3,0,8,1,5,50,3,1,1,5,4,5,7,2,1,5,4,4,1,16,25,2,9,1,1,C03,7,9,4,11,2,12,"  ",25,25,1,20,8,C03,120.676476,24.100703,2,66000,387130000C,(04)23289100,(04)25368667
8373,2023,03,22,15,51,臺中市,烏日區,0,1,0,8,1,5,60,15,8,1,5,4,5,7,4,4,1,4,4,1,16,9,3,10,1,1,B03,7,6,1,8,2,2,"  ",9,9,1,21,7,B03,120.638797,24.108268,2,66000,387130000C,(04)23289100,(04)25368667
8374,2023,03,22,16,0,臺中市,北屯區,0,0,0,8,,,50,,,,,,,,,,,,,,,23,"  ","  ","  ","  ",B03,"  ","  ",1,"  ",1,"  ","  ",23,"   ",1,21,"  ",B03,120.709759,24.167251,4,66000,387130000C,(04)23289100,(04)25368667
8375,2023,03,22,16,1,臺中市,南屯區,0,0,0,8,1,5,50,14,7,1,5,4,5,7,1,1,5,5,4,2,13,23,"  ","  ","  ","  ",B03,"  ","  ",1,"  ",1,"  ","  ",23,"   ",1,5,"  ",B03,120.649761,24.153599,3,66000,387130000C,(04)23289100,(04)25368667
8376,2023,03,22,16,1,臺中市,西屯區,0,3,0,8,1,5,30,4,1,1,5,4,5,7,4,4,10,5,5,2,16,6,2,9,1,4,C03,7,9,1,10,11,12,"  ",6,6,1,22,8,C03,120.648335,24.18294,2,66000,387130000C,(04)23289100,(04)25368667
8377,2023,03,22,16,2,臺中市,太平區,0,1,0,8,1,5,50,5,4,1,5,4,5,7,2,1,5,2,5,1,12,26,3,10,1,1,B03,7,1,1,8,2,15,"  ",26,26,1,22,8,B03,120.732718,24.13471,2,66000,387130000C,(04)23289100,(04)25368667
8378,2023,03,22,16,5,臺中市,大雅區,0,0,0,8,,,30,,,,,,,,,,,,,,,23,"  ","  ","  ","  ",A11,"  ","  ",1,"  ",2,"  ","  ",23,"   ",1,22,"  ",A11,120.658708,24.238231,3,66000,387130000C,(04)23289100,(04)25368667
8379,2023,03,22,16,5,臺中市,西區,0,2,0,8,1,5,50,4,1,1,5,4,5,7,1,1,10,5,5,2,16,6,2,9,1,1,C03,7,5,1,10,2,11,"  ",6,6,1,22,8,C03,120.664309,24.146672,2,66000,387130000C,(04)23289100,(04)25368667
8380,2023,03,22,16,5,臺中市,北區,0,1,0,8,1,5,50,4,1,1,5,4,5,7,2,1,5,5,4,2,16,9,3,10,1,1,B03,7,6,1,8,2,2,"  ",9,9,1,22,8,B03,120.670406,24.15928,2,66000,387130000C,(04)23289100,(04)25368667
8381,2023,03,22,16,7,臺中市,烏日區,0,1,0,8,1,5,50,3,7,1,5,4,5,7,4,4,1,4,4,1,17,23,2,9,3,1,F02,7,9,8,20,2,16,"  ",23,23,1,22,8,F02,120.620862,24.105274,2,66000,387130000C,(04)23289100,(04)25368667
8382,2023,03,22,16,11,臺中市,潭子區,0,0,0,8,,,60,,,,,,,,,,,,,,,19,"  ","  ","  ","  ",A12,"  ","  ",1,"  ",2,"  ","  ",19,"   ",1,22,"  ",A12,120.710105,24.236505,3,66000,387130000C,(04)23289100,(04)25368667
8383,2023,03,22,16,14,臺中市,西區,0,0,0,8,1,5,50,14,9,1,5,4,5,7,4,4,5,5,5,2,13,16,"  ","  ","  ","  ",B03,"  ","  ",1,"  ",1,"  ","  ",16,"   ",1,21,"  ",B03,120.669146,24.132437,3,66000,387130000C,(04)23289100,(04)25368667
8384,2023,03,22,16,15,臺中市,霧峰區,0,1,0,8,1,5,40,14,9,1,5,4,5,7,4,4,9,5,5,1,18,23,2,9,1,1,C03,7,9,1,10,2,15,"  ",23,23,1,18,8,C03,120.735522,24.06597,2,66000,387130000C,(04)23289100,(04)25368667
8385,2023,03,22,16,17,臺中市,沙鹿區,0,1,0,8,1,5,50,3,2,1,5,4,5,7,1,1,8,3,4,1,17,6,3,10,3,4,B12,7,5,1,8,2,1,"  ",6,6,1,22,8,B12,120.579627,24.218436,2,66000,387130000C,(04)23289100,(04)25368667
8386,2023,03,22,16,19,臺中市,東區,0,0,0,8,,,50,,,,,,,,,,,,,,,16,"  ","  ","  ","  ",B03,"  ","  ",1,"  ",1,"  ","  ",16,"   ",1,3,"  ",B03,120.708581,24.142428,3,66000,387130000C,(04)23289100,(04)25368667
8387,2023,03,22,16,19,臺中市,霧峰區,0,2,0,8,1,5,50,14,9,1,5,4,5,7,4,4,5,5,4,1,16,26,3,10,1,1,C03,7,5,1,10,2,14,"  ",26,26,1,20,8,C03,120.698292,24.061766,2,66000,387130000C,(04)23289100,(04)25368667
8388,2023,03,22,16,21,臺中市,南屯區,0,0,0,8,,,40,,,,,,,,,,,,,,,16,"  ","  ","  ","  ",B03,"  ","  ",1,"  ",2,"  ","  ",16,"   ",1,22,"  ",B03,120.623184,24.148094,3,66000,387130000C,(04)23289100,(04)25368667
8389,2023,03,22,16,23,臺中市,東區,0,0,0,,,,50,,,,,,,,,,,,,,,12,"  ","  ","  ","  ",B03,"  ","  ",1,"  ",2,"  ","  ",12,"   ",1,22,"  ",B03,120.704977,24.147158,3,66000,387130000C,(04)23289100,(04)25368667
8390,2023,03,22,16,23,臺中市,西屯區,0,0,0,8,,,40,,,,,,,,,,,,,,,23,"  ","  ","  ","  ",C03,"  ","  ",1,"  ",1,"  ","  ",23,"   ",1,21,"  ",C03,120.616033,24.182613,3,66000,387130000C,(04)23289100,(04)25368667
8391,2023,03,22,16,26,臺中市,北屯區,0,1,0,8,1,5,50,4,1,1,5,4,5,7,1,1,5,5,4,2,12,6,3,10,1,1,B03,7,6,1,8,2,6,"  ",6,6,1,22,8,B03,120.694594,24.174574,2,66000,387130000C,(04)23289100,(04)25368667