序號,年,月,日,時,分,縣市,區,死亡數量,受傷數量,2-30,天候,光線,道路類別,速限_速度(公里),道路型態,事故位置,路面鋪裝,路面狀態,路面缺陷,障礙物,視距,號誌種類,號誌動作,分向設施,快車道或一般車道間,快慢車道間,路面邊線,事故類型及型態,主要肇因,受傷程度,主要傷處,保護裝備,行動電話,當事者區分,車輛用途,當事者行動狀態,駕駛資格情形,駕駛執照種類,飲酒情形,車輛撞擊部位最初,車輛撞擊部位其他,肇事因素個別,肇事因素主要,肇事逃逸,職業,旅次目的,車種,GPS座標X,GPS座標Y,事故類別,縣市別代碼,機關代碼,市話,傳真
8392,2023,03,22,16,26,臺中市,大里區,0,0,0,8,,,50,,,,,,,,,,,,,,,1,"  ","  ","  ","  ",B12,"  ","  ",1,"  ",2,"  ","  ",44,1,1,22,"  ",B12,120.671689,24.085724,3,66000,387130000C,(04)23289100,(04)25368667
8393,2023,03,22,16,27,臺中市,太平區,0,1,0,8,2,5,40,14,8,1,5,4,5,7,4,4,5,5,2,2,12,23,3,10,1,1,B12,7,9,1,8,2,5,"  ",23,23,1,21,8,B12,120.715571,24.150788,2,66000,387130000C,(04)23289100,(04)25368667
8394,2023,03,22,16,29,臺中市,烏日區,0,1,0,8,1,5,30,11,9,1,5,4,5,7,4,4,10,5,5,1,19,23,2,9,1,1,C03,7,9,1,10,2,11,"  ",23,23,1,20,8,C03,120.589978,24.124278,2,66000,387130000C,(04)23289100,(04)25368667
8395,2023,03,22,16,30,臺中市,西屯區,0,2,0,8,1,5,50,3,1,1,5,4,5,7,1,1,10,5,5,2,16,8,2,7,1,1,C03,7,5,1,10,1,14,"  ",8,8,1,16,8,C03,120.651833,24.185621,2,66000,387130000C,(04)23289100,(04)25368667
8396,2023,03,22,16,34,臺中市,烏日區,0,1,0,8,1,5,70,4,1,1,5,4,5,7,2,1,1,5,5,2,16,9,3,10,1,1,B03,7,6,1,8,2,2,"  ",9,9,1,22,9,B03,120.614494,24.106666,2,66000,387130000C,(04)23289100,(04)25368667
8397,2023,03,22,16,35,臺中市,西區,0,0,0,8,1,5,50,14,9,1,5,4,5,7,4,4,5,2,5,2,17,19,"  ","  ","  ","  ",C03,"  ","  ",1,"  ",2,"  ","  ",19,"   ",1,10,"  ",C03,120.652723,24.14768,3,66000,387130000C,(04)23289100,(04)25368667
8398,2023,03,22,16,35,臺中市,西屯區,0,1,0,8,1,5,30,3,1,1,5,4,5,7,4,4,10,5,5,2,13,16,3,10,1,1,C03,7,9,1,10,2,11,"  ",16,16,1,22,8,C03,120.588699,24.194416,2,66000,387130000C,(04)23289100,(04)25368667
8399,2023,03,22,16,36,臺中市,太平區,0,1,0,8,1,5,50,12,9,1,5,4,5,7,4,4,5,5,5,1,17,23,2,7,1,1,C03,7,9,1,10,2,11,"  ",23,23,1,22,8,C03,120.780206,24.108653,2,66000,387130000C,(04)23289100,(04)25368667
8400,2023,03,22,16,38,臺中市,大里區,0,1,0,8,1,5,50,4,2,1,5,4,5,7,1,1,5,5,5,1,13,16,3,10,3,4,C03,7,9,1,10,2,11,"  ",16,16,1,12,8,C03,120.70174,24.099484,2,66000,387130000C,(04)23289100,(04)25368667
8401,2023,03,22,16,39,臺中市,北屯區,0,1,0,8,1,5,50,3,1,1,5,4,5,7,4,4,10,5,5,2,16,26,2,9,1,1,C03,7,9,1,10,2,12,"  ",26,26,1,21,8,C03,120.660354,24.193338,2,66000,387130000C,(04)23289100,(04)25368667
8402,2023,03,22,16,39,臺中市,清水區,0,0,0,,,,50,,,,,,,,,,,,,,,7,"  ","  ","  ","  ",B12,"  ","  ",6,"  ",2,"  ","  ",44,"   ",1,5,"  ",B12,120.571383,24.275531,3,66000,387130000C,(04)23289100,(04)25368667
8403,2023,03,22,16,43,臺中市,北屯區,0,0,0,8,1,8,50,4,1,1,5,4,5,7,1,1,10,5,5,2,15,25,3,10,1,1,C03,7,9,1,10,7,11,"  ",25,25,1,21,8,C03,120.687639,24.185449,3,66000,387130000C,(04)23289100,(04)25368667
8404,2023,03,22,16,44,臺中市,大雅區,0,0,0,8,,,30,,,,,,,,,,,,,,,6,"  ","  ","  ","  ",B12,"  ","  ",1,"  ",2,"  ","  ",6,"   ",1,22,"  ",B12,120.628031,24.229418,3,66000,387130000C,(04)23289100,(04)25368667
8405,2023,03,22,16,44,臺中市,西區,0,2,0,8,1,5,50,14,7,1,5,4,5,7,4,4,5,5,4,2,16,26,2,9,1,1,C03,7,11,1,10,2,12,"  ",26,26,1,21,8,C03,120.655131,24.14582,2,66000,387130000C,(04)23289100,(04)25368667
8406,2023,03,22,16,48,臺中市,北屯區,0,0,0,8,,,50,,,,,,,,,,,,,,,6,"  ","  ","  ","  ",B03,"  ","  ",1,"  ",1,"  ","  ",6,"   ",1,21,"  ",B03,120.669992,24.176542,3,66000,387130000C,(04)23289100,(04)25368667
8407,2023,03,22,16,55,臺中市,潭子區,0,1,0,8,1,5,60,3,1,1,5,4,5,7,1,1,1,4,4,1,17,43,"  ","  ","  ","  ","   ","  ","  ","  ","  ","  ","  ","  ",43,43,2,"  ","  ","   ",120.702588,24.192062,2,66000,387130000C,(04)23289100,(04)25368667
8408,2023,03,22,16,57,臺中市,西區,0,0,0,8,,,50,,,,,,,,,,,,,,,23,"  ","  ","  ","  ",E01,"  ","  ",1,"  ",2,"  ","  ",23,"   ",1,21,"  ",E01,120.655131,24.14582,3,66000,387130000C,(04)23289100,(04)25368667
8409,2023,03,22,16,57,臺中市,南屯區,0,1,0,8,1,5,50,3,2,1,5,4,5,7,4,4,2,4,5,2,12,23,2,9,1,1,C03,7,9,1,10,2,11,"  ",23,23,1,22,8,C03,120.613497,24.15388,2,66000,387130000C,(04)23289100,(04)25368667
8410,2023,03,22,16,57,臺中市,烏日區,0,0,0,8,1,5,50,14,9,1,5,4,5,7,4,4,1,5,5,2,13,23,"  ","  ","  ","  ",B03,"  ","  ",1,"  ",2,"  ","  ",23,"   ",1,22,"  ",B03,120.617645,24.113703,3,66000,387130000C,(04)23289100,(04)25368667
8411,2023,03,22,16,58,臺中市,西屯區,0,1,0,8,2,5,30,3,2,1,5,4,5,7,4,4,10,5,5,1,13,23,3,10,3,4,B12,7,9,1,8,2,1,"  ",23,23,1,22,8,B12,120.628636,24.173041,2,66000,387130000C,(04)23289100,(04)25368667
8412,2023,03,22,17,0,臺中市,南區,0,0,0,8,1,5,30,14,20,1,5,4,5,7,4,4,2,4,5,2,29,43,3,10,3,4,C03,7,13,1,10,11,14,"  ",38,43,1,21,8,C03,120.679502,24.121082,3,66000,387130000C,(04)23289100,(04)25368667
8413,2023,03,22,17,0,臺中市,東區,0,0,0,8,1,5,50,3,1,1,5,4,5,7,1,1,10,5,5,2,17,23,3,10,1,1,B02,7,6,1,8,11,8,"  ",23,23,1,22,8,B02,120.697782,24.13316,3,66000,387130000C,(04)23289100,(04)25368667
8414,2023,03,22,17,2,臺中市,西屯區,0,1,0,8,1,5,40,14,8,1,5,4,5,7,4,4,10,5,5,2,13,16,2,3,3,4,C03,7,12,1,10,2,11,"  ",16,16,1,22,8,C03,120.604583,24.183532,2,66000,387130000C,(04)23289100,(04)25368667
8415,2023,03,22,17,3,臺中市,北屯區,0,2,0,8,1,5,50,3,2,1,5,4,5,7,4,4,10,5,5,2,11,5,2,9,1,1,C03,7,5,1,10,2,11,"  ",5,5,1,22,8,C03,120.715675,24.183541,2,66000,387130000C,(04)23289100,(04)25368667
8416,2023,03,22,17,3,臺中市,西屯區,0,1,0,8,1,5,50,4,1,1,5,4,5,7,2,1,10,5,5,2,16,6,3,10,1,1,B03,7,5,1,8,2,8,"  ",6,6,1,22,8,B03,120.644574,24.18499,2,66000,387130000C,(04)23289100,(04)25368667
8417,2023,03,22,17,8,臺中市,清水區,0,0,0,8,,,40,,,,,,,,,,,,,,,43,"  ","  ","  ","  ","   ","  ","  ","  ","  ","  ","  ","  ",43,"   ",1,"  ","  ","   ",120.571132,24.259066,3,66000,387130000C,(04)23289100,(04)25368667
8418,2023,03,22,17,11,臺中市,神岡區,0,1,0,8,1,5,50,14,9,1,5,4,5,7,1,1,5,5,5,1,17,26,2,9,1,1,C03,7,1,1,10,2,14,"  ",26,26,1,22,8,C03,120.659136,24.273499,2,66000,387130000C,(04)23289100,(04)25368667
8419,2023,03,22,17,14,臺中市,東區,0,1,0,8,1,5,50,4,1,1,5,4,5,7,1,1,10,5,5,2,16,26,3,10,1,1,C03,7,9,1,10,2,12,"  ",26,26,1,5,8,C03,120.704765,24.135087,2,66000,387130000C,(04)23289100,(04)25368667
8420,2023,03,22,17,16,臺中市,西屯區,0,0,0,8,,,40,,,,,,,,,,,,,,,43,"  ","  ","  ","  ",C03,"  ","  ",1,"  ",1,"  ","  ",43,"   ",1,1,"  ",C03,120.619859,24.180546,3,66000,387130000C,(04)23289100,(04)25368667
8421,2023,03,22,17,17,臺中市,南區,0,0,0,8,,,50,,,,,,,,,,,,,,,8,"  ","  ","  ","  ",A04,"  ","  ",1,"  ",2,"  ","  ",8,"   ",1,10,"  ",A04,120.672113,24.119443,3,66000,387130000C,(04)23289100,(04)25368667
8422,2023,03,22,17,17,臺中市,神岡區,0,1,0,8,1,5,30,14,9,1,5,4,5,7,4,4,10,5,5,2,16,19,3,10,1,1,B03,7,1,1,8,2,1,"  ",19,19,1,22,1,B03,120.644095,24.272125,2,66000,387130000C,(04)23289100,(04)25368667
8423,2023,03,22,17,18,臺中市,大里區,0,0,0,8,1,5,50,14,8,1,5,4,5,7,4,4,5,5,4,1,13,23,"  ","  ","  ","  ",C03,"  ","  ",1,"  ",2,"  ","  ",23,"   ",1,11,"  ",C03,120.708935,24.094686,3,66000,387130000C,(04)23289100,(04)25368667
8424,2023,03,22,17,22,臺中市,大里區,0,0,0,8,,,30,,,,,,,,,,,,,,,12,"  ","  ","  ","  ",B03,"  ","  ",1,"  ",11,"  ","  ",12,"   ",1,3,"  ",B03,120.710396,24.085892,3,66000,387130000C,(04)23289100,(04)25368667
8425,2023,03,22,17,22,臺中市,霧峰區,0,0,0,,,,40,,,,,,,,,,,,,,,1,"  ","  ","  ","  ",B12,"  ","  ",1,"  ",2,"  ","  ",1,"   ",1,12,"  ",B12,120.663473,24.073268,3,66000,387130000C,(04)23289100,(04)25368667
8426,2023,03,22,17,22,臺中市,東勢區,0,1,0,8,1,5,50,14,9,1,5,4,5,7,4,4,5,4,5,1,27,23,2,8,1,1,C03,7,9,1,10,2,11,"  ",23,23,1,22,9,C03,120.817669,24.273956,2,66000,387130000C,(04)23289100,(04)25368667
8427,2023,03,22,17,25,臺中市,南屯區,0,2,0,8,1,5,50,14,9,1,5,4,5,7,1,1,5,4,5,2,12,23,3,10,1,1,B03,7,9,1,8,2,2,"  ",23,23,1,5,8,B03,120.646802,24.146809,2,66000,387130000C,(04)23289100,(04)25368667
8428,2023,03,22,17,25,臺中市,西屯區,0,2,0,8,2,5,35,11,9,1,5,4,5,7,4,4,10,5,5,1,12,17,2,7,1,1,C03,7,5,1,10,2,14,"  ",17,17,1,5,8,C03,120.632598,24.17832,2,66000,387130000C,(04)23289100,(04)25368667
8429,2023,03,22,17,27,臺中市,北區,0,2,0,8,1,5,50,4,1,1,5,4,5,7,1,1,5,5,4,2,13,23,2,9,1,1,C03,7,4,3,18,2,12,"  ",23,1,1,5,8,C03,120.684453,24.147933,2,66000,387130000C,(04)23289100,(04)25368667
8430,2023,03,22,17,27,臺中市,大里區,0,1,0,8,1,5,40,14,8,1,5,4,5,7,4,4,1,5,4,1,13,16,2,9,1,1,C03,7,9,1,10,2,11,"  ",16,16,1,22,9,C03,120.700284,24.11846,2,66000,387130000C,(04)23289100,(04)25368667
8431,2023,03,22,17,30,臺中市,北屯區,0,0,0,8,,,50,,,,,,,,,,,,,,,23,"  ","  ","  ","  ",F01,"  ","  ",8,"  ",1,"  ","  ",23,"   ",1,15,"  ",F01,120.685778,24.17913,3,66000,387130000C,(04)23289100,(04)25368667
8432,2023,03,22,17,30,臺中市,神岡區,0,0,0,8,,,30,,,,,,,,,,,,,,,6,"  ","  ","  ","  ",B03,"  ","  ",1,"  ",2,"  ","  ",6,"   ",1,22,"  ",B03,120.669064,24.244882,3,66000,387130000C,(04)23289100,(04)25368667
8433,2023,03,22,17,33,臺中市,西區,0,0,0,8,,,50,,,,,,,,,,,,,,,26,"  ","  ","  ","  ",B03,"  ","  ",1,"  ",1,"  ","  ",23,6,1,5,"  ",B03,120.660176,24.150848,3,66000,387130000C,(04)23289100,(04)25368667
8434,2023,03,22,17,33,臺中市,南區,0,0,0,,,,50,,,,,,,,,,,,,,,23,"  ","  ","  ","  ",C03,"  ","  ",1,"  ",2,"  ","  ",23,"   ",1,22,"  ",C03,120.653763,24.122844,3,66000,387130000C,(04)23289100,(04)25368667
8435,2023,03,22,17,33,臺中市,東勢區,0,1,0,8,2,5,50,14,9,1,5,4,5,7,4,4,9,5,5,1,18,43,2,9,1,1,C03,7,9,1,10,6,15,"  ",43,43,1,20,9,C03,120.847037,24.242025,2,66000,387130000C,(04)23289100,(04)25368667
8436,2023,03,22,17,35,臺中市,烏日區,0,2,0,8,1,5,50,14,9,1,5,4,5,7,4,4,5,5,5,1,16,10,2,9,1,1,C03,7,11,1,10,2,13,"  ",10,10,1,21,8,C03,120.638758,24.105463,2,66000,387130000C,(04)23289100,(04)25368667
8437,2023,03,22,17,36,臺中市,太平區,0,0,0,8,,,50,,,,,,,,,,,,,,,19,"  ","  ","  ","  ",B03,"  ","  ",1,"  ",1,"  ","  ",19,"   ",1,21,"  ",B03,120.719156,24.155014,3,66000,387130000C,(04)23289100,(04)25368667
8438,2023,03,22,17,38,臺中市,西屯區,0,1,0,8,1,5,40,14,8,1,5,4,5,7,4,4,1,4,5,2,29,42,2,9,1,1,C03,7,9,1,10,1,14,"  ",42,42,1,21,8,C03,120.655298,24.159873,2,66000,387130000C,(04)23289100,(04)25368667
8439,2023,03,22,17,39,臺中市,西屯區,0,0,0,8,,,40,,,,,,,,,,,,,,,42,"  ","  ","  ","  ",B03,"  ","  ",1,"  ",1,"  ","  ",42,42,1,22,"  ",B03,120.630802,24.167225,3,66000,387130000C,(04)23289100,(04)25368667
8440,2023,03,22,17,40,臺中市,潭子區,0,0,0,8,,,50,,,,,,,,,,,,,,,12,"  ","  ","  ","  ",B12,"  ","  ",1,"  ",2,"  ","  ",12,"   ",1,22,"  ",B12,120.710128,24.213041,3,66000,387130000C,(04)23289100,(04)25368667
8441,2023,03,22,17,40,臺中市,北區,0,0,0,,,,40,,,,,,,,,,,,,,,19,"  ","  ","  ","  ",C03,"  ","  ",1,"  ",2,"  ","  ",19,"   ",1,5,"  ",C03,120.671034,24.159219,3,66000,387130000C,(04)23289100,(04)25368667
8442,2023,03,22,17,43,臺中市,南屯區,0,3,0,8,1,5,50,4,1,1,5,4,5,7,4,4,10,5,5,2,16,6,2,9,1,4,C03,7,5,1,10,2,11,"  ",6,6,1,22,8,C03,120.641635,24.146976,2,66000,387130000C,(04)23289100,(04)25368667
8443,2023,03,22,17,45,臺中市,西區,0,1,0,8,3,5,50,4,1,1,5,4,5,7,1,1,1,5,5,2,11,6,3,10,3,4,C03,7,9,1,10,2,11,"  ",6,6,1,21,8,C03,120.657484,24.15251,2,66000,387130000C,(04)23289100,(04)25368667
8444,2023,03,22,17,47,臺中市,大里區,0,1,0,8,1,5,50,3,1,1,5,4,5,7,1,1,1,5,4,1,16,9,3,10,1,1,C03,7,6,1,10,2,12,"  ",9,9,1,9,8,C03,120.693545,24.090162,2,66000,387130000C,(04)23289100,(04)25368667
8445,2023,03,22,17,47,臺中市,豐原區,0,1,0,8,1,5,50,14,9,1,5,4,5,7,4,4,4,5,5,1,3,51,2,7,4,5,H01,8,16,8,20,10,16,"  ",51,51,1,19,8,H01,120.720861,24.249258,2,66000,387130000C,(04)23289100,(04)25368667
8446,2023,03,22,17,48,臺中市,大里區,0,0,0,8,,,50,,,,,,,,,,,,,,,16,"  ","  ","  ","  ",B03,"  ","  ",1,"  ",2,"  ","  ",16,"   ",1,5,"  ",B03,120.68307,24.092416,3,66000,387130000C,(04)23289100,(04)25368667
8447,2023,03,22,17,53,臺中市,西屯區,0,0,0,8,,,50,,,,,,,,,,,,,,,9,"  ","  ","  ","  ",B03,"  ","  ",1,"  ",2,"  ","  ",9,9,1,22,"  ",B03,120.61402,24.174566,3,66000,387130000C,(04)23289100,(04)25368667
8448,2023,03,22,17,54,臺中市,烏日區,0,2,0,8,1,5,50,4,18,1,5,4,5,7,1,1,10,5,5,2,3,15,2,9,1,1,C03,7,9,1,10,2,11,12,15,15,1,21,1,C03,120.637705,24.109008,2,66000,387130000C,(04)23289100,(04)25368667
8449,2023,03,22,17,57,臺中市,大雅區,0,0,0,8,,,30,,,,,,,,,,,,,,,16,"  ","  ","  ","  ",C03,"  ","  ",1,"  ",2,"  ","  ",16,"   ",1,22,"  ",C03,120.657423,24.225984,3,66000,387130000C,(04)23289100,(04)25368667
8450,2023,03,22,18,0,臺中市,南屯區,0,0,0,,,,50,,,,,,,,,,,,,,,19,"  ","  ","  ","  ",B03,"  ","  ",1,"  ",1,"  ","  ",19,"   ",1,4,"  ",B03,120.647253,24.14684,3,66000,387130000C,(04)23289100,(04)25368667
8451,2023,03,22,18,0,臺中市,北屯區,0,0,0,8,,,50,,,,,,,,,,,,,,,12,"  ","  ","  ","  ",B03,"  ","  ",1,"  ",2,"  ","  ",12,"   ",1,4,"  ",B03,120.684365,24.172303,3,66000,387130000C,(04)23289100,(04)25368667
8452,2023,03,22,18,2,臺中市,北屯區,0,0,0,8,,,50,,,,,,,,,,,,,,,26,"  ","  ","  ","  ",C03,"  ","  ",1,"  ",2,"  ","  ",26,26,1,22,"  ",C03,120.699109,24.17598,4,66000,387130000C,(04)23289100,(04)25368667
8453,2023,03,22,18,5,臺中市,大雅區,0,1,0,8,2,5,50,4,2,1,5,4,5,7,1,1,1,3,4,1,17,23,2,9,1,1,C03,7,9,1,10,2,11,"  ",23,16,1,22,9,C03,120.634808,24.236583,2,66000,387130000C,(04)23289100,(04)25368667
8454,2023,03,22,18,7,臺中市,西屯區,0,0,0,8,,,40,,,,,,,,,,,,,,,23,"  ","  ","  ","  ",B03,"  ","  ",1,"  ",1,"  ","  ",23,"   ",1,22,"  ",B03,120.635788,24.164393,3,66000,387130000C,(04)23289100,(04)25368667
8455,2023,03,22,18,7,臺中市,霧峰區,0,1,0,8,1,5,40,3,1,1,5,4,5,7,1,1,5,5,5,1,17,8,2,8,3,4,C03,7,5,1,10,2,14,"  ",8,8,1,18,8,C03,120.67971,24.064991,2,66000,387130000C,(04)23289100,(04)25368667
8456,2023,03,22,18,9,臺中市,沙鹿區,0,0,0,8,,,40,,,,,,,,,,,,,,,12,"  ","  ","  ","  ",B12,"  ","  ",1,"  ",2,"  ","  ",12,"   ",1,22,"  ",B12,120.570823,24.237938,3,66000,387130000C,(04)23289100,(04)25368667
8457,2023,03,22,18,11,臺中市,北區,0,0,0,8,,,50,,,,,,,,,,,,,,,42,"  ","  ","  ","  ",C03,"  ","  ",1,"  ",2,"  ","  ",42,"   ",1,22,"  ",C03,120.67325,24.166953,3,66000,387130000C,(04)23289100,(04)25368667
8458,2023,03,22,18,11,臺中市,西屯區,0,0,0,8,,,40,,,,,,,,,,,,,,,16,"  ","  ","  ","  ",B03,"  ","  ",1,"  ",1,"  ","  ",16,"   ",1,1,"  ",B03,120.634948,24.179291,3,66000,387130000C,(04)23289100,(04)25368667
8459,2023,03,22,18,11,臺中市,大里區,0,0,0,8,1,5,60,14,7,1,5,4,5,7,1,1,1,4,4,1,13,23,"  ","  ","  ","  ",B01,"  ","  ",1,"  ",2,"  ","  ",23,"   ",1,22,"  ",B01,120.683328,24.104374,3,66000,387130000C,(04)23289100,(04)25368667
8460,2023,03,22,18,12,臺中市,梧棲區,0,1,0,8,3,5,50,11,9,1,5,4,5,7,4,4,5,4,5,1,16,42,2,9,1,1,C03,7,9,4,8,2,14,"  ",42,42,1,16,8,C03,120.534802,24.251346,2,66000,387130000C,(04)23289100,(04)25368667
8461,2023,03,22,18,15,臺中市,沙鹿區,0,0,0,8,,,60,,,,,,,,,,,,,,,7,"  ","  ","  ","  ",B03,"  ","  ",1,"  ",2,"  ","  ",7,"   ",1,22,"  ",B03,120.576027,24.251666,3,66000,387130000C,(04)23289100,(04)25368667
8462,2023,03,22,18,21,臺中市,梧棲區,0,1,0,8,3,5,40,4,1,1,5,4,5,7,1,1,5,5,5,1,15,25,3,10,1,1,B03,7,9,1,8,2,5,"  ",25,25,1,4,8,B03,120.537323,24.243915,2,66000,387130000C,(04)23289100,(04)25368667
8463,2023,03,22,18,21,臺中市,梧棲區,0,0,0,8,,,50,,,,,,,,,,,,,,,26,"  ","  ","  ","  ",B03,"  ","  ",1,"  ",2,"  ","  ",26,"   ",1,4,"  ",B03,120.528366,24.22188,3,66000,387130000C,(04)23289100,(04)25368667
8464,2023,03,22,18,25,臺中市,東區,0,0,0,8,3,5,50,4,1,1,5,4,5,7,1,1,10,5,5,2,14,12,3,10,1,1,B03,7,2,1,8,2,3,"  ",12,12,1,22,8,B03,120.694346,24.140931,3,66000,387130000C,(04)23289100,(04)25368667
8465,2023,03,22,18,26,臺中市,北區,0,0,0,8,,,50,,,,,,,,,,,,,,,23,"  ","  ","  ","  ",B03,"  ","  ",6,"  ",1,"  ","  ",23,"   ",1,5,"  ",B03,120.687786,24.152136,3,66000,387130000C,(04)23289100,(04)25368667
8466,2023,03,22,18,26,臺中市,北區,0,0,0,8,,,50,,,,,,,,,,,,,,,7,"  ","  ","  ","  ",B03,"  ","  ",1,"  ",1,"  ","  ",7,7,1,22,"  ",B03,120.66806,24.154319,3,66000,387130000C,(04)23289100,(04)25368667
8467,2023,03,22,18,27,臺中市,西屯區,0,0,0,8,,,70,,,,,,,,,,,,,,,23,"  ","  ","  ","  ",B03,"  ","  ",1,"  ",1,"  ","  ",23,"   ",1,22,"  ",B03,120.593536,24.182991,3,66000,387130000C,(04)23289100,(04)25368667
8468,2023,03,22,18,28,臺中市,太平區,0,1,0,8,1,5,50,3,1,1,5,4,5,7,4,4,10,5,5,2,11,26,3,10,1,1,B03,7,9,1,8,2,8,"  ",26,26,1,22,8,B03,120.723564,24.108422,2,66000,387130000C,(04)23289100,(04)25368667
8469,2023,03,22,18,32,臺中市,霧峰區,0,0,0,8,,,40,,,,,,,,,,,,,,,19,"  ","  ","  ","  ",C03,"  ","  ",1,"  ",2,"  ","  ",19,"   ",1,3,"  ",C03,120.69707,24.064092,3,66000,387130000C,(04)23289100,(04)25368667
8470,2023,03,22,18,33,臺中市,南區,0,1,0,8,2,5,40,4,1,1,5,4,5,7,3,1,10,5,5,2,12,7,3,10,1,1,C03,7,7,1,10,2,14,"  ",7,7,1,5,8,C03,120.677655,24.1322,2,66000,387130000C,(04)23289100,(04)25368667
8471,2023,03,22,18,33,臺中市,沙鹿區,0,0,0,,,,50,,,,,,,,,,,,,,,42,"  ","  ","  ","  ","   ","  ","  ","  ","  ","  ","  ","  ",42,"   ",1,"  ","  ","   ",120.571244,24.216416,3,66000,387130000C,(04)23289100,(04)25368667
8472,2023,03,22,18,35,臺中市,北區,0,1,0,8,3,5,50,14,8,1,5,4,5,7,4,4,1,4,4,2,17,7,2,9,1,1,C03,7,8,1,10,2,11,"  ",7,7,1,5,8,C03,120.694045,24.157398,2,66000,387130000C,(04)23289100,(04)25368667
8473,2023,03,22,18,35,臺中市,豐原區,0,0,0,8,,,50,,,,,,,,,,,,,,,18,"  ","  ","  ","  ",B03,"  ","  ",1,"  ",2,"  ","  ",18,"   ",1,22,"  ",B03,120.712874,24.246794,3,66000,387130000C,(04)23289100,(04)25368667
8474,2023,03,22,18,40,臺中市,潭子區,0,1,0,8,3,5,60,4,2,1,5,4,5,7,1,1,1,3,5,1,17,12,3,10,1,1,B03,7,2,1,8,2,5,"  ",12,12,1,22,8,B03,120.712077,24.211968,2,66000,387130000C,(04)23289100,(04)25368667
8475,2023,03,22,18,50,臺中市,南屯區,0,0,0,,,,50,,,,,,,,,,,,,,,6,"  ","  ","  ","  ",B03,"  ","  ",1,"  ",2,"  ","  ",6,"   ",1,22,"  ",B03,120.653005,24.135752,3,66000,387130000C,(04)23289100,(04)25368667
8476,2023,03,22,18,53,臺中市,南區,0,0,0,8,3,5,50,14,9,1,5,4,5,7,4,4,10,5,5,2,14,12,3,10,1,1,B03,7,2,1,8,11,7,"  ",12,12,1,22,8,B03,120.647986,24.11261,3,66000,387130000C,(04)23289100,(04)25368667
8477,2023,03,22,18,53,臺中市,后里區,0,0,0,,,,40,,,,,,,,,,,,,,,23,"  ","  ","  ","  ",B12,"  ","  ",1,"  ",1,"  ","  ",23,"   ",1,5,"  ",B12,120.716177,24.307714,3,66000,387130000C,(04)23289100,(04)25368667
8478,2023,03,22,18,55,臺中市,大甲區,0,2,0,8,3,5,50,4,1,1,5,4,5,7,1,1,10,5,5,2,16,6,2,7,1,1,C03,7,5,1,10,2,12,"  ",6,6,1,21,1,C03,120.64332,24.40929,2,66000,387130000C,(04)23289100,(04)25368667
8479,2023,03,22,18,56,臺中市,北區,0,1,0,8,3,5,50,3,9,1,5,4,5,7,4,4,5,5,5,2,17,19,3,10,1,1,C03,7,1,1,10,2,14,"  ",19,19,1,22,9,C03,120.681528,24.158198,2,66000,387130000C,(04)23289100,(04)25368667
8480,2023,03,22,18,57,臺中市,東區,0,2,0,8,3,5,50,14,9,1,5,4,5,7,4,4,5,4,5,2,16,42,2,9,1,1,C03,7,15,1,10,2,12,"  ",42,42,1,21,8,C03,120.696772,24.14779,2,66000,387130000C,(04)23289100,(04)25368667
8481,2023,03,22,18,57,臺中市,大甲區,0,1,0,8,3,5,50,4,1,1,5,4,5,7,1,1,10,5,5,2,18,42,2,8,1,1,C03,7,6,1,10,2,14,"  ",42,42,1,16,8,C03,120.6393,24.3631,2,66000,387130000C,(04)23289100,(04)25368667
8482,2023,03,22,19,0,臺中市,霧峰區,0,1,0,8,3,5,30,14,9,1,5,4,5,7,4,4,10,5,5,2,27,23,2,9,1,1,C03,7,9,1,10,2,11,"  ",23,23,1,19,8,C03,120.696962,24.023945,2,66000,387130000C,(04)23289100,(04)25368667
8483,2023,03,22,19,1,臺中市,潭子區,0,0,0,8,,,60,,,,,,,,,,,,,,,23,"  ","  ","  ","  ",C04,"  ","  ",1,"  ",2,"  ","  ",23,"   ",1,22,"  ",C04,120.705345,24.213671,3,66000,387130000C,(04)23289100,(04)25368667
8484,2023,03,22,19,5,臺中市,南屯區,0,2,0,8,3,5,40,3,1,1,5,4,5,7,1,1,10,5,5,2,12,7,2,9,1,1,C03,7,8,1,10,2,12,"  ",7,7,1,22,8,C03,120.607693,24.126551,2,66000,387130000C,(04)23289100,(04)25368667
8485,2023,03,22,19,5,臺中市,沙鹿區,0,3,0,8,3,5,40,14,8,1,5,4,5,7,1,1,1,4,4,1,13,23,2,9,1,1,B03,7,9,1,8,2,8,"  ",23,23,1,22,9,B03,120.574,24.262572,2,66000,387130000C,(04)23289100,(04)25368667
8486,2023,03,22,19,7,臺中市,龍井區,0,1,0,8,3,5,40,3,2,1,5,4,5,7,4,4,3,5,5,1,18,45,2,7,1,1,C03,7,9,1,10,2,12,"  ",45,45,1,22,9,C03,120.589848,24.184154,2,66000,387130000C,(04)23289100,(04)25368667
8487,2023,03,22,19,7,臺中市,沙鹿區,0,3,0,8,3,5,40,3,8,1,5,4,5,7,2,1,1,4,2,1,17,19,2,9,1,1,C03,7,1,1,10,2,14,"  ",19,19,1,18,8,C03,120.580253,24.219901,2,66000,387130000C,(04)23289100,(04)25368667