序號,年,月,日,時,分,縣市,區,死亡數量,受傷數量,2-30,天候,光線,道路類別,速限_速度(公里),道路型態,事故位置,路面鋪裝,路面狀態,路面缺陷,障礙物,視距,號誌種類,號誌動作,分向設施,快車道或一般車道間,快慢車道間,路面邊線,事故類型及型態,主要肇因,受傷程度,主要傷處,保護裝備,行動電話,當事者區分,車輛用途,當事者行動狀態,駕駛資格情形,駕駛執照種類,飲酒情形,車輛撞擊部位最初,車輛撞擊部位其他,肇事因素個別,肇事因素主要,肇事逃逸,職業,旅次目的,車種,GPS座標X,GPS座標Y,事故類別,縣市別代碼,機關代碼,市話,傳真
8488,2023,03,22,19,12,臺中市,南屯區,0,0,0,8,3,5,50,14,9,1,5,4,5,7,4,4,1,4,5,2,12,7,"  ","  ","  ","  ",B03,"  ","  ",1,"  ",1,"  ","  ",7,"   ",1,5,"  ",B03,120.646343,24.135933,3,66000,387130000C,(04)23289100,(04)25368667
8489,2023,03,22,19,12,臺中市,神岡區,0,0,0,8,,,30,,,,,,,,,,,,,,,5,"  ","  ","  ","  ",B03,"  ","  ",1,"  ",1,"  ","  ",5,"   ",1,22,"  ",B03,120.690481,24.242326,3,66000,387130000C,(04)23289100,(04)25368667
8490,2023,03,22,19,13,臺中市,西區,0,0,0,8,,,40,,,,,,,,,,,,,,,19,"  ","  ","  ","  ",B03,"  ","  ",1,"  ",1,"  ","  ",19,"   ",1,21,"  ",B03,120.661875,24.136011,3,66000,387130000C,(04)23289100,(04)25368667
8491,2023,03,22,19,13,臺中市,南區,0,2,0,8,3,5,50,4,1,1,5,4,5,7,2,1,5,5,5,2,15,25,2,9,1,1,C03,7,9,2,18,2,11,"  ",25,25,1,5,8,C03,120.662415,24.127721,2,66000,387130000C,(04)23289100,(04)25368667
8492,2023,03,22,19,15,臺中市,太平區,0,3,0,8,3,5,50,3,1,1,5,4,5,7,4,4,5,5,4,1,16,6,2,9,1,1,C03,7,5,1,10,2,11,"  ",6,6,1,21,8,C03,120.730506,24.103216,2,66000,387130000C,(04)23289100,(04)25368667
8493,2023,03,22,19,21,臺中市,東區,0,0,0,,,,50,,,,,,,,,,,,,,,27,"  ","  ","  ","  ",B03,"  ","  ",3,"  ",2,"  ","  ",27,"   ",1,22,"  ",B03,120.689361,24.144269,3,66000,387130000C,(04)23289100,(04)25368667
8494,2023,03,22,19,21,臺中市,后里區,0,0,0,8,3,5,30,14,9,1,5,4,5,7,4,4,10,5,5,1,11,23,3,10,1,1,B12,7,9,1,8,1,7,"  ",23,23,1,21,8,B12,120.693778,24.301539,3,66000,387130000C,(04)23289100,(04)25368667
8495,2023,03,22,19,24,臺中市,西屯區,0,0,0,8,,,70,,,,,,,,,,,,,,,26,"  ","  ","  ","  ",B03,"  ","  ",1,"  ",1,"  ","  ",26,"   ",1,21,"  ",B03,120.650081,24.162276,3,66000,387130000C,(04)23289100,(04)25368667
8496,2023,03,22,19,25,臺中市,南區,0,0,0,,,,50,,,,,,,,,,,,,,,6,"  ","  ","  ","  ",B03,"  ","  ",1,"  ",2,"  ","  ",6,"   ",1,5,"  ",B03,120.657585,24.124615,3,66000,387130000C,(04)23289100,(04)25368667
8497,2023,03,22,19,25,臺中市,龍井區,0,1,0,8,3,5,50,4,1,1,5,4,5,7,1,1,10,5,5,2,16,6,3,10,1,1,B03,7,5,1,8,3,8,"  ",6,6,1,5,5,B03,120.522942,24.196422,2,66000,387130000C,(04)23289100,(04)25368667
8498,2023,03,22,19,40,臺中市,潭子區,0,1,0,8,3,5,50,3,1,1,5,4,5,7,4,4,5,5,5,2,16,6,3,10,1,1,B03,7,5,1,8,2,5,"  ",6,6,1,22,9,B03,120.704406,24.212441,2,66000,387130000C,(04)23289100,(04)25368667
8499,2023,03,22,19,40,臺中市,大甲區,0,1,0,8,3,5,50,14,9,1,5,4,5,7,4,4,5,5,5,1,16,19,2,9,1,1,C03,7,1,6,18,2,12,"  ",19,19,1,9,8,C03,120.62352,24.34388,2,66000,387130000C,(04)23289100,(04)25368667
8500,2023,03,22,19,42,臺中市,沙鹿區,0,0,0,,,,50,,,,,,,,,,,,,,,23,"  ","  ","  ","  ",C03,"  ","  ",1,"  ",2,"  ","  ",23,"   ",1,22,"  ",C03,120.575522,24.226302,3,66000,387130000C,(04)23289100,(04)25368667
8501,2023,03,22,19,48,臺中市,豐原區,0,1,0,8,3,5,50,14,7,1,5,4,5,7,4,4,5,5,4,2,27,23,2,9,1,1,C03,7,9,1,10,2,11,"  ",23,23,1,21,8,C03,120.710638,24.243698,2,66000,387130000C,(04)23289100,(04)25368667
8502,2023,03,22,19,49,臺中市,西屯區,0,0,0,8,,,50,,,,,,,,,,,,,,,26,"  ","  ","  ","  ",B02,"  ","  ",1,"  ",2,"  ","  ",26,"   ",1,22,"  ",B02,120.632128,24.170387,3,66000,387130000C,(04)23289100,(04)25368667
8503,2023,03,22,19,54,臺中市,北屯區,0,0,0,8,,,50,,,,,,,,,,,,,,,23,"  ","  ","  ","  ",B03,"  ","  ",1,"  ",1,"  ","  ",23,"   ",1,21,"  ",B03,120.686226,24.179955,3,66000,387130000C,(04)23289100,(04)25368667
8504,2023,03,22,19,59,臺中市,北屯區,0,1,0,8,3,5,50,3,2,1,5,4,5,7,4,4,5,5,5,2,11,26,3,10,1,1,B03,7,5,1,8,2,4,"  ",26,26,1,21,8,B03,120.695441,24.165271,2,66000,387130000C,(04)23289100,(04)25368667
8505,2023,03,22,20,8,臺中市,北屯區,0,0,0,8,,,50,,,,,,,,,,,,,,,23,"  ","  ","  ","  ",C03,"  ","  ",1,"  ",2,"  ","  ",23,"   ",1,22,"  ",C03,120.696669,24.172473,3,66000,387130000C,(04)23289100,(04)25368667
8506,2023,03,22,20,8,臺中市,烏日區,0,2,0,8,2,5,50,8,8,1,5,4,5,7,4,4,1,4,1,1,12,17,2,9,1,1,C03,7,9,1,10,2,12,"  ",17,17,1,21,8,C03,120.634497,24.09475,2,66000,387130000C,(04)23289100,(04)25368667
8507,2023,03,22,20,9,臺中市,大甲區,0,1,0,8,3,5,50,5,2,1,5,4,5,7,1,1,5,4,5,1,17,10,3,10,1,1,B03,7,11,1,8,2,4,"  ",10,10,1,5,7,B03,120.62197,24.34429,2,66000,387130000C,(04)23289100,(04)25368667
8508,2023,03,22,20,10,臺中市,石岡區,0,1,0,8,3,5,50,5,1,1,5,4,5,7,3,1,5,5,5,1,15,10,3,10,1,1,B03,7,11,1,8,2,8,"  ",10,10,1,9,8,B03,120.773119,24.277015,2,66000,387130000C,(04)23289100,(04)25368667
8509,2023,03,22,20,11,臺中市,北屯區,0,2,0,8,3,5,50,14,7,1,5,4,5,7,4,4,5,5,4,2,16,19,2,9,1,1,C03,7,1,1,10,2,14,"  ",19,19,1,22,8,C03,120.69495,24.182886,2,66000,387130000C,(04)23289100,(04)25368667
8510,2023,03,22,20,16,臺中市,北區,0,0,0,8,,,50,,,,,,,,,,,,,,,23,"  ","  ","  ","  ",C03,"  ","  ",1,"  ",2,"  ","  ",23,"   ",1,5,"  ",C03,120.683508,24.148272,3,66000,387130000C,(04)23289100,(04)25368667
8511,2023,03,22,20,18,臺中市,太平區,0,0,0,8,,,50,,,,,,,,,,,,,,,23,"  ","  ","  ","  ",B03,"  ","  ",1,"  ",1,"  ","  ",23,"   ",1,22,"  ",B03,120.702281,24.147968,3,66000,387130000C,(04)23289100,(04)25368667
8512,2023,03,22,20,30,臺中市,太平區,0,1,0,8,3,5,50,5,9,1,5,4,5,7,1,1,5,5,5,1,18,43,2,9,1,1,C03,7,9,1,10,2,14,"  ",43,43,1,21,8,C03,120.714696,24.110388,2,66000,387130000C,(04)23289100,(04)25368667
8513,2023,03,22,20,32,臺中市,潭子區,0,0,0,8,,,30,,,,,,,,,,,,,,,23,"  ","  ","  ","  ",B03,"  ","  ",1,"  ",2,"  ","  ",23,"   ",1,22,"  ",B03,120.705206,24.213675,3,66000,387130000C,(04)23289100,(04)25368667
8514,2023,03,22,20,33,臺中市,北區,0,1,0,8,3,5,50,5,1,1,5,4,5,7,2,1,3,4,5,2,16,26,2,9,1,1,C03,7,6,1,10,2,14,"  ",26,26,1,22,8,C03,120.686252,24.15482,2,66000,387130000C,(04)23289100,(04)25368667
8515,2023,03,22,20,33,臺中市,大里區,0,0,0,8,,,50,,,,,,,,,,,,,,,23,"  ","  ","  ","  ",B01,"  ","  ",1,"  ",2,"  ","  ",23,"   ",1,10,"  ",B01,120.692093,24.100671,3,66000,387130000C,(04)23289100,(04)25368667
8516,2023,03,22,20,45,臺中市,南區,0,1,0,8,3,5,50,14,9,1,5,4,5,6,2,1,1,5,5,2,18,23,2,9,1,1,C03,7,9,1,10,2,15,"  ",23,23,1,18,8,C03,120.679553,24.12167,2,66000,387130000C,(04)23289100,(04)25368667
8517,2023,03,22,20,50,臺中市,南屯區,0,1,0,7,3,5,50,4,1,1,5,4,5,7,1,1,10,5,5,2,9,15,3,10,3,4,B12,7,5,1,8,2,1,"  ",15,15,1,22,8,B12,120.646391,24.129566,2,66000,387130000C,(04)23289100,(04)25368667
8518,2023,03,22,20,53,臺中市,西屯區,0,0,0,8,,,30,,,,,,,,,,,,,,,23,"  ","  ","  ","  ",C03,"  ","  ",1,"  ",2,"  ","  ",23,"   ",1,22,"  ",C03,120.613251,24.175284,3,66000,387130000C,(04)23289100,(04)25368667
8519,2023,03,22,20,54,臺中市,南區,0,2,0,8,3,5,50,3,1,1,5,4,5,7,1,1,10,5,5,2,16,44,2,9,1,1,C03,7,9,1,10,2,11,"  ",44,44,1,22,8,C03,120.666236,24.127305,2,66000,387130000C,(04)23289100,(04)25368667
8520,2023,03,22,20,54,臺中市,南屯區,0,0,0,,,,50,,,,,,,,,,,,,,,23,"  ","  ","  ","  ",B03,"  ","  ",1,"  ",1,"  ","  ",23,"   ",1,4,"  ",B03,120.638231,24.148757,3,66000,387130000C,(04)23289100,(04)25368667
8521,2023,03,22,21,8,臺中市,北屯區,0,0,0,8,,,50,,,,,,,,,,,,,,,43,"  ","  ","  ","  ",B03,"  ","  ","  ","  ",1,"  ","  ",43,"   ",1,21,"  ",B03,120.688634,24.183512,4,66000,387130000C,(04)23289100,(04)25368667
8522,2023,03,22,21,10,臺中市,烏日區,0,0,0,8,,,50,,,,,,,,,,,,,,,6,"  ","  ","  ","  ",B03,"  ","  ",3,"  ",2,"  ","  ",6,6,1,21,"  ",B03,120.61262,24.108668,3,66000,387130000C,(04)23289100,(04)25368667
8523,2023,03,22,21,25,臺中市,西區,0,2,0,8,3,5,40,14,8,1,5,4,5,7,4,4,1,4,4,2,24,23,2,9,1,1,C03,7,9,1,10,2,11,"  ",23,23,1,21,8,C03,120.665636,24.138019,2,66000,387130000C,(04)23289100,(04)25368667
8524,2023,03,22,21,26,臺中市,西屯區,0,0,0,8,,,50,,,,,,,,,,,,,,,42,"  ","  ","  ","  ",B03,"  ","  ",1,"  ",1,"  ","  ",42,"   ",1,1,"  ",B03,120.615268,24.182938,3,66000,387130000C,(04)23289100,(04)25368667
8525,2023,03,22,21,27,臺中市,西屯區,0,1,0,8,3,5,50,4,1,1,5,4,5,7,1,1,3,4,4,2,3,15,3,10,1,1,B03,7,5,1,8,2,8,"  ",15,15,1,22,8,B03,120.644115,24.161111,2,66000,387130000C,(04)23289100,(04)25368667
8526,2023,03,22,21,40,臺中市,梧棲區,0,0,0,8,,,50,,,,,,,,,,,,,,,42,"  ","  ","  ","  ",B03,"  ","  ",1,"  ",2,"  ","  ",42,"   ",1,9,"  ",B03,120.546271,24.242936,4,66000,387130000C,(04)23289100,(04)25368667
8527,2023,03,22,21,45,臺中市,中區,0,0,0,,,,50,,,,,,,,,,,,,,,66,"  ","  ","  ","  ","   ","  ","  ","  ","  ","  ","  ","  ",66,"   ",1,"  ","  ","   ",120.683446,24.141208,3,66000,387130000C,(04)23289100,(04)25368667
8528,2023,03,22,21,48,臺中市,北區,0,2,0,8,3,5,50,4,1,1,5,4,5,7,1,1,10,5,5,2,17,6,2,9,1,1,B03,7,5,1,8,2,1,"  ",6,6,1,5,8,B03,120.685119,24.165279,2,66000,387130000C,(04)23289100,(04)25368667
8529,2023,03,22,21,58,臺中市,南屯區,0,1,0,8,3,5,40,14,9,1,5,4,5,7,4,4,9,5,5,2,18,23,2,9,1,1,C03,7,9,1,10,2,11,"  ",23,23,1,22,9,C03,120.628898,24.127835,2,66000,387130000C,(04)23289100,(04)25368667
8530,2023,03,22,22,2,臺中市,西區,0,1,0,8,3,5,50,4,1,1,5,4,5,7,1,1,1,5,1,2,3,26,3,10,3,4,B03,7,6,1,8,2,2,"  ",26,26,1,21,8,B03,120.660121,24.157261,2,66000,387130000C,(04)23289100,(04)25368667
8531,2023,03,22,22,2,臺中市,南屯區,0,1,0,8,3,5,50,4,1,1,5,4,5,7,1,1,10,5,5,2,16,6,3,10,1,1,B03,7,5,6,8,2,5,"  ",6,6,1,22,8,B03,120.652961,24.134845,2,66000,387130000C,(04)23289100,(04)25368667
8532,2023,03,22,22,3,臺中市,梧棲區,0,1,0,8,1,5,30,14,9,1,5,4,5,7,4,4,10,5,5,2,17,23,2,8,1,1,C03,7,9,2,18,2,12,"  ",23,23,1,16,8,C03,120.546056,24.242741,2,66000,387130000C,(04)23289100,(04)25368667
8533,2023,03,22,22,5,臺中市,南區,0,0,0,8,3,5,50,14,7,1,5,4,5,7,4,4,9,4,4,2,14,12,3,10,1,1,B03,7,2,1,8,10,3,"  ",12,12,1,22,8,B03,120.655308,24.134307,3,66000,387130000C,(04)23289100,(04)25368667
8534,2023,03,22,22,9,臺中市,南屯區,0,1,0,8,1,5,50,4,1,1,5,4,5,7,1,1,5,4,4,2,17,27,3,10,1,1,B03,7,6,1,8,2,6,"  ",27,27,1,22,8,B03,120.640739,24.148775,2,66000,387130000C,(04)23289100,(04)25368667
8535,2023,03,22,22,15,臺中市,沙鹿區,0,1,0,8,3,5,50,14,9,1,5,4,5,7,1,1,10,3,4,1,13,16,2,9,1,1,C03,7,9,1,10,2,11,"  ",16,16,1,22,8,C03,120.565106,24.241204,2,66000,387130000C,(04)23289100,(04)25368667
8536,2023,03,22,22,33,臺中市,清水區,0,0,0,8,,,30,,,,,,,,,,,,,,,23,"  ","  ","  ","  ",B12,"  ","  ",1,"  ",2,"  ","  ",23,"   ",1,21,"  ",B12,120.559433,24.261555,3,66000,387130000C,(04)23289100,(04)25368667
8537,2023,03,22,22,40,臺中市,北區,0,1,0,8,3,5,50,14,9,1,5,4,5,7,4,4,5,5,5,2,17,3,3,10,1,1,C03,7,15,1,10,2,12,"  ",3,3,1,22,9,C03,120.67863,24.15888,2,66000,387130000C,(04)23289100,(04)25368667
8538,2023,03,22,23,3,臺中市,西屯區,0,0,0,8,,,30,,,,,,,,,,,,,,,12,"  ","  ","  ","  ",B03,"  ","  ",1,"  ",2,"  ","  ",12,"   ",1,22,"  ",B03,120.6452,24.173593,3,66000,387130000C,(04)23289100,(04)25368667
8539,2023,03,22,23,6,臺中市,西屯區,0,1,0,8,3,5,50,14,9,1,5,4,5,7,4,4,5,4,5,2,12,23,2,9,1,1,C03,7,9,1,10,2,11,"  ",23,23,1,22,8,C03,120.655269,24.169116,2,66000,387130000C,(04)23289100,(04)25368667
8540,2023,03,22,23,8,臺中市,西屯區,0,2,0,8,1,5,50,3,9,1,5,4,5,7,4,4,5,4,5,2,16,23,3,10,3,4,B03,7,9,1,8,2,1,"  ",23,23,1,22,8,B03,120.612698,24.190158,2,66000,387130000C,(04)23289100,(04)25368667
8541,2023,03,22,23,10,臺中市,南區,0,0,0,8,,,50,,,,,,,,,,,,,,,23,"  ","  ","  ","  ",C03,"  ","  ",2,"  ",2,"  ","  ",23,"   ",1,5,"  ",C03,120.670127,24.119944,3,66000,387130000C,(04)23289100,(04)25368667
8542,2023,03,22,23,20,臺中市,霧峰區,0,0,0,8,,,50,,,,,,,,,,,,,,,23,"  ","  ","  ","  ",B03,"  ","  ",1,"  ",2,"  ","  ",23,"   ",1,22,"  ",B03,120.696736,24.069936,3,66000,387130000C,(04)23289100,(04)25368667
8543,2023,03,22,23,35,臺中市,石岡區,0,1,0,8,3,5,70,3,9,1,5,4,5,7,2,1,1,5,5,1,21,23,2,9,1,1,C03,7,9,2,18,2,11,"  ",23,23,1,22,1,C03,120.81647,24.260138,2,66000,387130000C,(04)23289100,(04)25368667
8544,2023,03,22,23,36,臺中市,大肚區,0,2,0,8,3,5,50,4,1,1,5,4,5,7,1,1,10,5,5,2,18,23,2,8,3,4,C03,7,9,1,10,2,12,"  ",23,23,1,22,9,C03,120.579073,24.168838,2,66000,387130000C,(04)23289100,(04)25368667
8545,2023,03,22,23,45,臺中市,大里區,0,0,0,8,3,5,50,3,1,1,5,4,5,7,3,1,5,4,4,1,17,23,2,8,1,1,C03,7,9,1,10,2,11,"  ",23,23,1,22,8,C03,120.677131,24.099228,3,66000,387130000C,(04)23289100,(04)25368667
8546,2023,03,22,23,52,臺中市,大里區,0,0,0,8,,,50,,,,,,,,,,,,,,,23,"  ","  ","  ","  ",B03,"  ","  ",1,"  ",2,"  ","  ",23,"   ",1,22,"  ",B03,120.68088,24.109618,3,66000,387130000C,(04)23289100,(04)25368667
8547,2023,03,22,23,53,臺中市,太平區,0,1,0,8,3,5,50,14,9,1,5,4,5,7,4,4,9,5,5,2,16,42,2,9,1,1,C03,7,9,1,10,2,11,"  ",42,42,1,22,8,C03,120.724944,24.105341,2,66000,387130000C,(04)23289100,(04)25368667
8548,2023,03,23,0,4,臺中市,南屯區,0,1,0,8,3,5,30,4,1,1,5,4,5,7,3,1,10,5,5,2,16,8,2,9,1,1,C03,7,5,1,10,2,14,"  ",8,8,1,22,8,C03,120.614791,24.14524,2,66000,387130000C,(04)23289100,(04)25368667
8549,2023,03,23,0,19,臺中市,西區,0,1,0,8,3,5,50,3,1,1,5,4,5,7,4,4,10,5,5,2,16,6,3,10,1,1,B03,7,5,1,8,2,1,"  ",6,6,1,21,8,B03,120.671971,24.147584,2,66000,387130000C,(04)23289100,(04)25368667
8550,2023,03,23,0,56,臺中市,太平區,0,0,0,8,,,80,,,,,,,,,,,,,,,43,"  ","  ","  ","  ",B03,"  ","  ",6,"  ",9,2,"  ",43,43,2,22,"  ",B03,120.717443,24.157191,3,66000,387130000C,(04)23289100,(04)25368667
8551,2023,03,23,2,8,臺中市,北區,0,0,0,8,,,50,,,,,,,,,,,,,,,43,"  ","  ","  ","  ",C03,"  ","  ",1,"  ",9,"  ","  ",43,"   ",1,22,"  ",C03,120.686508,24.14889,3,66000,387130000C,(04)23289100,(04)25368667
8552,2023,03,23,3,35,臺中市,西區,0,2,0,8,3,5,50,3,1,1,5,4,5,7,1,1,10,5,5,2,18,23,2,9,1,1,C03,7,6,1,10,1,12,"  ",23,23,1,21,8,C03,120.665757,24.140083,2,66000,387130000C,(04)23289100,(04)25368667
8553,2023,03,23,5,0,臺中市,西屯區,0,0,0,,,,50,,,,,,,,,,,,,,,16,"  ","  ","  ","  ",B03,"  ","  ",1,"  ",1,"  ","  ",16,"   ",1,22,"  ",B03,120.6562,24.199108,3,66000,387130000C,(04)23289100,(04)25368667
8554,2023,03,23,5,55,臺中市,豐原區,0,1,0,8,2,5,50,4,1,1,5,4,5,7,3,1,5,5,5,2,15,6,2,9,1,1,C03,7,9,4,11,2,12,"  ",6,6,1,22,8,C03,120.704922,24.244422,2,66000,387130000C,(04)23289100,(04)25368667
8555,2023,03,23,6,22,臺中市,西屯區,0,0,0,8,,,50,,,,,,,,,,,,,,,23,"  ","  ","  ","  ",A12,"  ","  ",1,"  ",2,"  ","  ",23,"   ",1,22,"  ",A12,120.597456,24.191733,3,66000,387130000C,(04)23289100,(04)25368667
8556,2023,03,23,6,25,臺中市,豐原區,0,0,0,8,,,50,,,,,,,,,,,,,,,16,"  ","  ","  ","  ",B03,"  ","  ",1,"  ",2,"  ","  ",16,"   ",1,22,"  ",B03,120.744535,24.264695,3,66000,387130000C,(04)23289100,(04)25368667
8557,2023,03,23,6,35,臺中市,清水區,0,2,0,8,1,5,60,4,1,1,5,4,5,7,2,1,1,4,4,1,16,25,2,9,1,1,C03,7,5,1,10,2,12,"  ",25,25,1,21,8,C03,120.552883,24.296113,2,66000,387130000C,(04)23289100,(04)25368667
8558,2023,03,23,6,47,臺中市,潭子區,0,2,0,8,1,5,50,3,1,1,5,4,5,7,4,4,5,4,4,2,16,26,2,8,1,1,C03,7,11,3,18,2,13,"  ",26,26,1,22,8,C03,120.692085,24.2222,2,66000,387130000C,(04)23289100,(04)25368667
8559,2023,03,23,6,50,臺中市,北屯區,0,0,0,8,,,,,,,,,,,,,,,,,,66,"  ","  ","  ","  ","   ","  ","  ","  ","  ","  ","  ","  ",66,"   ",1,"  ","  ","   ",120.65775,24.18588,3,66000,387130000C,(04)23289100,(04)25368667
8560,2023,03,23,6,50,臺中市,烏日區,0,1,0,8,1,5,30,3,1,1,5,4,5,7,4,4,5,4,5,1,11,5,3,10,1,1,B03,7,9,1,8,2,4,"  ",5,5,1,21,8,B03,120.65531,24.097117,2,66000,387130000C,(04)23289100,(04)25368667
8561,2023,03,23,7,1,臺中市,豐原區,0,0,0,,,,50,,,,,,,,,,,,,,,23,"  ","  ","  ","  ",B03,"  ","  ",1,"  ",2,"  ","  ",23,"   ",1,22,"  ",B03,120.729562,24.247015,3,66000,387130000C,(04)23289100,(04)25368667
8562,2023,03,23,7,4,臺中市,豐原區,0,1,0,8,1,5,50,14,7,1,5,4,5,7,4,4,4,5,4,2,12,42,2,9,1,1,F01,7,9,8,20,2,16,"  ",42,42,1,20,5,F01,120.725988,24.245927,2,66000,387130000C,(04)23289100,(04)25368667
8563,2023,03,23,7,10,臺中市,西屯區,0,0,0,8,,,50,,,,,,,,,,,,,,,42,"  ","  ","  ","  ",A41,"  ","  ",1,"  ",2,"  ","  ",42,"   ",1,22,"  ",A41,120.616468,24.188691,3,66000,387130000C,(04)23289100,(04)25368667
8564,2023,03,23,7,16,臺中市,神岡區,0,2,0,8,1,5,50,3,2,1,5,4,5,7,4,4,9,4,4,2,16,8,2,9,1,4,C03,7,5,1,10,2,12,"  ",8,8,1,22,9,C03,120.695359,24.234529,2,66000,387130000C,(04)23289100,(04)25368667
8565,2023,03,23,7,17,臺中市,沙鹿區,0,0,0,8,1,5,50,4,1,1,5,4,1,7,1,1,10,5,5,2,16,9,3,10,1,1,B03,7,6,1,8,2,2,"  ",9,9,1,4,1,B03,120.564856,24.240928,3,66000,387130000C,(04)23289100,(04)25368667
8566,2023,03,23,7,18,臺中市,南區,0,2,0,8,1,5,50,4,1,1,5,4,5,7,1,1,10,5,5,2,13,16,2,9,1,1,C03,7,9,1,10,2,11,"  ",16,16,1,9,8,C03,120.677324,24.130531,2,66000,387130000C,(04)23289100,(04)25368667
8567,2023,03,23,7,18,臺中市,西屯區,0,0,0,8,,,50,,,,,,,,,,,,,,,42,"  ","  ","  ","  ",B03,"  ","  ",1,"  ",1,"  ","  ",42,"   ",1,22,"  ",B03,120.618334,24.183686,3,66000,387130000C,(04)23289100,(04)25368667
8568,2023,03,23,7,19,臺中市,烏日區,0,2,0,8,1,5,50,14,8,1,5,4,5,7,4,4,5,4,4,2,17,40,3,10,1,1,B03,7,15,1,8,2,2,"  ",40,40,1,21,1,B03,120.644932,24.104075,2,66000,387130000C,(04)23289100,(04)25368667
8569,2023,03,23,7,19,臺中市,后里區,0,1,0,8,1,5,50,4,1,1,5,4,5,7,1,1,10,5,5,2,16,23,3,10,1,1,B03,7,9,1,8,2,5,"  ",23,23,1,4,8,B03,120.71219,24.308203,2,66000,387130000C,(04)23289100,(04)25368667
8570,2023,03,23,7,20,臺中市,潭子區,0,1,0,8,1,5,50,4,1,1,5,4,5,7,1,1,1,4,4,1,16,6,3,10,1,1,B03,7,5,1,8,2,8,"  ",6,6,1,22,9,B03,120.705713,24.218022,2,66000,387130000C,(04)23289100,(04)25368667
8571,2023,03,23,7,20,臺中市,后里區,0,2,0,8,1,5,50,3,7,1,5,4,5,7,1,1,1,4,4,1,13,16,2,9,1,1,C03,7,9,1,10,7,11,"  ",16,16,1,21,8,C03,120.722036,24.305213,2,66000,387130000C,(04)23289100,(04)25368667
8572,2023,03,23,7,22,臺中市,西屯區,0,0,0,8,,,50,,,,,,,,,,,,,,,23,"  ","  ","  ","  ",B03,"  ","  ",1,"  ",1,"  ","  ",23,"   ",1,12,"  ",B03,120.61487,24.186395,3,66000,387130000C,(04)23289100,(04)25368667
8573,2023,03,23,7,23,臺中市,大肚區,0,0,0,,,,40,,,,,,,,,,,,,,,16,"  ","  ","  ","  ",B03,"  ","  ",1,"  ",2,"  ","  ",16,"   ",1,3,"  ",B03,120.582413,24.172635,3,66000,387130000C,(04)23289100,(04)25368667
8574,2023,03,23,7,25,臺中市,北區,0,1,0,8,1,5,50,4,1,1,5,4,5,7,1,1,10,5,5,2,13,25,3,10,1,1,B03,7,6,1,8,2,5,"  ",25,25,1,22,8,B03,120.675722,24.159187,2,66000,387130000C,(04)23289100,(04)25368667
8575,2023,03,23,7,25,臺中市,南區,0,2,0,8,1,5,50,3,1,1,5,4,5,7,1,1,10,5,5,2,16,6,3,10,1,1,C03,7,6,1,10,2,12,"  ",6,6,1,5,8,C03,120.66595,24.127065,2,66000,387130000C,(04)23289100,(04)25368667
8576,2023,03,23,7,25,臺中市,大里區,0,1,0,8,1,5,50,14,8,1,5,4,5,7,4,4,5,2,5,1,13,16,2,9,1,1,C03,7,9,1,10,2,11,"  ",16,16,1,5,8,C03,120.696437,24.111365,2,66000,387130000C,(04)23289100,(04)25368667
8577,2023,03,23,7,25,臺中市,太平區,0,1,0,8,1,5,50,4,1,1,5,4,5,7,1,1,10,5,5,2,16,6,3,10,3,4,C03,7,5,1,10,2,12,"  ",6,6,1,9,8,C03,120.736119,24.133188,2,66000,387130000C,(04)23289100,(04)25368667
8578,2023,03,23,7,30,臺中市,龍井區,0,0,0,8,,,70,,,,,,,,,,,,,,,23,"  ","  ","  ","  ",B03,"  ","  ",1,"  ",2,"  ","  ",23,"   ",1,9,"  ",B03,120.506658,24.212256,4,66000,387130000C,(04)23289100,(04)25368667
8579,2023,03,23,7,31,臺中市,神岡區,0,1,0,8,1,5,50,14,9,1,5,4,5,7,4,4,9,5,5,1,27,23,2,9,1,1,C03,7,9,1,10,2,11,"  ",23,23,1,22,8,C03,120.683841,24.259258,2,66000,387130000C,(04)23289100,(04)25368667
8580,2023,03,23,7,37,臺中市,東勢區,0,1,0,8,1,5,30,11,9,1,5,4,5,7,4,4,10,5,5,2,11,5,3,10,1,1,B03,7,9,1,8,2,8,"  ",5,5,1,22,9,B03,120.833365,24.234605,2,66000,387130000C,(04)23289100,(04)25368667
8581,2023,03,23,7,40,臺中市,大雅區,0,0,0,8,,,50,,,,,,,,,,,,,,,23,"  ","  ","  ","  ",C03,"  ","  ",1,"  ",2,"  ","  ",23,"   ",1,22,"  ",C03,120.66831,24.215098,3,66000,387130000C,(04)23289100,(04)25368667
8582,2023,03,23,7,40,臺中市,潭子區,0,2,0,8,1,5,50,14,9,1,5,4,5,7,4,4,4,4,5,1,11,26,2,9,1,1,C03,7,9,3,18,2,12,"  ",26,26,1,22,8,C03,120.724015,24.220242,2,66000,387130000C,(04)23289100,(04)25368667
8583,2023,03,23,7,40,臺中市,西屯區,0,1,0,8,1,5,50,14,9,1,5,4,5,7,4,4,5,5,5,2,16,42,2,8,3,4,C03,7,11,1,10,2,15,"  ",42,42,1,22,8,C03,120.639641,24.179715,2,66000,387130000C,(04)23289100,(04)25368667