序號,年,月,日,時,分,縣市,區,死亡數量,受傷數量,2-30,天候,光線,道路類別,速限_速度(公里),道路型態,事故位置,路面鋪裝,路面狀態,路面缺陷,障礙物,視距,號誌種類,號誌動作,分向設施,快車道或一般車道間,快慢車道間,路面邊線,事故類型及型態,主要肇因,受傷程度,主要傷處,保護裝備,行動電話,當事者區分,車輛用途,當事者行動狀態,駕駛資格情形,駕駛執照種類,飲酒情形,車輛撞擊部位最初,車輛撞擊部位其他,肇事因素個別,肇事因素主要,肇事逃逸,職業,旅次目的,車種,GPS座標X,GPS座標Y,事故類別,縣市別代碼,機關代碼,市話,傳真
8584,2023,03,23,7,42,臺中市,北屯區,0,2,0,8,1,5,50,3,1,1,5,4,5,7,4,4,10,5,5,2,16,6,2,9,1,1,C03,7,5,1,10,2,12,11,6,6,1,5,8,C03,120.685031,24.196137,2,66000,387130000C,(04)23289100,(04)25368667
8585,2023,03,23,7,46,臺中市,南屯區,0,1,0,8,1,5,50,4,1,1,5,4,5,7,1,1,10,5,5,2,16,6,3,10,3,4,B03,7,5,1,8,2,2,"  ",6,6,1,12,8,B03,120.653005,24.135752,2,66000,387130000C,(04)23289100,(04)25368667
8586,2023,03,23,7,46,臺中市,西屯區,0,0,0,8,,,50,,,,,,,,,,,,,,,23,"  ","  ","  ","  ",B03,"  ","  ",1,"  ",1,"  ","  ",23,"   ",1,22,"  ",B03,120.625972,24.172847,3,66000,387130000C,(04)23289100,(04)25368667
8587,2023,03,23,7,47,臺中市,南區,0,2,0,8,1,5,50,4,1,1,5,4,5,7,4,4,10,5,5,2,3,23,2,9,1,1,C03,7,9,1,10,2,11,"  ",23,23,1,5,8,C03,120.668444,24.113892,2,66000,387130000C,(04)23289100,(04)25368667
8588,2023,03,23,7,47,臺中市,南屯區,0,1,0,8,1,5,50,14,9,1,5,4,5,7,4,4,1,4,5,2,13,16,2,9,1,1,C03,7,9,1,10,2,11,"  ",16,16,1,22,8,C03,120.646265,24.136535,2,66000,387130000C,(04)23289100,(04)25368667
8589,2023,03,23,7,49,臺中市,東區,0,0,0,8,,,50,,,,,,,,,,,,,,,23,"  ","  ","  ","  ",B02,"  ","  ",1,"  ",2,"  ","  ",23,"   ",1,5,"  ",B02,120.702184,24.138882,3,66000,387130000C,(04)23289100,(04)25368667
8590,2023,03,23,7,49,臺中市,西屯區,0,1,0,8,1,5,50,14,9,1,5,4,5,7,4,4,1,4,5,2,17,43,2,9,3,4,C03,7,9,1,10,2,14,"  ",43,43,1,22,8,C03,120.65108,24.165409,2,66000,387130000C,(04)23289100,(04)25368667
8591,2023,03,23,7,49,臺中市,西屯區,0,1,0,8,2,5,40,14,12,1,5,4,5,7,4,4,5,4,4,2,13,16,2,9,1,1,C03,7,9,1,10,2,11,"  ",16,16,1,22,8,C03,120.612848,24.171477,2,66000,387130000C,(04)23289100,(04)25368667
8592,2023,03,23,7,50,臺中市,潭子區,0,1,0,8,1,5,60,4,1,1,5,4,5,7,1,1,1,4,4,1,12,17,3,10,1,1,B03,7,9,1,8,2,5,"  ",17,17,1,22,9,B03,120.705022,24.207144,2,66000,387130000C,(04)23289100,(04)25368667
8593,2023,03,23,7,50,臺中市,北屯區,0,0,0,8,,,50,,,,,,,,,,,,,,,10,"  ","  ","  ","  ",B12,"  ","  ",1,"  ",2,"  ","  ",10,"   ",1,5,"  ",B12,120.723318,24.168538,3,66000,387130000C,(04)23289100,(04)25368667
8594,2023,03,23,7,52,臺中市,北區,0,0,0,,,,50,,,,,,,,,,,,,,,6,"  ","  ","  ","  ",B12,"  ","  ",1,"  ",2,"  ","  ",6,"   ",1,21,"  ",B12,120.689911,24.155472,3,66000,387130000C,(04)23289100,(04)25368667
8595,2023,03,23,7,52,臺中市,豐原區,0,2,0,8,1,5,50,4,1,1,5,4,5,7,1,1,10,5,5,2,17,44,2,9,1,1,C03,7,5,1,10,2,11,"  ",44,44,1,22,8,C03,120.70612,24.250038,2,66000,387130000C,(04)23289100,(04)25368667
8596,2023,03,23,7,55,臺中市,北區,0,1,0,8,1,5,50,5,1,1,5,4,5,7,1,1,5,4,5,2,18,42,2,9,1,1,F02,7,9,8,20,2,16,"  ",42,42,1,22,8,F02,120.686005,24.154833,2,66000,387130000C,(04)23289100,(04)25368667
8597,2023,03,23,7,56,臺中市,豐原區,0,0,0,,,,50,,,,,,,,,,,,,,,23,"  ","  ","  ","  ",B03,"  ","  ",1,"  ",2,"  ","  ",23,"   ",1,22,"  ",B03,120.732867,24.246644,3,66000,387130000C,(04)23289100,(04)25368667
8598,2023,03,23,7,58,臺中市,大肚區,0,1,0,8,1,5,50,3,1,1,5,4,5,7,3,1,10,5,5,2,16,26,3,10,1,1,B03,7,11,1,8,2,4,"  ",26,26,1,19,8,B03,120.538171,24.160304,2,66000,387130000C,(04)23289100,(04)25368667
8599,2023,03,23,7,58,臺中市,大甲區,0,1,0,8,1,5,70,4,1,1,5,4,5,7,1,1,10,5,5,2,12,9,3,10,1,1,B03,7,6,1,8,2,6,"  ",9,9,1,4,8,B03,120.648582,24.376594,2,66000,387130000C,(04)23289100,(04)25368667
8600,2023,03,23,8,0,臺中市,大雅區,0,0,0,8,,,30,,,,,,,,,,,,,,,19,"  ","  ","  ","  ",B03,"  ","  ",1,"  ",2,"  ","  ",19,"   ",1,22,"  ",B03,120.656004,24.227924,3,66000,387130000C,(04)23289100,(04)25368667
8601,2023,03,23,8,0,臺中市,北屯區,0,0,0,8,,,50,,,,,,,,,,,,,,,67,"  ","  ","  ","  ",C03,"  ","  ",1,"  ",1,"  ","  ",44,67,1,22,"  ",C03,120.714104,24.173428,3,66000,387130000C,(04)23289100,(04)25368667
8602,2023,03,23,8,0,臺中市,霧峰區,0,2,0,8,1,5,50,3,9,1,5,4,5,6,1,1,5,4,4,1,16,23,2,7,3,4,C03,7,4,1,10,2,11,"  ",23,23,1,18,8,C03,120.710206,24.074337,2,66000,387130000C,(04)23289100,(04)25368667
8603,2023,03,23,8,2,臺中市,西屯區,0,1,0,8,1,5,50,3,1,1,5,4,5,7,1,1,10,5,5,2,12,44,2,8,1,1,C03,7,6,1,10,2,12,"  ",44,44,1,22,8,C03,120.665962,24.178177,2,66000,387130000C,(04)23289100,(04)25368667
8604,2023,03,23,8,5,臺中市,南屯區,0,0,0,8,,,50,,,,,,,,,,,,,,,23,"  ","  ","  ","  ",B03,"  ","  ",1,"  ",1,"  ","  ",23,"   ",1,22,"  ",B03,120.595309,24.156594,3,66000,387130000C,(04)23289100,(04)25368667
8605,2023,03,23,8,5,臺中市,太平區,0,0,0,8,,,50,,,,,,,,,,,,,,,19,"  ","  ","  ","  ",B03,"  ","  ",1,"  ",2,"  ","  ",19,"   ",1,22,"  ",B03,120.720239,24.155701,3,66000,387130000C,(04)23289100,(04)25368667
8606,2023,03,23,8,8,臺中市,南屯區,0,2,0,8,1,5,50,14,9,1,5,4,5,7,4,4,10,5,5,2,13,23,2,9,3,4,C03,7,9,1,10,2,11,"  ",23,23,1,12,8,C03,120.620761,24.145181,2,66000,387130000C,(04)23289100,(04)25368667
8607,2023,03,23,8,8,臺中市,豐原區,0,1,0,8,1,5,50,14,7,1,5,4,5,7,4,4,4,4,4,2,17,19,2,9,1,1,C03,7,1,1,10,2,14,"  ",19,19,1,4,3,C03,120.718855,24.249116,2,66000,387130000C,(04)23289100,(04)25368667
8608,2023,03,23,8,10,臺中市,潭子區,0,1,0,8,1,5,50,3,1,1,5,4,5,7,4,4,10,5,5,2,16,6,3,10,1,1,C03,7,5,1,10,2,12,"  ",6,6,1,21,8,C03,120.691494,24.216907,2,66000,387130000C,(04)23289100,(04)25368667
8609,2023,03,23,8,12,臺中市,北區,0,0,0,8,,,50,,,,,,,,,,,,,,,16,"  ","  ","  ","  ",C03,"  ","  ",1,"  ",1,"  ","  ",16,"   ",1,22,"  ",C03,120.686799,24.155315,3,66000,387130000C,(04)23289100,(04)25368667
8610,2023,03,23,8,15,臺中市,潭子區,0,1,0,8,1,5,50,5,2,1,5,4,5,7,1,1,5,4,5,1,16,1,3,10,1,1,C03,7,4,1,10,2,14,"  ",1,1,1,22,9,C03,120.712728,24.216644,2,66000,387130000C,(04)23289100,(04)25368667
8611,2023,03,23,8,15,臺中市,龍井區,0,1,0,8,1,5,30,3,1,1,5,4,5,7,4,4,10,5,5,2,16,6,2,9,1,1,C03,7,9,1,10,2,12,"  ",23,6,1,3,1,C03,120.596225,24.189476,2,66000,387130000C,(04)23289100,(04)25368667
8612,2023,03,23,8,15,臺中市,清水區,0,0,0,8,,,50,,,,,,,,,,,,,,,7,"  ","  ","  ","  ",B03,"  ","  ",1,"  ",1,"  ","  ",7,7,1,19,"  ",B03,120.570788,24.275831,3,66000,387130000C,(04)23289100,(04)25368667
8613,2023,03,23,8,19,臺中市,北屯區,0,0,0,8,,,,,,,,,,,,,,,,,,43,"  ","  ","  ","  ","   ","  ","  ","  ","  ","  ","  ","  ",43,43,1,"  ","  ","   ",120.692136,24.171755,3,66000,387130000C,(04)23289100,(04)25368667
8614,2023,03,23,8,20,臺中市,東區,0,0,0,8,,,50,,,,,,,,,,,,,,,23,"  ","  ","  ","  ",B03,"  ","  ",1,"  ",9,"  ","  ",23,"   ",1,9,"  ",B03,120.704111,24.135608,3,66000,387130000C,(04)23289100,(04)25368667
8615,2023,03,23,8,21,臺中市,西區,0,0,0,8,,,50,,,,,,,,,,,,,,,8,"  ","  ","  ","  ",C03,"  ","  ",1,"  ",1,"  ","  ",8,"   ",1,22,"  ",C03,120.658859,24.152542,3,66000,387130000C,(04)23289100,(04)25368667
8616,2023,03,23,8,22,臺中市,大里區,0,0,0,8,,,50,,,,,,,,,,,,,,,23,"  ","  ","  ","  ",C03,"  ","  ",1,"  ",2,"  ","  ",23,"   ",1,22,"  ",C03,120.692257,24.09156,3,66000,387130000C,(04)23289100,(04)25368667
8617,2023,03,23,8,22,臺中市,太平區,0,1,0,8,1,5,50,14,9,1,5,4,5,7,4,4,9,5,5,2,17,19,3,10,3,4,B03,7,1,1,8,2,4,"  ",19,19,1,4,8,B03,120.709329,24.158083,2,66000,387130000C,(04)23289100,(04)25368667
8618,2023,03,23,8,23,臺中市,大里區,0,1,0,8,1,5,50,3,2,1,5,4,5,7,1,1,5,4,5,1,13,23,2,9,1,1,C03,7,9,4,7,2,11,"  ",23,23,1,22,8,C03,120.687191,24.120881,2,66000,387130000C,(04)23289100,(04)25368667
8619,2023,03,23,8,25,臺中市,潭子區,0,1,0,8,1,5,60,14,9,1,5,4,5,7,4,4,1,5,5,2,17,7,3,10,1,1,C03,7,7,1,10,2,13,"  ",7,7,1,9,8,C03,120.70342,24.199829,2,66000,387130000C,(04)23289100,(04)25368667
8620,2023,03,23,8,25,臺中市,西屯區,0,1,0,8,1,5,50,3,1,1,5,4,5,7,2,1,10,5,5,2,13,16,2,8,1,1,C03,7,9,1,10,1,12,"  ",16,16,1,22,8,C03,120.602865,24.182974,2,66000,387130000C,(04)23289100,(04)25368667
8621,2023,03,23,8,28,臺中市,西區,0,1,0,8,1,5,50,4,1,1,5,4,5,7,2,1,10,5,5,2,17,23,2,8,1,1,B03,7,9,1,8,2,1,"  ",23,23,1,22,8,B03,120.663916,24.157689,2,66000,387130000C,(04)23289100,(04)25368667
8622,2023,03,23,8,30,臺中市,西屯區,0,0,0,8,,,50,,,,,,,,,,,,,,,23,"  ","  ","  ","  ",B03,"  ","  ",1,"  ",1,"  ","  ",23,"   ",1,11,"  ",B03,120.656938,24.201053,3,66000,387130000C,(04)23289100,(04)25368667
8623,2023,03,23,8,32,臺中市,南屯區,0,1,0,8,1,5,50,4,1,1,5,4,5,7,1,1,10,5,5,2,17,8,2,9,1,1,C03,7,5,1,10,2,14,12,8,8,1,22,8,C03,120.635034,24.146362,2,66000,387130000C,(04)23289100,(04)25368667
8624,2023,03,23,8,36,臺中市,大肚區,0,0,0,,,,30,,,,,,,,,,,,,,,23,"  ","  ","  ","  ",B03,"  ","  ",1,"  ",2,"  ","  ",23,"   ",1,5,"  ",B03,120.573795,24.163664,3,66000,387130000C,(04)23289100,(04)25368667
8625,2023,03,23,8,39,臺中市,豐原區,0,2,0,8,1,5,40,4,1,1,5,4,5,7,4,4,10,5,5,2,17,14,2,9,1,1,C03,7,9,1,10,2,11,"  ",14,14,1,22,8,C03,120.715426,24.242963,2,66000,387130000C,(04)23289100,(04)25368667
8626,2023,03,23,8,40,臺中市,西屯區,0,0,0,8,,,0,,,,,,,,,,,,,,,23,"  ","  ","  ","  ",C03,"  ","  ",1,"  ",1,"  ","  ",23,"   ",1,22,"  ",C03,120.639756,24.179568,3,66000,387130000C,(04)23289100,(04)25368667
8627,2023,03,23,8,43,臺中市,大甲區,0,1,0,8,1,5,70,3,1,1,5,4,5,7,1,1,10,5,5,2,23,42,2,9,1,1,B03,7,9,1,8,2,1,"  ",42,42,1,4,8,B03,120.641583,24.404479,2,66000,387130000C,(04)23289100,(04)25368667
8628,2023,03,23,8,49,臺中市,烏日區,0,1,0,8,1,5,50,4,1,1,5,4,5,7,1,1,9,5,5,1,16,23,2,9,1,1,C03,7,9,1,10,2,11,"  ",23,23,1,22,8,C03,120.64545,24.057853,2,66000,387130000C,(04)23289100,(04)25368667
8629,2023,03,23,8,50,臺中市,大雅區,0,1,0,8,1,5,50,14,9,1,5,4,5,7,4,4,10,5,5,1,12,23,3,10,1,1,B03,7,9,1,8,2,5,"  ",23,23,1,21,8,B03,120.66884,24.21421,2,66000,387130000C,(04)23289100,(04)25368667
8630,2023,03,23,8,55,臺中市,大雅區,0,0,0,8,,,50,,,,,,,,,,,,,,,19,"  ","  ","  ","  ",B12,"  ","  ",1,"  ",2,"  ","  ",19,"   ",1,22,"  ",B12,120.66436,24.218242,3,66000,387130000C,(04)23289100,(04)25368667
8631,2023,03,23,8,56,臺中市,西屯區,0,0,0,8,,,50,,,,,,,,,,,,,,,6,"  ","  ","  ","  ",B03,"  ","  ",1,"  ",2,"  ","  ",6,6,1,22,"  ",B03,120.651771,24.166163,3,66000,387130000C,(04)23289100,(04)25368667
8632,2023,03,23,9,0,臺中市,北區,0,0,0,,,,50,,,,,,,,,,,,,,,23,"  ","  ","  ","  ",B03,"  ","  ",1,"  ",1,"  ","  ",23,"   ",1,21,"  ",B03,120.675171,24.163082,3,66000,387130000C,(04)23289100,(04)25368667
8633,2023,03,23,9,0,臺中市,西屯區,0,1,0,8,1,5,60,3,1,1,5,4,5,7,1,1,10,5,5,2,16,26,3,10,1,1,B03,7,6,1,8,2,6,"  ",26,26,1,22,8,B03,120.632171,24.162039,2,66000,387130000C,(04)23289100,(04)25368667
8634,2023,03,23,9,1,臺中市,北屯區,0,0,0,,,,60,,,,,,,,,,,,,,,16,"  ","  ","  ","  ",B03,"  ","  ",1,"  ",1,"  ","  ",16,"   ",1,22,"  ",B03,120.719523,24.163105,3,66000,387130000C,(04)23289100,(04)25368667
8635,2023,03,23,9,3,臺中市,龍井區,0,2,0,8,1,5,50,14,13,1,5,4,5,7,4,4,9,5,5,1,9,23,2,9,3,4,C03,7,9,1,10,2,11,"  ",23,23,1,20,9,C03,120.545518,24.188981,2,66000,387130000C,(04)23289100,(04)25368667
8636,2023,03,23,9,7,臺中市,西屯區,0,1,0,8,1,5,50,14,9,1,5,4,5,7,4,4,9,4,5,2,12,10,3,10,1,1,B03,7,11,1,8,2,4,"  ",10,10,1,22,8,B03,120.627392,24.201213,2,66000,387130000C,(04)23289100,(04)25368667
8637,2023,03,23,9,11,臺中市,西區,0,0,0,8,,,50,,,,,,,,,,,,,,,7,"  ","  ","  ","  ",B03,"  ","  ",1,"  ",1,"  ","  ",7,"   ",1,22,"  ",B03,120.665743,24.136176,3,66000,387130000C,(04)23289100,(04)25368667
8638,2023,03,23,9,12,臺中市,龍井區,0,1,0,8,1,5,50,3,1,1,5,4,5,7,1,1,10,5,5,2,16,6,3,10,3,4,B03,7,5,1,8,2,2,"  ",6,6,1,20,6,B03,120.54604,24.192566,2,66000,387130000C,(04)23289100,(04)25368667
8639,2023,03,23,9,13,臺中市,西區,0,1,0,8,1,5,50,4,1,1,5,4,5,7,1,1,10,5,5,2,17,42,3,10,3,4,C03,7,9,1,10,2,12,"  ",42,42,1,21,8,C03,120.657356,24.145022,2,66000,387130000C,(04)23289100,(04)25368667
8640,2023,03,23,9,14,臺中市,北屯區,0,1,0,8,1,5,50,4,1,1,5,4,5,7,1,1,10,5,5,2,12,23,3,10,1,1,B03,7,9,1,8,2,2,"  ",23,23,1,5,8,B03,120.694175,24.166584,2,66000,387130000C,(04)23289100,(04)25368667
8641,2023,03,23,9,17,臺中市,豐原區,0,0,0,,,,50,,,,,,,,,,,,,,,12,"  ","  ","  ","  ",B03,"  ","  ",1,"  ",2,"  ","  ",12,"   ",1,22,"  ",B03,120.734691,24.246793,3,66000,387130000C,(04)23289100,(04)25368667
8642,2023,03,23,9,20,臺中市,西屯區,0,1,0,8,1,5,40,4,1,1,5,4,5,7,4,4,9,4,4,2,12,6,3,10,1,1,B03,7,6,1,8,2,2,"  ",6,6,1,12,8,B03,120.638293,24.169408,2,66000,387130000C,(04)23289100,(04)25368667
8643,2023,03,23,9,20,臺中市,大里區,0,0,0,8,,,50,,,,,,,,,,,,,,,23,"  ","  ","  ","  ",B03,"  ","  ",1,"  ",2,"  ","  ",23,"   ",1,5,"  ",B03,120.688313,24.102595,3,66000,387130000C,(04)23289100,(04)25368667
8644,2023,03,23,9,29,臺中市,北區,0,0,0,,,,50,,,,,,,,,,,,,,,6,"  ","  ","  ","  ",B01,"  ","  ",1,"  ",2,"  ","  ",6,"   ",1,22,"  ",B01,120.686363,24.154869,3,66000,387130000C,(04)23289100,(04)25368667
8645,2023,03,23,9,30,臺中市,東區,0,1,0,8,1,5,50,14,9,1,5,4,5,7,4,4,9,5,5,2,16,7,3,10,1,1,B03,7,8,1,8,2,5,"  ",7,7,1,5,8,B03,120.701618,24.140698,2,66000,387130000C,(04)23289100,(04)25368667
8646,2023,03,23,9,30,臺中市,西屯區,0,1,0,8,1,5,50,3,1,1,5,4,5,7,4,4,5,5,4,2,17,10,3,10,3,4,C03,7,11,1,10,2,15,"  ",10,10,1,22,8,C03,120.654158,24.199141,2,66000,387130000C,(04)23289100,(04)25368667
8647,2023,03,23,9,33,臺中市,豐原區,0,2,0,8,1,5,50,14,9,1,5,4,5,7,4,4,1,3,5,1,17,23,2,7,1,1,B03,7,1,3,18,2,1,"  ",23,23,1,20,5,B03,120.730666,24.247477,2,66000,387130000C,(04)23289100,(04)25368667
8648,2023,03,23,9,34,臺中市,北屯區,0,0,0,8,,,50,,,,,,,,,,,,,,,27,"  ","  ","  ","  ",B03,"  ","  ",1,"  ",1,"  ","  ",27,"   ",1,22,"  ",B03,120.722503,24.175016,3,66000,387130000C,(04)23289100,(04)25368667
8649,2023,03,23,9,35,臺中市,大雅區,0,0,0,8,,,30,,,,,,,,,,,,,,,23,"  ","  ","  ","  ",A11,"  ","  ",1,"  ",2,"  ","  ",23,"   ",1,22,"  ",A11,120.6741,24.227415,3,66000,387130000C,(04)23289100,(04)25368667
8650,2023,03,23,9,35,臺中市,龍井區,0,2,0,8,1,5,30,14,9,1,5,4,5,7,4,4,10,5,5,2,10,23,2,9,3,4,C03,7,9,1,10,2,11,"  ",23,23,1,9,9,C03,120.546091,24.192775,2,66000,387130000C,(04)23289100,(04)25368667
8651,2023,03,23,9,38,臺中市,北區,0,2,0,8,1,5,50,4,1,1,5,4,5,7,4,4,5,5,5,2,17,6,2,9,1,1,C03,7,5,1,9,2,14,"  ",6,6,1,22,8,C03,120.681641,24.152124,2,66000,387130000C,(04)23289100,(04)25368667
8652,2023,03,23,9,40,臺中市,大雅區,0,0,0,8,,,30,,,,,,,,,,,,,,,23,"  ","  ","  ","  ",A11,"  ","  ",1,"  ",2,"  ","  ",23,"   ",1,21,"  ",A11,120.652409,24.242521,3,66000,387130000C,(04)23289100,(04)25368667
8653,2023,03,23,9,40,臺中市,南屯區,0,1,0,8,1,5,50,14,7,1,5,4,5,7,4,4,5,4,4,2,16,26,3,10,1,1,B03,7,5,1,8,2,3,"  ",26,26,1,22,9,B03,120.631431,24.152097,2,66000,387130000C,(04)23289100,(04)25368667
8654,2023,03,23,9,41,臺中市,北屯區,0,2,0,8,1,5,50,4,1,1,5,4,5,7,1,1,10,5,5,2,16,6,2,9,1,1,C03,7,5,4,8,2,11,12,6,6,1,22,8,C03,120.72869,24.171501,2,66000,387130000C,(04)23289100,(04)25368667
8655,2023,03,23,9,42,臺中市,北屯區,0,0,0,8,,,60,,,,,,,,,,,,,,,26,"  ","  ","  ","  ",B03,"  ","  ",1,"  ",1,"  ","  ",26,"   ",1,22,"  ",B03,120.719086,24.163186,3,66000,387130000C,(04)23289100,(04)25368667
8656,2023,03,23,9,42,臺中市,沙鹿區,0,0,0,8,1,5,40,14,8,1,5,4,5,7,4,4,9,5,4,2,17,42,2,9,1,1,C03,7,9,1,10,2,11,"  ",42,42,1,19,8,C03,120.572474,24.215925,3,66000,387130000C,(04)23289100,(04)25368667
8657,2023,03,23,9,50,臺中市,大雅區,0,0,0,8,,,30,,,,,,,,,,,,,,,12,"  ","  ","  ","  ",B12,"  ","  ",1,"  ",2,"  ","  ",12,12,1,22,"  ",B12,120.640684,24.211276,3,66000,387130000C,(04)23289100,(04)25368667
8658,2023,03,23,9,52,臺中市,西屯區,0,1,0,8,1,5,50,3,1,1,5,4,5,7,4,4,10,5,5,2,16,6,3,10,1,1,B03,7,6,1,8,2,2,"  ",6,6,1,22,8,B03,120.651828,24.19771,2,66000,387130000C,(04)23289100,(04)25368667
8659,2023,03,23,9,53,臺中市,西屯區,0,0,0,8,,,50,,,,,,,,,,,,,,,16,"  ","  ","  ","  ",C03,"  ","  ",1,"  ",1,"  ","  ",16,"   ",1,22,"  ",C03,120.657696,24.167913,3,66000,387130000C,(04)23289100,(04)25368667
8660,2023,03,23,9,55,臺中市,南區,0,1,0,8,1,5,50,3,1,1,5,4,5,7,1,1,10,5,5,2,17,26,2,9,1,1,C03,7,5,1,10,11,13,"  ",26,26,1,22,8,C03,120.66595,24.127065,2,66000,387130000C,(04)23289100,(04)25368667
8661,2023,03,23,9,57,臺中市,南區,0,1,0,8,1,5,50,3,1,1,5,4,5,7,4,4,3,4,5,2,18,23,2,8,1,1,C03,7,9,1,10,2,12,"  ",23,23,1,22,8,C03,120.679104,24.118929,2,66000,387130000C,(04)23289100,(04)25368667
8662,2023,03,23,10,1,臺中市,西屯區,0,1,0,8,1,5,40,15,20,1,5,4,5,7,4,4,10,5,5,2,9,19,3,10,1,1,B03,7,1,1,8,1,1,"  ",19,19,1,4,8,B03,120.594088,24.184949,2,66000,387130000C,(04)23289100,(04)25368667
8663,2023,03,23,10,5,臺中市,南屯區,0,0,0,8,,,50,,,,,,,,,,,,,,,23,"  ","  ","  ","  ",B03,"  ","  ",1,"  ",2,"  ","  ",23,"   ",1,22,"  ",B03,120.61219,24.140224,3,66000,387130000C,(04)23289100,(04)25368667
8664,2023,03,23,10,7,臺中市,西屯區,0,2,0,8,1,5,30,14,9,1,5,4,5,7,4,4,10,5,5,2,12,19,3,10,1,1,C03,7,1,1,10,2,11,"  ",19,43,1,22,8,C03,120.647502,24.18201,2,66000,387130000C,(04)23289100,(04)25368667
8665,2023,03,23,10,8,臺中市,西屯區,0,1,0,8,1,5,40,3,1,1,5,4,5,7,4,4,1,4,3,2,17,14,2,9,1,1,C03,7,9,1,10,2,11,"  ",14,14,1,22,8,C03,120.611176,24.184736,2,66000,387130000C,(04)23289100,(04)25368667
8666,2023,03,23,10,8,臺中市,霧峰區,0,1,0,8,1,5,40,14,7,1,5,4,5,7,4,4,5,4,4,1,17,19,3,10,3,4,B03,7,1,1,8,2,8,"  ",19,19,1,21,5,B03,120.698626,24.062779,2,66000,387130000C,(04)23289100,(04)25368667
8667,2023,03,23,10,9,臺中市,烏日區,0,0,0,8,,,30,,,,,,,,,,,,,,,17,"  ","  ","  ","  ",A12,"  ","  ",1,"  ",2,"  ","  ",17,"   ",1,10,"  ",A12,120.63922,24.107762,3,66000,387130000C,(04)23289100,(04)25368667
8668,2023,03,23,10,15,臺中市,大里區,0,0,0,8,,,50,,,,,,,,,,,,,,,23,"  ","  ","  ","  ",C03,"  ","  ",1,"  ",2,"  ","  ",23,"   ",1,22,"  ",C03,120.689731,24.115266,3,66000,387130000C,(04)23289100,(04)25368667
8669,2023,03,23,10,16,臺中市,神岡區,0,2,0,8,1,5,60,4,1,1,5,4,5,7,1,1,1,4,4,2,16,25,2,7,1,4,C03,7,9,2,18,2,14,"  ",25,25,1,22,9,C03,120.680369,24.244621,2,66000,387130000C,(04)23289100,(04)25368667
8670,2023,03,23,10,20,臺中市,北屯區,0,2,0,8,1,5,50,14,9,1,5,4,5,7,2,1,5,2,5,2,13,23,2,9,1,1,C03,7,9,1,10,2,11,14,23,23,1,5,8,C03,120.718865,24.174066,2,66000,387130000C,(04)23289100,(04)25368667
8671,2023,03,23,10,20,臺中市,大甲區,0,0,0,,,,50,,,,,,,,,,,,,,,23,"  ","  ","  ","  ",B12,"  ","  ",1,"  ",1,"  ","  ",23,23,1,22,"  ",B12,120.666982,24.373774,3,66000,387130000C,(04)23289100,(04)25368667
8672,2023,03,23,10,23,臺中市,北區,0,2,0,8,1,5,40,3,8,1,5,4,5,7,1,1,1,4,4,2,13,16,2,9,1,1,C03,7,9,1,10,2,11,"  ",16,16,1,22,8,C03,120.672887,24.168735,2,66000,387130000C,(04)23289100,(04)25368667
8673,2023,03,23,10,30,臺中市,霧峰區,0,0,0,8,,,40,,,,,,,,,,,,,,,23,"  ","  ","  ","  ",B12,"  ","  ",1,"  ",2,"  ","  ",23,"   ",1,21,"  ",B12,120.678028,24.073679,3,66000,387130000C,(04)23289100,(04)25368667
8674,2023,03,23,10,31,臺中市,北區,0,0,0,8,,,30,,,,,,,,,,,,,,,23,"  ","  ","  ","  ",B03,"  ","  ",1,"  ",1,"  ","  ",23,"   ",1,22,"  ",B03,120.677436,24.170663,3,66000,387130000C,(04)23289100,(04)25368667
8675,2023,03,23,10,35,臺中市,北屯區,0,0,0,8,,,50,,,,,,,,,,,,,,,23,"  ","  ","  ","  ",B12,"  ","  ",1,"  ",2,"  ","  ",23,"   ",1,5,"  ",B12,120.676211,24.200346,3,66000,387130000C,(04)23289100,(04)25368667
8676,2023,03,23,10,35,臺中市,龍井區,0,0,0,,,,50,,,,,,,,,,,,,,,44,"  ","  ","  ","  ",A05,"  ","  ",1,"  ",1,"  ","  ",17,44,1,10,"  ",A05,120.583725,24.187744,3,66000,387130000C,(04)23289100,(04)25368667
8677,2023,03,23,10,37,臺中市,西屯區,0,1,0,8,1,5,50,4,1,1,5,4,5,7,3,1,9,5,5,2,16,10,3,10,1,1,B03,7,11,1,8,2,1,"  ",10,10,1,12,8,B03,120.603498,24.185321,2,66000,387130000C,(04)23289100,(04)25368667
8678,2023,03,23,10,47,臺中市,東區,0,0,0,8,1,5,50,14,8,1,5,4,5,7,4,4,5,5,4,2,17,18,3,10,2,1,B12,7,2,1,8,2,6,"  ",18,18,1,5,8,B12,120.70271,24.144705,3,66000,387130000C,(04)23289100,(04)25368667
8679,2023,03,23,10,48,臺中市,東區,0,1,0,8,1,5,50,14,7,1,5,4,5,7,4,4,5,5,4,2,16,26,3,10,1,1,B03,7,11,1,8,2,4,"  ",26,26,1,5,8,B03,120.702895,24.13892,2,66000,387130000C,(04)23289100,(04)25368667
8680,2023,03,23,10,50,臺中市,大雅區,0,0,0,8,,,50,,,,,,,,,,,,,,,12,"  ","  ","  ","  ",B03,"  ","  ",1,"  ",2,"  ","  ",12,"   ",1,22,"  ",B03,120.64982,24.222556,3,66000,387130000C,(04)23289100,(04)25368667