序號,年,月,日,時,分,縣市,區,死亡數量,受傷數量,2-30,天候,光線,道路類別,速限_速度(公里),道路型態,事故位置,路面鋪裝,路面狀態,路面缺陷,障礙物,視距,號誌種類,號誌動作,分向設施,快車道或一般車道間,快慢車道間,路面邊線,事故類型及型態,主要肇因,受傷程度,主要傷處,保護裝備,行動電話,當事者區分,車輛用途,當事者行動狀態,駕駛資格情形,駕駛執照種類,飲酒情形,車輛撞擊部位最初,車輛撞擊部位其他,肇事因素個別,肇事因素主要,肇事逃逸,職業,旅次目的,車種,GPS座標X,GPS座標Y,事故類別,縣市別代碼,機關代碼,市話,傳真
8776,2023,03,23,15,18,臺中市,豐原區,0,1,0,8,1,5,50,14,7,1,5,4,5,7,4,4,4,5,4,2,17,10,3,10,1,1,B03,7,11,1,8,2,8,"  ",10,10,1,19,5,B03,120.713377,24.254938,2,66000,387130000C,(04)23289100,(04)25368667
8777,2023,03,23,15,21,臺中市,沙鹿區,0,1,0,8,1,5,60,5,1,1,5,4,5,7,2,1,10,5,5,2,17,6,3,10,1,1,B12,7,6,1,8,2,6,"  ",6,6,1,4,4,B12,120.569563,24.237414,2,66000,387130000C,(04)23289100,(04)25368667
8778,2023,03,23,15,23,臺中市,烏日區,0,1,0,8,1,5,50,4,1,1,5,4,5,7,1,1,10,5,5,1,16,9,3,10,1,1,B12,7,6,1,8,2,2,"  ",9,9,1,21,8,B12,120.644829,24.056369,2,66000,387130000C,(04)23289100,(04)25368667
8779,2023,03,23,15,25,臺中市,南屯區,0,0,0,8,,,50,,,,,,,,,,,,,,,17,"  ","  ","  ","  ",B03,"  ","  ",1,"  ",1,"  ","  ",17,"   ",1,22,"  ",B03,120.639893,24.142591,3,66000,387130000C,(04)23289100,(04)25368667
8780,2023,03,23,15,34,臺中市,北屯區,0,1,0,8,1,5,50,4,2,1,5,4,5,7,1,1,3,4,5,2,12,16,3,10,1,1,B12,7,9,1,9,2,1,"  ",16,16,1,22,8,B12,120.694259,24.16491,2,66000,387130000C,(04)23289100,(04)25368667
8781,2023,03,23,15,34,臺中市,石岡區,0,1,0,8,1,5,30,3,2,1,5,4,5,7,4,4,10,5,5,1,18,23,2,8,1,1,C03,7,9,1,10,9,15,"  ",23,23,1,21,8,C03,120.783875,24.27606,2,66000,387130000C,(04)23289100,(04)25368667
8782,2023,03,23,15,35,臺中市,清水區,0,1,0,8,1,5,50,14,9,1,5,4,5,7,4,4,5,5,5,1,16,19,3,10,1,1,B03,7,1,1,8,2,1,"  ",19,19,1,22,8,B03,120.566022,24.279481,2,66000,387130000C,(04)23289100,(04)25368667
8783,2023,03,23,15,38,臺中市,北屯區,0,0,0,8,,,50,,,,,,,,,,,,,,,23,"  ","  ","  ","  ",B02,"  ","  ",1,"  ",1,"  ","  ",23,23,1,22,"  ",B02,120.72004,24.16423,3,66000,387130000C,(04)23289100,(04)25368667
8784,2023,03,23,15,41,臺中市,南屯區,0,0,0,8,,,30,,,,,,,,,,,,,,,42,"  ","  ","  ","  ",A12,"  ","  ",1,"  ",2,"  ","  ",42,"   ",1,5,"  ",A12,120.641379,24.139498,3,66000,387130000C,(04)23289100,(04)25368667
8785,2023,03,23,15,43,臺中市,北屯區,0,1,0,8,1,5,50,4,1,1,5,4,5,7,1,1,1,4,5,2,12,7,2,8,1,1,C03,7,10,1,10,2,11,"  ",7,7,1,22,8,C03,120.69083,24.182327,2,66000,387130000C,(04)23289100,(04)25368667
8786,2023,03,23,15,45,臺中市,潭子區,0,0,0,8,,,50,,,,,,,,,,,,,,,18,"  ","  ","  ","  ",B12,"  ","  ",1,"  ",2,"  ","  ",18,"   ",1,22,"  ",B12,120.694702,24.193481,3,66000,387130000C,(04)23289100,(04)25368667
8787,2023,03,23,15,48,臺中市,南屯區,0,0,0,8,1,5,50,14,7,1,5,4,5,7,1,1,5,5,4,2,12,6,"  ","  ","  ","  ",C03,"  ","  ",1,"  ",1,"  ","  ",6,"   ",1,5,"  ",C03,120.612796,24.138378,3,66000,387130000C,(04)23289100,(04)25368667
8788,2023,03,23,15,50,臺中市,豐原區,0,1,0,8,1,5,60,14,8,1,5,4,5,7,4,4,1,4,4,1,18,42,2,9,1,1,C03,7,9,1,10,2,15,"  ",42,42,1,22,8,C03,120.737425,24.257596,2,66000,387130000C,(04)23289100,(04)25368667
8789,2023,03,23,15,53,臺中市,北區,0,2,0,8,1,5,30,4,2,1,5,4,5,7,4,4,10,5,5,2,15,6,2,9,3,4,C03,7,9,1,10,2,11,"  ",14,6,1,22,9,C03,120.683601,24.14677,2,66000,387130000C,(04)23289100,(04)25368667
8790,2023,03,23,15,55,臺中市,西屯區,0,0,0,8,,,30,,,,,,,,,,,,,,,6,"  ","  ","  ","  ",B03,"  ","  ",1,"  ",1,"  ","  ",6,"   ",1,1,"  ",B03,120.651813,24.174703,3,66000,387130000C,(04)23289100,(04)25368667
8791,2023,03,23,15,57,臺中市,南區,0,1,0,8,1,5,50,4,1,1,5,4,5,7,1,1,10,5,5,2,16,6,3,10,1,1,B03,7,5,1,8,2,1,"  ",6,6,1,22,9,B03,120.67172,24.119205,2,66000,387130000C,(04)23289100,(04)25368667
8792,2023,03,23,16,0,臺中市,潭子區,0,0,0,8,,,50,,,,,,,,,,,,,,,12,"  ","  ","  ","  ",B03,"  ","  ",1,"  ",2,"  ","  ",12,"   ",1,22,"  ",B03,120.700903,24.20032,3,66000,387130000C,(04)23289100,(04)25368667
8793,2023,03,23,16,4,臺中市,南屯區,0,2,0,8,1,5,50,4,1,1,5,4,5,7,4,4,10,5,5,2,15,6,2,9,1,1,C03,7,9,1,10,2,11,"  ",6,6,1,22,8,C03,120.653952,24.143828,2,66000,387130000C,(04)23289100,(04)25368667
8794,2023,03,23,16,5,臺中市,新社區,0,0,0,8,,,40,,,,,,,,,,,,,,,6,"  ","  ","  ","  ",B12,"  ","  ",1,"  ",2,"  ","  ",6,"   ",1,22,"  ",B12,120.808565,24.233934,3,66000,387130000C,(04)23289100,(04)25368667
8795,2023,03,23,16,6,臺中市,東區,0,2,0,8,1,5,30,4,1,1,5,4,5,7,4,4,10,5,5,2,15,6,2,9,1,1,C03,7,9,1,10,2,11,"  ",6,6,1,5,8,C03,120.705935,24.13118,2,66000,387130000C,(04)23289100,(04)25368667
8796,2023,03,23,16,9,臺中市,西屯區,0,1,0,8,1,5,50,4,2,1,5,4,5,7,3,1,5,5,4,2,16,23,3,10,1,1,B03,7,6,1,8,1,8,"  ",23,23,1,22,8,B03,120.634816,24.165627,2,66000,387130000C,(04)23289100,(04)25368667
8797,2023,03,23,16,10,臺中市,烏日區,0,0,0,8,1,5,30,4,1,1,5,4,5,7,4,4,10,5,5,2,16,6,"  ","  ","  ","  ",B01,"  ","  ",1,"  ",2,"  ","  ",6,6,1,22,"  ",B01,120.640311,24.104464,3,66000,387130000C,(04)23289100,(04)25368667
8798,2023,03,23,16,12,臺中市,豐原區,0,2,0,8,1,5,50,3,1,1,5,4,5,7,4,4,10,5,5,2,16,6,2,9,3,4,C03,7,5,1,10,2,15,"  ",6,6,1,22,8,C03,120.712027,24.247008,2,66000,387130000C,(04)23289100,(04)25368667
8799,2023,03,23,16,19,臺中市,北區,0,0,0,8,,,50,,,,,,,,,,,,,,,16,"  ","  ","  ","  ",B03,"  ","  ",1,"  ",1,"  ","  ",16,"   ",1,22,"  ",B03,120.66339,24.161368,3,66000,387130000C,(04)23289100,(04)25368667
8800,2023,03,23,16,20,臺中市,北屯區,0,0,0,8,,,80,,,,,,,,,,,,,,,7,"  ","  ","  ","  ",B12,"  ","  ",1,"  ",9,"  ","  ",7,"   ",1,9,"  ",B12,120.721551,24.180426,3,66000,387130000C,(04)23289100,(04)25368667
8801,2023,03,23,16,20,臺中市,霧峰區,0,1,0,8,1,5,40,4,1,1,5,4,5,7,1,1,10,5,5,2,12,23,2,9,1,1,C03,7,5,1,10,2,11,"  ",23,23,1,12,8,C03,120.663019,24.072322,2,66000,387130000C,(04)23289100,(04)25368667
8802,2023,03,23,16,22,臺中市,西屯區,0,0,0,8,,,40,,,,,,,,,,,,,,,12,"  ","  ","  ","  ",B03,"  ","  ",1,"  ",1,"  ","  ",12,"   ",1,21,"  ",B03,120.64311,24.156743,3,66000,387130000C,(04)23289100,(04)25368667
8803,2023,03,23,16,28,臺中市,西屯區,0,1,0,8,1,5,50,3,1,1,5,4,5,7,1,1,5,3,4,2,15,25,2,9,1,1,C03,7,9,1,10,2,11,"  ",25,25,1,22,9,C03,120.622599,24.174955,2,66000,387130000C,(04)23289100,(04)25368667
8804,2023,03,23,16,30,臺中市,南屯區,0,0,0,8,,,50,,,,,,,,,,,,,,,23,"  ","  ","  ","  ",B03,"  ","  ",1,"  ",1,"  ","  ",23,"   ",1,22,"  ",B03,120.638368,24.135853,3,66000,387130000C,(04)23289100,(04)25368667
8805,2023,03,23,16,35,臺中市,西區,0,0,0,,,,50,,,,,,,,,,,,,,,23,"  ","  ","  ","  ",B03,"  ","  ",1,"  ",1,"  ","  ",23,"   ",1,20,"  ",B03,120.66168,24.145543,3,66000,387130000C,(04)23289100,(04)25368667
8806,2023,03,23,16,35,臺中市,西區,0,0,0,8,1,5,50,14,9,1,5,4,5,7,4,4,5,2,5,2,17,19,"  ","  ","  ","  ",B01,"  ","  ",1,"  ",1,"  ","  ",19,"   ",1,10,"  ",B01,120.651572,24.147677,3,66000,387130000C,(04)23289100,(04)25368667
8807,2023,03,23,16,35,臺中市,北區,0,1,0,8,1,5,40,3,2,1,5,4,5,7,1,1,5,5,4,2,17,23,2,9,1,1,C03,7,9,6,18,2,12,"  ",23,23,1,21,8,C03,120.682261,24.152422,2,66000,387130000C,(04)23289100,(04)25368667
8808,2023,03,23,16,36,臺中市,北區,0,2,0,8,1,5,50,3,2,1,5,4,5,7,4,4,5,2,3,1,13,16,2,9,3,4,C03,7,10,1,10,2,11,"  ",16,16,1,22,9,C03,120.689506,24.147001,2,66000,387130000C,(04)23289100,(04)25368667
8809,2023,03,23,16,39,臺中市,烏日區,0,1,0,8,1,5,60,14,8,1,5,4,5,7,4,4,1,3,4,1,16,6,3,10,1,1,B03,7,6,1,8,2,2,"  ",6,6,1,21,9,B03,120.613221,24.106924,2,66000,387130000C,(04)23289100,(04)25368667
8810,2023,03,23,16,41,臺中市,豐原區,0,1,0,8,1,5,60,4,1,1,5,4,5,7,2,1,10,5,5,2,16,6,3,10,1,1,B03,7,6,1,8,2,2,"  ",6,6,1,22,8,B03,120.707151,24.23713,2,66000,387130000C,(04)23289100,(04)25368667
8811,2023,03,23,16,42,臺中市,北屯區,0,1,0,8,1,5,1,4,1,1,5,4,5,7,2,1,10,5,5,2,15,25,3,10,1,1,B03,7,9,1,8,2,8,"  ",25,25,1,21,8,B03,120.690413,24.188536,2,66000,387130000C,(04)23289100,(04)25368667
8812,2023,03,23,16,44,臺中市,南屯區,0,0,0,8,,,,,,,,,,,,,,,,,,61,"  ","  ","  ","  ",B03,"  ","  ",1,"  ",2,"  ","  ",44,67,1,5,"  ",B03,120.630671,24.138886,3,66000,387130000C,(04)23289100,(04)25368667
8813,2023,03,23,16,44,臺中市,太平區,0,0,0,8,,,50,,,,,,,,,,,,,,,23,"  ","  ","  ","  ",B03,"  ","  ",3,"  ",1,"  ","  ",23,"   ",1,22,"  ",B03,120.70074,24.15233,3,66000,387130000C,(04)23289100,(04)25368667
8814,2023,03,23,16,48,臺中市,南區,0,0,0,8,1,5,50,4,1,1,5,4,5,7,4,4,10,5,5,2,15,6,3,10,1,1,B03,7,9,1,8,2,1,"  ",6,6,1,22,8,B03,120.673111,24.127394,3,66000,387130000C,(04)23289100,(04)25368667
8815,2023,03,23,16,48,臺中市,大里區,0,1,0,8,1,5,50,4,1,1,5,4,5,7,1,1,5,5,5,1,17,12,3,10,3,4,B03,7,2,1,4,2,3,"  ",12,12,1,12,8,B03,120.699356,24.096481,2,66000,387130000C,(04)23289100,(04)25368667
8816,2023,03,23,16,50,臺中市,南區,0,3,0,8,1,5,50,4,1,1,5,4,5,7,1,3,10,5,5,2,15,6,2,9,1,1,C03,7,9,4,8,2,14,"  ",6,6,1,22,8,C03,120.678537,24.128182,2,66000,387130000C,(04)23289100,(04)25368667
8817,2023,03,23,16,52,臺中市,烏日區,0,0,0,8,,,40,,,,,,,,,,,,,,,17,"  ","  ","  ","  ",A12,"  ","  ",1,"  ",2,"  ","  ",17,"   ",1,10,"  ",A12,120.647601,24.054144,3,66000,387130000C,(04)23289100,(04)25368667
8818,2023,03,23,16,53,臺中市,沙鹿區,0,0,0,8,1,5,50,14,9,1,5,4,5,7,4,4,5,5,5,2,10,26,3,10,1,1,B03,7,9,1,8,2,8,"  ",26,26,1,22,9,B03,120.556663,24.229852,3,66000,387130000C,(04)23289100,(04)25368667
8819,2023,03,23,16,54,臺中市,大里區,0,0,0,8,,,40,,,,,,,,,,,,,,,42,"  ","  ","  ","  ",B12,"  ","  ",1,"  ",2,"  ","  ",42,"   ",1,10,"  ",B12,120.695025,24.07943,3,66000,387130000C,(04)23289100,(04)25368667
8820,2023,03,23,16,55,臺中市,西屯區,0,0,0,8,,,50,,,,,,,,,,,,,,,23,"  ","  ","  ","  ",B03,"  ","  ",1,"  ",1,"  ","  ",23,"   ",1,4,"  ",B03,120.624806,24.185125,3,66000,387130000C,(04)23289100,(04)25368667
8821,2023,03,23,16,57,臺中市,北屯區,0,1,0,8,1,5,50,4,1,1,5,4,5,7,1,1,10,5,5,2,16,23,2,9,1,1,C03,7,9,1,10,2,11,"  ",23,23,1,21,8,C03,120.663003,24.188884,2,66000,387130000C,(04)23289100,(04)25368667
8822,2023,03,23,16,59,臺中市,西屯區,0,1,0,8,1,5,40,14,8,1,5,4,5,7,2,1,1,4,1,2,18,43,2,9,1,1,C03,7,9,1,10,2,15,"  ",43,43,1,22,8,C03,120.641271,24.167731,2,66000,387130000C,(04)23289100,(04)25368667
8823,2023,03,23,17,0,臺中市,北區,0,2,0,8,1,5,50,14,7,1,5,4,5,7,4,4,5,5,4,2,17,19,2,9,1,1,C03,7,1,1,10,2,14,"  ",19,19,1,20,8,C03,120.681186,24.158991,2,66000,387130000C,(04)23289100,(04)25368667
8824,2023,03,23,17,0,臺中市,大里區,0,2,0,8,1,5,50,3,1,1,5,4,5,7,4,4,10,5,5,1,12,23,2,9,1,1,C03,7,9,1,10,2,14,"  ",23,23,1,5,8,C03,120.703801,24.10142,2,66000,387130000C,(04)23289100,(04)25368667
8825,2023,03,23,17,0,臺中市,霧峰區,0,1,0,8,2,5,60,14,22,1,5,4,5,7,4,4,1,5,5,2,16,18,3,10,1,1,B03,7,3,1,8,2,6,"  ",18,18,1,12,8,B03,120.693129,24.038574,2,66000,387130000C,(04)23289100,(04)25368667
8826,2023,03,23,17,3,臺中市,北屯區,0,0,0,8,,,50,,,,,,,,,,,,,,,43,"  ","  ","  ","  ","   ","  ","  ","  ","  ","  ","  ","  ",43,"   ",1,"  ","  ","   ",120.721575,24.162554,3,66000,387130000C,(04)23289100,(04)25368667
8827,2023,03,23,17,4,臺中市,東區,0,0,0,8,1,5,50,3,1,1,5,4,5,7,4,4,10,4,5,2,29,67,"  ","  ","  ","  ","   ","  ","  ","  ","  ","  ","  ","  ",67,67,1,"  ","  ","   ",120.703442,24.125466,3,66000,387130000C,(04)23289100,(04)25368667
8828,2023,03,23,17,4,臺中市,神岡區,0,2,0,8,1,5,50,14,9,1,5,4,5,7,4,4,9,5,5,2,17,4,2,9,3,1,C03,7,11,1,10,2,14,"  ",4,4,1,21,8,C03,120.656145,24.278181,2,66000,387130000C,(04)23289100,(04)25368667
8829,2023,03,23,17,5,臺中市,沙鹿區,0,1,0,8,1,5,50,3,9,1,5,4,5,7,4,4,4,3,4,1,16,23,2,9,1,1,F01,7,5,8,20,2,16,"  ",23,23,1,16,8,F01,120.571866,24.216146,2,66000,387130000C,(04)23289100,(04)25368667
8830,2023,03,23,17,6,臺中市,南區,0,2,0,8,1,5,50,4,9,1,5,4,5,7,1,1,3,5,5,2,16,6,2,9,3,4,C03,7,5,1,10,2,11,"  ",6,6,1,19,8,C03,120.682159,24.128329,2,66000,387130000C,(04)23289100,(04)25368667
8831,2023,03,23,17,7,臺中市,東區,0,1,0,8,1,5,50,3,2,1,5,4,5,7,1,1,10,5,5,2,16,3,3,10,1,1,B03,7,7,1,8,2,8,"  ",3,3,1,22,9,B03,120.672038,24.119465,2,66000,387130000C,(04)23289100,(04)25368667
8832,2023,03,23,17,9,臺中市,豐原區,0,3,0,8,1,5,50,4,1,1,5,4,5,7,2,1,10,5,5,2,16,25,2,9,3,4,F01,7,6,8,20,2,16,"  ",25,25,1,16,8,F01,120.7294,24.257369,2,66000,387130000C,(04)23289100,(04)25368667
8833,2023,03,23,17,10,臺中市,東區,0,1,0,8,1,5,50,4,1,1,5,4,5,7,4,4,5,5,5,2,15,6,2,9,1,1,C03,7,9,1,10,2,12,"  ",6,6,1,20,8,C03,120.706796,24.142256,2,66000,387130000C,(04)23289100,(04)25368667
8834,2023,03,23,17,10,臺中市,南區,0,0,0,8,1,5,50,4,1,1,5,4,5,7,3,1,10,5,5,2,10,23,3,10,1,1,B03,7,6,1,8,2,1,"  ",23,23,1,22,8,B03,120.650885,24.10986,3,66000,387130000C,(04)23289100,(04)25368667
8835,2023,03,23,17,10,臺中市,南屯區,0,1,0,8,1,5,40,4,1,1,5,4,5,7,2,1,10,5,5,2,17,17,2,9,1,1,C03,7,6,1,10,2,12,"  ",17,17,1,22,8,C03,120.634432,24.155706,2,66000,387130000C,(04)23289100,(04)25368667
8836,2023,03,23,17,10,臺中市,豐原區,0,1,0,8,1,5,50,4,1,1,5,4,5,7,1,1,1,5,5,2,15,25,2,9,1,1,C03,7,9,6,18,2,14,"  ",25,25,1,21,8,C03,120.72844,24.276511,2,66000,387130000C,(04)23289100,(04)25368667
8837,2023,03,23,17,11,臺中市,南屯區,0,1,0,8,1,5,50,4,1,1,5,4,5,7,4,4,5,4,5,2,17,23,2,9,1,4,C03,7,9,1,10,2,14,"  ",23,23,1,22,8,C03,120.652606,24.133356,2,66000,387130000C,(04)23289100,(04)25368667
8838,2023,03,23,17,11,臺中市,西屯區,0,0,0,8,,,50,,,,,,,,,,,,,,,43,"  ","  ","  ","  ",B03,"  ","  ",1,"  ",2,"  ","  ",43,"   ",1,22,"  ",B03,120.654146,24.194447,3,66000,387130000C,(04)23289100,(04)25368667
8839,2023,03,23,17,12,臺中市,北屯區,0,0,0,8,,,50,,,,,,,,,,,,,,,23,"  ","  ","  ","  ",B03,"  ","  ",1,"  ",1,"  ","  ",23,"   ",1,21,"  ",B03,120.710746,24.183426,3,66000,387130000C,(04)23289100,(04)25368667
8840,2023,03,23,17,12,臺中市,梧棲區,0,0,0,8,,,50,,,,,,,,,,,,,,,16,"  ","  ","  ","  ",B03,"  ","  ",1,"  ",1,"  ","  ",16,"   ",1,11,"  ",B03,120.52454,24.22322,3,66000,387130000C,(04)23289100,(04)25368667
8841,2023,03,23,17,14,臺中市,西區,0,0,0,8,1,5,50,3,1,1,5,4,5,7,4,4,5,5,5,2,16,6,"  ","  ","  ","  ",C03,"  ","  ",1,"  ",1,"  ","  ",6,6,1,21,"  ",C03,120.66785,24.144342,3,66000,387130000C,(04)23289100,(04)25368667
8842,2023,03,23,17,14,臺中市,霧峰區,0,0,0,8,,,50,,,,,,,,,,,,,,,23,"  ","  ","  ","  ",B03,"  ","  ",1,"  ",2,"  ","  ",23,"   ",1,12,"  ",B03,120.695178,24.0593,3,66000,387130000C,(04)23289100,(04)25368667
8843,2023,03,23,17,15,臺中市,沙鹿區,0,2,0,8,1,5,40,14,8,1,5,4,5,7,4,4,1,5,5,1,13,23,2,9,1,1,C03,7,9,1,10,2,11,"  ",23,23,1,22,9,C03,120.565909,24.238734,2,66000,387130000C,(04)23289100,(04)25368667
8844,2023,03,23,17,16,臺中市,神岡區,0,3,0,8,1,5,50,15,9,1,5,4,5,7,3,1,5,5,5,1,17,6,2,9,1,1,F06,7,5,8,20,2,16,"  ",6,6,1,22,8,F06,120.687263,24.258487,2,66000,387130000C,(04)23289100,(04)25368667
8845,2023,03,23,17,18,臺中市,龍井區,0,1,0,8,1,5,40,14,9,1,5,4,5,7,4,4,9,4,5,2,13,23,2,9,1,1,C03,7,9,1,10,2,11,"  ",23,23,1,22,8,C03,120.587435,24.190508,2,66000,387130000C,(04)23289100,(04)25368667
8846,2023,03,23,17,20,臺中市,大里區,0,2,0,8,1,5,50,4,8,1,5,4,5,7,2,1,5,3,4,1,16,19,2,5,1,1,C03,7,1,1,10,2,13,"  ",19,19,1,5,8,C03,120.688921,24.104298,2,66000,387130000C,(04)23289100,(04)25368667
8847,2023,03,23,17,20,臺中市,神岡區,0,0,0,8,,,50,,,,,,,,,,,,,,,23,"  ","  ","  ","  ",B03,"  ","  ",1,"  ",1,"  ","  ",23,"   ",1,21,"  ",B03,120.687048,24.250348,3,66000,387130000C,(04)23289100,(04)25368667
8848,2023,03,23,17,21,臺中市,豐原區,0,1,0,8,1,5,50,4,1,1,5,4,5,7,2,1,10,5,5,2,16,6,3,10,1,1,B03,7,9,1,8,2,8,"  ",23,6,1,22,8,B03,120.720111,24.26228,2,66000,387130000C,(04)23289100,(04)25368667
8849,2023,03,23,17,23,臺中市,大里區,0,0,0,8,,,50,,,,,,,,,,,,,,,67,"  ","  ","  ","  ","   ","  ","  ","  ","  ","  ","  ","  ",67,"   ",1,"  ","  ","   ",120.700946,24.088668,3,66000,387130000C,(04)23289100,(04)25368667
8850,2023,03,23,17,24,臺中市,北區,0,0,0,8,,,50,,,,,,,,,,,,,,,16,"  ","  ","  ","  ",C03,"  ","  ",1,"  ",1,"  ","  ",16,"   ",1,22,"  ",C03,120.685195,24.164746,3,66000,387130000C,(04)23289100,(04)25368667
8851,2023,03,23,17,25,臺中市,南區,0,1,0,7,2,5,50,3,2,1,5,4,5,7,1,1,10,5,5,2,16,26,3,10,1,1,B03,7,8,1,8,2,5,"  ",26,26,1,22,9,B03,120.65452,24.116241,2,66000,387130000C,(04)23289100,(04)25368667
8852,2023,03,23,17,25,臺中市,沙鹿區,0,1,0,8,3,5,50,5,9,1,5,4,5,7,1,1,4,3,4,1,12,26,2,9,1,1,C03,7,5,1,10,2,14,"  ",26,26,1,22,8,C03,120.569855,24.237356,2,66000,387130000C,(04)23289100,(04)25368667
8853,2023,03,23,17,26,臺中市,北屯區,0,1,0,8,1,5,50,4,2,1,5,4,5,7,4,4,4,5,5,2,13,16,2,9,1,1,C03,7,9,1,10,2,11,"  ",16,16,1,21,8,C03,120.702745,24.168932,2,66000,387130000C,(04)23289100,(04)25368667
8854,2023,03,23,17,27,臺中市,烏日區,0,0,0,,,,30,,,,,,,,,,,,,,,44,"  ","  ","  ","  ",C03,"  ","  ",1,"  ",2,"  ","  ",23,44,1,22,"  ",C03,120.605779,24.115581,3,66000,387130000C,(04)23289100,(04)25368667
8855,2023,03,23,17,28,臺中市,西屯區,0,1,0,8,1,5,40,14,8,1,5,4,5,7,2,1,5,4,4,1,13,23,2,9,1,1,C03,7,9,1,10,2,11,"  ",23,23,1,1,9,C03,120.656214,24.169217,2,66000,387130000C,(04)23289100,(04)25368667
8856,2023,03,23,17,29,臺中市,南屯區,0,2,0,8,1,5,50,3,1,1,5,4,5,7,4,4,10,5,5,2,16,6,2,9,1,1,C04,7,5,1,10,2,12,"  ",6,6,1,22,8,C04,120.640652,24.133412,2,66000,387130000C,(04)23289100,(04)25368667
8857,2023,03,23,17,30,臺中市,西屯區,0,0,0,8,,,40,,,,,,,,,,,,,,,12,"  ","  ","  ","  ",B12,"  ","  ",1,"  ",1,"  ","  ",12,"   ",1,4,"  ",B12,120.645227,24.168769,3,66000,387130000C,(04)23289100,(04)25368667
8858,2023,03,23,17,30,臺中市,大里區,0,1,0,8,2,5,50,8,8,1,5,4,5,7,1,1,1,4,4,1,16,25,3,10,1,1,B03,7,9,1,8,2,4,"  ",25,25,1,12,8,B03,120.699976,24.093992,2,66000,387130000C,(04)23289100,(04)25368667
8859,2023,03,23,17,30,臺中市,太平區,0,0,0,8,,,50,,,,,,,,,,,,,,,12,"  ","  ","  ","  ",B03,"  ","  ",1,"  ",2,"  ","  ",12,"   ",1,22,"  ",B03,120.726302,24.149858,3,66000,387130000C,(04)23289100,(04)25368667
8860,2023,03,23,17,32,臺中市,北區,0,0,0,8,,,50,,,,,,,,,,,,,,,23,"  ","  ","  ","  ",C03,"  ","  ",1,"  ",1,"  ","  ",44,23,1,22,"  ",C03,120.673803,24.171501,3,66000,387130000C,(04)23289100,(04)25368667
8861,2023,03,23,17,32,臺中市,大甲區,0,1,0,8,1,5,50,14,9,1,5,4,5,7,4,4,9,5,5,2,13,16,2,9,1,1,C03,7,9,1,10,2,11,"  ",16,16,1,21,8,C03,120.63458,24.3624,2,66000,387130000C,(04)23289100,(04)25368667
8862,2023,03,23,17,37,臺中市,大里區,0,0,0,8,,,50,,,,,,,,,,,,,,,42,"  ","  ","  ","  ",B03,"  ","  ",1,"  ",11,"  ","  ",42,"   ",1,5,"  ",B03,120.698021,24.110851,3,66000,387130000C,(04)23289100,(04)25368667
8863,2023,03,23,17,38,臺中市,北屯區,0,0,0,8,,,50,,,,,,,,,,,,,,,23,"  ","  ","  ","  ",B03,"  ","  ",1,"  ",1,"  ","  ",23,"   ",1,5,"  ",B03,120.677078,24.185883,3,66000,387130000C,(04)23289100,(04)25368667
8864,2023,03,23,17,38,臺中市,豐原區,0,1,0,8,1,5,60,5,1,1,5,4,5,7,1,1,1,5,5,2,16,26,2,9,1,1,C03,7,9,4,11,2,12,"  ",26,26,1,21,8,C03,120.703116,24.242966,2,66000,387130000C,(04)23289100,(04)25368667
8865,2023,03,23,17,40,臺中市,大甲區,0,0,0,,,,50,,,,,,,,,,,,,,,12,"  ","  ","  ","  ",B03,"  ","  ",1,"  ",1,"  ","  ",12,12,1,3,"  ",B03,120.662741,24.401648,3,66000,387130000C,(04)23289100,(04)25368667
8866,2023,03,23,17,42,臺中市,太平區,0,1,0,8,3,5,50,14,9,1,5,4,5,7,4,4,5,5,4,1,16,26,3,10,1,1,B03,7,11,1,8,2,8,"  ",26,26,1,21,8,B03,120.716516,24.151091,2,66000,387130000C,(04)23289100,(04)25368667
8867,2023,03,23,17,44,臺中市,大甲區,0,1,0,8,1,5,50,14,13,1,5,4,5,7,4,4,5,5,4,1,17,19,2,9,1,1,C03,7,1,1,10,2,11,"  ",19,19,1,16,8,C03,120.631588,24.355011,2,66000,387130000C,(04)23289100,(04)25368667
8868,2023,03,23,17,45,臺中市,北屯區,0,1,0,8,1,5,50,14,9,1,5,4,5,7,4,4,9,4,5,2,18,23,2,9,1,1,C03,7,9,1,10,2,12,"  ",23,23,1,22,8,C03,120.732345,24.177095,2,66000,387130000C,(04)23289100,(04)25368667
8869,2023,03,23,17,47,臺中市,西屯區,0,2,0,8,1,5,50,4,1,1,5,4,5,7,1,1,5,4,4,2,16,6,2,9,1,1,C03,7,5,1,10,2,12,"  ",6,6,1,22,8,C03,120.635008,24.165771,2,66000,387130000C,(04)23289100,(04)25368667
8870,2023,03,23,17,50,臺中市,北屯區,0,0,0,8,,,50,,,,,,,,,,,,,,,23,"  ","  ","  ","  ",B03,"  ","  ",1,"  ",1,"  ","  ",23,"   ",1,22,"  ",B03,120.676136,24.200773,3,66000,387130000C,(04)23289100,(04)25368667
8871,2023,03,23,17,51,臺中市,大雅區,0,0,0,8,,,50,,,,,,,,,,,,,,,6,"  ","  ","  ","  ",F03,"  ","  ",1,"  ",2,"  ","  ",6,"   ",1,22,"  ",F03,120.66145,24.21957,3,66000,387130000C,(04)23289100,(04)25368667