序號,年,月,日,時,分,縣市,區,死亡數量,受傷數量,2-30,天候,光線,道路類別,速限_速度(公里),道路型態,事故位置,路面鋪裝,路面狀態,路面缺陷,障礙物,視距,號誌種類,號誌動作,分向設施,快車道或一般車道間,快慢車道間,路面邊線,事故類型及型態,主要肇因,受傷程度,主要傷處,保護裝備,行動電話,當事者區分,車輛用途,當事者行動狀態,駕駛資格情形,駕駛執照種類,飲酒情形,車輛撞擊部位最初,車輛撞擊部位其他,肇事因素個別,肇事因素主要,肇事逃逸,職業,旅次目的,車種,GPS座標X,GPS座標Y,事故類別,縣市別代碼,機關代碼,市話,傳真
8872,2023,03,23,17,52,臺中市,北屯區,0,0,0,8,,,80,,,,,,,,,,,,,,,7,"  ","  ","  ","  ",B03,"  ","  ",1,"  ",1,"  ","  ",7,"   ",1,21,"  ",B03,120.720711,24.166651,3,66000,387130000C,(04)23289100,(04)25368667
8873,2023,03,23,17,53,臺中市,南區,0,1,0,8,1,5,50,4,1,1,5,4,5,7,2,1,5,5,5,2,12,8,2,9,1,1,C03,7,5,1,10,2,11,"  ",8,8,1,5,8,C03,120.66334,24.11939,2,66000,387130000C,(04)23289100,(04)25368667
8874,2023,03,23,17,53,臺中市,西屯區,0,1,0,8,1,5,50,4,1,1,5,4,5,7,1,1,10,5,5,2,17,7,2,9,1,1,C03,7,8,1,10,2,12,"  ",7,7,1,21,8,C03,120.652036,24.181998,2,66000,387130000C,(04)23289100,(04)25368667
8875,2023,03,23,17,55,臺中市,沙鹿區,0,0,0,8,3,5,50,4,9,1,5,4,5,7,1,1,1,3,4,1,13,16,"  ","  ","  ","  ",B03,"  ","  ",1,"  ",2,"  ","  ",16,"   ",1,22,"  ",B03,120.560423,24.240133,3,66000,387130000C,(04)23289100,(04)25368667
8876,2023,03,23,17,55,臺中市,沙鹿區,0,0,0,8,,,50,,,,,,,,,,,,,,,23,"  ","  ","  ","  ",B03,"  ","  ",1,"  ",2,"  ","  ",23,"   ",1,19,"  ",B03,120.569005,24.222355,3,66000,387130000C,(04)23289100,(04)25368667
8877,2023,03,23,17,58,臺中市,梧棲區,0,0,0,,,,40,,,,,,,,,,,,,,,12,"  ","  ","  ","  ",C03,"  ","  ",1,"  ",2,"  ","  ",12,"   ",1,4,"  ",C03,120.557496,24.256573,3,66000,387130000C,(04)23289100,(04)25368667
8878,2023,03,23,18,0,臺中市,太平區,0,0,0,8,,,50,,,,,,,,,,,,,,,18,"  ","  ","  ","  ",B03,"  ","  ",1,"  ",2,"  ","  ",18,"   ",1,22,"  ",B03,120.718901,24.154375,3,66000,387130000C,(04)23289100,(04)25368667
8879,2023,03,23,18,2,臺中市,大甲區,0,2,0,8,1,5,50,3,1,1,5,4,5,7,4,4,10,5,5,2,17,6,2,9,1,1,F01,7,9,8,20,2,16,"  ",6,6,1,21,8,F01,120.627483,24.347656,2,66000,387130000C,(04)23289100,(04)25368667
8880,2023,03,23,18,2,臺中市,豐原區,0,1,0,8,1,5,50,4,1,1,5,4,5,7,2,1,10,5,5,2,13,44,3,10,3,4,C03,7,9,1,10,2,13,"  ",44,44,1,22,8,C03,120.729888,24.255238,2,66000,387130000C,(04)23289100,(04)25368667
8881,2023,03,23,18,4,臺中市,神岡區,0,0,0,8,,,50,,,,,,,,,,,,,,,16,"  ","  ","  ","  ",B03,"  ","  ",1,"  ",1,"  ","  ",16,"   ",1,22,"  ",B03,120.656293,24.261952,3,66000,387130000C,(04)23289100,(04)25368667
8882,2023,03,23,18,6,臺中市,大里區,0,1,0,8,3,5,50,14,9,1,5,4,5,7,4,4,5,5,4,1,17,7,2,9,1,1,F01,7,7,8,20,2,16,"  ",7,7,1,16,8,F01,120.687168,24.110316,2,66000,387130000C,(04)23289100,(04)25368667
8883,2023,03,23,18,7,臺中市,北屯區,0,0,0,8,,,50,,,,,,,,,,,,,,,6,"  ","  ","  ","  ",B03,"  ","  ",1,"  ",2,"  ","  ",6,"   ",1,21,"  ",B03,120.679428,24.181803,3,66000,387130000C,(04)23289100,(04)25368667
8884,2023,03,23,18,9,臺中市,清水區,0,0,0,8,,,40,,,,,,,,,,,,,,,23,"  ","  ","  ","  ",B12,"  ","  ",1,"  ",2,"  ","  ",23,"   ",1,21,"  ",B12,120.564898,24.276219,3,66000,387130000C,(04)23289100,(04)25368667
8885,2023,03,23,18,11,臺中市,神岡區,0,0,0,8,,,50,,,,,,,,,,,,,,,23,"  ","  ","  ","  ",B03,"  ","  ",1,"  ",2,"  ","  ",23,"   ",1,21,"  ",B03,120.689185,24.239472,3,66000,387130000C,(04)23289100,(04)25368667
8886,2023,03,23,18,13,臺中市,東區,0,1,0,8,3,5,50,4,1,1,5,4,5,7,1,1,10,5,5,2,11,25,3,10,1,1,B03,7,5,1,8,2,1,"  ",25,25,1,22,8,B03,120.704804,24.130636,2,66000,387130000C,(04)23289100,(04)25368667
8887,2023,03,23,18,13,臺中市,西屯區,0,0,0,,,,,,,,,,,,,,,,,,,43,"  ","  ","  ","  ","   ","  ","  ","  ","  ","  ","  ","  ",43,"   ",1,"  ","  ","   ",120.609008,24.169895,3,66000,387130000C,(04)23289100,(04)25368667
8888,2023,03,23,18,14,臺中市,東勢區,0,1,0,8,3,5,50,14,9,1,5,4,5,7,4,4,4,3,5,1,16,4,2,9,1,1,F03,7,11,8,20,2,16,"  ",4,4,1,22,9,F03,120.830287,24.257318,2,66000,387130000C,(04)23289100,(04)25368667
8889,2023,03,23,18,15,臺中市,烏日區,0,0,0,8,,,40,,,,,,,,,,,,,,,6,"  ","  ","  ","  ",B03,"  ","  ",1,"  ",2,"  ","  ",6,6,1,22,"  ",B03,120.605243,24.107917,3,66000,387130000C,(04)23289100,(04)25368667
8890,2023,03,23,18,15,臺中市,沙鹿區,0,0,0,8,1,5,50,14,9,1,5,4,5,7,4,4,5,4,4,2,18,23,2,3,1,1,C03,7,9,1,10,2,14,"  ",23,23,1,22,9,C03,120.569042,24.209409,3,66000,387130000C,(04)23289100,(04)25368667
8891,2023,03,23,18,16,臺中市,南屯區,0,0,0,8,,,80,,,,,,,,,,,,,,,16,"  ","  ","  ","  ",B03,"  ","  ",1,"  ",1,"  ","  ",16,"   ",1,22,"  ",B03,120.630716,24.161949,3,66000,387130000C,(04)23289100,(04)25368667
8892,2023,03,23,18,16,臺中市,西屯區,0,0,0,8,,,40,,,,,,,,,,,,,,,16,"  ","  ","  ","  ",C03,"  ","  ",1,"  ",1,"  ","  ",16,"   ",1,22,"  ",C03,120.65644,24.160561,3,66000,387130000C,(04)23289100,(04)25368667
8893,2023,03,23,18,21,臺中市,南屯區,0,0,0,8,,,50,,,,,,,,,,,,,,,23,"  ","  ","  ","  ",C03,"  ","  ",1,"  ",11,"  ","  ",23,23,1,5,"  ",C03,120.646802,24.146809,3,66000,387130000C,(04)23289100,(04)25368667
8894,2023,03,23,18,22,臺中市,南屯區,0,0,0,8,,,40,,,,,,,,,,,,,,,23,"  ","  ","  ","  ",B12,"  ","  ",1,"  ",2,"  ","  ",23,"   ",1,22,"  ",B12,120.623602,24.149347,3,66000,387130000C,(04)23289100,(04)25368667
8895,2023,03,23,18,23,臺中市,南屯區,0,0,0,8,3,5,50,4,2,1,5,4,5,7,2,1,5,5,5,2,13,16,3,10,1,1,B03,7,9,1,8,1,1,"  ",16,16,1,22,8,B03,120.637475,24.138079,3,66000,387130000C,(04)23289100,(04)25368667
8896,2023,03,23,18,25,臺中市,沙鹿區,0,1,0,8,3,5,50,4,9,1,5,4,5,7,4,4,4,3,4,1,13,42,3,10,1,1,C03,7,5,1,10,2,13,"  ",42,42,1,22,8,C03,120.577261,24.21466,2,66000,387130000C,(04)23289100,(04)25368667
8897,2023,03,23,18,28,臺中市,霧峰區,0,1,0,8,4,5,40,4,1,1,5,4,5,7,1,1,10,5,5,2,16,16,3,10,1,1,C03,7,9,1,10,2,11,"  ",16,16,1,3,8,C03,120.714563,24.075993,2,66000,387130000C,(04)23289100,(04)25368667
8898,2023,03,23,18,28,臺中市,太平區,0,0,0,8,,,30,,,,,,,,,,,,,,,5,"  ","  ","  ","  ",B03,"  ","  ",1,"  ",2,"  ","  ",5,"   ",1,22,"  ",B03,120.732868,24.110048,3,66000,387130000C,(04)23289100,(04)25368667
8899,2023,03,23,18,32,臺中市,北屯區,0,3,0,8,3,5,50,5,4,1,5,4,5,7,1,1,1,4,5,2,13,23,2,9,1,1,C03,7,9,1,10,2,12,"  ",23,23,1,21,8,C03,120.697742,24.170537,2,66000,387130000C,(04)23289100,(04)25368667
8900,2023,03,23,18,32,臺中市,東勢區,0,0,0,8,,,60,,,,,,,,,,,,,,,7,"  ","  ","  ","  ",B12,"  ","  ",1,"  ",2,"  ","  ",7,7,1,9,"  ",B12,120.811548,24.281639,3,66000,387130000C,(04)23289100,(04)25368667
8901,2023,03,23,18,34,臺中市,北屯區,0,0,0,8,,,50,,,,,,,,,,,,,,,23,"  ","  ","  ","  ",B03,"  ","  ",1,"  ",1,"  ","  ",23,23,1,21,"  ",B03,120.719089,24.161993,3,66000,387130000C,(04)23289100,(04)25368667
8902,2023,03,23,18,34,臺中市,太平區,0,2,0,8,2,5,50,14,9,1,5,4,5,7,4,4,5,4,5,2,16,3,2,7,1,1,C03,7,15,1,10,2,14,"  ",3,3,1,21,8,C03,120.710329,24.127361,2,66000,387130000C,(04)23289100,(04)25368667
8903,2023,03,23,18,35,臺中市,中區,0,0,0,8,,,50,,,,,,,,,,,,,,,12,"  ","  ","  ","  ",B11,"  ","  ",1,"  ",9,"  ","  ",12,"   ",1,5,"  ",B11,120.683635,24.139473,3,66000,387130000C,(04)23289100,(04)25368667
8904,2023,03,23,18,37,臺中市,南屯區,0,0,0,8,,,50,,,,,,,,,,,,,,,6,"  ","  ","  ","  ",B03,"  ","  ",1,"  ",1,"  ","  ",6,"   ",1,22,"  ",B03,120.650423,24.136421,3,66000,387130000C,(04)23289100,(04)25368667
8905,2023,03,23,18,40,臺中市,南區,0,0,0,8,3,5,50,14,7,1,5,4,5,7,4,4,1,4,5,2,13,16,3,10,1,1,C03,7,9,1,10,1,11,"  ",16,16,1,22,8,C03,120.652498,24.122127,3,66000,387130000C,(04)23289100,(04)25368667
8906,2023,03,23,18,41,臺中市,西屯區,0,0,0,8,,,50,,,,,,,,,,,,,,,7,"  ","  ","  ","  ",B03,"  ","  ",1,"  ",1,"  ","  ",7,7,1,22,"  ",B03,120.650379,24.17555,3,66000,387130000C,(04)23289100,(04)25368667
8907,2023,03,23,18,45,臺中市,霧峰區,0,1,0,8,3,5,50,3,2,1,5,4,5,7,4,4,9,5,5,2,17,42,2,9,1,1,C03,7,6,3,18,2,11,"  ",42,42,1,18,8,C03,120.71047,24.073119,2,66000,387130000C,(04)23289100,(04)25368667
8908,2023,03,23,18,45,臺中市,沙鹿區,0,1,0,8,3,5,50,4,9,1,5,4,5,7,1,1,1,3,4,1,3,23,3,10,1,1,B03,7,5,6,8,2,5,"  ",23,23,1,22,8,B03,120.560319,24.234248,2,66000,387130000C,(04)23289100,(04)25368667
8909,2023,03,23,18,46,臺中市,北屯區,0,0,0,8,,,50,,,,,,,,,,,,,,,43,"  ","  ","  ","  ","   ","  ","  ","  ","  ","  ","  ","  ",43,"   ",1,"  ","  ","   ",120.685684,24.193492,3,66000,387130000C,(04)23289100,(04)25368667
8910,2023,03,23,18,46,臺中市,北屯區,0,0,0,8,,,50,,,,,,,,,,,,,,,23,"  ","  ","  ","  ",B02,"  ","  ",1,"  ",1,"  ","  ",23,"   ",1,22,"  ",B02,120.681222,24.174397,3,66000,387130000C,(04)23289100,(04)25368667
8911,2023,03,23,18,48,臺中市,后里區,0,0,0,8,3,2,60,14,9,1,5,4,5,7,4,4,8,3,5,1,29,43,3,10,1,1,B03,7,9,1,8,2,5,2,43,43,1,3,1,B03,120.72961,24.330693,3,66000,387130000C,(04)23289100,(04)25368667
8912,2023,03,23,18,49,臺中市,西屯區,0,0,0,8,,,50,,,,,,,,,,,,,,,26,"  ","  ","  ","  ",B03,"  ","  ",1,"  ",2,"  ","  ",26,"   ",1,1,"  ",B03,120.660712,24.172391,3,66000,387130000C,(04)23289100,(04)25368667
8913,2023,03,23,18,52,臺中市,北屯區,0,0,0,8,,,50,,,,,,,,,,,,,,,23,"  ","  ","  ","  ",B03,"  ","  ",1,"  ",1,"  ","  ",23,"   ",1,21,"  ",B03,120.684733,24.201114,3,66000,387130000C,(04)23289100,(04)25368667
8914,2023,03,23,18,55,臺中市,西屯區,0,1,0,8,3,5,40,4,1,1,5,4,5,7,1,1,10,5,5,2,17,6,2,9,1,1,C03,7,6,1,10,2,12,"  ",6,6,1,21,8,C03,120.593031,24.183328,2,66000,387130000C,(04)23289100,(04)25368667
8915,2023,03,23,18,56,臺中市,南屯區,0,0,0,8,,,50,,,,,,,,,,,,,,,16,"  ","  ","  ","  ",B11,"  ","  ",1,"  ",2,"  ","  ",16,"   ",1,22,"  ",B11,120.646802,24.146809,3,66000,387130000C,(04)23289100,(04)25368667
8916,2023,03,23,18,56,臺中市,北屯區,0,0,0,8,,,50,,,,,,,,,,,,,,,16,"  ","  ","  ","  ",B03,"  ","  ",1,"  ",2,"  ","  ",16,"   ",1,21,"  ",B03,120.701707,24.181353,3,66000,387130000C,(04)23289100,(04)25368667
8917,2023,03,23,18,57,臺中市,西屯區,0,0,0,8,,,50,,,,,,,,,,,,,,,23,"  ","  ","  ","  ",C03,"  ","  ",1,"  ",1,"  ","  ",23,"   ",1,22,"  ",C03,120.646875,24.157061,3,66000,387130000C,(04)23289100,(04)25368667
8918,2023,03,23,19,2,臺中市,西屯區,0,2,0,8,1,5,50,14,9,1,5,4,5,7,4,4,9,4,5,2,13,16,2,9,1,1,C03,7,9,1,10,2,11,"  ",16,16,1,22,8,C03,120.629001,24.205009,2,66000,387130000C,(04)23289100,(04)25368667
8919,2023,03,23,19,2,臺中市,烏日區,0,1,0,8,3,5,50,4,1,1,5,4,5,7,1,1,10,5,5,2,16,10,3,10,1,1,B03,7,11,1,8,2,4,"  ",10,10,1,21,8,B03,120.604354,24.106656,2,66000,387130000C,(04)23289100,(04)25368667
8920,2023,03,23,19,4,臺中市,豐原區,0,1,0,8,3,5,50,3,18,1,5,4,5,7,2,1,5,5,4,2,3,23,3,10,1,1,C03,7,9,1,11,2,11,"  ",23,23,1,22,8,C03,120.726348,24.242412,2,66000,387130000C,(04)23289100,(04)25368667
8921,2023,03,23,19,5,臺中市,大里區,0,0,0,8,,,50,,,,,,,,,,,,,,,6,"  ","  ","  ","  ",C03,"  ","  ",1,"  ",2,"  ","  ",6,"   ",1,16,"  ",C03,120.702608,24.084435,3,66000,387130000C,(04)23289100,(04)25368667
8922,2023,03,23,19,9,臺中市,霧峰區,0,1,0,8,4,5,50,3,1,1,5,4,5,7,1,1,10,5,5,2,16,3,2,9,1,1,C03,7,8,1,10,2,12,"  ",3,3,1,3,8,C03,120.691926,24.042729,2,66000,387130000C,(04)23289100,(04)25368667
8923,2023,03,23,19,10,臺中市,后里區,0,2,0,8,3,5,50,14,9,1,5,4,5,7,4,4,9,5,5,1,13,23,2,8,1,1,C03,7,9,1,10,2,11,"  ",23,23,1,18,2,C03,120.712937,24.303819,2,66000,387130000C,(04)23289100,(04)25368667
8924,2023,03,23,19,11,臺中市,太平區,0,1,0,8,3,5,50,14,9,1,5,4,5,7,4,4,5,5,5,1,16,19,3,10,1,1,C03,7,1,4,8,2,14,"  ",19,19,1,20,8,C03,120.703278,24.111273,2,66000,387130000C,(04)23289100,(04)25368667
8925,2023,03,23,19,14,臺中市,東區,0,0,0,8,,,50,,,,,,,,,,,,,,,25,"  ","  ","  ","  ",B03,"  ","  ",1,"  ",2,"  ","  ",25,"   ",1,5,"  ",B03,120.69451,24.142756,3,66000,387130000C,(04)23289100,(04)25368667
8926,2023,03,23,19,18,臺中市,沙鹿區,0,1,0,8,3,5,50,5,1,1,5,4,5,7,2,1,10,5,5,2,17,25,3,10,1,1,B12,7,9,1,8,2,6,"  ",25,25,1,21,9,B12,120.569563,24.237414,2,66000,387130000C,(04)23289100,(04)25368667
8927,2023,03,23,19,20,臺中市,南屯區,0,0,0,8,1,5,50,14,9,1,5,4,5,7,4,4,9,5,5,2,12,18,"  ","  ","  ","  ",B03,"  ","  ",1,"  ",2,"  ","  ",18,"   ",1,5,"  ",B03,120.611,24.14038,3,66000,387130000C,(04)23289100,(04)25368667
8928,2023,03,23,19,21,臺中市,大里區,0,1,0,8,3,5,50,5,1,1,5,4,5,7,1,1,10,5,5,1,16,9,3,10,1,1,B03,7,6,1,8,2,5,"  ",9,9,1,5,8,B03,120.689958,24.11283,2,66000,387130000C,(04)23289100,(04)25368667
8929,2023,03,23,19,23,臺中市,龍井區,0,0,0,8,,,50,,,,,,,,,,,,,,,44,"  ","  ","  ","  ",B02,"  ","  ",1,"  ",2,"  ","  ",44,"   ",1,5,"  ",B02,120.551453,24.213524,3,66000,387130000C,(04)23289100,(04)25368667
8930,2023,03,23,19,28,臺中市,北屯區,0,2,0,8,3,5,50,14,9,1,5,4,5,7,4,4,1,4,5,2,13,16,2,9,1,1,C03,7,9,1,10,2,11,"  ",16,16,1,18,8,C03,120.680077,24.17275,2,66000,387130000C,(04)23289100,(04)25368667
8931,2023,03,23,19,29,臺中市,南區,0,1,0,8,3,5,50,14,8,1,5,4,5,7,4,4,1,4,4,2,12,19,3,10,1,1,B03,7,1,1,8,2,8,"  ",19,19,1,19,8,B03,120.657021,24.113648,2,66000,387130000C,(04)23289100,(04)25368667
8932,2023,03,23,19,30,臺中市,潭子區,0,0,0,8,,,60,,,,,,,,,,,,,,,26,"  ","  ","  ","  ",B03,"  ","  ",1,"  ",2,"  ","  ",26,26,1,22,"  ",B03,120.702514,24.193999,3,66000,387130000C,(04)23289100,(04)25368667
8933,2023,03,23,19,31,臺中市,龍井區,0,1,0,8,3,5,50,3,1,1,5,4,5,7,4,4,9,5,5,2,12,42,3,10,1,1,B03,7,9,1,8,2,2,"  ",42,42,1,21,1,B03,120.583863,24.18161,2,66000,387130000C,(04)23289100,(04)25368667
8934,2023,03,23,19,33,臺中市,北屯區,0,2,0,8,3,5,50,4,1,1,5,4,5,7,1,1,10,5,5,2,16,6,2,9,1,1,C03,7,5,1,10,2,11,"  ",6,6,1,19,8,C03,120.705738,24.1648,2,66000,387130000C,(04)23289100,(04)25368667
8935,2023,03,23,19,35,臺中市,大里區,0,0,0,8,,,50,,,,,,,,,,,,,,,26,"  ","  ","  ","  ",B02,"  ","  ",1,"  ",2,"  ","  ",26,26,1,5,"  ",B02,120.676438,24.085639,3,66000,387130000C,(04)23289100,(04)25368667
8936,2023,03,23,19,37,臺中市,西區,0,1,0,8,3,5,50,3,1,1,5,4,5,7,4,4,10,5,5,2,13,23,2,9,1,1,C03,7,9,1,10,2,11,"  ",23,23,1,4,7,C03,120.663378,24.160158,2,66000,387130000C,(04)23289100,(04)25368667
8937,2023,03,23,19,45,臺中市,北屯區,0,2,0,8,3,5,30,4,1,1,5,4,5,7,4,4,10,5,5,2,15,6,2,9,1,1,C03,7,9,1,10,2,11,"  ",6,6,1,22,8,C03,120.690049,24.164349,2,66000,387130000C,(04)23289100,(04)25368667
8938,2023,03,23,19,46,臺中市,北屯區,0,0,0,8,,,50,,,,,,,,,,,,,,,23,"  ","  ","  ","  ",B03,"  ","  ",1,"  ",1,"  ","  ",23,"   ",1,21,"  ",B03,120.691711,24.162494,3,66000,387130000C,(04)23289100,(04)25368667
8939,2023,03,23,19,49,臺中市,北屯區,0,1,0,8,3,5,50,5,1,1,5,4,5,7,1,1,10,5,5,2,16,6,2,9,1,1,C03,7,5,1,10,2,12,"  ",6,6,1,21,8,C03,120.667346,24.179765,2,66000,387130000C,(04)23289100,(04)25368667
8940,2023,03,23,20,9,臺中市,南區,0,3,0,8,1,5,50,14,7,1,5,4,5,7,4,4,5,5,4,2,3,51,2,9,4,5,H01,8,16,8,20,10,16,"  ",51,51,1,22,8,H01,120.652549,24.114402,2,66000,387130000C,(04)23289100,(04)25368667
8941,2023,03,23,20,22,臺中市,西屯區,0,2,0,8,2,5,40,4,1,1,5,4,5,7,1,1,1,4,1,2,16,44,2,9,1,3,C03,7,6,1,10,2,12,"  ",44,6,1,22,4,C03,120.646296,24.1648,2,66000,387130000C,(04)23289100,(04)25368667
8942,2023,03,23,20,31,臺中市,大里區,0,1,0,8,3,5,50,14,13,1,5,4,5,7,2,1,1,4,4,1,13,22,2,8,1,1,C03,7,9,1,10,2,12,"  ",22,22,1,5,8,C03,120.681488,24.104588,2,66000,387130000C,(04)23289100,(04)25368667
8943,2023,03,23,20,34,臺中市,大里區,0,1,0,8,3,5,50,14,9,1,5,4,5,7,4,4,9,4,5,1,17,27,3,10,1,1,B03,7,3,1,8,2,15,"  ",27,27,1,12,8,B03,120.711282,24.09125,2,66000,387130000C,(04)23289100,(04)25368667
8944,2023,03,23,20,35,臺中市,豐原區,0,0,0,8,,,50,,,,,,,,,,,,,,,25,"  ","  ","  ","  ",B02,"  ","  ",1,"  ",2,"  ","  ",25,"   ",1,21,"  ",B02,120.722338,24.27753,3,66000,387130000C,(04)23289100,(04)25368667
8945,2023,03,23,20,36,臺中市,西屯區,0,1,0,8,3,5,40,14,8,1,5,4,5,7,4,4,1,4,1,1,17,7,2,9,1,1,C03,7,7,1,10,2,15,"  ",7,7,1,1,9,C03,120.65709,24.159314,2,66000,387130000C,(04)23289100,(04)25368667
8946,2023,03,23,20,37,臺中市,西屯區,0,2,0,8,2,5,50,4,1,1,5,4,5,7,1,1,3,4,4,2,13,16,2,9,1,1,C03,7,9,1,10,2,11,"  ",16,16,1,22,8,C03,120.627216,24.181051,2,66000,387130000C,(04)23289100,(04)25368667
8947,2023,03,23,20,41,臺中市,北區,0,1,0,8,3,5,50,4,1,1,5,4,5,7,4,4,10,5,5,2,16,8,3,10,1,1,C03,7,5,1,10,2,12,"  ",8,8,1,5,8,C03,120.67673,24.146203,2,66000,387130000C,(04)23289100,(04)25368667
8948,2023,03,23,20,47,臺中市,太平區,0,1,0,8,3,5,50,3,2,1,5,4,5,7,3,1,5,4,5,2,12,7,3,10,1,1,B12,7,7,1,8,2,7,"  ",7,7,1,22,8,B12,120.722229,24.149282,2,66000,387130000C,(04)23289100,(04)25368667
8949,2023,03,23,20,49,臺中市,大里區,0,1,0,8,3,5,50,14,9,1,5,4,5,7,4,4,5,5,5,2,18,23,2,9,1,1,F03,7,9,8,20,5,16,"  ",23,23,1,5,8,F03,120.703946,24.109513,2,66000,387130000C,(04)23289100,(04)25368667
8950,2023,03,23,20,50,臺中市,西屯區,0,1,0,8,3,5,50,4,1,1,5,4,5,7,1,1,5,4,5,2,17,23,2,9,1,1,C03,7,9,1,10,2,11,"  ",23,23,1,21,8,C03,120.645191,24.178645,2,66000,387130000C,(04)23289100,(04)25368667
8951,2023,03,23,20,51,臺中市,大雅區,0,1,0,8,4,5,50,14,9,1,5,4,5,7,4,4,9,5,5,1,16,19,2,9,1,1,C03,7,9,1,10,2,11,"  ",23,19,1,22,9,C03,120.675239,24.233598,2,66000,387130000C,(04)23289100,(04)25368667
8952,2023,03,23,20,56,臺中市,神岡區,0,1,0,8,3,5,50,15,9,1,5,4,5,7,4,4,5,4,4,2,17,26,2,9,1,1,C03,7,11,1,10,2,12,"  ",26,26,1,22,8,C03,120.679391,24.249114,2,66000,387130000C,(04)23289100,(04)25368667
8953,2023,03,23,20,58,臺中市,北屯區,0,1,0,8,3,5,50,3,1,1,5,4,5,7,1,1,10,5,5,2,17,7,3,10,1,1,B03,7,8,1,8,2,3,"  ",7,7,1,21,8,B03,120.661134,24.190596,2,66000,387130000C,(04)23289100,(04)25368667
8954,2023,03,23,21,0,臺中市,南區,0,0,0,8,3,5,50,14,7,1,5,4,5,7,4,4,5,5,5,2,17,42,3,10,1,1,B12,7,9,1,8,2,2,"  ",42,42,1,22,8,B12,120.657131,24.112412,3,66000,387130000C,(04)23289100,(04)25368667
8955,2023,03,23,21,0,臺中市,南屯區,0,0,0,8,,,50,,,,,,,,,,,,,,,23,"  ","  ","  ","  ",B03,"  ","  ",1,"  ",11,"  ","  ",23,23,2,22,"  ",B03,120.652951,24.151521,3,66000,387130000C,(04)23289100,(04)25368667
8956,2023,03,23,21,0,臺中市,沙鹿區,0,1,0,8,3,5,50,14,9,1,5,4,5,7,4,4,1,3,4,1,18,43,2,9,1,1,C03,7,9,3,18,2,14,"  ",43,43,1,22,8,C03,120.560397,24.239513,2,66000,387130000C,(04)23289100,(04)25368667
8957,2023,03,23,21,4,臺中市,北屯區,0,0,0,8,,,50,,,,,,,,,,,,,,,42,"  ","  ","  ","  ",C03,"  ","  ",1,"  ",1,"  ","  ",42,"   ",1,21,"  ",C03,120.691333,24.170501,3,66000,387130000C,(04)23289100,(04)25368667
8958,2023,03,23,21,4,臺中市,太平區,0,1,0,8,3,5,30,4,1,1,5,4,5,7,4,4,10,5,5,2,15,6,3,10,1,1,C03,7,9,1,10,2,12,"  ",6,6,1,21,8,C03,120.724432,24.143982,2,66000,387130000C,(04)23289100,(04)25368667
8959,2023,03,23,21,5,臺中市,北屯區,0,1,0,8,3,5,50,4,2,1,5,4,5,7,1,1,5,4,4,2,16,23,2,9,1,1,C03,7,9,1,10,2,11,"  ",23,23,1,22,8,C03,120.693047,24.170367,2,66000,387130000C,(04)23289100,(04)25368667
8960,2023,03,23,21,9,臺中市,南屯區,0,2,0,8,3,5,50,14,9,1,5,4,5,7,4,4,1,4,5,2,17,42,2,9,1,1,B03,7,9,1,4,2,5,"  ",42,42,1,22,8,B03,120.631323,24.146226,2,66000,387130000C,(04)23289100,(04)25368667
8961,2023,03,23,21,11,臺中市,豐原區,0,1,0,8,3,5,60,14,7,1,5,4,5,7,4,4,1,4,4,2,12,17,3,10,1,1,B03,7,9,1,8,2,2,"  ",17,17,1,22,8,B03,120.72453,24.235965,2,66000,387130000C,(04)23289100,(04)25368667
8962,2023,03,23,21,14,臺中市,沙鹿區,0,0,0,,,,60,,,,,,,,,,,,,,,23,"  ","  ","  ","  ",B03,"  ","  ",1,"  ",2,"  ","  ",23,"   ",1,5,"  ",B03,120.575738,24.227118,3,66000,387130000C,(04)23289100,(04)25368667
8963,2023,03,23,21,15,臺中市,烏日區,0,0,0,8,,,50,,,,,,,,,,,,,,,6,"  ","  ","  ","  ",B03,"  ","  ",1,"  ",2,"  ","  ",6,"   ",1,21,"  ",B03,120.616844,24.116186,3,66000,387130000C,(04)23289100,(04)25368667
8964,2023,03,23,21,20,臺中市,沙鹿區,0,0,0,8,3,5,50,3,9,1,5,4,5,7,4,4,4,3,4,2,12,19,"  ","  ","  ","  ",B03,"  ","  ",1,"  ",2,"  ","  ",19,"   ",1,22,"  ",B03,120.570585,24.237779,3,66000,387130000C,(04)23289100,(04)25368667
8965,2023,03,23,21,27,臺中市,太平區,0,0,0,8,,,30,,,,,,,,,,,,,,,43,"  ","  ","  ","  ","   ","  ","  ","  ","  ","  ","  ","  ",43,"   ",1,"  ","  ","   ",120.723861,24.129727,3,66000,387130000C,(04)23289100,(04)25368667
8966,2023,03,23,21,30,臺中市,南屯區,0,1,0,8,3,5,50,14,9,1,5,4,5,7,4,4,9,5,5,2,17,7,3,10,1,1,B03,7,7,1,8,2,4,"  ",7,7,1,22,8,B03,120.651001,24.141806,2,66000,387130000C,(04)23289100,(04)25368667
8967,2023,03,23,21,30,臺中市,霧峰區,0,2,0,8,3,5,50,11,8,1,5,4,5,7,4,4,5,4,4,1,18,42,2,9,3,4,C03,7,9,1,10,2,14,"  ",42,42,1,18,8,C03,120.683386,24.051593,2,66000,387130000C,(04)23289100,(04)25368667