序號,年,月,日,時,分,縣市,區,死亡數量,受傷數量,2-30,天候,光線,道路類別,速限_速度(公里),道路型態,事故位置,路面鋪裝,路面狀態,路面缺陷,障礙物,視距,號誌種類,號誌動作,分向設施,快車道或一般車道間,快慢車道間,路面邊線,事故類型及型態,主要肇因,受傷程度,主要傷處,保護裝備,行動電話,當事者區分,車輛用途,當事者行動狀態,駕駛資格情形,駕駛執照種類,飲酒情形,車輛撞擊部位最初,車輛撞擊部位其他,肇事因素個別,肇事因素主要,肇事逃逸,職業,旅次目的,車種,GPS座標X,GPS座標Y,事故類別,縣市別代碼,機關代碼,市話,傳真
8968,2023,03,23,21,32,臺中市,大里區,0,1,0,8,3,5,50,4,1,1,5,4,5,7,2,1,5,5,5,1,16,6,2,9,1,1,C03,7,5,3,18,2,12,"  ",6,6,1,20,8,C03,120.701911,24.110928,2,66000,387130000C,(04)23289100,(04)25368667
8969,2023,03,23,21,50,臺中市,西屯區,0,1,0,8,3,5,40,14,8,1,5,4,5,7,4,4,10,5,5,2,16,42,2,1,1,1,B03,7,9,1,8,2,1,"  ",42,42,1,4,8,B03,120.63582,24.160478,2,66000,387130000C,(04)23289100,(04)25368667
8970,2023,03,23,21,56,臺中市,南區,0,2,0,8,3,5,50,14,9,1,5,4,5,7,4,4,7,5,5,2,16,18,3,10,3,4,C03,7,3,1,10,2,12,"  ",18,18,1,5,8,C03,120.664434,24.115445,2,66000,387130000C,(04)23289100,(04)25368667
8971,2023,03,23,21,58,臺中市,梧棲區,0,0,0,8,,,50,,,,,,,,,,,,,,,23,"  ","  ","  ","  ",C03,"  ","  ",1,"  ",2,"  ","  ",23,"   ",1,18,"  ",C03,120.532806,24.259976,3,66000,387130000C,(04)23289100,(04)25368667
8972,2023,03,23,22,3,臺中市,西屯區,0,0,0,8,,,1,,,,,,,,,,,,,,,26,"  ","  ","  ","  ",B12,"  ","  ",1,"  ",1,"  ","  ",26,"   ",1,22,"  ",B12,120.651989,24.206185,3,66000,387130000C,(04)23289100,(04)25368667
8973,2023,03,23,22,6,臺中市,北區,0,0,0,8,,,50,,,,,,,,,,,,,,,19,"  ","  ","  ","  ",B03,"  ","  ",1,"  ",2,"  ","  ",19,"   ",1,22,"  ",B03,120.68359,24.168439,3,66000,387130000C,(04)23289100,(04)25368667
8974,2023,03,23,22,18,臺中市,南區,0,0,0,,,,50,,,,,,,,,,,,,,,42,"  ","  ","  ","  ",F01,"  ","  ",1,"  ",2,"  ","  ",42,"   ",1,22,"  ",F01,120.656383,24.12493,3,66000,387130000C,(04)23289100,(04)25368667
8975,2023,03,23,22,20,臺中市,太平區,0,1,0,8,3,5,50,4,1,1,5,4,5,7,1,1,10,5,5,2,13,23,3,10,1,1,B03,7,9,1,8,2,8,"  ",23,23,1,22,8,B03,120.701774,24.110936,2,66000,387130000C,(04)23289100,(04)25368667
8976,2023,03,23,22,22,臺中市,西屯區,0,2,0,8,3,5,50,4,1,1,5,4,5,7,2,1,5,4,4,1,3,15,3,10,1,1,B01,7,5,1,4,2,8,"  ",15,15,1,1,9,B01,120.637283,24.173182,2,66000,387130000C,(04)23289100,(04)25368667
8977,2023,03,23,22,39,臺中市,北屯區,0,0,0,8,,,50,,,,,,,,,,,,,,,7,"  ","  ","  ","  ",B03,"  ","  ",1,"  ",1,"  ","  ",7,"   ",1,22,"  ",B03,120.699225,24.165361,3,66000,387130000C,(04)23289100,(04)25368667
8978,2023,03,23,22,45,臺中市,大安區,0,4,0,8,3,5,50,4,1,1,5,4,5,7,3,1,10,5,5,2,15,6,2,9,1,1,B03,7,9,1,8,2,2,"  ",6,6,1,22,9,B03,120.602822,24.391728,2,66000,387130000C,(04)23289100,(04)25368667
8979,2023,03,23,23,4,臺中市,西屯區,0,1,0,8,3,5,40,14,8,1,5,4,5,7,4,4,1,5,1,2,18,42,2,9,3,4,C03,7,9,1,10,2,12,"  ",42,42,1,22,8,C03,120.608588,24.184005,2,66000,387130000C,(04)23289100,(04)25368667
8980,2023,03,23,23,19,臺中市,龍井區,0,0,0,8,,,30,,,,,,,,,,,,,,,12,"  ","  ","  ","  ",B03,"  ","  ",1,"  ",11,"  ","  ",44,12,1,22,"  ",B03,120.595048,24.188656,3,66000,387130000C,(04)23289100,(04)25368667
8981,2023,03,23,23,34,臺中市,西屯區,0,0,0,8,,,50,,,,,,,,,,,,,,,17,"  ","  ","  ","  ",B03,"  ","  ",1,"  ",2,"  ","  ",17,"   ",1,22,"  ",B03,120.653125,24.176143,3,66000,387130000C,(04)23289100,(04)25368667
8982,2023,03,23,23,42,臺中市,南屯區,0,1,0,8,3,5,50,14,9,1,5,2,5,7,4,4,1,4,4,2,18,13,2,9,1,1,C03,7,9,1,10,2,15,"  ",13,13,1,20,9,C03,120.631816,24.150896,2,66000,387130000C,(04)23289100,(04)25368667
8983,2023,03,23,23,51,臺中市,太平區,0,0,0,8,,,30,,,,,,,,,,,,,,,30,"  ","  ","  ","  ",B12,"  ","  ",1,"  ",2,"  ","  ",30,30,1,21,"  ",B12,120.736073,24.112513,3,66000,387130000C,(04)23289100,(04)25368667
8984,2023,03,24,0,0,臺中市,西屯區,0,2,0,8,3,5,40,14,8,1,5,4,5,7,4,4,5,5,4,2,16,6,2,8,3,4,C03,7,6,1,10,2,12,"  ",6,6,1,22,8,C03,120.657898,24.163326,2,66000,387130000C,(04)23289100,(04)25368667
8985,2023,03,24,0,2,臺中市,西屯區,0,3,0,8,3,5,50,14,9,1,5,4,5,7,4,4,1,4,5,2,13,23,2,9,3,4,C03,7,9,1,10,2,11,"  ",23,23,1,22,8,C03,120.651813,24.18091,2,66000,387130000C,(04)23289100,(04)25368667
8986,2023,03,24,0,9,臺中市,大安區,0,1,0,8,3,5,50,4,1,1,5,4,5,7,3,1,10,5,5,2,15,6,3,10,1,1,B03,7,9,5,8,2,6,"  ",6,6,1,22,9,B03,120.602055,24.37405,2,66000,387130000C,(04)23289100,(04)25368667
8987,2023,03,24,0,35,臺中市,北屯區,0,3,0,8,3,5,50,4,1,1,5,4,5,7,2,1,10,4,5,2,16,23,2,8,1,1,C03,7,9,1,10,2,11,"  ",23,23,1,21,8,C03,120.682031,24.179288,2,66000,387130000C,(04)23289100,(04)25368667
8988,2023,03,24,2,48,臺中市,西區,0,2,0,8,3,5,50,4,1,1,5,4,5,7,1,1,10,5,5,2,18,42,2,9,1,1,C03,7,9,1,10,2,12,"  ",42,42,1,18,8,C03,120.675855,24.133176,2,66000,387130000C,(04)23289100,(04)25368667
8989,2023,03,24,3,10,臺中市,南屯區,0,1,0,8,3,5,30,4,1,1,5,4,5,7,4,4,10,5,5,2,15,6,2,8,1,1,C03,7,9,1,10,2,12,"  ",6,6,1,5,8,C03,120.642615,24.145497,2,66000,387130000C,(04)23289100,(04)25368667
8990,2023,03,24,3,50,臺中市,北區,0,0,0,8,,,40,,,,,,,,,,,,,,,12,"  ","  ","  ","  ",B12,"  ","  ",1,"  ",2,"  ","  ",12,"   ",1,22,"  ",B12,120.685872,24.147663,3,66000,387130000C,(04)23289100,(04)25368667
8991,2023,03,24,4,53,臺中市,西屯區,0,0,0,8,,,50,,,,,,,,,,,,,,,23,"  ","  ","  ","  ",C03,"  ","  ",1,"  ",2,"  ","  ",23,"   ",1,22,"  ",C03,120.65945,24.175633,3,66000,387130000C,(04)23289100,(04)25368667
8992,2023,03,24,5,20,臺中市,大雅區,0,1,0,8,2,5,30,4,1,1,5,4,5,7,4,4,10,5,5,2,17,23,2,9,1,1,C03,7,9,1,10,2,14,"  ",23,23,1,22,9,C03,120.63957,24.205665,2,66000,387130000C,(04)23289100,(04)25368667
8993,2023,03,24,5,29,臺中市,豐原區,0,1,0,8,3,5,30,5,2,1,5,4,5,7,3,1,10,5,5,2,11,17,3,10,1,1,B03,7,5,1,8,2,4,"  ",17,17,1,22,8,B03,120.706005,24.242725,2,66000,387130000C,(04)23289100,(04)25368667
8994,2023,03,24,6,21,臺中市,太平區,0,1,0,8,1,5,50,14,7,1,5,4,5,7,4,4,5,5,5,1,17,26,3,10,1,1,B03,7,1,1,8,2,7,"  ",26,26,1,21,8,B03,120.733631,24.157243,2,66000,387130000C,(04)23289100,(04)25368667
8995,2023,03,24,6,37,臺中市,東區,0,1,0,8,1,5,50,4,1,1,5,4,5,7,1,1,10,5,5,2,12,23,3,10,3,4,B03,7,4,1,8,2,5,"  ",23,23,2,5,8,B03,120.692395,24.139415,2,66000,387130000C,(04)23289100,(04)25368667
8996,2023,03,24,6,44,臺中市,北區,0,2,0,8,1,5,50,4,1,1,5,4,5,7,2,1,5,5,4,2,16,8,2,9,1,1,C03,7,5,4,10,2,14,"  ",8,8,1,22,8,C03,120.666318,24.159226,2,66000,387130000C,(04)23289100,(04)25368667
8997,2023,03,24,6,46,臺中市,潭子區,0,0,0,8,,,50,,,,,,,,,,,,,,,43,"  ","  ","  ","  ",B03,"  ","  ",3,"  ",2,"  ","  ",43,"   ",1,21,"  ",B03,120.710407,24.213188,3,66000,387130000C,(04)23289100,(04)25368667
8998,2023,03,24,6,48,臺中市,梧棲區,0,1,0,8,1,5,50,14,7,1,5,4,5,7,4,4,5,4,5,2,16,10,3,10,1,1,B03,7,11,1,8,2,4,"  ",10,10,1,5,8,B03,120.532441,24.259358,2,66000,387130000C,(04)23289100,(04)25368667
8999,2023,03,24,7,3,臺中市,大雅區,0,0,0,8,,,50,,,,,,,,,,,,,,,23,"  ","  ","  ","  ",B03,"  ","  ",1,"  ",2,"  ","  ",23,"   ",1,22,"  ",B03,120.633312,24.23251,3,66000,387130000C,(04)23289100,(04)25368667
9000,2023,03,24,7,8,臺中市,西屯區,0,0,0,8,,,30,,,,,,,,,,,,,,,12,"  ","  ","  ","  ",B03,"  ","  ",1,"  ",2,"  ","  ",12,12,1,22,"  ",B03,120.648336,24.182416,3,66000,387130000C,(04)23289100,(04)25368667
9001,2023,03,24,7,9,臺中市,豐原區,0,2,0,8,1,5,60,4,1,1,5,4,5,7,1,1,10,5,5,2,17,6,2,7,1,1,C03,7,5,1,10,2,13,"  ",6,6,1,21,8,C03,120.703123,24.249458,2,66000,387130000C,(04)23289100,(04)25368667
9002,2023,03,24,7,10,臺中市,東勢區,0,0,0,8,1,5,50,3,9,1,5,4,5,7,4,4,10,5,5,2,17,6,"  ","  ","  ","  ",B03,"  ","  ",1,"  ",2,"  ","  ",6,"   ",1,22,"  ",B03,120.857844,24.231365,3,66000,387130000C,(04)23289100,(04)25368667
9003,2023,03,24,7,11,臺中市,西屯區,0,0,0,8,,,5,,,,,,,,,,,,,,,7,"  ","  ","  ","  ",B03,"  ","  ",1,"  ",2,"  ","  ",7,"   ",1,22,"  ",B03,120.609081,24.184458,3,66000,387130000C,(04)23289100,(04)25368667
9004,2023,03,24,7,11,臺中市,霧峰區,0,0,0,8,,,50,,,,,,,,,,,,,,,25,"  ","  ","  ","  ",C03,"  ","  ",1,"  ",2,"  ","  ",25,"   ",1,22,"  ",C03,120.696627,24.070157,4,66000,387130000C,(04)23289100,(04)25368667
9005,2023,03,24,7,12,臺中市,北屯區,0,1,0,8,1,5,50,14,9,1,5,4,5,7,4,4,1,4,5,2,29,42,2,9,1,1,C03,7,9,1,10,2,11,"  ",42,42,1,22,1,C03,120.66009,24.19259,2,66000,387130000C,(04)23289100,(04)25368667
9006,2023,03,24,7,12,臺中市,大里區,0,2,0,8,1,5,30,3,1,1,5,4,5,7,4,4,10,5,5,2,16,6,2,9,3,4,F01,7,1,8,20,1,16,"  ",6,6,1,15,8,F01,120.693347,24.09228,2,66000,387130000C,(04)23289100,(04)25368667
9007,2023,03,24,7,19,臺中市,太平區,0,3,0,8,1,5,50,4,1,1,5,4,5,7,4,4,10,5,5,2,15,6,2,9,1,1,C03,7,9,1,10,2,11,"  ",6,6,1,9,2,C03,120.720237,24.11579,2,66000,387130000C,(04)23289100,(04)25368667
9008,2023,03,24,7,21,臺中市,西屯區,0,1,0,8,1,5,50,3,1,1,5,4,5,7,4,4,10,5,5,2,3,8,3,10,1,4,B03,7,5,2,18,2,5,"  ",8,8,2,22,8,B03,120.648127,24.169515,2,66000,387130000C,(04)23289100,(04)25368667
9009,2023,03,24,7,22,臺中市,沙鹿區,0,0,0,8,,,30,,,,,,,,,,,,,,,17,"  ","  ","  ","  ",B12,"  ","  ",1,"  ",2,"  ","  ",17,"   ",1,22,"  ",B12,120.565877,24.241724,3,66000,387130000C,(04)23289100,(04)25368667
9010,2023,03,24,7,23,臺中市,南屯區,0,1,0,8,1,5,50,14,9,1,5,4,5,7,4,4,1,4,5,2,13,23,2,9,1,1,C03,7,9,1,10,4,11,12,23,23,1,5,1,C03,120.646541,24.128135,2,66000,387130000C,(04)23289100,(04)25368667
9011,2023,03,24,7,24,臺中市,霧峰區,0,1,0,8,1,5,50,14,9,1,5,4,5,7,4,4,9,4,5,1,16,10,3,10,1,1,B12,7,11,1,8,2,4,"  ",10,10,1,1,9,B12,120.737679,24.06303,2,66000,387130000C,(04)23289100,(04)25368667
9012,2023,03,24,7,24,臺中市,神岡區,0,1,0,8,1,5,50,3,1,1,5,3,5,3,4,4,10,5,5,2,16,6,3,10,3,4,B03,7,5,1,8,2,8,"  ",6,6,1,22,9,B03,120.698849,24.251042,2,66000,387130000C,(04)23289100,(04)25368667
9013,2023,03,24,7,25,臺中市,龍井區,0,0,0,8,,,50,,,,,,,,,,,,,,,23,"  ","  ","  ","  ",B03,"  ","  ",1,"  ",2,"  ","  ",23,"   ",1,9,"  ",B03,120.522515,24.18251,3,66000,387130000C,(04)23289100,(04)25368667
9014,2023,03,24,7,26,臺中市,西屯區,0,1,0,8,1,5,40,14,8,1,5,4,5,7,4,4,1,4,3,2,13,16,2,9,1,1,C03,7,9,1,10,2,11,"  ",16,16,1,22,8,C03,120.612834,24.184103,2,66000,387130000C,(04)23289100,(04)25368667
9015,2023,03,24,7,30,臺中市,北屯區,0,1,0,8,1,5,50,4,1,1,5,4,5,7,4,4,10,5,5,2,17,6,2,9,1,1,C03,7,9,1,10,2,12,"  ",23,6,1,21,8,C03,120.724497,24.167451,2,66000,387130000C,(04)23289100,(04)25368667
9016,2023,03,24,7,30,臺中市,西屯區,0,1,0,8,1,5,50,14,9,1,5,4,5,7,4,4,9,4,5,2,12,8,3,10,1,1,B03,7,5,1,8,2,8,"  ",8,8,1,12,8,B03,120.644738,24.18374,2,66000,387130000C,(04)23289100,(04)25368667
9017,2023,03,24,7,30,臺中市,太平區,0,1,0,8,1,5,50,15,22,4,5,4,5,7,1,1,10,5,5,2,17,23,2,8,1,1,C03,7,5,1,10,2,11,"  ",23,23,1,22,5,C03,120.71788,24.128576,2,66000,387130000C,(04)23289100,(04)25368667
9018,2023,03,24,7,35,臺中市,東區,0,1,0,8,1,5,50,4,7,1,5,4,5,7,1,1,5,4,4,2,17,26,3,10,1,1,B03,7,15,1,8,2,1,"  ",26,26,1,21,8,B03,120.699351,24.146853,2,66000,387130000C,(04)23289100,(04)25368667
9019,2023,03,24,7,39,臺中市,西屯區,0,0,0,,,,40,,,,,,,,,,,,,,,17,"  ","  ","  ","  ",B03,"  ","  ",1,"  ",1,"  ","  ",17,"   ",1,22,"  ",B03,120.613631,24.183681,3,66000,387130000C,(04)23289100,(04)25368667
9020,2023,03,24,7,40,臺中市,潭子區,0,0,0,8,,,50,,,,,,,,,,,,,,,51,"  ","  ","  ","  ",H01,"  ","  ",8,"  ",10,"  ","  ",51,"   ",1,22,"  ",H01,120.690555,24.215108,3,66000,387130000C,(04)23289100,(04)25368667
9021,2023,03,24,7,40,臺中市,大里區,0,0,0,8,,,50,,,,,,,,,,,,,,,16,"  ","  ","  ","  ",C03,"  ","  ",1,"  ",2,"  ","  ",16,"   ",1,19,"  ",C03,120.695013,24.111425,3,66000,387130000C,(04)23289100,(04)25368667
9022,2023,03,24,7,41,臺中市,北屯區,0,2,0,8,1,5,50,4,1,1,5,4,5,7,2,1,10,5,5,2,16,8,2,9,1,1,C03,7,5,1,10,2,11,"  ",8,8,1,22,8,C03,120.683406,24.170992,2,66000,387130000C,(04)23289100,(04)25368667
9023,2023,03,24,7,44,臺中市,太平區,0,2,0,8,1,5,50,4,1,1,5,4,5,7,1,1,10,5,5,2,16,25,2,7,1,1,C03,7,5,1,10,2,14,"  ",25,25,1,9,8,C03,120.710929,24.151197,2,66000,387130000C,(04)23289100,(04)25368667
9024,2023,03,24,7,45,臺中市,南區,0,1,0,8,1,5,50,4,2,1,5,4,5,7,1,1,5,4,5,2,17,19,3,10,1,1,B03,7,1,1,8,2,4,"  ",19,19,1,22,8,B03,120.665754,24.116808,2,66000,387130000C,(04)23289100,(04)25368667
9025,2023,03,24,7,45,臺中市,南屯區,0,1,0,8,1,5,50,4,1,1,5,4,5,7,1,1,10,5,5,2,16,23,2,7,3,4,C03,7,5,1,10,1,12,"  ",23,23,1,12,8,C03,120.653025,24.138904,2,66000,387130000C,(04)23289100,(04)25368667
9026,2023,03,24,7,45,臺中市,西屯區,0,3,0,8,1,5,50,4,1,1,5,4,5,7,4,4,10,5,5,2,13,26,2,9,1,1,C03,7,11,1,10,2,13,"  ",26,26,1,22,8,C03,120.593833,24.177404,2,66000,387130000C,(04)23289100,(04)25368667
9027,2023,03,24,7,48,臺中市,北區,0,1,0,8,1,5,50,4,1,1,5,4,5,7,1,1,5,5,5,2,16,23,3,10,1,1,C03,7,5,1,10,2,12,"  ",23,23,1,21,8,C03,120.696032,24.161048,2,66000,387130000C,(04)23289100,(04)25368667
9028,2023,03,24,7,48,臺中市,東區,0,0,0,8,1,5,50,5,1,1,5,4,5,7,1,1,10,5,5,2,12,23,3,10,1,1,A11,7,9,1,2,2,5,"  ",23,23,1,10,8,A11,120.701008,24.144601,3,66000,387130000C,(04)23289100,(04)25368667
9029,2023,03,24,7,48,臺中市,西屯區,0,2,0,8,1,5,50,14,9,1,5,4,5,7,4,4,9,4,5,2,16,6,2,8,1,1,C03,7,5,1,10,2,12,"  ",6,6,1,22,8,C03,120.611383,24.199431,2,66000,387130000C,(04)23289100,(04)25368667
9030,2023,03,24,7,50,臺中市,南區,0,0,0,8,,,50,,,,,,,,,,,,,,,7,"  ","  ","  ","  ",B03,"  ","  ",1,"  ",1,"  ","  ",7,"   ",1,22,"  ",B03,120.669902,24.125925,3,66000,387130000C,(04)23289100,(04)25368667
9031,2023,03,24,7,50,臺中市,霧峰區,0,1,0,8,1,5,70,14,7,1,5,4,5,7,4,4,1,4,5,1,13,16,3,10,1,1,B03,7,9,1,8,2,1,"  ",16,16,1,5,8,B03,120.672484,24.042527,2,66000,387130000C,(04)23289100,(04)25368667
9032,2023,03,24,7,50,臺中市,霧峰區,0,0,0,8,,,70,,,,,,,,,,,,,,,7,"  ","  ","  ","  ",B03,"  ","  ",1,"  ",2,"  ","  ",23,"   ",1,22,"  ",B03,120.664113,24.083022,3,66000,387130000C,(04)23289100,(04)25368667
9033,2023,03,24,7,50,臺中市,龍井區,0,1,0,8,1,5,30,4,2,1,5,4,5,7,1,1,10,5,5,2,12,23,3,10,1,1,C03,7,9,1,10,2,12,"  ",23,23,1,3,1,C03,120.574501,24.181213,2,66000,387130000C,(04)23289100,(04)25368667
9034,2023,03,24,7,53,臺中市,北區,0,2,0,8,1,5,50,4,8,1,5,4,5,7,1,1,5,4,4,2,13,23,2,9,1,1,C03,7,9,6,8,2,11,"  ",23,16,1,22,8,C03,120.670491,24.157514,2,66000,387130000C,(04)23289100,(04)25368667
9035,2023,03,24,7,54,臺中市,潭子區,0,1,0,8,1,5,30,14,9,1,5,4,5,7,4,4,10,5,5,2,13,16,2,8,1,1,C03,7,9,1,10,2,11,"  ",16,16,1,22,8,C03,120.701246,24.22322,2,66000,387130000C,(04)23289100,(04)25368667
9036,2023,03,24,7,54,臺中市,大雅區,0,0,0,8,,,50,,,,,,,,,,,,,,,16,"  ","  ","  ","  ",C03,"  ","  ",1,"  ",1,"  ","  ",16,"   ",1,22,"  ",C03,120.650575,24.21915,3,66000,387130000C,(04)23289100,(04)25368667
9037,2023,03,24,7,54,臺中市,霧峰區,0,0,0,8,,,70,,,,,,,,,,,,,,,16,"  ","  ","  ","  ",B03,"  ","  ",1,"  ",2,"  ","  ",16,"   ",1,22,"  ",B03,120.664024,24.081243,3,66000,387130000C,(04)23289100,(04)25368667
9038,2023,03,24,7,55,臺中市,南區,0,1,0,8,1,5,50,4,1,1,5,4,5,7,4,4,10,5,5,2,15,6,2,8,1,1,C04,7,9,1,10,2,12,"  ",6,6,1,5,8,C04,120.68248,24.127494,2,66000,387130000C,(04)23289100,(04)25368667
9039,2023,03,24,7,57,臺中市,龍井區,0,1,0,8,1,5,50,4,1,1,5,4,5,7,1,1,10,5,5,2,16,6,3,10,3,4,B12,7,5,1,8,2,6,"  ",6,6,1,9,1,B12,120.545541,24.186571,2,66000,387130000C,(04)23289100,(04)25368667
9040,2023,03,24,7,59,臺中市,南區,0,1,0,8,1,5,50,4,1,1,5,4,5,7,2,1,10,5,5,2,16,26,2,9,1,1,C03,7,5,1,10,2,12,"  ",26,26,1,21,8,C03,120.652766,24.117995,2,66000,387130000C,(04)23289100,(04)25368667
9041,2023,03,24,7,59,臺中市,清水區,0,0,0,8,,,50,,,,,,,,,,,,,,,40,"  ","  ","  ","  ",B12,"  ","  ",1,"  ",10,"  ","  ",40,"   ",1,21,"  ",B12,120.558808,24.266757,3,66000,387130000C,(04)23289100,(04)25368667
9042,2023,03,24,8,0,臺中市,北屯區,0,0,0,8,,,50,,,,,,,,,,,,,,,7,"  ","  ","  ","  ",B03,"  ","  ",1,"  ",1,"  ","  ",7,"   ",1,5,"  ",B03,120.699368,24.164479,3,66000,387130000C,(04)23289100,(04)25368667
9043,2023,03,24,8,2,臺中市,北區,0,0,0,8,1,5,50,14,8,1,5,4,5,7,4,4,8,3,4,2,12,23,"  ","  ","  ","  ",B03,"  ","  ",1,"  ",2,"  ","  ",23,"   ",1,22,"  ",B03,120.683718,24.163216,3,66000,387130000C,(04)23289100,(04)25368667
9044,2023,03,24,8,2,臺中市,烏日區,0,3,0,8,1,5,50,4,1,1,5,4,5,7,2,1,5,5,5,1,13,16,2,9,3,4,C03,7,9,1,10,2,11,"  ",16,16,1,21,1,C03,120.626838,24.044283,2,66000,387130000C,(04)23289100,(04)25368667
9045,2023,03,24,8,6,臺中市,霧峰區,0,0,0,8,,,50,,,,,,,,,,,,,,,23,"  ","  ","  ","  ",B03,"  ","  ",1,"  ",2,"  ","  ",23,23,1,22,"  ",B03,120.699,24.066837,3,66000,387130000C,(04)23289100,(04)25368667
9046,2023,03,24,8,7,臺中市,后里區,0,1,0,8,1,5,50,3,8,1,5,4,5,7,1,1,4,4,4,1,16,10,3,10,1,1,B03,7,11,1,8,2,5,"  ",10,10,1,4,8,B03,120.694159,24.313593,2,66000,387130000C,(04)23289100,(04)25368667
9047,2023,03,24,8,8,臺中市,大肚區,0,0,0,8,,,50,,,,,,,,,,,,,,,12,"  ","  ","  ","  ",B03,"  ","  ",1,"  ",2,"  ","  ",12,"   ",1,4,"  ",B03,120.544028,24.151388,3,66000,387130000C,(04)23289100,(04)25368667
9048,2023,03,24,8,10,臺中市,西屯區,0,1,0,8,1,5,50,3,1,1,5,4,5,7,4,4,1,4,5,2,17,43,3,10,1,1,B03,7,6,1,8,2,6,"  ",43,43,1,22,8,B03,120.651819,24.197775,2,66000,387130000C,(04)23289100,(04)25368667
9049,2023,03,24,8,11,臺中市,神岡區,0,0,0,8,,,50,,,,,,,,,,,,,,,17,"  ","  ","  ","  ",B03,"  ","  ",1,"  ",2,"  ","  ",17,"   ",1,22,"  ",B03,120.698146,24.248958,3,66000,387130000C,(04)23289100,(04)25368667
9050,2023,03,24,8,14,臺中市,北區,0,0,0,8,,,50,,,,,,,,,,,,,,,16,"  ","  ","  ","  ",C03,"  ","  ",1,"  ",1,"  ","  ",16,"   ",1,22,"  ",C03,120.680647,24.159099,3,66000,387130000C,(04)23289100,(04)25368667
9051,2023,03,24,8,14,臺中市,南屯區,0,1,0,8,1,5,50,4,2,1,5,4,5,7,4,4,5,5,5,2,16,6,3,10,1,4,B03,7,9,1,8,2,2,"  ",6,6,1,22,8,B03,120.60618,24.134031,2,66000,387130000C,(04)23289100,(04)25368667
9052,2023,03,24,8,20,臺中市,北屯區,0,0,0,8,,,50,,,,,,,,,,,,,,,7,"  ","  ","  ","  ",A11,"  ","  ",1,"  ",2,"  ","  ",7,"   ",1,10,"  ",A11,120.660381,24.192371,3,66000,387130000C,(04)23289100,(04)25368667
9053,2023,03,24,8,20,臺中市,西屯區,0,0,0,8,,,50,,,,,,,,,,,,,,,6,"  ","  ","  ","  ",B02,"  ","  ",1,"  ",2,"  ","  ",6,"   ",1,22,"  ",B02,120.657053,24.200418,3,66000,387130000C,(04)23289100,(04)25368667
9054,2023,03,24,8,23,臺中市,沙鹿區,0,0,0,8,1,5,50,11,9,1,5,4,5,7,4,4,9,5,5,1,26,23,2,9,1,1,C03,7,9,1,10,2,11,"  ",23,23,1,4,8,C03,120.603905,24.237332,3,66000,387130000C,(04)23289100,(04)25368667
9055,2023,03,24,8,24,臺中市,北區,0,2,0,8,1,5,50,14,9,1,5,4,5,7,4,4,5,4,5,2,13,16,2,9,1,1,C03,7,9,1,9,2,11,"  ",16,16,1,21,8,C03,120.681327,24.156702,2,66000,387130000C,(04)23289100,(04)25368667
9056,2023,03,24,8,24,臺中市,北屯區,0,2,0,8,1,5,50,4,2,1,5,4,5,7,4,4,5,5,4,2,16,6,2,9,1,1,C03,7,5,4,8,2,14,"  ",6,6,1,21,8,C03,120.67249,24.175771,2,66000,387130000C,(04)23289100,(04)25368667
9057,2023,03,24,8,24,臺中市,霧峰區,0,2,0,8,1,5,50,14,9,1,5,4,5,7,4,4,9,4,5,1,16,8,2,9,1,1,C03,7,5,1,10,2,14,"  ",8,8,1,19,9,C03,120.689142,24.066234,2,66000,387130000C,(04)23289100,(04)25368667
9058,2023,03,24,8,25,臺中市,北屯區,0,0,0,,,,50,,,,,,,,,,,,,,,16,"  ","  ","  ","  ",B03,"  ","  ",1,"  ",2,"  ","  ",16,"   ",1,21,"  ",B03,120.702624,24.165065,3,66000,387130000C,(04)23289100,(04)25368667
9059,2023,03,24,8,25,臺中市,沙鹿區,0,0,0,8,1,5,60,14,13,1,5,4,1,7,4,4,1,4,4,1,13,16,2,9,1,1,C03,7,9,1,10,2,11,"  ",16,16,1,4,1,C03,120.603402,24.248514,3,66000,387130000C,(04)23289100,(04)25368667
9060,2023,03,24,8,28,臺中市,太平區,0,0,0,8,,,50,,,,,,,,,,,,,,,23,"  ","  ","  ","  ",B12,"  ","  ",1,"  ",2,"  ","  ",23,"   ",1,22,"  ",B12,120.729411,24.106451,3,66000,387130000C,(04)23289100,(04)25368667
9061,2023,03,24,8,28,臺中市,烏日區,0,1,0,8,1,5,30,3,1,1,5,4,5,7,4,4,10,5,5,2,16,9,3,10,1,1,B12,7,6,1,8,3,15,"  ",9,9,1,22,8,B12,120.644903,24.058726,2,66000,387130000C,(04)23289100,(04)25368667
9062,2023,03,24,8,29,臺中市,東區,1,1,0,8,1,5,50,4,1,1,5,4,5,7,1,1,10,5,5,2,15,25,2,9,1,1,C03,7,1,1,10,2,14,"  ",25,25,1,22,8,C03,120.690653,24.13471,1,66000,387130000C,(04)23289100,(04)25368667
9063,2023,03,24,8,31,臺中市,龍井區,0,0,0,8,1,5,40,3,1,1,5,4,5,7,4,4,10,5,5,2,16,23,2,9,1,1,C03,7,14,1,10,2,11,"  ",23,23,1,5,1,C03,120.571162,24.177783,3,66000,387130000C,(04)23289100,(04)25368667
9064,2023,03,24,8,33,臺中市,西屯區,0,1,0,8,1,5,50,14,9,1,5,4,5,7,4,4,5,5,5,2,16,12,3,10,1,1,B03,7,5,1,8,2,6,"  ",12,26,1,22,8,B03,120.650713,24.158817,2,66000,387130000C,(04)23289100,(04)25368667