序號,年,月,日,時,分,縣市,區,死亡數量,受傷數量,2-30,天候,光線,道路類別,速限_速度(公里),道路型態,事故位置,路面鋪裝,路面狀態,路面缺陷,障礙物,視距,號誌種類,號誌動作,分向設施,快車道或一般車道間,快慢車道間,路面邊線,事故類型及型態,主要肇因,受傷程度,主要傷處,保護裝備,行動電話,當事者區分,車輛用途,當事者行動狀態,駕駛資格情形,駕駛執照種類,飲酒情形,車輛撞擊部位最初,車輛撞擊部位其他,肇事因素個別,肇事因素主要,肇事逃逸,職業,旅次目的,車種,GPS座標X,GPS座標Y,事故類別,縣市別代碼,機關代碼,市話,傳真
9065,2023,03,24,8,35,臺中市,南屯區,0,1,0,8,1,5,50,3,2,1,5,4,5,7,4,4,5,5,4,2,13,16,2,7,1,1,C03,7,9,1,10,2,15,"  ",16,16,1,5,1,C03,120.638008,24.139296,2,66000,387130000C,(04)23289100,(04)25368667
9066,2023,03,24,8,39,臺中市,南屯區,0,0,0,8,,,40,,,,,,,,,,,,,,,9,"  ","  ","  ","  ",B03,"  ","  ",1,"  ",1,"  ","  ",9,"   ",1,22,"  ",B03,120.616394,24.153226,3,66000,387130000C,(04)23289100,(04)25368667
9067,2023,03,24,8,40,臺中市,大里區,0,0,0,8,,,50,,,,,,,,,,,,,,,16,"  ","  ","  ","  ",B03,"  ","  ",1,"  ",2,"  ","  ",16,16,1,22,"  ",B03,120.727485,24.08749,3,66000,387130000C,(04)23289100,(04)25368667
9068,2023,03,24,8,42,臺中市,北區,0,0,0,8,,,50,,,,,,,,,,,,,,,23,"  ","  ","  ","  ",B02,"  ","  ",2,"  ",2,"  ","  ",23,"   ",1,22,"  ",B02,120.690015,24.160317,3,66000,387130000C,(04)23289100,(04)25368667
9069,2023,03,24,8,43,臺中市,東區,0,0,0,8,,,50,,,,,,,,,,,,,,,18,"  ","  ","  ","  ",B03,"  ","  ",1,"  ",2,"  ","  ",18,"   ",1,22,"  ",B03,120.703895,24.131096,3,66000,387130000C,(04)23289100,(04)25368667
9070,2023,03,24,8,45,臺中市,南區,0,0,0,8,1,5,50,4,1,1,5,4,5,7,1,1,10,5,5,2,13,16,3,10,1,1,B03,7,6,1,8,2,5,"  ",16,16,1,5,8,B03,120.670095,24.119043,3,66000,387130000C,(04)23289100,(04)25368667
9071,2023,03,24,8,48,臺中市,西屯區,0,1,0,8,1,5,50,14,7,1,5,4,5,7,4,4,1,4,4,2,13,16,2,8,1,1,C03,7,9,1,10,2,11,"  ",16,16,1,22,8,C03,120.655181,24.200479,2,66000,387130000C,(04)23289100,(04)25368667
9072,2023,03,24,8,50,臺中市,南屯區,0,1,0,8,1,5,50,4,1,1,5,4,5,7,1,1,10,5,5,2,12,17,2,9,3,4,C03,7,9,1,10,2,14,"  ",17,17,1,12,8,C03,120.640839,24.141282,2,66000,387130000C,(04)23289100,(04)25368667
9073,2023,03,24,8,53,臺中市,南屯區,0,1,0,8,1,5,50,4,1,1,5,4,5,7,2,1,10,5,5,2,16,9,3,10,1,1,B03,7,6,1,8,2,5,"  ",9,9,1,22,8,B03,120.637876,24.148751,2,66000,387130000C,(04)23289100,(04)25368667
9074,2023,03,24,8,54,臺中市,大甲區,0,0,0,,,,50,,,,,,,,,,,,,,,10,"  ","  ","  ","  ",B12,"  ","  ",1,"  ",2,"  ","  ",10,10,1,5,"  ",B12,120.648683,24.376523,3,66000,387130000C,(04)23289100,(04)25368667
9075,2023,03,24,9,2,臺中市,西屯區,0,1,0,8,1,5,50,14,9,1,5,4,5,7,4,4,3,4,5,2,13,43,2,9,1,1,C03,7,21,1,10,2,11,"  ",43,43,1,22,8,C03,120.62146,24.18226,2,66000,387130000C,(04)23289100,(04)25368667
9076,2023,03,24,9,10,臺中市,豐原區,0,0,0,8,,,30,,,,,,,,,,,,,,,17,"  ","  ","  ","  ",B01,"  ","  ",1,"  ",2,"  ","  ",17,"   ",1,22,"  ",B01,120.732811,24.243741,3,66000,387130000C,(04)23289100,(04)25368667
9077,2023,03,24,9,12,臺中市,北區,0,1,0,8,1,5,50,4,2,1,5,4,5,7,4,4,5,5,4,2,13,16,3,10,1,1,C03,7,9,3,18,2,11,"  ",16,16,1,21,8,C03,120.669832,24.159211,2,66000,387130000C,(04)23289100,(04)25368667
9078,2023,03,24,9,15,臺中市,西區,0,2,0,8,1,5,50,3,1,1,5,4,5,7,4,4,10,5,5,2,9,23,2,9,3,4,C03,7,9,1,10,2,11,"  ",23,23,1,22,5,C03,120.671509,24.14046,2,66000,387130000C,(04)23289100,(04)25368667
9079,2023,03,24,9,15,臺中市,后里區,0,1,0,8,1,5,50,14,8,1,5,4,5,7,4,4,5,5,4,1,17,10,3,10,1,1,B03,7,11,1,8,2,5,"  ",10,10,1,21,8,B03,120.708968,24.31114,2,66000,387130000C,(04)23289100,(04)25368667
9080,2023,03,24,9,18,臺中市,東區,0,0,0,,,,50,,,,,,,,,,,,,,,12,"  ","  ","  ","  ",B12,"  ","  ",1,"  ",2,"  ","  ",12,"   ",1,5,"  ",B12,120.696985,24.125085,3,66000,387130000C,(04)23289100,(04)25368667
9081,2023,03,24,9,18,臺中市,西屯區,0,1,0,8,1,5,50,4,1,1,5,4,5,7,1,1,9,4,5,2,11,6,3,10,1,1,B03,7,5,1,8,2,1,"  ",6,6,1,12,8,B03,120.638456,24.177353,2,66000,387130000C,(04)23289100,(04)25368667
9082,2023,03,24,9,20,臺中市,烏日區,0,0,0,8,1,5,50,4,2,1,5,4,5,7,2,1,1,2,5,1,12,7,3,10,3,4,B12,7,7,1,8,2,7,"  ",7,7,1,21,3,B12,120.624158,24.104055,3,66000,387130000C,(04)23289100,(04)25368667
9083,2023,03,24,9,25,臺中市,西屯區,0,0,0,8,,,50,,,,,,,,,,,,,,,43,"  ","  ","  ","  ",B03,"  ","  ",1,"  ",1,"  ","  ",43,"   ",1,22,"  ",B03,120.657873,24.160348,3,66000,387130000C,(04)23289100,(04)25368667
9084,2023,03,24,9,26,臺中市,北屯區,0,0,0,8,,,30,,,,,,,,,,,,,,,12,"  ","  ","  ","  ",B03,"  ","  ",1,"  ",2,"  ","  ",12,"   ",1,22,"  ",B03,120.681321,24.203405,3,66000,387130000C,(04)23289100,(04)25368667
9085,2023,03,24,9,30,臺中市,清水區,0,1,0,8,1,5,50,4,1,1,5,4,5,7,1,1,1,4,4,2,16,6,3,10,1,1,B03,7,5,3,18,2,2,"  ",6,6,1,22,8,B03,120.576732,24.272301,2,66000,387130000C,(04)23289100,(04)25368667
9086,2023,03,24,9,34,臺中市,烏日區,0,0,0,8,1,5,30,4,1,1,5,4,5,7,4,4,10,5,5,2,17,14,"  ","  ","  ","  ",A12,"  ","  ",1,"  ",2,"  ","  ",14,14,1,22,"  ",A12,120.642499,24.069995,3,66000,387130000C,(04)23289100,(04)25368667
9087,2023,03,24,9,35,臺中市,豐原區,0,0,0,,,,50,,,,,,,,,,,,,,,6,"  ","  ","  ","  ",B12,"  ","  ",1,"  ",1,"  ","  ",6,"   ",1,22,"  ",B12,120.727844,24.262453,3,66000,387130000C,(04)23289100,(04)25368667
9088,2023,03,24,9,38,臺中市,潭子區,0,0,0,6,,,30,,,,,,,,,,,,,,,23,"  ","  ","  ","  ",B12,"  ","  ",1,"  ",2,"  ","  ",23,"   ",1,22,"  ",B12,120.710285,24.210113,3,66000,387130000C,(04)23289100,(04)25368667
9089,2023,03,24,9,40,臺中市,東區,0,1,0,8,1,5,30,4,1,1,5,4,5,7,4,4,10,5,5,2,15,6,2,9,1,1,C03,7,15,1,10,2,14,"  ",6,6,1,19,8,C03,120.695557,24.142764,2,66000,387130000C,(04)23289100,(04)25368667
9090,2023,03,24,9,56,臺中市,西屯區,0,0,0,8,,,40,,,,,,,,,,,,,,,16,"  ","  ","  ","  ",B12,"  ","  ",1,"  ",2,"  ","  ",16,"   ",1,22,"  ",B12,120.648384,24.162643,3,66000,387130000C,(04)23289100,(04)25368667
9091,2023,03,24,9,57,臺中市,北屯區,0,0,0,8,,,50,,,,,,,,,,,,,,,67,"  ","  ","  ","  ","   ","  ","  ","  ","  ","  ","  ","  ",67,"   ",1,"  ","  ","   ",120.690171,24.174076,3,66000,387130000C,(04)23289100,(04)25368667
9092,2023,03,24,9,58,臺中市,豐原區,0,1,0,8,1,5,60,4,2,1,5,4,5,7,1,1,10,5,5,2,16,6,3,10,1,1,B03,7,6,1,8,2,2,"  ",6,6,1,21,8,B03,120.703309,24.243145,2,66000,387130000C,(04)23289100,(04)25368667
9093,2023,03,24,10,0,臺中市,大里區,0,0,0,8,,,50,,,,,,,,,,,,,,,26,"  ","  ","  ","  ",B03,"  ","  ",1,"  ",2,"  ","  ",26,26,1,22,"  ",B03,120.7035,24.088226,3,66000,387130000C,(04)23289100,(04)25368667
9094,2023,03,24,10,1,臺中市,烏日區,0,1,0,8,1,5,50,4,2,1,5,4,5,7,4,4,5,5,5,1,13,16,2,9,3,4,C03,7,9,1,10,2,11,"  ",16,16,1,21,9,C03,120.629275,24.111727,2,66000,387130000C,(04)23289100,(04)25368667
9095,2023,03,24,10,3,臺中市,潭子區,0,1,0,8,1,5,50,14,9,1,5,4,5,7,1,1,9,4,5,2,13,16,3,10,1,1,B03,7,9,1,8,2,1,"  ",16,16,1,22,8,B03,120.717781,24.197709,2,66000,387130000C,(04)23289100,(04)25368667
9096,2023,03,24,10,8,臺中市,潭子區,0,2,0,8,1,5,50,4,1,1,5,4,5,7,1,1,5,4,4,1,16,6,2,8,1,1,C03,7,5,1,10,2,12,"  ",6,6,1,22,9,C03,120.69658,24.194323,2,66000,387130000C,(04)23289100,(04)25368667
9097,2023,03,24,10,9,臺中市,大雅區,0,0,0,8,,,30,,,,,,,,,,,,,,,12,"  ","  ","  ","  ",B12,"  ","  ",1,"  ",2,"  ","  ",12,"   ",1,22,"  ",B12,120.650435,24.214544,3,66000,387130000C,(04)23289100,(04)25368667
9098,2023,03,24,10,10,臺中市,大雅區,0,1,0,8,1,8,30,14,9,1,5,4,5,7,4,4,10,5,5,2,18,23,2,8,1,1,C03,7,9,1,10,2,14,"  ",23,23,1,22,8,C03,120.606257,24.222599,2,66000,387130000C,(04)23289100,(04)25368667
9099,2023,03,24,10,12,臺中市,沙鹿區,0,0,0,8,,,30,,,,,,,,,,,,,,,42,"  ","  ","  ","  ",A11,"  ","  ",1,"  ",2,"  ","  ",42,"   ",1,10,"  ",A11,120.600671,24.245473,3,66000,387130000C,(04)23289100,(04)25368667
9100,2023,03,24,10,14,臺中市,梧棲區,0,0,0,8,,,50,,,,,,,,,,,,,,,23,"  ","  ","  ","  ",A12,"  ","  ",1,"  ",2,"  ","  ",23,"   ",1,22,"  ",A12,120.538536,24.24871,3,66000,387130000C,(04)23289100,(04)25368667
9101,2023,03,24,10,21,臺中市,北區,0,0,0,8,,,50,,,,,,,,,,,,,,,7,"  ","  ","  ","  ",B03,"  ","  ",1,"  ",1,"  ","  ",7,"   ",1,22,"  ",B03,120.677303,24.151254,3,66000,387130000C,(04)23289100,(04)25368667
9102,2023,03,24,10,22,臺中市,北屯區,0,1,0,8,1,5,40,4,2,1,5,4,5,7,2,1,5,5,4,2,12,40,3,10,1,1,B03,7,14,1,8,2,4,"  ",40,40,1,21,8,B03,120.696745,24.175994,2,66000,387130000C,(04)23289100,(04)25368667
9103,2023,03,24,10,24,臺中市,神岡區,0,1,0,8,1,5,50,3,1,1,5,4,5,7,3,1,10,5,5,2,16,6,3,10,3,4,B03,7,5,1,8,2,8,"  ",6,6,1,22,3,B03,120.697778,24.264893,2,66000,387130000C,(04)23289100,(04)25368667
9104,2023,03,24,10,26,臺中市,北屯區,0,1,0,8,1,5,40,14,7,1,5,4,5,7,4,4,5,5,4,2,17,40,2,9,1,1,B03,7,14,1,8,2,4,"  ",40,40,1,21,8,B03,120.667075,24.17828,2,66000,387130000C,(04)23289100,(04)25368667
9105,2023,03,24,10,28,臺中市,北區,0,2,0,8,1,5,50,4,1,1,5,4,5,7,1,1,5,4,5,2,16,8,3,10,1,1,C03,7,5,1,10,2,14,"  ",8,8,1,22,8,C03,120.68885,24.153074,2,66000,387130000C,(04)23289100,(04)25368667
9106,2023,03,24,10,29,臺中市,西區,0,1,0,8,1,5,50,4,1,1,5,4,1,7,4,4,10,5,5,2,18,42,2,9,1,1,C03,7,5,1,10,2,14,"  ",42,42,1,22,9,C03,120.659366,24.159989,2,66000,387130000C,(04)23289100,(04)25368667
9107,2023,03,24,10,30,臺中市,北區,0,1,0,8,1,5,50,3,9,1,5,4,5,3,4,4,5,5,5,2,16,23,3,10,1,1,C03,7,6,1,10,2,14,"  ",23,23,1,21,8,C03,120.675554,24.152677,2,66000,387130000C,(04)23289100,(04)25368667
9108,2023,03,24,10,35,臺中市,東區,0,1,0,8,1,5,50,14,9,1,5,4,5,7,4,4,1,4,5,2,18,23,2,9,1,1,C03,7,5,1,10,2,12,"  ",23,23,1,5,8,C03,120.693138,24.12681,2,66000,387130000C,(04)23289100,(04)25368667
9109,2023,03,24,10,35,臺中市,太平區,0,1,0,8,1,5,50,4,3,1,5,4,5,7,1,1,10,5,5,2,13,16,3,10,1,1,C03,7,9,4,11,2,11,"  ",16,16,1,22,5,C03,120.700547,24.147973,2,66000,387130000C,(04)23289100,(04)25368667
9110,2023,03,24,10,37,臺中市,西屯區,0,1,0,8,1,5,40,14,8,1,5,4,5,7,1,1,5,4,4,2,17,40,3,10,1,1,B03,7,14,1,8,2,4,"  ",40,40,1,22,8,B03,120.63452,24.164216,2,66000,387130000C,(04)23289100,(04)25368667
9111,2023,03,24,10,37,臺中市,龍井區,0,0,0,8,,,30,,,,,,,,,,,,,,,42,"  ","  ","  ","  ",A12,"  ","  ",1,"  ",11,"  ","  ",42,"   ",1,21,"  ",A12,120.59165,24.179713,3,66000,387130000C,(04)23289100,(04)25368667
9112,2023,03,24,10,39,臺中市,大里區,0,0,0,8,,,30,,,,,,,,,,,,,,,12,"  ","  ","  ","  ",B03,"  ","  ",1,"  ",2,"  ","  ",12,"   ",1,22,"  ",B03,120.709693,24.101072,3,66000,387130000C,(04)23289100,(04)25368667
9113,2023,03,24,10,40,臺中市,大雅區,0,0,0,8,,,50,,,,,,,,,,,,,,,45,"  ","  ","  ","  ",A12,"  ","  ",1,"  ",2,"  ","  ",45,"   ",1,22,"  ",A12,120.649704,24.213339,3,66000,387130000C,(04)23289100,(04)25368667
9114,2023,03,24,10,40,臺中市,北屯區,0,1,0,8,1,5,50,14,9,1,5,4,5,7,4,4,5,5,5,2,17,23,2,9,1,1,C03,7,9,1,10,2,12,"  ",23,23,1,22,8,C03,120.696046,24.166353,2,66000,387130000C,(04)23289100,(04)25368667
9115,2023,03,24,10,40,臺中市,北屯區,0,2,0,8,1,5,60,4,1,1,5,4,5,7,2,1,10,5,5,2,15,25,2,9,1,1,B02,7,9,1,8,4,5,"  ",25,25,1,22,8,B02,120.733308,24.17701,2,66000,387130000C,(04)23289100,(04)25368667
9116,2023,03,24,10,41,臺中市,豐原區,0,1,0,8,1,5,60,14,8,1,5,4,5,7,4,4,1,4,4,2,17,19,3,10,1,1,B12,7,1,1,8,2,4,"  ",19,19,1,22,8,B12,120.72488,24.235951,2,66000,387130000C,(04)23289100,(04)25368667
9117,2023,03,24,10,42,臺中市,西屯區,0,1,0,8,1,5,50,3,1,1,5,4,5,7,2,1,10,5,5,2,12,6,3,10,1,1,B03,7,6,1,8,2,2,"  ",6,6,1,22,8,B03,120.653728,24.198217,2,66000,387130000C,(04)23289100,(04)25368667
9118,2023,03,24,10,44,臺中市,西區,0,1,0,8,1,5,50,14,7,1,5,4,5,7,4,4,1,4,4,2,13,23,3,10,3,4,C03,7,9,1,10,2,11,"  ",23,23,1,22,5,C03,120.657387,24.141116,2,66000,387130000C,(04)23289100,(04)25368667
9119,2023,03,24,10,45,臺中市,大甲區,0,0,0,,,,50,,,,,,,,,,,,,,,4,"  ","  ","  ","  ",B12,"  ","  ",1,"  ",1,"  ","  ",4,"   ",1,10,"  ",B12,120.655152,24.380475,3,66000,387130000C,(04)23289100,(04)25368667
9120,2023,03,24,10,48,臺中市,大甲區,0,1,0,8,1,5,50,4,1,1,5,4,5,7,4,4,10,5,5,1,15,6,3,10,1,1,C03,7,1,1,10,2,11,"  ",6,6,1,22,8,C03,120.62271,24.346703,2,66000,387130000C,(04)23289100,(04)25368667
9121,2023,03,24,10,53,臺中市,北屯區,0,2,0,8,1,5,50,14,9,1,5,4,5,7,4,4,1,4,5,2,13,16,2,9,1,1,C03,7,9,1,10,2,11,14,16,16,1,18,8,C03,120.685113,24.173998,2,66000,387130000C,(04)23289100,(04)25368667
9122,2023,03,24,10,57,臺中市,沙鹿區,0,0,0,8,1,5,50,4,1,1,5,4,4,7,1,1,10,5,5,2,29,42,2,9,1,1,C03,7,9,1,10,2,15,"  ",42,42,1,22,9,C03,120.566953,24.252009,3,66000,387130000C,(04)23289100,(04)25368667
9123,2023,03,24,10,58,臺中市,北屯區,0,0,0,8,,,50,,,,,,,,,,,,,,,23,"  ","  ","  ","  ",B03,"  ","  ",1,"  ",1,"  ","  ",23,"   ",1,21,"  ",B03,120.659981,24.192736,3,66000,387130000C,(04)23289100,(04)25368667
9124,2023,03,24,11,0,臺中市,南區,0,2,0,8,1,5,50,4,1,1,5,4,5,7,1,1,10,5,5,2,16,9,3,10,1,1,C03,7,6,1,10,2,12,"  ",9,9,1,22,8,C03,120.666855,24.114234,2,66000,387130000C,(04)23289100,(04)25368667
9125,2023,03,24,11,5,臺中市,豐原區,0,0,0,8,,,50,,,,,,,,,,,,,,,23,"  ","  ","  ","  ",B03,"  ","  ",1,"  ",2,"  ","  ",23,"   ",1,22,"  ",B03,120.707138,24.250161,3,66000,387130000C,(04)23289100,(04)25368667
9126,2023,03,24,11,8,臺中市,南屯區,0,3,0,8,1,5,50,14,9,1,5,4,5,7,4,4,10,5,5,2,13,16,2,9,1,3,C03,7,9,1,10,2,12,"  ",16,16,1,12,8,C03,120.649207,24.140271,2,66000,387130000C,(04)23289100,(04)25368667
9127,2023,03,24,11,11,臺中市,西屯區,0,0,0,8,,,50,,,,,,,,,,,,,,,12,"  ","  ","  ","  ",B03,"  ","  ",1,"  ",1,"  ","  ",12,"   ",1,22,"  ",B03,120.602673,24.183347,3,66000,387130000C,(04)23289100,(04)25368667
9128,2023,03,24,11,15,臺中市,南屯區,0,1,0,8,1,5,50,14,7,1,5,4,5,7,4,4,5,4,4,2,16,7,2,9,1,4,C03,7,7,1,10,2,13,"  ",7,7,1,22,8,C03,120.617608,24.159047,2,66000,387130000C,(04)23289100,(04)25368667
9129,2023,03,24,11,20,臺中市,西區,0,0,0,,,,50,,,,,,,,,,,,,,,17,"  ","  ","  ","  ",B02,"  ","  ",1,"  ",1,"  ","  ",17,"   ",1,20,"  ",B02,120.660725,24.14825,3,66000,387130000C,(04)23289100,(04)25368667
9130,2023,03,24,11,23,臺中市,南屯區,0,0,0,8,,,50,,,,,,,,,,,,,,,16,"  ","  ","  ","  ",B11,"  ","  ",1,"  ",1,"  ","  ",16,"   ",1,10,"  ",B11,120.63766,24.14694,3,66000,387130000C,(04)23289100,(04)25368667
9131,2023,03,24,11,25,臺中市,西區,0,0,0,8,,,50,,,,,,,,,,,,,,,23,"  ","  ","  ","  ",B03,"  ","  ",1,"  ",1,"  ","  ",23,"   ",1,22,"  ",B03,120.657116,24.157054,3,66000,387130000C,(04)23289100,(04)25368667
9132,2023,03,24,11,32,臺中市,西屯區,0,0,0,8,,,50,,,,,,,,,,,,,,,9,"  ","  ","  ","  ",B03,"  ","  ",1,"  ",2,"  ","  ",9,"   ",1,12,"  ",B03,120.646763,24.158126,3,66000,387130000C,(04)23289100,(04)25368667
9133,2023,03,24,11,41,臺中市,沙鹿區,0,0,0,8,,,60,,,,,,,,,,,,,,,42,"  ","  ","  ","  ",B03,"  ","  ",1,"  ",2,"  ","  ",42,"   ",1,10,"  ",B03,120.57552,24.259145,3,66000,387130000C,(04)23289100,(04)25368667
9134,2023,03,24,11,42,臺中市,南屯區,0,0,0,8,,,50,,,,,,,,,,,,,,,23,"  ","  ","  ","  ",B03,"  ","  ",1,"  ",1,"  ","  ",23,"   ",1,22,"  ",B03,120.638303,24.151664,3,66000,387130000C,(04)23289100,(04)25368667
9135,2023,03,24,11,45,臺中市,北屯區,0,2,0,8,1,5,50,4,1,1,5,4,5,7,1,1,10,5,5,2,17,17,2,9,1,1,C03,7,9,1,10,2,14,"  ",17,17,1,21,8,C03,120.718696,24.171442,2,66000,387130000C,(04)23289100,(04)25368667
9136,2023,03,24,11,45,臺中市,太平區,0,1,0,8,1,5,50,3,1,1,5,4,5,7,3,1,10,5,5,2,16,19,2,7,1,1,C03,7,1,1,10,2,11,"  ",19,19,1,22,8,C03,120.718033,24.12299,2,66000,387130000C,(04)23289100,(04)25368667
9137,2023,03,24,11,47,臺中市,豐原區,0,1,0,8,1,5,50,5,1,1,5,4,5,7,1,1,4,3,4,2,18,17,2,9,1,1,C03,7,9,1,10,2,12,"  ",17,17,1,22,8,C03,120.716577,24.253113,2,66000,387130000C,(04)23289100,(04)25368667
9138,2023,03,24,11,50,臺中市,西屯區,0,0,0,8,,,60,,,,,,,,,,,,,,,7,"  ","  ","  ","  ",B03,"  ","  ",1,"  ",1,"  ","  ",7,"   ",1,22,"  ",B03,120.644181,24.157206,3,66000,387130000C,(04)23289100,(04)25368667
9139,2023,03,24,11,56,臺中市,西屯區,0,0,0,8,,,30,,,,,,,,,,,,,,,12,"  ","  ","  ","  ",B01,"  ","  ",1,"  ",2,"  ","  ",12,12,1,22,"  ",B01,120.646779,24.174305,3,66000,387130000C,(04)23289100,(04)25368667
9140,2023,03,24,11,58,臺中市,豐原區,0,1,0,8,1,5,50,3,7,1,5,4,5,7,4,4,5,4,4,2,16,26,3,10,1,1,B03,7,5,1,8,2,8,"  ",26,26,1,21,8,B03,120.699284,24.247893,2,66000,387130000C,(04)23289100,(04)25368667
9141,2023,03,24,12,3,臺中市,太平區,0,0,0,8,,,50,,,,,,,,,,,,,,,26,"  ","  ","  ","  ",B03,"  ","  ",1,"  ",2,"  ","  ",26,"   ",1,22,"  ",B03,120.725838,24.149761,3,66000,387130000C,(04)23289100,(04)25368667
9142,2023,03,24,12,4,臺中市,霧峰區,0,2,0,8,1,5,50,4,1,1,5,4,5,7,1,1,10,5,5,2,16,6,2,7,3,4,C03,7,5,1,10,2,11,"  ",6,6,1,18,8,C03,120.696361,24.059649,2,66000,387130000C,(04)23289100,(04)25368667
9143,2023,03,24,12,5,臺中市,太平區,0,1,0,8,1,5,30,4,1,1,5,4,5,7,4,4,10,5,5,2,15,6,2,9,1,1,C03,7,9,1,10,2,11,"  ",6,6,1,22,5,C03,120.716614,24.137154,2,66000,387130000C,(04)23289100,(04)25368667
9144,2023,03,24,12,7,臺中市,西屯區,0,1,0,8,1,5,50,14,11,1,5,4,5,7,4,4,9,5,4,2,16,7,3,10,1,1,B03,7,8,1,8,2,2,"  ",7,7,1,4,8,B03,120.63051,24.183376,2,66000,387130000C,(04)23289100,(04)25368667
9145,2023,03,24,12,11,臺中市,大里區,0,0,0,8,,,50,,,,,,,,,,,,,,,19,"  ","  ","  ","  ",C03,"  ","  ",1,"  ",2,"  ","  ",19,"   ",1,22,"  ",C03,120.704366,24.088808,3,66000,387130000C,(04)23289100,(04)25368667
9146,2023,03,24,12,12,臺中市,大甲區,0,2,0,8,1,5,20,14,9,1,5,4,5,7,4,4,10,5,5,2,16,6,2,9,1,1,C03,7,1,2,18,2,14,"  ",6,6,1,22,9,C03,120.627522,24.343803,2,66000,387130000C,(04)23289100,(04)25368667
9147,2023,03,24,12,15,臺中市,大里區,0,1,0,8,1,5,50,4,1,1,5,4,5,7,1,1,10,5,5,2,16,6,3,10,1,1,B12,7,6,1,8,2,2,"  ",6,6,1,9,3,B12,120.691946,24.109691,2,66000,387130000C,(04)23289100,(04)25368667
9148,2023,03,24,12,17,臺中市,大里區,0,1,0,8,1,5,50,4,1,1,5,4,5,7,4,4,5,5,5,2,15,6,3,10,1,1,C03,7,9,6,10,2,12,"  ",6,6,1,22,9,C03,120.676267,24.102541,2,66000,387130000C,(04)23289100,(04)25368667
9149,2023,03,24,12,18,臺中市,北區,0,0,0,8,,,50,,,,,,,,,,,,,,,42,"  ","  ","  ","  ",C03,"  ","  ",1,"  ",1,"  ","  ",42,"   ",1,22,"  ",C03,120.673419,24.170785,3,66000,387130000C,(04)23289100,(04)25368667
9150,2023,03,24,12,19,臺中市,北屯區,0,1,0,8,1,5,50,14,7,1,5,4,5,7,4,4,5,4,4,2,16,7,3,10,1,1,B12,7,7,1,8,2,4,"  ",7,7,1,22,8,B12,120.700413,24.160356,2,66000,387130000C,(04)23289100,(04)25368667
9151,2023,03,24,12,20,臺中市,沙鹿區,0,0,0,8,,,50,,,,,,,,,,,,,,,17,"  ","  ","  ","  ",B12,"  ","  ",1,"  ",2,"  ","  ",17,"   ",1,10,"  ",B12,120.5576,24.234407,3,66000,387130000C,(04)23289100,(04)25368667
9152,2023,03,24,12,22,臺中市,太平區,0,2,0,8,3,5,30,3,1,1,5,4,5,7,4,4,10,5,5,2,16,6,2,9,1,1,C03,7,5,1,10,2,11,"  ",6,6,1,22,8,C03,120.70194,24.112388,2,66000,387130000C,(04)23289100,(04)25368667
9153,2023,03,24,12,25,臺中市,北屯區,0,1,0,8,1,5,50,3,1,1,5,4,5,7,4,4,10,5,5,2,16,6,3,10,1,1,B03,7,5,1,8,2,1,"  ",6,6,1,22,8,B03,120.693308,24.17908,2,66000,387130000C,(04)23289100,(04)25368667
9154,2023,03,24,12,25,臺中市,沙鹿區,0,1,0,8,1,5,50,14,7,1,5,4,5,7,4,4,5,5,4,2,16,26,3,10,1,1,B03,7,11,1,8,2,4,"  ",26,26,1,22,9,B03,120.573811,24.201602,2,66000,387130000C,(04)23289100,(04)25368667
9155,2023,03,24,12,26,臺中市,北屯區,0,0,0,,,,50,,,,,,,,,,,,,,,23,"  ","  ","  ","  ",B12,"  ","  ",1,"  ",2,"  ","  ",23,"   ",1,21,"  ",B12,120.776415,24.198684,3,66000,387130000C,(04)23289100,(04)25368667
9156,2023,03,24,12,26,臺中市,清水區,0,0,0,,,,30,,,,,,,,,,,,,,,19,"  ","  ","  ","  ",B03,"  ","  ",1,"  ",1,"  ","  ",19,19,1,21,"  ",B03,120.547145,24.266281,3,66000,387130000C,(04)23289100,(04)25368667
9157,2023,03,24,12,28,臺中市,北屯區,0,0,0,8,,,50,,,,,,,,,,,,,,,23,"  ","  ","  ","  ",B03,"  ","  ",1,"  ",1,"  ","  ",23,"   ",1,21,"  ",B03,120.693137,24.162331,3,66000,387130000C,(04)23289100,(04)25368667
9158,2023,03,24,12,29,臺中市,潭子區,0,0,0,8,,,50,,,,,,,,,,,,,,,19,"  ","  ","  ","  ",B03,"  ","  ",1,"  ",2,"  ","  ",19,"   ",1,22,"  ",B03,120.703388,24.211738,3,66000,387130000C,(04)23289100,(04)25368667
9159,2023,03,24,12,29,臺中市,烏日區,0,0,0,8,,,30,,,,,,,,,,,,,,,12,"  ","  ","  ","  ",B12,"  ","  ",1,"  ",2,"  ","  ",12,"   ",1,9,"  ",B12,120.646058,24.064948,3,66000,387130000C,(04)23289100,(04)25368667
9160,2023,03,24,12,30,臺中市,沙鹿區,0,1,0,8,1,5,30,4,1,1,5,4,5,7,4,4,10,5,5,2,15,6,2,9,1,1,C03,7,9,1,10,2,11,"  ",6,6,1,5,3,C03,120.565215,24.246112,2,66000,387130000C,(04)23289100,(04)25368667