序號,年,月,日,時,分,縣市,區,死亡數量,受傷數量,2-30,天候,光線,道路類別,速限_速度(公里),道路型態,事故位置,路面鋪裝,路面狀態,路面缺陷,障礙物,視距,號誌種類,號誌動作,分向設施,快車道或一般車道間,快慢車道間,路面邊線,事故類型及型態,主要肇因,受傷程度,主要傷處,保護裝備,行動電話,當事者區分,車輛用途,當事者行動狀態,駕駛資格情形,駕駛執照種類,飲酒情形,車輛撞擊部位最初,車輛撞擊部位其他,肇事因素個別,肇事因素主要,肇事逃逸,職業,旅次目的,車種,GPS座標X,GPS座標Y,事故類別,縣市別代碼,機關代碼,市話,傳真
9161,2023,03,24,12,31,臺中市,北區,0,0,0,,,,50,,,,,,,,,,,,,,,16,"  ","  ","  ","  ",C03,"  ","  ",6,"  ",2,"  ","  ",16,"   ",1,21,"  ",C03,120.702989,24.159521,3,66000,387130000C,(04)23289100,(04)25368667
9162,2023,03,24,12,37,臺中市,沙鹿區,0,0,0,8,,,50,,,,,,,,,,,,,,,45,"  ","  ","  ","  ",A12,"  ","  ",1,"  ",2,"  ","  ",45,45,1,10,"  ",A12,120.569294,24.202281,3,66000,387130000C,(04)23289100,(04)25368667
9163,2023,03,24,12,38,臺中市,西區,0,2,0,8,1,5,50,4,1,1,5,4,5,7,4,4,5,5,5,2,16,6,2,9,3,4,C03,7,9,1,10,2,11,"  ",6,6,1,21,8,C03,120.668232,24.134987,2,66000,387130000C,(04)23289100,(04)25368667
9164,2023,03,24,12,47,臺中市,西屯區,0,1,0,8,1,5,50,3,1,1,5,4,5,7,1,1,10,5,5,2,17,10,3,10,1,1,B03,7,11,1,8,2,2,"  ",10,10,1,22,8,B03,120.646883,24.1572,2,66000,387130000C,(04)23289100,(04)25368667
9165,2023,03,24,12,47,臺中市,西屯區,0,1,0,8,1,5,40,3,1,1,5,4,5,7,4,4,9,4,1,2,13,23,2,9,1,1,C03,7,6,1,10,2,11,"  ",23,23,1,12,8,C03,120.651863,24.161318,2,66000,387130000C,(04)23289100,(04)25368667
9166,2023,03,24,12,47,臺中市,霧峰區,0,3,0,8,1,5,50,4,1,1,5,4,5,7,1,1,10,5,5,2,16,6,2,9,1,1,C03,7,5,1,10,2,11,"  ",6,6,1,22,8,C03,120.707635,24.076537,2,66000,387130000C,(04)23289100,(04)25368667
9167,2023,03,24,12,48,臺中市,潭子區,0,1,0,8,1,5,30,4,1,1,5,4,5,7,4,4,10,5,5,2,16,6,3,10,1,1,B12,7,5,1,8,2,8,"  ",6,6,1,22,8,B12,120.709507,24.203106,2,66000,387130000C,(04)23289100,(04)25368667
9168,2023,03,24,12,48,臺中市,北屯區,0,1,0,8,1,5,50,4,1,1,5,4,5,7,3,1,10,5,5,2,18,43,2,9,1,1,C03,7,5,1,10,2,12,"  ",43,43,1,22,8,C03,120.727511,24.177308,2,66000,387130000C,(04)23289100,(04)25368667
9169,2023,03,24,12,50,臺中市,東區,0,1,0,8,1,5,50,4,1,1,5,4,5,7,2,1,10,5,5,2,18,23,2,9,1,1,C03,7,9,1,10,2,14,"  ",23,23,1,21,8,C03,120.695607,24.141115,2,66000,387130000C,(04)23289100,(04)25368667
9170,2023,03,24,12,50,臺中市,西屯區,0,1,0,8,1,5,40,14,8,1,5,4,5,7,4,4,1,5,3,2,16,17,3,10,1,1,B03,7,9,1,8,1,2,"  ",17,17,1,4,8,B03,120.613252,24.183915,2,66000,387130000C,(04)23289100,(04)25368667
9171,2023,03,24,12,52,臺中市,北屯區,0,0,0,8,,,40,,,,,,,,,,,,,,,26,"  ","  ","  ","  ",B03,"  ","  ",1,"  ",1,"  ","  ",26,"   ",1,22,"  ",B03,120.690775,24.17213,3,66000,387130000C,(04)23289100,(04)25368667
9172,2023,03,24,12,55,臺中市,北區,0,0,0,8,,,30,,,,,,,,,,,,,,,23,"  ","  ","  ","  ",B03,"  ","  ",1,"  ",2,"  ","  ",23,"   ",1,22,"  ",B03,120.665855,24.154886,3,66000,387130000C,(04)23289100,(04)25368667
9173,2023,03,24,13,0,臺中市,南區,0,0,0,,,,30,,,,,,,,,,,,,,,12,"  ","  ","  ","  ",B12,"  ","  ",1,"  ",9,"  ","  ",12,"   ",1,5,"  ",B12,120.658469,24.110504,3,66000,387130000C,(04)23289100,(04)25368667
9174,2023,03,24,13,0,臺中市,西屯區,0,1,0,8,1,5,40,14,8,1,5,4,5,7,4,4,5,5,4,2,13,16,3,10,3,4,C03,7,9,1,10,2,13,"  ",44,16,1,22,8,C03,120.643356,24.156924,2,66000,387130000C,(04)23289100,(04)25368667
9175,2023,03,24,13,3,臺中市,大里區,0,0,0,8,,,50,,,,,,,,,,,,,,,17,"  ","  ","  ","  ",B03,"  ","  ",1,"  ",1,"  ","  ",17,"   ",1,22,"  ",B03,120.703755,24.088056,3,66000,387130000C,(04)23289100,(04)25368667
9176,2023,03,24,13,9,臺中市,霧峰區,0,0,0,8,,,50,,,,,,,,,,,,,,,23,"  ","  ","  ","  ",B03,"  ","  ",1,"  ",2,"  ","  ",23,"   ",1,22,"  ",B03,120.66282,24.071331,3,66000,387130000C,(04)23289100,(04)25368667
9177,2023,03,24,13,10,臺中市,烏日區,0,0,0,8,1,5,30,14,9,1,5,4,5,7,4,4,10,5,5,2,18,44,"  ","  ","  ","  ",A12,"  ","  ",1,"  ",2,"  ","  ",44,"   ",1,22,"  ",A12,120.625821,24.091403,3,66000,387130000C,(04)23289100,(04)25368667
9178,2023,03,24,13,13,臺中市,太平區,0,0,0,8,,,30,,,,,,,,,,,,,,,17,"  ","  ","  ","  ",B03,"  ","  ",1,"  ",2,"  ","  ",17,"   ",1,22,"  ",B03,120.717443,24.150047,3,66000,387130000C,(04)23289100,(04)25368667
9179,2023,03,24,13,16,臺中市,西屯區,0,1,0,8,1,5,30,4,1,1,5,4,5,7,4,4,10,5,5,2,15,6,2,9,1,4,C03,7,9,1,10,2,11,"  ",6,6,1,22,8,C03,120.648107,24.182753,2,66000,387130000C,(04)23289100,(04)25368667
9180,2023,03,24,13,20,臺中市,太平區,0,0,0,8,,,50,,,,,,,,,,,,,,,23,"  ","  ","  ","  ",B03,"  ","  ",1,"  ",2,"  ","  ",23,"   ",1,22,"  ",B03,120.72438,24.137552,3,66000,387130000C,(04)23289100,(04)25368667
9181,2023,03,24,13,23,臺中市,南屯區,0,0,0,8,,,50,,,,,,,,,,,,,,,18,"  ","  ","  ","  ",B03,"  ","  ",1,"  ",2,"  ","  ",18,"   ",1,22,"  ",B03,120.64697,24.147885,3,66000,387130000C,(04)23289100,(04)25368667
9182,2023,03,24,13,23,臺中市,太平區,0,0,0,8,,,30,,,,,,,,,,,,,,,17,"  ","  ","  ","  ",A12,"  ","  ",1,"  ",2,"  ","  ",17,"   ",1,22,"  ",A12,120.718611,24.12113,3,66000,387130000C,(04)23289100,(04)25368667
9183,2023,03,24,13,27,臺中市,太平區,0,1,0,8,1,5,40,14,16,1,5,4,5,7,4,4,10,5,5,1,13,23,3,10,1,1,B11,7,9,6,8,2,8,"  ",23,23,1,22,5,B11,120.714571,24.149783,2,66000,387130000C,(04)23289100,(04)25368667
9184,2023,03,24,13,34,臺中市,中區,0,1,0,8,1,5,50,4,1,1,5,4,5,7,1,1,10,5,5,2,18,42,3,10,1,1,A02,7,9,1,2,2,2,"  ",44,42,1,10,4,A02,120.681022,24.143859,2,66000,387130000C,(04)23289100,(04)25368667
9185,2023,03,24,13,42,臺中市,西區,0,0,0,8,,,60,,,,,,,,,,,,,,,26,"  ","  ","  ","  ",B03,"  ","  ",1,"  ",1,"  ","  ",26,"   ",1,22,"  ",B03,120.666907,24.153208,3,66000,387130000C,(04)23289100,(04)25368667
9186,2023,03,24,13,42,臺中市,東區,0,1,0,8,1,5,50,4,4,1,5,4,5,7,1,1,10,5,5,2,18,23,2,9,1,1,C03,7,9,1,10,2,12,"  ",23,23,1,5,8,C03,120.687127,24.136224,2,66000,387130000C,(04)23289100,(04)25368667
9187,2023,03,24,13,45,臺中市,西區,0,0,0,,,,50,,,,,,,,,,,,,,,23,"  ","  ","  ","  ",B03,"  ","  ",1,"  ",1,"  ","  ",23,"   ",1,20,"  ",B03,120.65777,24.15806,3,66000,387130000C,(04)23289100,(04)25368667
9188,2023,03,24,13,48,臺中市,南屯區,0,2,0,8,1,5,30,4,1,1,5,4,5,7,4,4,10,5,5,2,16,8,2,9,1,1,C03,7,5,1,10,2,14,"  ",8,8,1,18,8,C03,120.61342,24.146995,2,66000,387130000C,(04)23289100,(04)25368667
9189,2023,03,24,13,49,臺中市,霧峰區,0,1,0,8,1,5,50,4,1,1,5,4,5,7,4,4,10,5,5,2,18,23,2,9,1,1,C03,7,9,1,10,2,15,"  ",23,23,1,22,8,C03,120.66607,24.07973,2,66000,387130000C,(04)23289100,(04)25368667
9190,2023,03,24,13,59,臺中市,烏日區,0,1,0,8,1,5,30,4,1,1,5,4,5,7,1,1,10,5,5,2,15,23,3,10,1,1,B02,7,9,1,8,2,5,"  ",23,23,1,4,8,B02,120.647395,24.062923,2,66000,387130000C,(04)23289100,(04)25368667
9191,2023,03,24,14,2,臺中市,霧峰區,0,1,0,8,1,5,50,3,1,1,5,4,5,7,4,4,5,5,5,1,16,6,3,10,3,4,B03,7,6,1,8,2,2,"  ",6,6,1,21,8,B03,120.678028,24.073679,2,66000,387130000C,(04)23289100,(04)25368667
9192,2023,03,24,14,6,臺中市,西屯區,0,0,0,8,,,70,,,,,,,,,,,,,,,23,"  ","  ","  ","  ",B03,"  ","  ",1,"  ",1,"  ","  ",23,23,1,22,"  ",B03,120.624026,24.17882,3,66000,387130000C,(04)23289100,(04)25368667
9193,2023,03,24,14,6,臺中市,烏日區,0,0,0,8,1,5,70,3,2,1,5,4,5,7,2,1,1,4,4,1,13,23,3,10,3,4,B12,7,9,1,3,2,1,"  ",23,23,1,21,9,B12,120.598333,24.111309,3,66000,387130000C,(04)23289100,(04)25368667
9194,2023,03,24,14,8,臺中市,北屯區,0,0,0,8,,,50,,,,,,,,,,,,,,,42,"  ","  ","  ","  ",B03,"  ","  ",1,"  ",1,"  ","  ",42,"   ",1,21,"  ",B03,120.662782,24.188271,3,66000,387130000C,(04)23289100,(04)25368667
9195,2023,03,24,14,10,臺中市,大甲區,0,0,0,,,,50,,,,,,,,,,,,,,,23,"  ","  ","  ","  ",B03,"  ","  ",1,"  ",2,"  ","  ",23,"   ",1,4,"  ",B03,120.638352,24.341544,3,66000,387130000C,(04)23289100,(04)25368667
9196,2023,03,24,14,13,臺中市,龍井區,0,0,0,8,,,50,,,,,,,,,,,,,,,42,"  ","  ","  ","  ",B12,"  ","  ","  ","  ","  ","  ","  ",42,"   ",1,22,"  ",B12,120.591983,24.181415,3,66000,387130000C,(04)23289100,(04)25368667
9197,2023,03,24,14,14,臺中市,北區,0,0,0,8,1,5,50,4,1,1,5,4,5,7,4,4,5,5,5,2,12,23,3,10,1,1,C03,7,9,1,10,1,11,"  ",23,23,1,5,5,C03,120.679961,24.161631,4,66000,387130000C,(04)23289100,(04)25368667
9198,2023,03,24,14,14,臺中市,沙鹿區,0,1,0,8,1,5,40,15,9,1,5,4,5,7,1,1,5,5,5,2,16,42,3,10,1,1,C03,7,9,1,10,2,11,"  ",42,42,1,4,8,C03,120.571515,24.233735,2,66000,387130000C,(04)23289100,(04)25368667
9199,2023,03,24,14,17,臺中市,北屯區,0,0,0,8,,,50,,,,,,,,,,,,,,,42,"  ","  ","  ","  ",B03,"  ","  ",1,"  ",2,"  ","  ",42,"   ",1,22,"  ",B03,120.685501,24.188149,3,66000,387130000C,(04)23289100,(04)25368667
9200,2023,03,24,14,23,臺中市,北屯區,0,1,0,8,1,5,50,4,1,1,5,4,5,7,2,1,10,5,5,2,16,6,3,10,1,1,B03,7,5,6,10,2,5,"  ",6,6,1,21,8,B03,120.672681,24.181201,2,66000,387130000C,(04)23289100,(04)25368667
9201,2023,03,24,14,26,臺中市,豐原區,0,0,0,8,,,50,,,,,,,,,,,,,,,17,"  ","  ","  ","  ",B03,"  ","  ",1,"  ",2,"  ","  ",17,"   ",1,22,"  ",B03,120.738505,24.27186,3,66000,387130000C,(04)23289100,(04)25368667
9202,2023,03,24,14,27,臺中市,大雅區,0,1,0,8,1,5,50,14,13,1,5,4,5,7,4,4,5,5,4,1,16,23,2,9,1,1,C03,7,9,1,10,2,11,"  ",23,23,1,22,9,C03,120.644617,24.204312,2,66000,387130000C,(04)23289100,(04)25368667
9203,2023,03,24,14,29,臺中市,北屯區,0,1,0,8,4,8,50,4,1,5,5,4,5,7,4,4,10,5,5,2,17,40,3,10,3,1,B03,7,13,1,8,2,4,"  ",40,40,1,21,8,B03,120.66715,24.188767,2,66000,387130000C,(04)23289100,(04)25368667
9204,2023,03,24,14,35,臺中市,梧棲區,0,0,0,8,,,40,,,,,,,,,,,,,,,16,"  ","  ","  ","  ",B12,"  ","  ",1,"  ",2,"  ","  ",16,"   ",1,11,"  ",B12,120.537042,24.251355,3,66000,387130000C,(04)23289100,(04)25368667
9205,2023,03,24,14,35,臺中市,東勢區,0,0,0,8,,,50,,,,,,,,,,,,,,,26,"  ","  ","  ","  ",B12,"  ","  ",1,"  ",2,"  ","  ",26,26,1,22,"  ",B12,120.789176,24.285337,3,66000,387130000C,(04)23289100,(04)25368667
9206,2023,03,24,14,38,臺中市,太平區,0,0,0,8,,,50,,,,,,,,,,,,,,,6,"  ","  ","  ","  ",A12,"  ","  ",1,"  ",2,"  ","  ",6,"   ",1,22,"  ",A12,120.711356,24.103788,3,66000,387130000C,(04)23289100,(04)25368667
9207,2023,03,24,14,42,臺中市,太平區,0,2,0,8,1,5,50,4,1,1,5,4,5,7,4,4,5,4,5,1,17,19,3,10,1,1,B03,7,1,1,8,2,8,"  ",19,19,1,22,8,B03,120.716034,24.133545,2,66000,387130000C,(04)23289100,(04)25368667
9208,2023,03,24,14,45,臺中市,東區,0,1,0,8,1,5,50,4,1,1,5,4,5,7,1,1,10,5,5,2,16,23,2,7,1,1,C03,7,4,1,10,2,14,"  ",23,23,1,5,8,C03,120.706117,24.12978,2,66000,387130000C,(04)23289100,(04)25368667
9209,2023,03,24,14,46,臺中市,南區,0,1,0,8,1,5,50,14,7,1,5,4,5,7,4,4,1,4,4,2,13,23,3,10,1,1,B01,7,9,1,4,2,1,"  ",23,23,1,10,8,B01,120.652498,24.122127,2,66000,387130000C,(04)23289100,(04)25368667
9210,2023,03,24,14,46,臺中市,太平區,0,0,0,8,,,50,,,,,,,,,,,,,,,16,"  ","  ","  ","  ",B03,"  ","  ",6,"  ",2,"  ","  ",16,"   ",1,22,"  ",B03,120.721813,24.119655,3,66000,387130000C,(04)23289100,(04)25368667
9211,2023,03,24,14,49,臺中市,南區,0,0,0,8,,,50,,,,,,,,,,,,,,,12,"  ","  ","  ","  ",B12,"  ","  ",1,"  ",2,"  ","  ",12,"   ",1,9,"  ",B12,120.670232,24.114065,3,66000,387130000C,(04)23289100,(04)25368667
9212,2023,03,24,14,49,臺中市,西屯區,0,1,0,8,1,5,50,14,9,1,5,4,5,7,4,4,1,4,5,2,12,23,2,9,1,1,C03,7,9,1,10,1,11,"  ",23,23,1,22,8,C03,120.651242,24.167743,2,66000,387130000C,(04)23289100,(04)25368667
9213,2023,03,24,14,55,臺中市,太平區,0,0,0,8,,,50,,,,,,,,,,,,,,,17,"  ","  ","  ","  ",B03,"  ","  ",1,"  ",2,"  ","  ",17,"   ",1,22,"  ",B03,120.718769,24.129314,3,66000,387130000C,(04)23289100,(04)25368667
9214,2023,03,24,14,55,臺中市,梧棲區,0,1,0,8,1,5,50,3,9,1,5,4,5,7,1,1,1,2,5,2,16,8,2,9,1,1,C03,7,5,1,10,2,14,"  ",8,8,1,20,8,C03,120.543085,24.256339,2,66000,387130000C,(04)23289100,(04)25368667
9215,2023,03,24,14,55,臺中市,沙鹿區,0,0,0,8,1,5,50,14,9,1,5,4,5,7,4,4,1,3,4,1,14,12,"  ","  ","  ","  ",B03,"  ","  ",1,"  ",2,"  ","  ",12,"   ",1,22,"  ",B03,120.568972,24.223839,3,66000,387130000C,(04)23289100,(04)25368667
9216,2023,03,24,14,57,臺中市,大雅區,0,1,0,8,1,5,50,4,1,1,5,4,5,7,4,4,5,5,5,2,18,23,2,9,1,1,C04,7,9,1,10,2,15,"  ",23,23,1,22,9,C04,120.652257,24.223873,2,66000,387130000C,(04)23289100,(04)25368667
9217,2023,03,24,15,0,臺中市,龍井區,0,0,0,8,,,30,,,,,,,,,,,,,,,17,"  ","  ","  ","  ",B03,"  ","  ",1,"  ",2,"  ","  ",17,"   ",1,21,"  ",B03,120.585018,24.184541,3,66000,387130000C,(04)23289100,(04)25368667
9218,2023,03,24,15,2,臺中市,西屯區,0,1,0,8,1,5,50,14,7,1,5,4,5,7,4,4,1,4,1,2,16,7,3,10,3,4,A12,7,8,1,7,2,5,"  ",7,7,1,22,8,A12,120.627551,24.176929,2,66000,387130000C,(04)23289100,(04)25368667
9219,2023,03,24,15,3,臺中市,西屯區,0,1,0,8,1,5,50,14,9,1,5,4,5,7,4,4,5,5,5,2,14,12,3,10,1,1,B03,7,2,1,8,2,3,"  ",12,12,1,22,8,B03,120.627275,24.18247,2,66000,387130000C,(04)23289100,(04)25368667
9220,2023,03,24,15,5,臺中市,霧峰區,0,0,0,8,,,50,,,,,,,,,,,,,,,23,"  ","  ","  ","  ",C03,"  ","  ",1,"  ",2,"  ","  ",23,"   ",1,9,"  ",C03,120.699197,24.068843,3,66000,387130000C,(04)23289100,(04)25368667
9221,2023,03,24,15,6,臺中市,太平區,0,2,0,8,1,5,50,14,9,1,5,4,5,7,4,4,9,4,5,1,13,16,2,9,1,1,C03,7,9,1,10,2,11,"  ",16,16,1,19,8,C03,120.726117,24.141775,2,66000,387130000C,(04)23289100,(04)25368667
9222,2023,03,24,15,11,臺中市,東區,0,2,0,8,1,5,50,14,9,1,5,4,5,7,1,1,10,5,5,2,13,23,3,10,1,1,C03,7,9,1,10,2,11,"  ",23,23,1,22,9,C03,120.686676,24.138065,2,66000,387130000C,(04)23289100,(04)25368667
9223,2023,03,24,15,15,臺中市,大里區,0,1,0,8,1,5,50,4,1,1,5,4,5,7,2,1,5,3,4,1,16,25,3,10,1,1,B03,7,9,1,8,2,2,"  ",25,25,1,5,8,B03,120.688976,24.104613,2,66000,387130000C,(04)23289100,(04)25368667
9224,2023,03,24,15,17,臺中市,南區,0,0,0,8,,,50,,,,,,,,,,,,,,,23,"  ","  ","  ","  ",C03,"  ","  ",1,"  ",2,"  ","  ",23,"   ",1,5,"  ",C03,120.67777,24.129335,3,66000,387130000C,(04)23289100,(04)25368667
9225,2023,03,24,15,17,臺中市,南區,0,0,0,8,1,5,50,15,22,1,5,4,5,7,4,4,10,5,5,2,29,60,3,10,4,5,H01,8,20,8,20,10,16,"  ",60,60,1,22,8,H01,120.679635,24.132803,3,66000,387130000C,(04)23289100,(04)25368667
9226,2023,03,24,15,17,臺中市,沙鹿區,0,1,0,8,1,5,30,14,9,1,5,4,4,7,4,4,10,5,5,2,17,42,3,10,1,1,B03,7,9,1,8,9,15,"  ",42,42,1,22,9,B03,120.596016,24.221269,2,66000,387130000C,(04)23289100,(04)25368667
9227,2023,03,24,15,19,臺中市,西區,0,0,0,8,1,5,50,3,1,1,5,4,5,7,1,1,5,5,5,2,13,43,"  ","  ","  ","  ",B03,"  ","  ",1,"  ",1,"  ","  ",43,43,1,21,"  ",B03,120.661678,24.141244,3,66000,387130000C,(04)23289100,(04)25368667
9228,2023,03,24,15,19,臺中市,大里區,0,0,0,8,,,50,,,,,,,,,,,,,,,17,"  ","  ","  ","  ",B03,"  ","  ",1,"  ",2,"  ","  ",17,17,1,5,"  ",B03,120.692035,24.100589,3,66000,387130000C,(04)23289100,(04)25368667
9229,2023,03,24,15,20,臺中市,太平區,0,0,0,8,,,50,,,,,,,,,,,,,,,6,"  ","  ","  ","  ",C03,"  ","  ",1,"  ",2,"  ","  ",6,"   ",1,22,"  ",C03,120.727419,24.153904,3,66000,387130000C,(04)23289100,(04)25368667
9230,2023,03,24,15,21,臺中市,太平區,0,2,0,8,1,5,50,4,1,1,5,4,5,7,1,1,10,5,5,2,16,25,3,10,1,1,B03,7,5,1,8,2,4,"  ",25,25,1,22,5,B03,120.715286,24.108104,2,66000,387130000C,(04)23289100,(04)25368667
9231,2023,03,24,15,26,臺中市,南屯區,0,0,0,8,1,5,40,14,20,1,5,4,5,7,4,4,1,4,4,2,17,18,"  ","  ","  ","  ",C03,"  ","  ",1,"  ",1,"  ","  ",18,"   ",2,5,"  ",C03,120.63687,24.152638,3,66000,387130000C,(04)23289100,(04)25368667
9232,2023,03,24,15,28,臺中市,大里區,0,3,0,8,1,5,50,11,9,1,5,4,5,1,4,4,5,5,5,2,17,19,2,7,1,1,C03,7,1,1,10,2,11,"  ",19,19,1,22,9,C03,120.687327,24.116005,2,66000,387130000C,(04)23289100,(04)25368667
9233,2023,03,24,15,30,臺中市,神岡區,0,0,0,8,,,50,,,,,,,,,,,,,,,17,"  ","  ","  ","  ",A12,"  ","  ",1,"  ",2,"  ","  ",17,"   ",1,12,"  ",A12,120.656178,24.260566,3,66000,387130000C,(04)23289100,(04)25368667
9234,2023,03,24,15,30,臺中市,豐原區,0,1,0,8,1,5,50,3,1,1,5,4,5,7,4,4,10,5,5,2,17,42,2,9,1,1,C03,7,9,1,10,2,14,"  ",42,42,1,22,8,C03,120.707122,24.250233,2,66000,387130000C,(04)23289100,(04)25368667
9235,2023,03,24,15,35,臺中市,北區,0,0,0,8,,,50,,,,,,,,,,,,,,,23,"  ","  ","  ","  ",B12,"  ","  ",6,"  ",1,"  ","  ",23,"   ",1,22,"  ",B12,120.672074,24.16491,3,66000,387130000C,(04)23289100,(04)25368667
9236,2023,03,24,15,36,臺中市,北區,0,0,0,8,,,50,,,,,,,,,,,,,,,23,"  ","  ","  ","  ",B02,"  ","  ",1,"  ",2,"  ","  ",23,"   ",1,5,"  ",B02,120.681773,24.149321,3,66000,387130000C,(04)23289100,(04)25368667
9237,2023,03,24,15,37,臺中市,西屯區,0,2,0,8,1,5,30,3,1,1,5,4,5,7,4,4,5,5,5,2,16,6,2,8,1,1,C03,7,5,1,10,2,11,"  ",6,6,1,22,8,C03,120.639496,24.181253,2,66000,387130000C,(04)23289100,(04)25368667
9238,2023,03,24,15,39,臺中市,北屯區,0,1,0,8,1,5,50,14,9,1,5,4,5,7,4,4,5,5,5,1,17,30,3,10,1,1,C03,7,9,3,18,11,15,"  ",30,30,1,21,8,C03,120.703459,24.169461,2,66000,387130000C,(04)23289100,(04)25368667
9239,2023,03,24,15,40,臺中市,豐原區,0,0,0,,,,50,,,,,,,,,,,,,,,23,"  ","  ","  ","  ",B03,"  ","  ",1,"  ",2,"  ","  ",23,"   ",1,22,"  ",B03,120.750548,24.26932,3,66000,387130000C,(04)23289100,(04)25368667
9240,2023,03,24,15,42,臺中市,西區,0,1,0,8,1,5,50,4,1,1,5,4,5,7,2,1,10,5,5,2,16,23,2,9,1,1,C03,7,9,1,10,2,14,"  ",23,23,1,22,9,C03,120.652997,24.146726,2,66000,387130000C,(04)23289100,(04)25368667
9241,2023,03,24,16,5,臺中市,北區,0,0,0,,,,50,,,,,,,,,,,,,,,23,"  ","  ","  ","  ",B03,"  ","  ",1,"  ",1,"  ","  ",23,23,1,22,"  ",B03,120.682626,24.147218,3,66000,387130000C,(04)23289100,(04)25368667
9242,2023,03,24,16,5,臺中市,太平區,0,1,0,8,1,5,50,4,1,1,5,4,5,7,4,4,5,5,5,2,17,23,2,9,1,1,C03,7,9,1,10,2,12,"  ",23,23,1,21,8,C03,120.725193,24.144179,2,66000,387130000C,(04)23289100,(04)25368667
9243,2023,03,24,16,6,臺中市,西屯區,0,0,0,8,,,50,,,,,,,,,,,,,,,43,"  ","  ","  ","  ",B12,"  ","  ",1,"  ",1,"  ","  ",43,"   ",1,22,"  ",B12,120.657127,24.200899,3,66000,387130000C,(04)23289100,(04)25368667
9244,2023,03,24,16,10,臺中市,南屯區,0,0,0,8,1,5,50,14,9,1,5,4,5,7,4,4,5,5,5,2,17,42,"  ","  ","  ","  ","   ","  ","  ","  ","  ","  ","  ","  ",42,42,1,"  ","  ","   ",120.648594,24.149154,3,66000,387130000C,(04)23289100,(04)25368667
9245,2023,03,24,16,10,臺中市,神岡區,0,1,0,8,1,7,10,14,9,1,5,4,5,7,4,4,9,5,4,2,16,1,3,10,1,1,F01,7,4,8,20,2,16,"  ",1,1,1,21,8,F01,120.668755,24.251031,2,66000,387130000C,(04)23289100,(04)25368667
9246,2023,03,24,16,11,臺中市,清水區,0,0,0,8,,,70,,,,,,,,,,,,,,,23,"  ","  ","  ","  ",B03,"  ","  ",1,"  ",2,"  ","  ",23,23,1,21,"  ",B03,120.576002,24.27865,3,66000,387130000C,(04)23289100,(04)25368667
9247,2023,03,24,16,15,臺中市,西屯區,0,0,0,8,,,30,,,,,,,,,,,,,,,67,"  ","  ","  ","  ","   ","  ","  ","  ","  ","  ","  ","  ",67,"   ",1,"  ","  ","   ",120.65057,24.205724,3,66000,387130000C,(04)23289100,(04)25368667
9248,2023,03,24,16,20,臺中市,北屯區,0,0,0,8,,,50,,,,,,,,,,,,,,,12,"  ","  ","  ","  ",B03,"  ","  ",1,"  ",1,"  ","  ",12,"   ",1,21,"  ",B03,120.692302,24.172241,3,66000,387130000C,(04)23289100,(04)25368667
9249,2023,03,24,16,22,臺中市,龍井區,0,1,0,8,1,5,50,14,9,1,5,4,5,7,4,4,9,4,5,2,16,26,2,7,1,1,C03,7,11,1,10,2,12,"  ",26,26,1,22,8,C03,120.585033,24.182013,2,66000,387130000C,(04)23289100,(04)25368667
9250,2023,03,24,16,29,臺中市,南屯區,0,0,0,8,,,50,,,,,,,,,,,,,,,23,"  ","  ","  ","  ",B03,"  ","  ",1,"  ",1,"  ","  ",23,"   ",1,22,"  ",B03,120.648594,24.149154,4,66000,387130000C,(04)23289100,(04)25368667
9251,2023,03,24,16,30,臺中市,沙鹿區,0,0,0,8,1,5,30,14,9,1,5,4,5,7,4,4,10,5,5,2,18,23,2,9,1,1,C03,7,9,1,10,2,14,"  ",23,23,1,22,9,C03,120.581082,24.208215,3,66000,387130000C,(04)23289100,(04)25368667
9252,2023,03,24,16,33,臺中市,潭子區,0,0,0,8,,,60,,,,,,,,,,,,,,,23,"  ","  ","  ","  ",B03,"  ","  ",1,"  ",2,"  ","  ",23,"   ",1,22,"  ",B03,120.70521,24.210159,4,66000,387130000C,(04)23289100,(04)25368667
9253,2023,03,24,16,35,臺中市,南屯區,0,0,0,8,,,50,,,,,,,,,,,,,,,23,"  ","  ","  ","  ",C03,"  ","  ",1,"  ",1,"  ","  ",23,"   ",1,22,"  ",C03,120.625746,24.144278,4,66000,387130000C,(04)23289100,(04)25368667
9254,2023,03,24,16,38,臺中市,太平區,0,0,0,8,,,30,,,,,,,,,,,,,,,42,"  ","  ","  ","  ",B03,"  ","  ",1,"  ",11,"  ","  ",42,"   ",1,21,"  ",B03,120.724276,24.152773,3,66000,387130000C,(04)23289100,(04)25368667
9255,2023,03,24,16,40,臺中市,霧峰區,0,2,0,8,1,5,50,4,1,1,5,4,5,7,3,1,10,5,5,2,16,6,2,9,1,1,C03,7,5,4,8,2,13,"  ",6,6,1,19,8,C03,120.699671,24.071676,2,66000,387130000C,(04)23289100,(04)25368667