序號,年,月,日,時,分,縣市,區,死亡數量,受傷數量,2-30,天候,光線,道路類別,速限_速度(公里),道路型態,事故位置,路面鋪裝,路面狀態,路面缺陷,障礙物,視距,號誌種類,號誌動作,分向設施,快車道或一般車道間,快慢車道間,路面邊線,事故類型及型態,主要肇因,受傷程度,主要傷處,保護裝備,行動電話,當事者區分,車輛用途,當事者行動狀態,駕駛資格情形,駕駛執照種類,飲酒情形,車輛撞擊部位最初,車輛撞擊部位其他,肇事因素個別,肇事因素主要,肇事逃逸,職業,旅次目的,車種,GPS座標X,GPS座標Y,事故類別,縣市別代碼,機關代碼,市話,傳真
9256,2023,03,24,16,40,臺中市,霧峰區,0,0,0,8,,,50,,,,,,,,,,,,,,,26,"  ","  ","  ","  ",B03,"  ","  ",1,"  ",2,"  ","  ",26,"   ",1,18,"  ",B03,120.688529,24.043415,3,66000,387130000C,(04)23289100,(04)25368667
9257,2023,03,24,16,40,臺中市,豐原區,0,0,0,8,,,50,,,,,,,,,,,,,,,18,"  ","  ","  ","  ",B03,"  ","  ",1,"  ",2,"  ","  ",18,"   ",1,4,"  ",B03,120.71563,24.250202,3,66000,387130000C,(04)23289100,(04)25368667
9258,2023,03,24,16,41,臺中市,霧峰區,0,0,0,8,,,40,,,,,,,,,,,,,,,8,"  ","  ","  ","  ",C03,"  ","  ",1,"  ",2,"  ","  ",8,"   ",1,18,"  ",C03,120.714791,24.076133,3,66000,387130000C,(04)23289100,(04)25368667
9259,2023,03,24,16,42,臺中市,石岡區,0,0,0,8,,,40,,,,,,,,,,,,,,,23,"  ","  ","  ","  ",C03,"  ","  ",1,"  ",2,"  ","  ",23,"   ",1,22,"  ",C03,120.791744,24.272581,3,66000,387130000C,(04)23289100,(04)25368667
9260,2023,03,24,16,43,臺中市,北屯區,0,0,0,8,,,50,,,,,,,,,,,,,,,23,"  ","  ","  ","  ",C03,"  ","  ",1,"  ",1,"  ","  ",23,"   ",1,5,"  ",C03,120.687463,24.170531,3,66000,387130000C,(04)23289100,(04)25368667
9261,2023,03,24,16,45,臺中市,大雅區,0,0,0,8,,,50,,,,,,,,,,,,,,,6,"  ","  ","  ","  ",B03,"  ","  ",1,"  ",2,"  ","  ",6,"   ",1,22,"  ",B03,120.6586,24.22029,3,66000,387130000C,(04)23289100,(04)25368667
9262,2023,03,24,16,49,臺中市,南屯區,0,0,0,8,1,5,50,14,9,1,5,4,5,7,4,4,9,5,5,2,17,43,"  ","  ","  ","  ","   ","  ","  ","  ","  ","  ","  ","  ",43,"   ",1,"  ","  ","   ",120.65257,24.142012,3,66000,387130000C,(04)23289100,(04)25368667
9263,2023,03,24,16,50,臺中市,太平區,0,1,0,8,1,5,30,4,1,1,5,4,5,7,4,4,10,5,5,2,15,6,3,10,1,1,B03,7,9,1,10,3,8,"  ",6,6,1,22,8,B03,120.723732,24.12993,2,66000,387130000C,(04)23289100,(04)25368667
9264,2023,03,24,16,52,臺中市,潭子區,0,1,0,8,1,5,60,3,1,1,5,4,5,7,1,1,1,4,4,1,16,26,3,10,1,1,B03,7,11,1,7,2,5,"  ",26,26,1,22,9,B03,120.70392,24.202416,2,66000,387130000C,(04)23289100,(04)25368667
9265,2023,03,24,16,55,臺中市,西區,0,1,0,8,1,5,50,5,1,1,5,4,5,7,2,1,10,5,5,2,17,43,2,9,1,1,C03,7,9,1,10,2,15,"  ",43,43,1,20,8,C03,120.67253,24.131787,2,66000,387130000C,(04)23289100,(04)25368667
9266,2023,03,24,16,57,臺中市,南區,0,1,0,8,1,5,50,4,1,1,5,4,5,7,2,1,10,5,5,2,17,23,3,10,3,4,C03,7,9,1,10,2,15,"  ",23,23,1,5,8,C03,120.689021,24.13699,2,66000,387130000C,(04)23289100,(04)25368667
9267,2023,03,24,17,0,臺中市,清水區,0,2,0,8,1,5,50,3,1,1,5,4,5,7,4,4,10,5,5,2,16,23,2,8,1,1,C03,7,9,1,10,2,11,"  ",23,23,1,5,1,C03,120.571815,24.263318,2,66000,387130000C,(04)23289100,(04)25368667
9268,2023,03,24,17,2,臺中市,西區,0,0,0,8,1,5,50,4,1,1,5,4,5,7,4,4,5,5,5,2,16,6,"  ","  ","  ","  ",B03,"  ","  ",1,"  ",1,"  ","  ",6,"   ",1,21,"  ",B03,120.658813,24.141573,3,66000,387130000C,(04)23289100,(04)25368667
9269,2023,03,24,17,3,臺中市,神岡區,0,2,0,8,1,5,50,14,8,1,5,4,5,7,4,4,1,4,4,2,17,38,2,9,1,1,C03,7,9,1,10,2,11,"  ",23,38,1,22,8,C03,120.696939,24.24855,2,66000,387130000C,(04)23289100,(04)25368667
9270,2023,03,24,17,4,臺中市,豐原區,0,0,0,8,,,30,,,,,,,,,,,,,,,19,"  ","  ","  ","  ",C03,"  ","  ",1,"  ",2,"  ","  ",19,"   ",1,22,"  ",C03,120.714676,24.273915,3,66000,387130000C,(04)23289100,(04)25368667
9271,2023,03,24,17,5,臺中市,大里區,0,0,0,8,,,50,,,,,,,,,,,,,,,4,"  ","  ","  ","  ",C03,"  ","  ",1,"  ",2,"  ","  ",4,"   ",1,12,"  ",C03,120.692248,24.092887,3,66000,387130000C,(04)23289100,(04)25368667
9272,2023,03,24,17,6,臺中市,大里區,0,1,0,8,1,5,50,3,1,1,5,4,5,7,1,1,5,5,4,1,16,25,3,10,1,1,B03,7,9,1,8,2,4,"  ",25,25,1,22,9,B03,120.685216,24.115247,2,66000,387130000C,(04)23289100,(04)25368667
9273,2023,03,24,17,7,臺中市,西屯區,0,0,0,8,,,50,,,,,,,,,,,,,,,18,"  ","  ","  ","  ",B03,"  ","  ",1,"  ",1,"  ","  ",18,"   ",1,22,"  ",B03,120.623142,24.185877,3,66000,387130000C,(04)23289100,(04)25368667
9274,2023,03,24,17,9,臺中市,西屯區,0,2,0,8,1,5,50,4,1,1,5,4,5,7,2,1,10,5,5,2,16,8,2,9,1,1,C03,7,5,1,10,2,14,"  ",8,8,1,4,8,C03,120.608097,24.187309,2,66000,387130000C,(04)23289100,(04)25368667
9275,2023,03,24,17,9,臺中市,豐原區,0,0,0,8,,,30,,,,,,,,,,,,,,,12,"  ","  ","  ","  ",B03,"  ","  ",1,"  ",2,"  ","  ",12,"   ",1,22,"  ",B03,120.72355,24.242858,3,66000,387130000C,(04)23289100,(04)25368667
9276,2023,03,24,17,13,臺中市,大甲區,0,0,0,,,,40,,,,,,,,,,,,,,,23,"  ","  ","  ","  ",B03,"  ","  ",1,"  ",2,"  ","  ",23,23,2,22,"  ",B03,120.618645,24.344356,3,66000,387130000C,(04)23289100,(04)25368667
9277,2023,03,24,17,14,臺中市,烏日區,0,1,0,8,1,5,30,3,1,1,5,4,5,7,4,4,10,5,5,2,19,23,2,9,1,1,C03,7,9,1,10,2,15,"  ",23,23,1,22,8,C03,120.64037,24.031914,2,66000,387130000C,(04)23289100,(04)25368667
9278,2023,03,24,17,15,臺中市,西區,0,0,0,8,1,5,50,14,8,1,5,4,5,7,4,4,1,4,4,2,12,17,"  ","  ","  ","  ",B03,"  ","  ",1,"  ",1,"  ","  ",17,"   ",1,4,"  ",B03,120.658043,24.154259,3,66000,387130000C,(04)23289100,(04)25368667
9279,2023,03,24,17,15,臺中市,沙鹿區,0,2,0,8,1,5,50,4,9,1,5,4,5,7,1,1,4,3,4,1,15,25,2,9,1,1,C03,7,9,1,10,2,11,"  ",25,25,1,5,8,C03,120.578696,24.221269,2,66000,387130000C,(04)23289100,(04)25368667
9280,2023,03,24,17,19,臺中市,東區,0,1,0,8,1,5,50,14,9,1,5,4,5,7,4,4,9,4,5,2,12,42,3,10,1,1,C03,7,9,1,10,2,15,"  ",42,42,1,5,1,C03,120.697163,24.133145,2,66000,387130000C,(04)23289100,(04)25368667
9281,2023,03,24,17,21,臺中市,東區,0,2,0,7,2,5,50,4,1,1,5,4,5,7,1,1,10,5,5,2,12,1,2,9,1,1,C03,7,9,1,10,2,14,"  ",1,1,1,22,9,C03,120.692361,24.13977,2,66000,387130000C,(04)23289100,(04)25368667
9282,2023,03,24,17,21,臺中市,北屯區,0,1,0,8,1,5,50,5,2,1,5,4,5,7,1,1,3,4,5,2,16,23,3,10,1,1,B12,7,6,3,18,2,4,"  ",44,43,1,22,8,B12,120.686582,24.201323,2,66000,387130000C,(04)23289100,(04)25368667
9283,2023,03,24,17,24,臺中市,太平區,0,0,0,8,,,50,,,,,,,,,,,,,,,23,"  ","  ","  ","  ",B03,"  ","  ",1,"  ",2,"  ","  ",23,"   ",1,21,"  ",B03,120.744052,24.15823,3,66000,387130000C,(04)23289100,(04)25368667
9284,2023,03,24,17,25,臺中市,東區,0,0,0,8,,,50,,,,,,,,,,,,,,,17,"  ","  ","  ","  ",B03,"  ","  ",1,"  ",2,"  ","  ",17,"   ",1,4,"  ",B03,120.70547,24.13026,3,66000,387130000C,(04)23289100,(04)25368667
9285,2023,03,24,17,27,臺中市,太平區,0,0,0,8,,,0,,,,,,,,,,,,,,,26,"  ","  ","  ","  ",C03,"  ","  ",1,"  ",2,"  ","  ",26,"   ",1,5,"  ",C03,120.721186,24.13043,3,66000,387130000C,(04)23289100,(04)25368667
9286,2023,03,24,17,30,臺中市,南屯區,0,0,0,8,1,5,50,14,9,1,5,4,5,7,4,4,5,4,5,2,14,12,3,10,1,1,B03,7,2,1,8,9,3,"  ",12,12,1,22,8,B03,120.652641,24.150296,3,66000,387130000C,(04)23289100,(04)25368667
9287,2023,03,24,17,30,臺中市,大肚區,0,0,0,8,,,30,,,,,,,,,,,,,,,23,"  ","  ","  ","  ",G02,"  ","  ",1,"  ",2,"  ","  ",23,"   ",1,7,"  ",G02,120.554957,24.133036,3,66000,387130000C,(04)23289100,(04)25368667
9288,2023,03,24,17,30,臺中市,后里區,0,1,0,8,1,5,30,3,1,1,5,4,5,7,4,4,10,5,5,2,6,23,3,10,1,1,B03,7,9,1,8,2,1,"  ",23,23,1,9,8,B03,120.711268,24.305326,2,66000,387130000C,(04)23289100,(04)25368667
9289,2023,03,24,17,35,臺中市,北屯區,0,0,0,8,,,50,,,,,,,,,,,,,,,23,"  ","  ","  ","  ",B03,"  ","  ",1,"  ",1,"  ","  ",23,"   ",1,21,"  ",B03,120.698965,24.170279,3,66000,387130000C,(04)23289100,(04)25368667
9290,2023,03,24,17,35,臺中市,西屯區,0,0,0,8,,,30,,,,,,,,,,,,,,,67,"  ","  ","  ","  ","   ","  ","  ","  ","  ","  ","  ","  ",67,"   ",1,"  ","  ","   ",120.61429,24.17976,3,66000,387130000C,(04)23289100,(04)25368667
9291,2023,03,24,17,35,臺中市,大里區,0,1,0,8,1,5,50,5,1,1,5,4,5,7,2,1,5,5,5,1,16,25,2,9,1,1,C03,7,5,1,10,2,12,"  ",25,25,1,5,8,C03,120.700908,24.102835,2,66000,387130000C,(04)23289100,(04)25368667
9292,2023,03,24,17,35,臺中市,太平區,0,2,0,8,1,5,50,4,1,1,5,4,5,7,4,4,10,5,5,2,15,6,2,8,1,1,C03,7,9,1,10,2,12,"  ",6,6,1,22,8,C03,120.718896,24.11345,2,66000,387130000C,(04)23289100,(04)25368667
9293,2023,03,24,17,36,臺中市,南屯區,0,1,0,8,1,5,50,14,8,1,5,4,4,7,4,4,5,5,4,2,16,6,3,10,1,1,B03,7,6,1,8,2,2,"  ",6,6,1,5,8,B03,120.647297,24.132055,2,66000,387130000C,(04)23289100,(04)25368667
9294,2023,03,24,17,36,臺中市,豐原區,0,2,0,8,1,5,30,11,9,1,5,4,5,7,4,4,10,5,5,2,11,17,2,9,1,1,C03,7,9,1,10,2,14,"  ",17,17,1,22,8,C03,120.716622,24.251822,2,66000,387130000C,(04)23289100,(04)25368667
9295,2023,03,24,17,39,臺中市,西屯區,0,1,0,8,1,5,30,3,2,1,5,4,5,7,4,4,10,5,5,2,17,19,2,9,1,1,F03,7,1,8,20,2,16,"  ",19,19,1,22,8,F03,120.618349,24.194309,2,66000,387130000C,(04)23289100,(04)25368667
9296,2023,03,24,17,40,臺中市,西屯區,0,1,0,8,1,5,50,4,1,1,5,4,5,7,1,1,5,5,5,2,16,6,3,10,3,4,B03,7,6,1,8,2,2,"  ",6,6,1,22,8,B03,120.644268,24.174691,2,66000,387130000C,(04)23289100,(04)25368667
9297,2023,03,24,17,40,臺中市,西屯區,0,1,0,8,3,5,50,4,2,1,5,4,5,7,2,1,9,4,4,2,16,25,2,9,1,1,C03,7,5,1,10,1,11,"  ",25,25,1,22,8,C03,120.652286,24.159728,2,66000,387130000C,(04)23289100,(04)25368667
9298,2023,03,24,17,44,臺中市,南屯區,0,1,0,8,1,5,50,14,9,1,5,4,5,7,4,4,1,4,5,2,16,42,3,10,3,4,B03,7,15,1,7,2,8,"  ",42,42,1,22,9,B03,120.646179,24.135605,2,66000,387130000C,(04)23289100,(04)25368667
9299,2023,03,24,17,44,臺中市,大里區,0,1,0,8,1,5,50,5,1,1,5,4,5,7,1,1,10,5,5,1,16,25,3,10,1,1,B03,7,5,1,8,2,2,"  ",25,25,1,5,8,B03,120.701015,24.102671,2,66000,387130000C,(04)23289100,(04)25368667
9300,2023,03,24,17,49,臺中市,沙鹿區,0,0,0,8,1,5,40,11,8,1,5,4,5,7,4,4,5,5,5,2,18,23,2,8,3,4,C03,7,9,1,10,2,12,"  ",23,23,1,22,9,C03,120.586322,24.250119,3,66000,387130000C,(04)23289100,(04)25368667
9301,2023,03,24,17,51,臺中市,南區,0,1,0,8,2,5,50,4,1,1,5,4,5,7,1,1,10,5,5,2,13,16,2,8,1,1,C03,7,9,1,10,2,11,"  ",16,16,1,22,8,C03,120.652766,24.117995,2,66000,387130000C,(04)23289100,(04)25368667
9302,2023,03,24,17,55,臺中市,潭子區,0,0,0,8,,,50,,,,,,,,,,,,,,,23,"  ","  ","  ","  ",C03,"  ","  ",1,"  ",2,"  ","  ",23,23,1,22,"  ",C03,120.707532,24.199439,3,66000,387130000C,(04)23289100,(04)25368667
9303,2023,03,24,17,55,臺中市,太平區,0,1,0,8,1,5,50,4,1,1,5,4,5,7,4,4,5,5,5,2,15,6,2,9,1,1,C03,7,9,1,10,2,12,"  ",6,6,1,21,8,C03,120.724486,24.155572,2,66000,387130000C,(04)23289100,(04)25368667
9304,2023,03,24,17,56,臺中市,中區,0,1,0,8,1,5,50,4,1,1,5,4,5,7,1,1,10,5,5,2,17,9,3,10,1,1,C03,7,6,1,10,2,15,"  ",9,9,1,21,8,C03,120.676898,24.141947,2,66000,387130000C,(04)23289100,(04)25368667
9305,2023,03,24,17,59,臺中市,北屯區,0,2,0,8,3,5,50,4,1,1,5,4,5,7,1,1,10,5,5,2,17,26,3,10,1,1,B12,7,6,1,8,2,8,"  ",26,26,1,21,8,B12,120.707193,24.185069,2,66000,387130000C,(04)23289100,(04)25368667
9306,2023,03,24,18,1,臺中市,西屯區,0,1,0,8,1,5,40,14,8,1,5,4,5,7,2,1,5,4,4,1,17,23,3,10,1,1,B03,7,7,1,8,2,5,"  ",23,23,1,1,9,B03,120.644251,24.194815,2,66000,387130000C,(04)23289100,(04)25368667
9307,2023,03,24,18,4,臺中市,豐原區,0,0,0,8,,,30,,,,,,,,,,,,,,,12,"  ","  ","  ","  ",B03,"  ","  ",1,"  ",2,"  ","  ",12,"   ",1,4,"  ",B03,120.759077,24.277513,3,66000,387130000C,(04)23289100,(04)25368667
9308,2023,03,24,18,5,臺中市,西區,0,0,0,,,,50,,,,,,,,,,,,,,,19,"  ","  ","  ","  ",B03,"  ","  ",1,"  ",2,"  ","  ",19,"   ",1,20,"  ",B03,120.664455,24.156972,3,66000,387130000C,(04)23289100,(04)25368667
9309,2023,03,24,18,8,臺中市,西屯區,0,0,0,8,,,50,,,,,,,,,,,,,,,23,"  ","  ","  ","  ",B03,"  ","  ",1,"  ",1,"  ","  ",23,"   ",1,4,"  ",B03,120.642667,24.172374,3,66000,387130000C,(04)23289100,(04)25368667
9310,2023,03,24,18,8,臺中市,烏日區,0,2,0,8,2,5,50,3,1,1,5,4,5,7,1,1,10,5,5,2,3,25,3,10,1,1,B03,7,9,1,8,2,1,"  ",25,25,1,21,8,B03,120.642872,24.074427,2,66000,387130000C,(04)23289100,(04)25368667
9311,2023,03,24,18,14,臺中市,東區,0,2,0,8,2,5,50,3,1,1,5,4,5,7,4,4,10,5,5,2,16,6,2,9,3,4,C03,7,5,1,10,2,14,"  ",6,6,1,5,8,C03,120.684991,24.125105,2,66000,387130000C,(04)23289100,(04)25368667
9312,2023,03,24,18,15,臺中市,南屯區,0,1,0,7,3,5,10,14,20,1,5,4,5,7,1,1,1,4,5,2,2,23,3,10,3,4,F01,7,9,8,20,11,16,"  ",23,23,1,22,8,F01,120.646641,24.142582,2,66000,387130000C,(04)23289100,(04)25368667
9313,2023,03,24,18,17,臺中市,北屯區,0,1,0,8,3,5,50,11,7,1,5,4,5,7,4,4,5,5,4,2,3,23,3,10,1,1,C03,7,9,1,10,2,11,"  ",23,23,1,21,1,C03,120.704911,24.169081,2,66000,387130000C,(04)23289100,(04)25368667
9314,2023,03,24,18,19,臺中市,北屯區,0,0,0,8,,,50,,,,,,,,,,,,,,,8,"  ","  ","  ","  ",B03,"  ","  ",1,"  ",2,"  ","  ",23,8,1,22,"  ",B03,120.727365,24.176586,3,66000,387130000C,(04)23289100,(04)25368667
9315,2023,03,24,18,23,臺中市,大里區,0,0,0,8,,,50,,,,,,,,,,,,,,,23,"  ","  ","  ","  ",B03,"  ","  ",1,"  ",2,"  ","  ",23,"   ",1,22,"  ",B03,120.670298,24.111271,3,66000,387130000C,(04)23289100,(04)25368667
9316,2023,03,24,18,24,臺中市,北區,0,3,0,8,3,5,50,3,9,1,5,4,5,7,4,4,3,2,5,2,16,23,2,9,3,4,C03,7,9,1,10,2,14,"  ",23,23,1,22,9,C03,120.68908,24.15762,2,66000,387130000C,(04)23289100,(04)25368667
9317,2023,03,24,18,25,臺中市,北區,0,2,0,8,3,5,50,14,8,1,5,4,5,7,4,4,5,4,4,1,16,26,2,9,1,1,C03,7,11,1,10,2,12,"  ",26,26,1,5,5,C03,120.675298,24.165958,2,66000,387130000C,(04)23289100,(04)25368667
9318,2023,03,24,18,27,臺中市,中區,0,1,0,8,1,5,50,3,1,1,5,4,5,7,4,4,5,4,4,1,16,23,2,8,1,1,C03,7,5,1,10,2,14,"  ",23,23,1,21,8,C03,120.680385,24.137528,2,66000,387130000C,(04)23289100,(04)25368667
9319,2023,03,24,18,27,臺中市,北屯區,0,0,0,8,,,50,,,,,,,,,,,,,,,23,"  ","  ","  ","  ",B12,"  ","  ",1,"  ",2,"  ","  ",23,"   ",1,21,"  ",B12,120.718861,24.182276,3,66000,387130000C,(04)23289100,(04)25368667
9320,2023,03,24,18,33,臺中市,烏日區,0,0,0,8,3,5,50,3,2,1,5,4,5,7,2,1,5,4,5,2,13,23,3,10,3,4,B03,7,9,1,10,2,1,"  ",23,23,1,21,9,B03,120.59435,24.112775,3,66000,387130000C,(04)23289100,(04)25368667
9321,2023,03,24,18,35,臺中市,沙鹿區,0,0,0,8,3,5,50,14,9,1,5,4,5,7,4,4,4,3,5,2,16,18,"  ","  ","  ","  ",B03,"  ","  ",1,"  ",2,"  ","  ",18,18,1,22,"  ",B03,120.560641,24.243915,3,66000,387130000C,(04)23289100,(04)25368667
9322,2023,03,24,18,36,臺中市,太平區,0,0,0,6,,,50,,,,,,,,,,,,,,,16,"  ","  ","  ","  ",C03,"  ","  ",1,"  ",2,"  ","  ",16,"   ",1,22,"  ",C03,120.72445,24.149547,3,66000,387130000C,(04)23289100,(04)25368667
9323,2023,03,24,18,38,臺中市,龍井區,0,0,0,8,,,50,,,,,,,,,,,,,,,6,"  ","  ","  ","  ",C03,"  ","  ",1,"  ",2,"  ","  ",23,4,1,5,"  ",C03,120.546474,24.196656,3,66000,387130000C,(04)23289100,(04)25368667
9324,2023,03,24,18,40,臺中市,大雅區,0,0,0,8,,,30,,,,,,,,,,,,,,,12,"  ","  ","  ","  ",C03,"  ","  ",1,"  ",2,"  ","  ",12,"   ",1,22,"  ",C03,120.665842,24.216859,3,66000,387130000C,(04)23289100,(04)25368667
9325,2023,03,24,18,40,臺中市,西屯區,0,1,0,8,3,5,50,3,2,1,5,4,5,7,2,1,8,3,5,1,9,23,3,10,1,1,B03,7,6,3,18,2,1,"  ",23,23,1,22,8,B03,120.646421,24.157435,2,66000,387130000C,(04)23289100,(04)25368667
9326,2023,03,24,18,45,臺中市,大雅區,0,0,0,8,,,50,,,,,,,,,,,,,,,16,"  ","  ","  ","  ",B03,"  ","  ",1,"  ",2,"  ","  ",16,"   ",1,22,"  ",B03,120.641808,24.230514,4,66000,387130000C,(04)23289100,(04)25368667
9327,2023,03,24,18,46,臺中市,南屯區,0,2,0,8,3,5,50,4,2,1,5,4,5,7,2,1,1,4,4,2,12,42,3,10,1,1,B03,7,9,1,8,2,15,"  ",42,42,1,22,8,B03,120.649817,24.150845,2,66000,387130000C,(04)23289100,(04)25368667
9328,2023,03,24,18,48,臺中市,西區,0,0,0,8,3,5,50,4,1,1,5,4,5,7,1,1,5,5,5,2,14,12,"  ","  ","  ","  ",B03,"  ","  ",1,"  ",1,"  ","  ",12,"   ",1,21,"  ",B03,120.673535,24.149094,3,66000,387130000C,(04)23289100,(04)25368667
9329,2023,03,24,18,48,臺中市,西區,0,0,0,8,3,5,50,4,1,1,5,4,5,7,1,1,10,5,5,2,12,17,"  ","  ","  ","  ",B03,"  ","  ",1,"  ",2,"  ","  ",17,"   ",1,19,"  ",B03,120.653005,24.14776,3,66000,387130000C,(04)23289100,(04)25368667
9330,2023,03,24,18,48,臺中市,南屯區,0,0,0,8,,,40,,,,,,,,,,,,,,,19,"  ","  ","  ","  ",B03,"  ","  ",1,"  ",1,"  ","  ",19,"   ",1,22,"  ",B03,120.63343,24.148223,3,66000,387130000C,(04)23289100,(04)25368667
9331,2023,03,24,18,49,臺中市,北區,0,0,0,8,,,50,,,,,,,,,,,,,,,23,"  ","  ","  ","  ",B03,"  ","  ",1,"  ",2,"  ","  ",23,"   ",1,21,"  ",B03,120.687482,24.160039,3,66000,387130000C,(04)23289100,(04)25368667
9332,2023,03,24,18,52,臺中市,南區,0,0,1,7,3,5,50,3,1,1,5,4,5,7,1,1,10,5,5,2,16,8,5,9,1,1,C03,7,5,1,10,2,13,"  ",8,8,1,22,9,C03,120.675108,24.126951,2,66000,387130000C,(04)23289100,(04)25368667
9333,2023,03,24,18,54,臺中市,南區,0,0,0,8,,,50,,,,,,,,,,,,,,,23,"  ","  ","  ","  ",B03,"  ","  ",1,"  ",2,"  ","  ",23,"   ",1,5,"  ",B03,120.680025,24.11901,3,66000,387130000C,(04)23289100,(04)25368667
9334,2023,03,24,18,58,臺中市,北屯區,0,1,0,8,2,5,50,4,18,1,5,4,5,7,2,1,10,5,5,2,3,15,3,10,1,1,B03,7,5,1,8,2,1,"  ",15,15,1,9,8,B03,120.6962,24.1831,2,66000,387130000C,(04)23289100,(04)25368667
9335,2023,03,24,19,0,臺中市,梧棲區,0,0,0,8,,,50,,,,,,,,,,,,,,,16,"  ","  ","  ","  ",B03,"  ","  ",1,"  ",1,"  ","  ",16,"   ",1,5,"  ",B03,120.536607,24.252548,3,66000,387130000C,(04)23289100,(04)25368667
9336,2023,03,24,19,3,臺中市,大雅區,0,0,0,8,,,30,,,,,,,,,,,,,,,12,"  ","  ","  ","  ",B03,"  ","  ",1,"  ",1,"  ","  ",12,"   ",1,22,"  ",B03,120.65296,24.21904,4,66000,387130000C,(04)23289100,(04)25368667
9337,2023,03,24,19,5,臺中市,西區,0,1,0,8,3,5,50,4,1,1,5,4,5,7,2,1,10,5,5,2,16,26,2,9,1,1,C03,7,9,1,10,2,11,"  ",44,26,1,20,8,C03,120.658977,24.155921,2,66000,387130000C,(04)23289100,(04)25368667
9338,2023,03,24,19,6,臺中市,西屯區,0,1,0,8,3,5,70,3,1,1,5,4,5,7,4,4,10,5,5,2,16,9,3,10,1,1,B03,7,6,1,8,2,2,"  ",9,9,1,22,8,B03,120.628509,24.17722,2,66000,387130000C,(04)23289100,(04)25368667
9339,2023,03,24,19,17,臺中市,清水區,0,1,0,8,3,5,70,14,7,1,5,4,5,7,4,4,1,4,4,1,13,23,3,10,1,1,G02,7,9,1,8,2,3,"  ",27,23,1,4,8,G02,120.604507,24.314514,2,66000,387130000C,(04)23289100,(04)25368667
9340,2023,03,24,19,18,臺中市,北屯區,0,0,0,8,,,50,,,,,,,,,,,,,,,23,"  ","  ","  ","  ",B03,"  ","  ",1,"  ",1,"  ","  ",23,"   ",1,21,"  ",B03,120.686216,24.181487,3,66000,387130000C,(04)23289100,(04)25368667
9341,2023,03,24,19,18,臺中市,北屯區,0,1,0,8,3,5,50,4,1,1,5,4,5,7,4,4,10,5,5,2,15,6,3,10,1,1,B03,7,9,1,8,2,8,"  ",6,6,1,21,8,B03,120.68023,24.178221,2,66000,387130000C,(04)23289100,(04)25368667
9342,2023,03,24,19,20,臺中市,西屯區,0,0,0,8,,,50,,,,,,,,,,,,,,,16,"  ","  ","  ","  ",C03,"  ","  ",1,"  ",1,"  ","  ",16,"   ",1,4,"  ",C03,120.66558,24.172707,3,66000,387130000C,(04)23289100,(04)25368667
9343,2023,03,24,19,20,臺中市,大里區,0,0,0,8,,,50,,,,,,,,,,,,,,,16,"  ","  ","  ","  ",B12,"  ","  ",1,"  ",2,"  ","  ",16,"   ",1,5,"  ",B12,120.692023,24.100738,3,66000,387130000C,(04)23289100,(04)25368667
9344,2023,03,24,19,25,臺中市,南屯區,0,0,0,8,,,50,,,,,,,,,,,,,,,9,"  ","  ","  ","  ",B03,"  ","  ",1,"  ",1,"  ","  ",9,9,1,22,"  ",B03,120.640702,24.14426,3,66000,387130000C,(04)23289100,(04)25368667
9345,2023,03,24,19,28,臺中市,大里區,0,0,0,8,,,50,,,,,,,,,,,,,,,42,"  ","  ","  ","  ",B03,"  ","  ",1,"  ",2,"  ","  ",42,"   ",1,5,"  ",B03,120.67608,24.115215,3,66000,387130000C,(04)23289100,(04)25368667
9346,2023,03,24,19,29,臺中市,南屯區,0,2,0,8,3,5,50,14,9,1,5,4,5,7,1,1,5,2,5,2,13,23,2,9,1,1,C03,7,9,3,18,2,11,"  ",23,23,1,5,8,C03,120.649893,24.143803,2,66000,387130000C,(04)23289100,(04)25368667
9347,2023,03,24,19,35,臺中市,大雅區,0,2,0,8,4,5,30,4,1,1,5,4,5,7,4,4,5,5,5,1,16,6,3,10,1,1,B03,7,5,1,8,2,4,"  ",6,6,1,22,9,B03,120.645437,24.228118,2,66000,387130000C,(04)23289100,(04)25368667
9348,2023,03,24,19,35,臺中市,北屯區,0,0,0,8,,,30,,,,,,,,,,,,,,,23,"  ","  ","  ","  ",B03,"  ","  ",1,"  ",2,"  ","  ",23,"   ",1,19,"  ",B03,120.695601,24.166747,3,66000,387130000C,(04)23289100,(04)25368667
9349,2023,03,24,19,35,臺中市,烏日區,0,1,0,8,4,5,30,3,1,1,5,4,5,7,4,4,10,5,5,1,18,23,2,9,1,1,C03,7,9,1,10,2,11,"  ",23,23,1,21,9,C03,120.650909,24.042872,2,66000,387130000C,(04)23289100,(04)25368667
9350,2023,03,24,19,35,臺中市,豐原區,0,2,0,8,3,5,30,4,1,1,5,4,5,7,4,4,10,5,5,1,15,6,2,9,1,1,C03,7,9,1,10,2,11,"  ",6,6,1,22,8,C03,120.708578,24.239481,2,66000,387130000C,(04)23289100,(04)25368667
9351,2023,03,24,19,38,臺中市,西屯區,0,0,0,8,,,50,,,,,,,,,,,,,,,43,"  ","  ","  ","  ",B03,"  ","  ",1,"  ",2,"  ","  ",43,"   ",1,22,"  ",B03,120.638127,24.164082,3,66000,387130000C,(04)23289100,(04)25368667