序號,年,月,日,時,分,縣市,區,死亡數量,受傷數量,2-30,天候,光線,道路類別,速限_速度(公里),道路型態,事故位置,路面鋪裝,路面狀態,路面缺陷,障礙物,視距,號誌種類,號誌動作,分向設施,快車道或一般車道間,快慢車道間,路面邊線,事故類型及型態,主要肇因,受傷程度,主要傷處,保護裝備,行動電話,當事者區分,車輛用途,當事者行動狀態,駕駛資格情形,駕駛執照種類,飲酒情形,車輛撞擊部位最初,車輛撞擊部位其他,肇事因素個別,肇事因素主要,肇事逃逸,職業,旅次目的,車種,GPS座標X,GPS座標Y,事故類別,縣市別代碼,機關代碼,市話,傳真
9545,2023,03,25,11,37,臺中市,北屯區,0,1,0,8,1,5,50,4,1,1,5,4,5,7,2,1,10,5,5,2,17,26,2,8,1,1,C03,7,9,1,10,2,15,"  ",26,26,1,21,8,C03,120.694785,24.176329,2,66000,387130000C,(04)23289100,(04)25368667
9546,2023,03,25,11,40,臺中市,潭子區,0,1,0,8,1,5,60,14,7,1,5,4,4,7,4,4,1,3,4,1,29,23,2,9,1,1,C03,7,9,1,8,2,11,"  ",23,23,1,22,8,C03,120.702906,24.199792,2,66000,387130000C,(04)23289100,(04)25368667
9547,2023,03,25,11,42,臺中市,大里區,0,0,0,8,,,50,,,,,,,,,,,,,,,12,"  ","  ","  ","  ",B03,"  ","  ",1,"  ",2,"  ","  ",12,"   ",1,22,"  ",B03,120.681558,24.104163,3,66000,387130000C,(04)23289100,(04)25368667
9548,2023,03,25,11,48,臺中市,中區,0,1,0,8,1,5,50,14,9,1,5,4,5,7,4,4,5,4,4,2,17,23,2,9,1,1,C03,7,4,1,10,2,11,"  ",23,23,1,20,8,C03,120.679238,24.141848,2,66000,387130000C,(04)23289100,(04)25368667
9549,2023,03,25,11,50,臺中市,太平區,0,1,0,8,1,5,50,3,1,1,5,4,5,7,4,4,10,4,5,1,16,27,3,10,1,1,B12,7,6,1,7,2,2,"  ",27,27,1,22,5,B12,120.726065,24.133172,2,66000,387130000C,(04)23289100,(04)25368667
9550,2023,03,25,11,50,臺中市,烏日區,0,0,0,8,1,5,40,4,2,1,5,4,5,7,1,1,1,2,4,1,12,17,3,10,3,4,B03,7,6,1,8,2,6,"  ",17,17,1,21,9,B03,120.620366,24.105564,3,66000,387130000C,(04)23289100,(04)25368667
9551,2023,03,25,11,52,臺中市,北屯區,0,0,0,8,,,50,,,,,,,,,,,,,,,42,"  ","  ","  ","  ",B12,"  ","  ",1,"  ",1,"  ","  ",42,"   ",1,22,"  ",B12,120.729886,24.177788,3,66000,387130000C,(04)23289100,(04)25368667
9552,2023,03,25,11,53,臺中市,南屯區,0,1,0,8,1,5,40,14,8,1,5,4,5,7,4,4,10,5,5,2,18,43,2,9,3,4,C03,7,14,1,10,2,15,"  ",43,43,1,23,8,C03,120.636315,24.154996,2,66000,387130000C,(04)23289100,(04)25368667
9553,2023,03,25,11,55,臺中市,沙鹿區,0,1,0,8,1,5,50,4,2,1,5,4,5,7,3,1,8,3,5,1,17,6,3,10,3,4,B03,7,9,1,8,2,1,"  ",6,6,1,22,8,B03,120.573913,24.215613,2,66000,387130000C,(04)23289100,(04)25368667
9554,2023,03,25,11,56,臺中市,北區,0,0,0,8,,,40,,,,,,,,,,,,,,,12,"  ","  ","  ","  ",B03,"  ","  ",1,"  ",2,"  ","  ",12,"   ",1,22,"  ",B03,120.682365,24.163041,3,66000,387130000C,(04)23289100,(04)25368667
9555,2023,03,25,11,58,臺中市,北屯區,0,1,0,8,1,5,50,3,1,1,5,4,5,7,4,4,10,5,5,2,17,40,3,10,3,4,B03,7,13,1,8,2,4,"  ",40,40,1,22,8,B03,120.68801,24.182796,2,66000,387130000C,(04)23289100,(04)25368667
9556,2023,03,25,11,59,臺中市,西區,0,0,0,8,1,5,30,14,9,1,5,4,5,7,4,4,10,5,5,2,14,12,"  ","  ","  ","  ",B03,"  ","  ",1,"  ",1,"  ","  ",12,"   ",1,22,"  ",B03,120.664537,24.155291,3,66000,387130000C,(04)23289100,(04)25368667
9557,2023,03,25,12,4,臺中市,北區,0,0,0,8,1,5,50,14,7,1,5,4,5,7,1,1,8,3,4,2,13,23,"  ","  ","  ","  ",B12,"  ","  ",1,"  ",1,"  ","  ",23,"   ",1,22,"  ",B12,120.672716,24.161651,3,66000,387130000C,(04)23289100,(04)25368667
9558,2023,03,25,12,6,臺中市,北屯區,0,1,0,8,1,5,30,3,1,1,5,4,5,7,1,1,10,5,5,2,16,8,2,9,1,1,C03,7,5,1,10,2,14,"  ",8,8,1,5,8,C03,120.673495,24.201333,2,66000,387130000C,(04)23289100,(04)25368667
9559,2023,03,25,12,7,臺中市,北屯區,0,0,0,8,,,40,,,,,,,,,,,,,,,12,"  ","  ","  ","  ",B03,"  ","  ",1,"  ",1,"  ","  ",12,"   ",1,22,"  ",B03,120.6845,24.186851,3,66000,387130000C,(04)23289100,(04)25368667
9560,2023,03,25,12,8,臺中市,沙鹿區,0,1,0,8,1,5,50,4,1,1,5,4,5,7,4,4,10,5,5,2,16,6,3,10,1,1,B03,7,9,1,8,2,1,"  ",6,6,1,22,9,B03,120.561477,24.245326,2,66000,387130000C,(04)23289100,(04)25368667
9561,2023,03,25,12,10,臺中市,西屯區,0,1,0,8,1,5,50,4,1,1,5,4,5,7,4,4,10,5,5,2,16,6,2,9,1,1,C04,7,9,1,9,2,11,"  ",6,6,1,22,8,C04,120.639717,24.157124,2,66000,387130000C,(04)23289100,(04)25368667
9562,2023,03,25,12,11,臺中市,太平區,0,1,0,8,1,5,50,3,1,1,5,4,5,7,4,4,10,5,5,2,9,19,3,10,1,1,C03,7,1,1,10,2,11,"  ",19,19,1,21,8,C03,120.717505,24.14876,2,66000,387130000C,(04)23289100,(04)25368667
9563,2023,03,25,12,16,臺中市,和平區,0,0,0,8,,,50,,,,,,,,,,,,,,,1,"  ","  ","  ","  ",B12,"  ","  ",1,"  ",1,"  ","  ",1,"   ",1,22,"  ",B12,120.909471,24.175379,3,66000,387130000C,(04)23289100,(04)25368667
9564,2023,03,25,12,20,臺中市,龍井區,0,0,0,8,,,60,,,,,,,,,,,,,,,23,"  ","  ","  ","  ",B03,"  ","  ",1,"  ",2,"  ","  ",23,"   ",1,9,"  ",B03,120.530268,24.221173,3,66000,387130000C,(04)23289100,(04)25368667
9565,2023,03,25,12,28,臺中市,西屯區,0,2,0,8,1,5,30,4,1,1,5,4,5,7,4,4,10,5,5,2,12,3,2,9,1,1,C03,7,9,4,8,2,14,"  ",3,3,1,22,8,C03,120.655151,24.162506,2,66000,387130000C,(04)23289100,(04)25368667
9566,2023,03,25,12,30,臺中市,西屯區,0,0,0,8,,,50,,,,,,,,,,,,,,,6,"  ","  ","  ","  ",C03,"  ","  ",1,"  ",2,"  ","  ",6,"   ",1,22,"  ",C03,120.644501,24.171715,3,66000,387130000C,(04)23289100,(04)25368667
9567,2023,03,25,12,30,臺中市,外埔區,0,0,0,,,,50,,,,,,,,,,,,,,,23,"  ","  ","  ","  ",B12,"  ","  ",1,"  ",1,"  ","  ",23,"   ",1,10,"  ",B12,120.637388,24.342747,3,66000,387130000C,(04)23289100,(04)25368667
9568,2023,03,25,12,33,臺中市,南屯區,0,1,0,8,1,5,50,4,2,1,5,4,5,7,2,1,3,4,4,2,1,15,3,10,1,4,B03,7,5,1,8,2,1,"  ",15,15,1,22,8,B03,120.601968,24.159674,2,66000,387130000C,(04)23289100,(04)25368667
9569,2023,03,25,12,40,臺中市,西屯區,0,0,0,8,,,30,,,,,,,,,,,,,,,6,"  ","  ","  ","  ",B03,"  ","  ",1,"  ",1,"  ","  ",6,"   ",1,22,"  ",B03,120.617159,24.176483,3,66000,387130000C,(04)23289100,(04)25368667
9570,2023,03,25,12,44,臺中市,北區,0,0,0,8,,,50,,,,,,,,,,,,,,,19,"  ","  ","  ","  ",C03,"  ","  ",1,"  ",1,"  ","  ",19,"   ",1,22,"  ",C03,120.682798,24.152162,3,66000,387130000C,(04)23289100,(04)25368667
9571,2023,03,25,12,50,臺中市,西屯區,0,1,0,8,1,5,50,4,1,1,5,4,5,7,1,1,10,5,5,2,14,12,3,10,1,1,B03,7,2,1,8,2,3,"  ",12,12,1,22,8,B03,120.606029,24.187646,2,66000,387130000C,(04)23289100,(04)25368667
9572,2023,03,25,12,55,臺中市,太平區,0,0,0,8,,,50,,,,,,,,,,,,,,,23,"  ","  ","  ","  ",B03,"  ","  ",1,"  ",2,"  ","  ",23,"   ",1,9,"  ",B03,120.732383,24.134745,3,66000,387130000C,(04)23289100,(04)25368667
9573,2023,03,25,12,58,臺中市,北屯區,0,1,0,8,1,5,50,14,9,1,5,4,5,7,4,4,5,4,5,2,12,7,3,10,1,1,B03,7,8,1,8,2,6,"  ",7,7,1,22,8,B03,120.735391,24.17738,2,66000,387130000C,(04)23289100,(04)25368667
9574,2023,03,25,12,59,臺中市,外埔區,0,2,0,8,1,5,50,4,1,1,5,4,5,7,1,1,10,5,5,2,16,6,2,8,1,1,C03,7,5,1,10,2,12,"  ",6,6,1,9,8,C03,120.656469,24.338806,2,66000,387130000C,(04)23289100,(04)25368667
9575,2023,03,25,13,0,臺中市,太平區,0,1,0,8,1,5,50,14,9,1,5,4,5,7,4,4,5,4,5,2,16,26,3,10,1,1,B03,7,11,1,8,2,8,"  ",26,26,1,22,5,B03,120.713642,24.149423,2,66000,387130000C,(04)23289100,(04)25368667
9576,2023,03,25,13,0,臺中市,大甲區,0,0,0,8,,,50,,,,,,,,,,,,,,,7,"  ","  ","  ","  ",B03,"  ","  ",1,"  ",2,"  ","  ",7,"   ",1,22,"  ",B03,120.617242,24.346946,3,66000,387130000C,(04)23289100,(04)25368667
9577,2023,03,25,13,2,臺中市,西屯區,0,0,0,8,,,50,,,,,,,,,,,,,,,42,"  ","  ","  ","  ",B03,"  ","  ",1,"  ",2,"  ","  ",42,"   ",1,22,"  ",B03,120.625189,24.184973,3,66000,387130000C,(04)23289100,(04)25368667
9578,2023,03,25,13,6,臺中市,豐原區,0,2,0,6,1,5,50,4,1,1,4,4,5,7,4,4,4,4,4,2,12,17,2,9,1,1,C03,7,9,1,10,2,12,"  ",17,17,1,22,8,C03,120.71528,24.240009,2,66000,387130000C,(04)23289100,(04)25368667
9579,2023,03,25,13,9,臺中市,西區,0,0,0,,,,50,,,,,,,,,,,,,,,17,"  ","  ","  ","  ",B03,"  ","  ",1,"  ",1,"  ","  ",17,"   ",1,5,"  ",B03,120.661437,24.151936,3,66000,387130000C,(04)23289100,(04)25368667
9580,2023,03,25,13,10,臺中市,南屯區,0,0,0,,,,50,,,,,,,,,,,,,,,23,"  ","  ","  ","  ",B03,"  ","  ",1,"  ",1,"  ","  ",23,"   ",1,22,"  ",B03,120.644454,24.140057,3,66000,387130000C,(04)23289100,(04)25368667
9581,2023,03,25,13,11,臺中市,南屯區,0,0,0,8,,,50,,,,,,,,,,,,,,,12,"  ","  ","  ","  ",B12,"  ","  ",1,"  ",1,"  ","  ",12,"   ",1,22,"  ",B12,120.608854,24.134959,3,66000,387130000C,(04)23289100,(04)25368667
9582,2023,03,25,13,13,臺中市,東區,0,0,0,8,,,50,,,,,,,,,,,,,,,23,"  ","  ","  ","  ",B03,"  ","  ",1,"  ",2,"  ","  ",23,"   ",1,22,"  ",B03,120.696683,24.140751,3,66000,387130000C,(04)23289100,(04)25368667
9583,2023,03,25,13,13,臺中市,北屯區,0,0,0,8,,,40,,,,,,,,,,,,,,,23,"  ","  ","  ","  ",B03,"  ","  ",1,"  ",1,"  ","  ",23,"   ",1,22,"  ",B03,120.719738,24.162911,3,66000,387130000C,(04)23289100,(04)25368667
9584,2023,03,25,13,15,臺中市,沙鹿區,0,0,0,8,1,5,50,14,9,1,5,4,5,7,4,4,5,5,5,1,18,42,2,9,3,4,C03,7,21,1,10,2,12,"  ",42,42,1,21,8,C03,120.591071,24.262853,3,66000,387130000C,(04)23289100,(04)25368667
9585,2023,03,25,13,16,臺中市,北屯區,0,1,0,8,1,5,50,3,1,1,5,4,5,7,2,1,10,5,5,2,16,25,3,10,1,1,B03,7,5,1,8,2,1,"  ",25,25,1,22,8,B03,120.717774,24.182256,2,66000,387130000C,(04)23289100,(04)25368667
9586,2023,03,25,13,18,臺中市,南屯區,0,1,0,8,1,5,30,14,9,1,5,4,5,7,4,4,10,5,5,2,14,12,3,10,1,1,B03,7,2,1,8,2,5,"  ",12,12,1,5,8,B03,120.629331,24.126238,2,66000,387130000C,(04)23289100,(04)25368667
9587,2023,03,25,13,19,臺中市,東區,0,2,0,8,1,5,50,14,7,1,5,4,5,7,2,1,3,4,4,2,17,19,2,9,1,1,C03,7,1,1,10,2,14,"  ",19,19,1,21,8,C03,120.688031,24.131057,2,66000,387130000C,(04)23289100,(04)25368667
9588,2023,03,25,13,20,臺中市,北區,0,0,0,8,,,50,,,,,,,,,,,,,,,17,"  ","  ","  ","  ",B03,"  ","  ",1,"  ",1,"  ","  ",17,"   ",1,22,"  ",B03,120.685152,24.165997,3,66000,387130000C,(04)23289100,(04)25368667
9589,2023,03,25,13,24,臺中市,南屯區,0,0,0,8,1,5,80,14,9,1,5,4,5,7,4,4,1,4,5,1,12,42,"  ","  ","  ","  ",B03,"  ","  ",1,"  ",1,"  ","  ",42,42,1,5,"  ",B03,120.623033,24.140267,3,66000,387130000C,(04)23289100,(04)25368667
9590,2023,03,25,13,26,臺中市,南屯區,0,2,0,8,1,5,50,14,9,1,5,4,5,7,1,1,9,5,5,2,17,43,2,9,1,1,B03,7,7,1,8,2,8,"  ",43,43,1,22,9,B03,120.646417,24.143033,2,66000,387130000C,(04)23289100,(04)25368667
9591,2023,03,25,13,26,臺中市,烏日區,0,0,0,8,1,5,30,14,9,1,5,4,5,7,4,4,10,5,5,2,14,12,3,10,3,4,B03,7,2,1,8,2,6,"  ",12,12,1,21,1,B03,120.646021,24.109557,3,66000,387130000C,(04)23289100,(04)25368667
9592,2023,03,25,13,30,臺中市,烏日區,0,1,0,8,1,5,30,4,1,1,5,4,5,7,2,1,5,4,5,1,17,25,3,10,1,1,B12,7,3,1,10,2,15,"  ",25,25,1,21,8,B12,120.654874,24.095124,2,66000,387130000C,(04)23289100,(04)25368667
9593,2023,03,25,13,32,臺中市,太平區,0,0,0,,,,50,,,,,,,,,,,,,,,8,"  ","  ","  ","  ",B03,"  ","  ",1,"  ",2,"  ","  ",8,"   ",1,21,"  ",B03,120.730036,24.110003,3,66000,387130000C,(04)23289100,(04)25368667
9594,2023,03,25,13,49,臺中市,西屯區,0,1,0,8,1,5,50,14,9,1,5,4,5,7,4,4,1,4,5,2,16,16,2,8,1,1,C03,7,9,1,10,2,14,"  ",16,16,1,18,8,C03,120.64315,24.172191,2,66000,387130000C,(04)23289100,(04)25368667
9595,2023,03,25,13,53,臺中市,梧棲區,0,0,0,8,,,70,,,,,,,,,,,,,,,7,"  ","  ","  ","  ",B03,"  ","  ",1,"  ",2,"  ","  ",7,7,1,5,"  ",B03,120.549437,24.245019,3,66000,387130000C,(04)23289100,(04)25368667
9596,2023,03,25,13,59,臺中市,東區,0,0,0,8,,,50,,,,,,,,,,,,,,,23,"  ","  ","  ","  ",B12,"  ","  ",1,"  ",1,"  ","  ",23,"   ",1,22,"  ",B12,120.706721,24.136391,3,66000,387130000C,(04)23289100,(04)25368667
9597,2023,03,25,13,59,臺中市,東區,0,0,0,8,1,5,50,3,1,1,5,4,5,7,3,1,10,5,5,2,17,19,3,10,1,1,B03,7,11,1,8,2,5,"  ",19,19,1,5,8,B03,120.698146,24.124803,3,66000,387130000C,(04)23289100,(04)25368667
9598,2023,03,25,14,7,臺中市,西屯區,0,1,0,8,1,5,50,3,1,1,5,4,5,7,4,4,10,4,5,2,17,6,3,10,3,4,B03,7,6,1,8,2,15,"  ",6,6,1,22,8,B03,120.615421,24.186535,2,66000,387130000C,(04)23289100,(04)25368667
9599,2023,03,25,14,19,臺中市,北屯區,0,0,0,8,,,40,,,,,,,,,,,,,,,43,"  ","  ","  ","  ","   ","  ","  ","  ","  ","  ","  ","  ",43,"   ",1,"  ","  ","   ",120.713406,24.177098,3,66000,387130000C,(04)23289100,(04)25368667
9600,2023,03,25,14,20,臺中市,西屯區,0,0,0,,,,40,,,,,,,,,,,,,,,26,"  ","  ","  ","  ",B03,"  ","  ",1,"  ",1,"  ","  ",26,"   ",1,22,"  ",B03,120.656953,24.163591,3,66000,387130000C,(04)23289100,(04)25368667
9601,2023,03,25,14,25,臺中市,北屯區,0,0,0,8,,,50,,,,,,,,,,,,,,,23,"  ","  ","  ","  ",B03,"  ","  ",1,"  ",2,"  ","  ",23,"   ",1,4,"  ",B03,120.741053,24.17843,3,66000,387130000C,(04)23289100,(04)25368667
9602,2023,03,25,14,32,臺中市,大甲區,0,0,0,,,,40,,,,,,,,,,,,,,,6,"  ","  ","  ","  ",B03,"  ","  ",1,"  ",2,"  ","  ",6,6,1,22,"  ",B03,120.62353,24.346939,3,66000,387130000C,(04)23289100,(04)25368667
9603,2023,03,25,14,39,臺中市,西區,0,1,0,8,1,5,50,3,1,1,5,4,5,7,1,1,10,5,5,2,16,25,3,10,1,1,B03,7,5,1,8,2,1,"  ",25,25,1,22,9,B03,120.661743,24.16016,2,66000,387130000C,(04)23289100,(04)25368667
9604,2023,03,25,14,39,臺中市,大里區,0,0,0,8,,,60,,,,,,,,,,,,,,,23,"  ","  ","  ","  ",B03,"  ","  ",1,"  ",2,"  ","  ",23,23,1,22,"  ",B03,120.695626,24.088043,3,66000,387130000C,(04)23289100,(04)25368667
9605,2023,03,25,14,40,臺中市,南屯區,0,1,0,8,1,5,50,3,2,1,5,4,5,7,4,4,5,4,5,2,16,10,3,10,3,4,B03,7,11,1,8,2,8,"  ",10,10,1,22,9,B03,120.644351,24.138805,2,66000,387130000C,(04)23289100,(04)25368667
9606,2023,03,25,14,44,臺中市,西屯區,0,0,0,8,,,50,,,,,,,,,,,,,,,16,"  ","  ","  ","  ",C03,"  ","  ",1,"  ",1,"  ","  ",16,"   ",1,22,"  ",C03,120.643071,24.171984,3,66000,387130000C,(04)23289100,(04)25368667
9607,2023,03,25,14,45,臺中市,大雅區,0,0,0,8,,,30,,,,,,,,,,,,,,,23,"  ","  ","  ","  ",B03,"  ","  ",1,"  ",2,"  ","  ",23,"   ",1,22,"  ",B03,120.629272,24.210172,3,66000,387130000C,(04)23289100,(04)25368667
9608,2023,03,25,14,45,臺中市,北屯區,0,1,0,8,1,5,50,3,1,1,5,4,5,7,1,1,10,5,5,2,9,23,3,10,1,1,B03,7,9,1,8,2,2,"  ",23,23,1,22,8,B03,120.707984,24.170298,2,66000,387130000C,(04)23289100,(04)25368667
9609,2023,03,25,14,50,臺中市,大里區,0,2,0,8,1,5,60,14,7,1,5,4,5,7,4,4,1,3,4,1,13,23,2,1,1,1,B03,7,9,1,8,2,1,"  ",23,23,1,5,8,B03,120.685883,24.102995,2,66000,387130000C,(04)23289100,(04)25368667
9610,2023,03,25,14,58,臺中市,西區,0,2,0,8,1,5,50,4,1,1,5,4,5,7,1,1,10,5,5,2,16,6,3,10,1,1,B03,7,11,1,8,2,5,"  ",6,6,1,22,9,B03,120.657356,24.145022,2,66000,387130000C,(04)23289100,(04)25368667
9611,2023,03,25,15,4,臺中市,南屯區,0,1,0,8,1,5,40,3,1,1,5,4,5,7,4,4,5,5,4,2,18,13,2,9,1,1,C03,7,9,1,10,2,14,"  ",13,13,1,5,8,C03,120.613474,24.141919,2,66000,387130000C,(04)23289100,(04)25368667
9612,2023,03,25,15,6,臺中市,沙鹿區,0,0,0,8,1,5,50,3,2,1,5,4,5,7,4,4,8,3,4,1,17,23,2,9,3,4,C03,7,9,1,10,2,11,"  ",23,23,1,22,8,C03,120.575569,24.226269,3,66000,387130000C,(04)23289100,(04)25368667
9613,2023,03,25,15,9,臺中市,西區,0,0,0,,,,50,,,,,,,,,,,,,,,12,"  ","  ","  ","  ",B03,"  ","  ",1,"  ",1,"  ","  ",12,"   ",1,5,"  ",B03,120.662323,24.14695,3,66000,387130000C,(04)23289100,(04)25368667
9614,2023,03,25,15,14,臺中市,新社區,0,1,0,8,1,5,50,3,9,1,5,4,1,7,4,4,5,5,5,1,24,23,2,9,1,1,C03,7,9,1,10,2,11,"  ",23,23,1,22,1,C03,120.813719,24.221912,2,66000,387130000C,(04)23289100,(04)25368667
9615,2023,03,25,15,18,臺中市,大肚區,0,1,0,8,1,5,50,14,8,1,5,4,5,7,4,4,1,4,4,1,16,7,3,10,1,1,B03,7,8,1,8,2,2,"  ",7,7,1,21,8,B03,120.573399,24.119667,2,66000,387130000C,(04)23289100,(04)25368667
9616,2023,03,25,15,20,臺中市,太平區,0,0,0,8,,,30,,,,,,,,,,,,,,,42,"  ","  ","  ","  ",A12,"  ","  ",1,"  ",1,"  ","  ",42,"   ",1,21,"  ",A12,120.725426,24.154711,3,66000,387130000C,(04)23289100,(04)25368667
9617,2023,03,25,15,21,臺中市,大里區,0,1,0,8,1,5,30,3,1,1,5,4,5,7,4,4,10,5,5,2,15,44,3,10,1,1,B03,7,9,1,8,2,5,"  ",44,44,1,5,8,B03,120.689501,24.108733,2,66000,387130000C,(04)23289100,(04)25368667
9618,2023,03,25,15,29,臺中市,大甲區,0,1,0,8,1,5,50,4,1,1,5,4,5,7,4,4,10,5,5,2,16,23,3,10,1,1,B03,7,5,1,8,2,1,"  ",23,23,1,4,1,B03,120.619802,24.346472,2,66000,387130000C,(04)23289100,(04)25368667
9619,2023,03,25,15,33,臺中市,大肚區,0,1,0,8,1,5,50,4,1,1,5,4,5,7,2,1,10,5,5,2,16,23,3,10,1,1,B03,7,11,1,8,2,1,"  ",23,23,1,19,8,B03,120.544333,24.154326,2,66000,387130000C,(04)23289100,(04)25368667
9620,2023,03,25,15,39,臺中市,南區,0,1,0,8,1,5,50,4,2,1,5,4,5,7,2,1,1,4,4,2,13,16,2,8,1,1,C03,7,9,1,10,2,11,"  ",16,16,1,22,8,C03,120.665688,24.123622,2,66000,387130000C,(04)23289100,(04)25368667
9621,2023,03,25,15,40,臺中市,大雅區,0,0,0,8,,,50,,,,,,,,,,,,,,,6,"  ","  ","  ","  ",F01,"  ","  ",8,"  ",2,"  ","  ",6,"   ",1,22,"  ",F01,120.652196,24.224916,3,66000,387130000C,(04)23289100,(04)25368667
9622,2023,03,25,15,40,臺中市,龍井區,0,2,0,8,1,5,50,4,1,1,5,4,5,7,1,1,9,5,5,2,16,23,2,7,1,1,C03,7,9,1,10,2,12,"  ",23,23,1,18,8,C03,120.58326,24.187035,2,66000,387130000C,(04)23289100,(04)25368667
9623,2023,03,25,15,43,臺中市,東區,0,0,0,8,,,50,,,,,,,,,,,,,,,17,"  ","  ","  ","  ",B03,"  ","  ",1,"  ",1,"  ","  ",17,"   ",1,5,"  ",B03,120.692441,24.140098,3,66000,387130000C,(04)23289100,(04)25368667
9624,2023,03,25,15,45,臺中市,太平區,0,1,0,8,1,5,40,11,9,1,5,4,5,7,4,4,5,4,5,1,11,26,3,10,1,1,B03,7,15,1,8,11,8,"  ",26,26,1,21,8,B03,120.808065,24.095749,2,66000,387130000C,(04)23289100,(04)25368667
9625,2023,03,25,15,46,臺中市,東區,0,0,0,,,,50,,,,,,,,,,,,,,,42,"  ","  ","  ","  ",A11,"  ","  ",1,"  ",2,"  ","  ",42,"   ",1,22,"  ",A11,120.69659,24.14274,3,66000,387130000C,(04)23289100,(04)25368667
9626,2023,03,25,15,46,臺中市,南屯區,0,0,0,8,1,5,50,14,9,1,5,4,5,7,1,1,1,4,5,2,12,23,"  ","  ","  ","  ",C03,"  ","  ",1,"  ",1,"  ","  ",23,"   ",1,5,"  ",C03,120.635213,24.151303,3,66000,387130000C,(04)23289100,(04)25368667
9627,2023,03,25,15,55,臺中市,后里區,0,1,0,8,1,5,50,14,9,1,5,4,5,7,4,4,5,5,5,2,11,5,3,10,1,1,B03,7,9,1,8,2,4,"  ",5,5,1,21,8,B03,120.719796,24.307525,2,66000,387130000C,(04)23289100,(04)25368667
9628,2023,03,25,15,57,臺中市,太平區,0,1,0,8,1,5,30,11,9,1,5,4,5,7,4,4,5,5,5,1,18,13,2,9,3,4,C03,7,9,1,10,2,14,"  ",13,13,1,9,8,C03,120.789459,24.101534,2,66000,387130000C,(04)23289100,(04)25368667
9629,2023,03,25,16,0,臺中市,西屯區,0,0,0,8,,,50,,,,,,,,,,,,,,,23,"  ","  ","  ","  ",B03,"  ","  ",1,"  ",1,"  ","  ",23,"   ",1,22,"  ",B03,120.643066,24.198572,3,66000,387130000C,(04)23289100,(04)25368667
9630,2023,03,25,16,3,臺中市,梧棲區,0,0,0,8,,,60,,,,,,,,,,,,,,,6,"  ","  ","  ","  ",B03,"  ","  ",1,"  ",2,"  ","  ",6,"   ",1,5,"  ",B03,120.531959,24.270475,3,66000,387130000C,(04)23289100,(04)25368667
9631,2023,03,25,16,9,臺中市,梧棲區,0,1,0,8,1,5,40,14,8,1,5,4,5,7,4,4,1,4,1,1,17,40,3,10,2,2,B03,7,13,3,18,2,4,"  ",40,40,1,3,8,B03,120.545625,24.246334,2,66000,387130000C,(04)23289100,(04)25368667
9632,2023,03,25,16,12,臺中市,北屯區,0,2,0,8,1,5,50,14,9,1,5,4,5,7,4,4,1,4,5,2,16,7,3,10,1,1,B03,7,8,1,8,2,6,"  ",7,7,1,4,8,B03,120.6927,24.1626,2,66000,387130000C,(04)23289100,(04)25368667
9633,2023,03,25,16,12,臺中市,西屯區,0,1,0,8,1,5,50,3,1,1,5,4,5,7,4,4,5,5,5,2,3,23,3,10,3,4,B03,7,9,1,8,2,2,"  ",23,23,1,22,8,B03,120.65294,24.162451,2,66000,387130000C,(04)23289100,(04)25368667
9634,2023,03,25,16,17,臺中市,南區,0,0,0,8,,,50,,,,,,,,,,,,,,,23,"  ","  ","  ","  ",B03,"  ","  ",1,"  ",2,"  ","  ",23,"   ",1,3,"  ",B03,120.698413,24.147463,3,66000,387130000C,(04)23289100,(04)25368667
9635,2023,03,25,16,20,臺中市,沙鹿區,0,1,0,8,1,5,50,4,1,1,5,4,5,7,1,1,10,5,5,2,17,26,2,9,1,1,C03,7,9,1,10,2,14,"  ",26,26,1,21,8,C03,120.558677,24.227962,2,66000,387130000C,(04)23289100,(04)25368667
9636,2023,03,25,16,24,臺中市,太平區,0,1,0,8,1,5,50,4,1,1,5,4,5,7,1,1,10,5,5,2,16,6,3,10,1,1,B03,7,5,1,8,2,8,"  ",6,6,1,21,8,B03,120.716187,24.133508,2,66000,387130000C,(04)23289100,(04)25368667
9637,2023,03,25,16,30,臺中市,北屯區,0,0,0,8,,,80,,,,,,,,,,,,,,,23,"  ","  ","  ","  ",B01,"  ","  ",1,"  ",1,"  ","  ",23,"   ",1,10,"  ",B01,120.693139,24.201166,3,66000,387130000C,(04)23289100,(04)25368667
9638,2023,03,25,16,30,臺中市,烏日區,0,0,0,,,,50,,,,,,,,,,,,,,,42,"  ","  ","  ","  ",C01,"  ","  ",1,"  ",2,"  ","  ",42,"   ",1,22,"  ",C01,120.641611,24.115441,3,66000,387130000C,(04)23289100,(04)25368667
9639,2023,03,25,16,33,臺中市,豐原區,0,0,0,8,,,30,,,,,,,,,,,,,,,23,"  ","  ","  ","  ",B12,"  ","  ",1,"  ",2,"  ","  ",23,"   ",1,22,"  ",B12,120.716605,24.251822,3,66000,387130000C,(04)23289100,(04)25368667
9640,2023,03,25,16,35,臺中市,潭子區,0,1,0,8,1,5,50,4,1,1,5,4,5,7,1,1,1,4,4,1,17,6,3,10,1,1,B03,7,5,1,8,2,8,"  ",6,6,1,22,8,B03,120.705749,24.218166,2,66000,387130000C,(04)23289100,(04)25368667