序號,年,月,日,時,分,縣市,區,死亡數量,受傷數量,2-30,天候,光線,道路類別,速限_速度(公里),道路型態,事故位置,路面鋪裝,路面狀態,路面缺陷,障礙物,視距,號誌種類,號誌動作,分向設施,快車道或一般車道間,快慢車道間,路面邊線,事故類型及型態,主要肇因,受傷程度,主要傷處,保護裝備,行動電話,當事者區分,車輛用途,當事者行動狀態,駕駛資格情形,駕駛執照種類,飲酒情形,車輛撞擊部位最初,車輛撞擊部位其他,肇事因素個別,肇事因素主要,肇事逃逸,職業,旅次目的,車種,GPS座標X,GPS座標Y,事故類別,縣市別代碼,機關代碼,市話,傳真
9641,2023,03,25,16,40,臺中市,東區,0,0,0,,,,50,,,,,,,,,,,,,,,42,"  ","  ","  ","  ",A05,"  ","  ",1,"  ",2,"  ","  ",42,"   ",1,22,"  ",A05,120.691841,24.14283,3,66000,387130000C,(04)23289100,(04)25368667
9642,2023,03,25,16,40,臺中市,北屯區,0,1,0,8,1,5,40,14,8,1,5,4,5,7,4,4,1,4,4,1,16,43,3,10,1,1,B03,7,9,1,8,2,4,"  ",43,43,1,21,8,B03,120.684388,24.181731,2,66000,387130000C,(04)23289100,(04)25368667
9643,2023,03,25,16,40,臺中市,霧峰區,0,0,0,8,,,80,,,,,,,,,,,,,,,23,"  ","  ","  ","  ",B03,"  ","  ",1,"  ",2,"  ","  ",23,"   ",1,9,"  ",B03,120.685035,24.075322,3,66000,387130000C,(04)23289100,(04)25368667
9644,2023,03,25,16,44,臺中市,北屯區,0,1,0,8,1,7,80,14,9,1,5,4,5,7,4,4,1,3,5,1,13,13,3,10,1,1,B03,7,9,1,8,2,8,"  ",13,13,1,21,8,B03,120.722508,24.190181,2,66000,387130000C,(04)23289100,(04)25368667
9645,2023,03,25,16,44,臺中市,清水區,0,1,0,6,1,5,50,14,9,1,4,4,5,7,4,4,5,5,5,1,12,17,3,10,1,1,B03,7,9,1,8,2,5,"  ",17,17,1,21,8,B03,120.571825,24.269629,2,66000,387130000C,(04)23289100,(04)25368667
9646,2023,03,25,16,46,臺中市,大里區,0,0,0,8,,,40,,,,,,,,,,,,,,,12,"  ","  ","  ","  ",B03,"  ","  ",1,"  ",2,"  ","  ",12,"   ",1,22,"  ",B03,120.68618,24.115656,3,66000,387130000C,(04)23289100,(04)25368667
9647,2023,03,25,16,47,臺中市,北屯區,0,1,0,8,1,5,50,14,9,1,5,4,5,7,4,4,1,4,5,2,12,7,3,10,1,1,B03,7,8,1,8,7,2,"  ",7,7,1,5,8,B03,120.674558,24.185651,2,66000,387130000C,(04)23289100,(04)25368667
9648,2023,03,25,16,52,臺中市,南屯區,0,2,0,6,2,5,40,14,8,1,4,4,5,7,4,4,1,5,5,2,29,23,2,9,1,1,C03,7,9,1,10,2,11,"  ",23,23,1,5,8,C03,120.584107,24.167661,2,66000,387130000C,(04)23289100,(04)25368667
9649,2023,03,25,17,1,臺中市,西屯區,0,0,0,8,,,40,,,,,,,,,,,,,,,8,"  ","  ","  ","  ",B03,"  ","  ",1,"  ",2,"  ","  ",8,"   ",1,1,"  ",B03,120.662314,24.200772,3,66000,387130000C,(04)23289100,(04)25368667
9650,2023,03,25,17,5,臺中市,清水區,0,0,0,6,,,70,,,,,,,,,,,,,,,16,"  ","  ","  ","  ",B12,"  ","  ",1,"  ",2,"  ","  ",16,"   ",1,21,"  ",B12,120.596539,24.30474,3,66000,387130000C,(04)23289100,(04)25368667
9651,2023,03,25,17,5,臺中市,沙鹿區,0,1,0,6,3,5,30,4,1,1,4,4,5,7,4,4,10,5,5,2,16,6,3,10,1,1,C03,7,5,1,10,2,11,"  ",6,6,1,22,5,C03,120.570169,24.229732,2,66000,387130000C,(04)23289100,(04)25368667
9652,2023,03,25,17,8,臺中市,豐原區,0,1,0,7,1,5,50,4,1,1,5,4,5,7,4,4,4,3,4,2,15,6,2,9,1,1,C03,7,9,1,10,2,11,12,6,6,1,22,8,C03,120.717498,24.250506,2,66000,387130000C,(04)23289100,(04)25368667
9653,2023,03,25,17,8,臺中市,豐原區,0,1,0,7,1,5,50,14,7,1,5,4,5,7,4,4,1,4,4,2,12,23,3,10,1,1,B03,7,5,1,8,2,4,"  ",23,23,1,22,8,B03,120.728345,24.258783,2,66000,387130000C,(04)23289100,(04)25368667
9654,2023,03,25,17,10,臺中市,大雅區,0,0,0,6,,,30,,,,,,,,,,,,,,,23,"  ","  ","  ","  ",B03,"  ","  ",1,"  ",2,"  ","  ",23,"   ",1,22,"  ",B03,120.623017,24.23412,3,66000,387130000C,(04)23289100,(04)25368667
9655,2023,03,25,17,10,臺中市,豐原區,0,2,0,8,1,5,50,4,1,1,5,4,5,7,4,4,10,5,5,2,15,6,2,9,1,1,C03,7,9,1,10,2,11,"  ",6,6,1,22,8,C03,120.716605,24.251822,2,66000,387130000C,(04)23289100,(04)25368667
9656,2023,03,25,17,13,臺中市,南區,0,0,0,8,1,5,50,4,1,1,5,4,5,7,1,1,9,4,5,2,11,21,3,10,1,1,B03,7,9,1,7,5,8,"  ",21,21,1,4,1,B03,120.668671,24.114552,3,66000,387130000C,(04)23289100,(04)25368667
9657,2023,03,25,17,14,臺中市,北屯區,0,0,0,8,,,50,,,,,,,,,,,,,,,23,"  ","  ","  ","  ",B03,"  ","  ",1,"  ",1,"  ","  ",23,"   ",1,5,"  ",B03,120.683572,24.172322,3,66000,387130000C,(04)23289100,(04)25368667
9658,2023,03,25,17,16,臺中市,后里區,0,1,0,8,1,5,30,14,9,4,5,4,5,7,4,4,10,5,5,2,12,9,3,10,1,1,B03,7,6,1,6,2,1,"  ",9,9,1,3,8,B03,120.710364,24.305681,2,66000,387130000C,(04)23289100,(04)25368667
9659,2023,03,25,17,22,臺中市,太平區,0,1,0,8,1,5,30,4,1,1,5,4,5,7,4,4,10,5,5,2,16,6,3,10,1,1,B03,7,5,1,8,2,1,"  ",6,6,1,22,5,B03,120.725835,24.144839,2,66000,387130000C,(04)23289100,(04)25368667
9660,2023,03,25,17,25,臺中市,南屯區,0,0,0,6,3,5,80,14,9,1,4,4,5,7,4,4,1,4,5,1,13,23,"  ","  ","  ","  ",B03,"  ","  ",1,"  ",1,"  ","  ",23,"   ",1,5,"  ",B03,120.623033,24.140267,3,66000,387130000C,(04)23289100,(04)25368667
9661,2023,03,25,17,25,臺中市,龍井區,0,1,0,6,1,5,50,14,9,1,4,4,5,7,4,4,9,4,5,1,16,26,3,10,1,1,B03,7,11,1,8,2,5,2,26,26,1,22,8,B03,120.582573,24.177968,2,66000,387130000C,(04)23289100,(04)25368667
9662,2023,03,25,17,26,臺中市,北屯區,0,1,0,8,1,5,50,4,2,1,5,4,5,7,2,1,10,5,5,2,16,6,3,10,1,1,B03,7,6,1,8,2,2,"  ",6,6,1,21,8,B03,120.677113,24.178601,2,66000,387130000C,(04)23289100,(04)25368667
9663,2023,03,25,17,27,臺中市,大肚區,0,2,0,8,1,5,30,15,9,1,5,4,5,7,4,4,10,5,5,2,11,6,2,9,1,1,C03,7,5,1,10,2,14,"  ",6,6,1,21,8,C03,120.52908,24.165792,2,66000,387130000C,(04)23289100,(04)25368667
9664,2023,03,25,17,27,臺中市,沙鹿區,0,1,0,6,1,5,50,4,1,1,4,4,5,7,4,4,10,5,5,2,16,23,3,10,1,1,B03,7,5,1,8,2,8,"  ",23,23,1,21,8,B03,120.567214,24.251837,2,66000,387130000C,(04)23289100,(04)25368667
9665,2023,03,25,17,30,臺中市,大肚區,0,1,0,8,3,5,30,4,1,1,5,4,5,7,4,4,10,5,5,2,15,6,3,10,1,1,B03,7,9,1,8,2,6,"  ",6,6,1,21,8,B03,120.542959,24.140345,2,66000,387130000C,(04)23289100,(04)25368667
9666,2023,03,25,17,30,臺中市,清水區,0,1,0,6,1,5,30,4,1,1,4,4,5,7,4,4,10,5,5,2,15,6,2,9,1,1,C03,7,9,1,10,2,11,"  ",6,6,1,5,1,C03,120.536321,24.27309,2,66000,387130000C,(04)23289100,(04)25368667
9667,2023,03,25,17,30,臺中市,豐原區,0,2,0,6,1,5,30,4,1,1,4,4,5,7,1,1,10,5,5,2,3,52,2,9,1,1,F03,7,9,8,20,2,16,"  ",44,52,1,22,8,F03,120.71864,24.238098,2,66000,387130000C,(04)23289100,(04)25368667
9668,2023,03,25,17,35,臺中市,南區,0,0,0,8,,,50,,,,,,,,,,,,,,,23,"  ","  ","  ","  ",C03,"  ","  ",1,"  ",2,"  ","  ",23,"   ",1,5,"  ",C03,120.67758,24.126416,3,66000,387130000C,(04)23289100,(04)25368667
9669,2023,03,25,17,37,臺中市,烏日區,0,0,0,8,,,60,,,,,,,,,,,,,,,44,"  ","  ","  ","  ",C03,"  ","  ",1,"  ",2,"  ","  ",44,"   ",1,21,"  ",C03,120.611247,24.107399,4,66000,387130000C,(04)23289100,(04)25368667
9670,2023,03,25,17,37,臺中市,大甲區,0,0,0,,,,50,,,,,,,,,,,,,,,7,"  ","  ","  ","  ",B03,"  ","  ",1,"  ",1,"  ","  ",7,7,1,22,"  ",B03,120.628106,24.3466,3,66000,387130000C,(04)23289100,(04)25368667
9671,2023,03,25,17,40,臺中市,大雅區,0,0,0,8,,,30,,,,,,,,,,,,,,,23,"  ","  ","  ","  ",C03,"  ","  ",1,"  ",2,"  ","  ",23,"   ",1,22,"  ",C03,120.647479,24.221331,3,66000,387130000C,(04)23289100,(04)25368667
9672,2023,03,25,17,40,臺中市,大里區,0,1,0,8,1,5,50,14,9,1,5,4,5,7,4,4,5,5,4,2,17,16,3,10,1,1,C03,7,9,1,10,2,12,"  ",16,16,1,22,8,C03,120.70047,24.103591,2,66000,387130000C,(04)23289100,(04)25368667
9673,2023,03,25,17,41,臺中市,西屯區,0,1,0,7,1,5,30,3,1,1,4,4,5,7,4,4,10,5,5,2,17,6,3,10,3,4,B12,7,5,1,8,2,8,"  ",6,6,1,22,8,B12,120.618304,24.189598,2,66000,387130000C,(04)23289100,(04)25368667
9674,2023,03,25,17,41,臺中市,大甲區,0,0,0,,,,50,,,,,,,,,,,,,,,23,"  ","  ","  ","  ",B02,"  ","  ",1,"  ",1,"  ","  ",23,"   ",1,22,"  ",B02,120.621805,24.353367,3,66000,387130000C,(04)23289100,(04)25368667
9675,2023,03,25,17,44,臺中市,東區,0,2,0,8,2,5,50,14,9,1,5,4,5,7,4,4,9,5,5,2,16,19,2,9,1,1,C03,7,1,1,10,2,11,"  ",19,19,1,22,8,C03,120.708877,24.143113,2,66000,387130000C,(04)23289100,(04)25368667
9676,2023,03,25,17,47,臺中市,梧棲區,0,0,0,6,,,50,,,,,,,,,,,,,,,23,"  ","  ","  ","  ",C03,"  ","  ",1,"  ",2,"  ","  ",23,"   ",1,5,"  ",C03,120.542465,24.256873,3,66000,387130000C,(04)23289100,(04)25368667
9677,2023,03,25,17,51,臺中市,西屯區,0,0,0,6,,,50,,,,,,,,,,,,,,,23,"  ","  ","  ","  ",B03,"  ","  ",1,"  ",1,"  ","  ",23,"   ",1,22,"  ",B03,120.635151,24.172617,3,66000,387130000C,(04)23289100,(04)25368667
9678,2023,03,25,17,52,臺中市,西屯區,0,0,0,8,,,30,,,,,,,,,,,,,,,17,"  ","  ","  ","  ",B03,"  ","  ",1,"  ",2,"  ","  ",17,"   ",1,22,"  ",B03,120.666829,24.17445,3,66000,387130000C,(04)23289100,(04)25368667
9679,2023,03,25,17,54,臺中市,南區,0,0,0,8,,,50,,,,,,,,,,,,,,,23,"  ","  ","  ","  ",B03,"  ","  ",1,"  ",2,"  ","  ",23,"   ",1,5,"  ",B03,120.658741,24.1172,3,66000,387130000C,(04)23289100,(04)25368667
9680,2023,03,25,17,56,臺中市,南區,0,2,0,7,3,5,50,4,1,1,5,4,5,7,1,1,10,5,5,2,13,23,2,9,1,1,C03,7,9,1,10,2,15,"  ",23,23,1,22,9,C03,120.657133,24.120845,2,66000,387130000C,(04)23289100,(04)25368667
9681,2023,03,25,18,0,臺中市,沙鹿區,0,0,0,6,3,5,25,4,1,1,4,4,5,7,1,1,10,5,5,2,13,23,3,10,1,1,B03,7,5,1,7,2,1,"  ",23,23,1,3,5,B03,120.564893,24.240922,3,66000,387130000C,(04)23289100,(04)25368667
9682,2023,03,25,18,2,臺中市,潭子區,0,0,0,8,,,30,,,,,,,,,,,,,,,23,"  ","  ","  ","  ",B12,"  ","  ",1,"  ",2,"  ","  ",23,"   ",1,22,"  ",B12,120.69345,24.22412,3,66000,387130000C,(04)23289100,(04)25368667
9683,2023,03,25,18,5,臺中市,烏日區,0,0,0,7,2,5,70,3,1,1,5,4,5,7,2,1,1,4,4,1,16,6,3,10,3,4,B03,7,6,1,8,2,2,"  ",6,6,1,21,9,B03,120.592978,24.113071,3,66000,387130000C,(04)23289100,(04)25368667
9684,2023,03,25,18,9,臺中市,北屯區,0,1,0,7,3,5,50,14,9,1,5,4,5,7,4,4,1,4,5,2,16,6,3,10,1,1,B03,7,6,1,8,2,2,"  ",6,6,1,21,8,B03,120.680875,24.172596,2,66000,387130000C,(04)23289100,(04)25368667
9685,2023,03,25,18,10,臺中市,西屯區,0,0,0,8,,,40,,,,,,,,,,,,,,,12,"  ","  ","  ","  ",B03,"  ","  ",1,"  ",2,"  ","  ",12,"   ",1,22,"  ",B03,120.615106,24.173603,3,66000,387130000C,(04)23289100,(04)25368667
9686,2023,03,25,18,12,臺中市,大雅區,0,1,0,6,1,5,60,5,1,1,4,4,5,7,1,1,3,4,4,1,12,6,3,10,1,1,B03,7,6,1,8,2,6,"  ",6,6,1,22,9,B03,120.648767,24.217983,2,66000,387130000C,(04)23289100,(04)25368667
9687,2023,03,25,18,13,臺中市,南區,0,2,0,8,4,5,50,14,8,1,5,4,5,7,4,4,5,4,4,2,16,19,3,10,1,1,C03,7,1,1,10,2,11,"  ",19,19,1,19,8,C03,120.673313,24.130855,2,66000,387130000C,(04)23289100,(04)25368667
9688,2023,03,25,18,13,臺中市,大里區,0,0,0,8,,,50,,,,,,,,,,,,,,,42,"  ","  ","  ","  ",B03,"  ","  ",1,"  ",2,"  ","  ",42,"   ",1,5,"  ",B03,120.696256,24.110331,3,66000,387130000C,(04)23289100,(04)25368667
9689,2023,03,25,18,20,臺中市,大雅區,0,0,0,6,,,50,,,,,,,,,,,,,,,12,"  ","  ","  ","  ",B03,"  ","  ",1,"  ",2,"  ","  ",12,"   ",1,22,"  ",B03,120.630969,24.228617,3,66000,387130000C,(04)23289100,(04)25368667
9690,2023,03,25,18,20,臺中市,北區,0,0,0,8,,,50,,,,,,,,,,,,,,,17,"  ","  ","  ","  ",B12,"  ","  ",1,"  ",11,"  ","  ",17,"   ",1,22,"  ",B12,120.663551,24.162938,3,66000,387130000C,(04)23289100,(04)25368667
9691,2023,03,25,18,22,臺中市,西屯區,0,2,0,6,3,5,40,3,8,1,4,4,5,7,2,1,1,4,1,1,17,43,2,9,1,1,C03,7,9,1,10,1,11,"  ",43,43,1,1,9,C03,120.615268,24.182938,2,66000,387130000C,(04)23289100,(04)25368667
9692,2023,03,25,18,23,臺中市,龍井區,0,1,0,6,4,5,50,14,9,1,4,4,5,7,4,4,5,5,5,1,3,53,2,8,4,5,H01,8,16,8,20,10,16,"  ",53,53,1,20,8,H01,120.526909,24.217511,2,66000,387130000C,(04)23289100,(04)25368667
9693,2023,03,25,18,26,臺中市,北屯區,0,0,0,8,,,50,,,,,,,,,,,,,,,23,"  ","  ","  ","  ",B12,"  ","  ",1,"  ",1,"  ","  ",23,23,1,5,"  ",B12,120.667827,24.178897,3,66000,387130000C,(04)23289100,(04)25368667
9694,2023,03,25,18,27,臺中市,太平區,0,1,0,8,3,5,50,4,1,1,5,4,5,7,1,1,10,5,5,2,11,23,2,9,1,1,C03,7,9,1,10,2,11,"  ",23,23,1,22,8,C03,120.712182,24.144435,2,66000,387130000C,(04)23289100,(04)25368667
9695,2023,03,25,18,27,臺中市,神岡區,0,1,0,6,3,5,60,4,1,1,4,4,5,7,1,1,1,4,5,1,18,42,2,9,1,4,C03,7,6,1,10,2,12,"  ",42,42,1,22,9,C03,120.684161,24.246487,2,66000,387130000C,(04)23289100,(04)25368667
9696,2023,03,25,18,29,臺中市,沙鹿區,0,0,0,6,3,5,50,5,1,1,4,4,5,7,1,1,10,5,5,2,18,23,2,9,1,1,C03,7,9,1,10,2,12,"  ",23,23,1,21,8,C03,120.573005,24.210639,3,66000,387130000C,(04)23289100,(04)25368667
9697,2023,03,25,18,30,臺中市,北屯區,0,0,0,6,,,50,,,,,,,,,,,,,,,16,"  ","  ","  ","  ",B03,"  ",9,1,8,1,1,"  ",16,16,1,21,8,B03,120.723128,24.181688,3,66000,387130000C,(04)23289100,(04)25368667
9698,2023,03,25,18,30,臺中市,沙鹿區,0,0,0,6,,,50,,,,,,,,,,,,,,,42,"  ","  ","  ","  ",B03,"  ","  ",1,"  ",1,"  ","  ",42,"   ",1,4,"  ",B03,120.560355,24.239289,3,66000,387130000C,(04)23289100,(04)25368667
9699,2023,03,25,18,30,臺中市,豐原區,0,1,0,6,3,5,50,14,7,1,4,4,5,7,4,4,4,3,4,2,16,7,2,9,1,1,C03,7,7,1,10,2,14,"  ",7,7,1,22,8,C03,120.72735,24.244885,2,66000,387130000C,(04)23289100,(04)25368667
9700,2023,03,25,18,33,臺中市,大里區,0,2,0,6,3,5,50,14,9,1,4,4,5,7,1,1,5,2,5,1,16,6,2,9,1,1,C03,7,9,1,10,2,14,"  ",23,6,1,22,8,C03,120.689488,24.110018,2,66000,387130000C,(04)23289100,(04)25368667
9701,2023,03,25,18,35,臺中市,東區,0,2,0,8,1,5,50,4,1,1,5,4,5,7,2,1,10,5,5,2,12,1,2,9,1,1,C03,7,9,1,10,2,14,"  ",1,1,1,22,8,C03,120.688941,24.142927,2,66000,387130000C,(04)23289100,(04)25368667
9702,2023,03,25,18,35,臺中市,北屯區,0,0,0,6,,,50,,,,,,,,,,,,,,,23,"  ","  ","  ","  ",B03,"  ","  ",1,"  ",1,"  ","  ",23,"   ",1,21,"  ",B03,120.667919,24.179028,3,66000,387130000C,(04)23289100,(04)25368667
9703,2023,03,25,18,44,臺中市,北屯區,0,1,0,8,3,5,50,4,1,1,5,4,5,7,2,1,10,5,5,2,18,23,2,8,1,1,C03,7,9,1,10,2,12,"  ",23,23,1,21,8,C03,120.71524,24.174463,2,66000,387130000C,(04)23289100,(04)25368667
9704,2023,03,25,18,45,臺中市,霧峰區,0,0,0,8,,,80,,,,,,,,,,,,,,,16,"  ","  ","  ","  ",B03,"  ","  ",1,"  ",2,"  ","  ",16,"   ",1,12,"  ",B03,120.685035,24.075322,3,66000,387130000C,(04)23289100,(04)25368667
9705,2023,03,25,18,49,臺中市,沙鹿區,0,0,0,6,3,5,50,14,8,1,4,4,5,7,4,4,9,5,4,2,17,23,3,10,1,1,B03,7,14,1,8,2,4,"  ",40,23,1,21,8,B03,120.579399,24.218076,3,66000,387130000C,(04)23289100,(04)25368667
9706,2023,03,25,18,50,臺中市,西屯區,0,0,0,6,,,50,,,,,,,,,,,,,,,7,"  ","  ","  ","  ",B03,"  ","  ",1,"  ",1,"  ","  ",7,7,1,22,"  ",B03,120.63917,24.175054,3,66000,387130000C,(04)23289100,(04)25368667
9707,2023,03,25,18,50,臺中市,烏日區,0,0,0,6,,,30,,,,,,,,,,,,,,,12,"  ","  ","  ","  ",B03,"  ","  ",1,"  ",2,"  ","  ",12,"   ",1,20,"  ",B03,120.592932,24.112949,3,66000,387130000C,(04)23289100,(04)25368667
9708,2023,03,25,18,52,臺中市,南屯區,0,1,0,6,2,5,50,14,7,1,4,4,5,7,4,4,1,4,4,2,13,16,2,9,1,1,C03,7,9,1,10,2,11,"  ",16,16,1,5,8,C03,120.638293,24.151186,2,66000,387130000C,(04)23289100,(04)25368667
9709,2023,03,25,18,55,臺中市,北屯區,0,2,0,6,3,5,50,3,1,1,4,4,5,7,4,4,10,5,5,2,17,6,2,9,1,1,C03,7,5,1,10,2,11,"  ",6,6,1,5,8,C03,120.706565,24.167914,2,66000,387130000C,(04)23289100,(04)25368667
9710,2023,03,25,18,55,臺中市,北屯區,0,0,0,6,,,50,,,,,,,,,,,,,,,2,"  ","  ","  ","  ",B03,"  ","  ",1,"  ",1,"  ","  ",44,2,1,21,"  ",B03,120.68337,24.172418,3,66000,387130000C,(04)23289100,(04)25368667
9711,2023,03,25,18,56,臺中市,西屯區,0,0,0,6,,,50,,,,,,,,,,,,,,,23,"  ","  ","  ","  ",B03,"  ","  ",1,"  ",2,"  ","  ",23,"   ",1,22,"  ",B03,120.648055,24.182023,3,66000,387130000C,(04)23289100,(04)25368667
9712,2023,03,25,18,56,臺中市,豐原區,0,0,0,6,,,50,,,,,,,,,,,,,,,40,"  ","  ","  ","  ",E03,"  ","  ",1,"  ",10,"  ","  ",40,"   ",1,23,"  ",E03,120.71938,24.251549,3,66000,387130000C,(04)23289100,(04)25368667
9713,2023,03,25,18,57,臺中市,北屯區,0,1,0,6,2,5,30,4,1,1,4,4,5,7,1,1,10,5,5,2,17,23,3,10,1,1,B03,7,5,1,8,2,8,"  ",23,23,1,20,8,B03,120.6816,24.1718,2,66000,387130000C,(04)23289100,(04)25368667
9714,2023,03,25,18,58,臺中市,西屯區,0,1,0,8,3,5,50,3,1,1,4,4,5,7,4,4,10,5,5,2,16,6,3,10,1,1,B03,7,5,1,8,1,5,"  ",6,6,1,22,8,B03,120.658202,24.159012,2,66000,387130000C,(04)23289100,(04)25368667
9715,2023,03,25,18,58,臺中市,大肚區,0,0,0,6,,,50,,,,,,,,,,,,,,,12,"  ","  ","  ","  ",B03,"  ","  ",1,"  ",2,"  ","  ",12,"   ",1,2,"  ",B03,120.576273,24.119094,3,66000,387130000C,(04)23289100,(04)25368667
9716,2023,03,25,19,0,臺中市,豐原區,0,0,0,,,,30,,,,,,,,,,,,,,,12,"  ","  ","  ","  ",B03,"  ","  ",1,"  ",2,"  ","  ",12,"   ",1,22,"  ",B03,120.71012,24.245106,3,66000,387130000C,(04)23289100,(04)25368667
9717,2023,03,25,19,1,臺中市,西屯區,0,0,0,6,,,40,,,,,,,,,,,,,,,26,"  ","  ","  ","  ",B03,"  ","  ",1,"  ",1,"  ","  ",26,"   ",1,22,"  ",B03,120.628867,24.162746,3,66000,387130000C,(04)23289100,(04)25368667
9718,2023,03,25,19,2,臺中市,大雅區,0,1,0,6,3,5,50,4,8,1,4,4,5,7,1,1,5,5,4,1,17,43,3,10,1,1,B03,7,8,1,8,2,2,"  ",43,43,1,22,9,B03,120.643164,24.220029,2,66000,387130000C,(04)23289100,(04)25368667
9719,2023,03,25,19,9,臺中市,北屯區,0,0,0,6,,,50,,,,,,,,,,,,,,,26,"  ","  ","  ","  ",B03,"  ","  ",1,"  ",1,"  ","  ",44,26,1,5,"  ",B03,120.702274,24.159826,3,66000,387130000C,(04)23289100,(04)25368667
9720,2023,03,25,19,10,臺中市,沙鹿區,0,0,0,6,,,50,,,,,,,,,,,,,,,23,"  ","  ","  ","  ",C03,"  ","  ",2,"  ",2,"  ","  ",23,"   ",1,16,"  ",C03,120.686529,24.134444,3,66000,387130000C,(04)23289100,(04)25368667
9721,2023,03,25,19,13,臺中市,沙鹿區,0,0,0,6,,,50,,,,,,,,,,,,,,,42,"  ","  ","  ","  ",B12,"  ","  ",1,"  ",2,"  ","  ",42,"   ",1,21,"  ",B12,120.563128,24.247522,3,66000,387130000C,(04)23289100,(04)25368667
9722,2023,03,25,19,15,臺中市,霧峰區,0,2,0,6,3,5,50,4,1,1,4,4,5,7,3,1,9,5,5,2,16,6,2,9,1,1,C03,7,9,6,18,2,11,"  ",6,6,1,22,8,C03,120.700173,24.067243,2,66000,387130000C,(04)23289100,(04)25368667
9723,2023,03,25,19,17,臺中市,西區,0,0,0,,,,50,,,,,,,,,,,,,,,23,"  ","  ","  ","  ",B03,"  ","  ",1,"  ",1,"  ","  ",23,"   ",1,20,"  ",B03,120.662608,24.140163,3,66000,387130000C,(04)23289100,(04)25368667
9724,2023,03,25,19,19,臺中市,北屯區,0,1,0,6,3,5,50,14,9,1,4,4,5,7,4,4,1,4,5,1,13,23,3,10,1,1,B03,7,9,1,8,11,5,"  ",23,23,1,21,8,B03,120.695806,24.18308,2,66000,387130000C,(04)23289100,(04)25368667
9725,2023,03,25,19,20,臺中市,西區,0,1,0,6,3,5,50,4,1,1,4,4,5,7,4,4,10,5,5,2,17,42,3,10,1,1,B03,7,5,1,8,2,15,"  ",42,42,1,21,8,B03,120.655138,24.147259,2,66000,387130000C,(04)23289100,(04)25368667
9726,2023,03,25,19,20,臺中市,南屯區,0,0,0,6,3,5,40,14,7,1,5,4,5,7,1,1,5,5,4,2,12,8,"  ","  ","  ","  ",B03,"  ","  ",1,"  ",2,"  ","  ",8,"   ",1,5,"  ",B03,120.652963,24.153589,3,66000,387130000C,(04)23289100,(04)25368667
9727,2023,03,25,19,20,臺中市,太平區,0,0,0,8,,,80,,,,,,,,,,,,,,,23,"  ","  ","  ","  ",B03,"  ","  ",1,"  ",2,"  ","  ",23,"   ",1,21,"  ",B03,120.710725,24.141557,3,66000,387130000C,(04)23289100,(04)25368667
9728,2023,03,25,19,20,臺中市,大肚區,0,1,0,6,3,5,50,12,13,1,4,4,5,7,4,4,4,5,4,1,26,23,2,9,1,1,B03,7,9,1,8,2,1,"  ",23,23,1,2,9,B03,120.561061,24.161366,2,66000,387130000C,(04)23289100,(04)25368667
9729,2023,03,25,19,21,臺中市,北區,0,1,0,6,3,5,50,4,1,1,4,4,5,7,2,1,10,5,5,2,17,7,3,10,1,1,B03,7,7,1,8,2,15,"  ",7,7,1,22,9,B03,120.685574,24.153539,2,66000,387130000C,(04)23289100,(04)25368667
9730,2023,03,25,19,22,臺中市,南屯區,0,1,0,6,3,5,50,4,1,1,4,4,5,7,2,1,10,5,5,2,17,10,3,10,1,1,B03,7,11,1,8,2,2,"  ",10,10,1,22,9,B03,120.63247,24.145496,2,66000,387130000C,(04)23289100,(04)25368667
9731,2023,03,25,19,24,臺中市,南屯區,0,2,0,6,3,5,50,14,9,1,4,4,5,7,4,4,3,4,5,2,17,7,2,9,1,1,C04,7,7,1,8,11,14,"  ",7,7,2,22,8,C04,120.646901,24.155157,2,66000,387130000C,(04)23289100,(04)25368667
9732,2023,03,25,19,29,臺中市,南屯區,0,0,0,6,,,50,,,,,,,,,,,,,,,43,"  ","  ","  ","  ",B03,"  ","  ",1,"  ",2,"  ","  ",43,"   ",1,5,"  ",B03,120.630707,24.141061,3,66000,387130000C,(04)23289100,(04)25368667
9733,2023,03,25,19,32,臺中市,北屯區,0,3,0,6,3,5,30,14,7,1,4,4,5,7,4,4,5,5,4,2,16,6,2,9,1,1,C03,7,5,1,10,2,12,"  ",6,6,1,19,8,C03,120.695031,24.163939,2,66000,387130000C,(04)23289100,(04)25368667
9734,2023,03,25,19,32,臺中市,后里區,0,1,0,6,3,5,50,3,4,1,4,4,5,7,1,1,4,4,5,1,16,19,3,10,1,1,B03,7,1,1,7,2,8,"  ",19,19,1,9,8,B03,120.709387,24.311002,2,66000,387130000C,(04)23289100,(04)25368667
9735,2023,03,25,19,34,臺中市,西屯區,0,1,0,6,3,5,40,4,1,1,4,4,5,7,2,1,1,4,1,1,18,43,2,9,1,1,C03,7,9,1,10,2,12,"  ",43,43,1,1,9,C03,120.641076,24.167898,2,66000,387130000C,(04)23289100,(04)25368667
9736,2023,03,25,19,35,臺中市,西屯區,0,0,0,8,,,40,,,,,,,,,,,,,,,7,"  ","  ","  ","  ",B01,"  ","  ",1,"  ",1,"  ","  ",7,"   ",1,22,"  ",B01,120.653481,24.161696,3,66000,387130000C,(04)23289100,(04)25368667