序號,年,月,日,時,分,縣市,區,死亡數量,受傷數量,2-30,天候,光線,道路類別,速限_速度(公里),道路型態,事故位置,路面鋪裝,路面狀態,路面缺陷,障礙物,視距,號誌種類,號誌動作,分向設施,快車道或一般車道間,快慢車道間,路面邊線,事故類型及型態,主要肇因,受傷程度,主要傷處,保護裝備,行動電話,當事者區分,車輛用途,當事者行動狀態,駕駛資格情形,駕駛執照種類,飲酒情形,車輛撞擊部位最初,車輛撞擊部位其他,肇事因素個別,肇事因素主要,肇事逃逸,職業,旅次目的,車種,GPS座標X,GPS座標Y,事故類別,縣市別代碼,機關代碼,市話,傳真
9737,2023,03,25,19,39,臺中市,南區,0,2,0,6,3,5,50,14,9,1,4,4,5,7,4,4,9,4,5,2,1,23,2,9,1,1,C03,7,9,1,10,2,12,"  ",23,23,1,5,1,C03,120.679458,24.128567,2,66000,387130000C,(04)23289100,(04)25368667
9738,2023,03,25,19,40,臺中市,大里區,0,0,0,6,,,50,,,,,,,,,,,,,,,38,"  ","  ","  ","  ",B03,"  ","  ",1,"  ",2,"  ","  ",38,"   ",1,9,"  ",B03,120.698304,24.080022,3,66000,387130000C,(04)23289100,(04)25368667
9739,2023,03,25,19,45,臺中市,霧峰區,0,0,0,6,,,50,,,,,,,,,,,,,,,23,"  ","  ","  ","  ",B02,"  ","  ",1,"  ",2,"  ","  ",23,"   ",1,12,"  ",B02,120.699959,24.075669,3,66000,387130000C,(04)23289100,(04)25368667
9740,2023,03,25,19,50,臺中市,清水區,0,1,0,6,3,5,50,4,1,1,4,4,5,7,3,1,10,5,5,2,15,6,2,9,1,1,C03,7,9,1,10,2,14,"  ",6,6,1,21,8,C03,120.575082,24.2718,2,66000,387130000C,(04)23289100,(04)25368667
9741,2023,03,25,19,50,臺中市,外埔區,0,1,0,6,3,5,70,14,9,1,4,4,5,7,4,4,1,4,5,1,20,23,2,8,1,1,B03,7,9,1,8,2,6,"  ",23,23,1,9,8,B03,120.647263,24.327546,2,66000,387130000C,(04)23289100,(04)25368667
9742,2023,03,25,19,51,臺中市,大雅區,0,1,0,6,3,5,50,3,1,1,4,4,5,7,1,1,5,5,4,1,16,6,3,10,1,1,B03,7,6,1,8,2,2,"  ",6,6,1,22,9,B03,120.644142,24.208061,2,66000,387130000C,(04)23289100,(04)25368667
9743,2023,03,25,19,52,臺中市,南屯區,0,1,0,6,3,5,50,14,9,1,4,4,5,7,4,4,5,5,5,2,13,23,2,9,1,1,C04,7,9,1,10,2,11,"  ",23,23,1,5,8,C04,120.63782,24.1419,2,66000,387130000C,(04)23289100,(04)25368667
9744,2023,03,25,19,54,臺中市,北區,0,0,0,6,3,5,50,4,4,1,4,4,5,7,1,1,1,4,4,2,17,42,3,10,1,1,C03,7,9,1,10,2,11,"  ",42,42,1,5,5,C03,120.68966,24.15761,4,66000,387130000C,(04)23289100,(04)25368667
9745,2023,03,25,19,56,臺中市,西屯區,0,0,0,8,,,50,,,,,,,,,,,,,,,10,"  ","  ","  ","  ",B03,"  ","  ",1,"  ",2,"  ","  ",10,"   ",1,22,"  ",B03,120.666029,24.178317,3,66000,387130000C,(04)23289100,(04)25368667
9746,2023,03,25,19,57,臺中市,大雅區,0,0,0,6,,,50,,,,,,,,,,,,,,,42,"  ","  ","  ","  ",C03,"  ","  ",1,"  ",2,"  ","  ",42,42,1,22,"  ",C03,120.647736,24.234638,3,66000,387130000C,(04)23289100,(04)25368667
9747,2023,03,25,20,0,臺中市,東勢區,0,1,0,6,3,5,50,14,9,1,4,4,5,7,4,4,10,5,5,1,16,23,2,9,1,1,C03,7,9,3,18,2,11,"  ",23,23,1,22,8,C03,120.827685,24.258291,2,66000,387130000C,(04)23289100,(04)25368667
9748,2023,03,25,20,1,臺中市,北區,0,0,0,,,,50,,,,,,,,,,,,,,,12,"  ","  ","  ","  ",B03,"  ","  ",1,"  ",11,"  ","  ",12,"   ",1,22,"  ",B03,120.68443,24.15448,3,66000,387130000C,(04)23289100,(04)25368667
9749,2023,03,25,20,6,臺中市,西屯區,0,1,0,6,3,5,50,4,9,1,4,4,5,7,4,4,5,4,5,2,12,16,2,8,1,1,C03,7,15,1,10,2,15,"  ",16,42,1,22,8,C03,120.650409,24.156399,2,66000,387130000C,(04)23289100,(04)25368667
9750,2023,03,25,20,9,臺中市,東區,0,0,0,,,,50,,,,,,,,,,,,,,,23,"  ","  ","  ","  ",B03,"  ","  ",1,"  ",2,"  ","  ",23,"   ",1,22,"  ",B03,120.68937,24.133651,3,66000,387130000C,(04)23289100,(04)25368667
9751,2023,03,25,20,14,臺中市,北區,0,0,0,6,,,50,,,,,,,,,,,,,,,16,"  ","  ","  ","  ",A02,"  ","  ",1,"  ",2,"  ","  ",16,"   ",1,10,"  ",A02,120.681549,24.155752,3,66000,387130000C,(04)23289100,(04)25368667
9752,2023,03,25,20,14,臺中市,南區,0,0,0,8,,,50,,,,,,,,,,,,,,,7,"  ","  ","  ","  ",B03,"  ","  ",1,"  ",2,"  ","  ",7,"   ",1,5,"  ",B03,120.650396,24.120435,3,66000,387130000C,(04)23289100,(04)25368667
9753,2023,03,25,20,25,臺中市,太平區,0,0,0,6,,,30,,,,,,,,,,,,,,,17,"  ","  ","  ","  ",B03,"  ","  ",1,"  ",2,"  ","  ",17,"   ",1,22,"  ",B03,120.727234,24.152854,3,66000,387130000C,(04)23289100,(04)25368667
9754,2023,03,25,20,35,臺中市,北區,0,1,0,7,3,5,50,4,1,1,4,4,5,7,2,1,10,5,5,2,18,23,2,9,1,1,C03,7,9,1,10,2,14,"  ",23,23,1,22,4,C03,120.668289,24.16874,2,66000,387130000C,(04)23289100,(04)25368667
9755,2023,03,25,20,43,臺中市,北屯區,0,1,0,8,3,5,50,4,1,1,5,4,5,7,4,4,10,5,5,2,16,6,3,10,1,1,B03,7,9,1,8,2,5,"  ",6,6,1,21,8,B03,120.678907,24.1735,2,66000,387130000C,(04)23289100,(04)25368667
9756,2023,03,25,20,53,臺中市,太平區,0,1,0,8,3,5,50,3,1,1,5,4,5,7,4,4,5,5,5,2,18,23,2,9,1,1,C03,7,9,1,10,2,12,"  ",23,23,1,21,8,C03,120.712826,24.124239,2,66000,387130000C,(04)23289100,(04)25368667
9757,2023,03,25,21,2,臺中市,北區,0,0,0,8,3,5,50,4,2,1,5,4,5,7,4,4,5,5,5,2,11,26,3,10,1,1,B03,7,9,1,8,2,7,"  ",26,26,1,5,5,B03,120.692688,24.156563,3,66000,387130000C,(04)23289100,(04)25368667
9758,2023,03,25,21,3,臺中市,南屯區,0,0,0,8,,,50,,,,,,,,,,,,,,,43,"  ","  ","  ","  ",C03,"  ","  ",3,"  ",11,"  ","  ",43,"   ",1,22,"  ",C03,120.646569,24.129727,3,66000,387130000C,(04)23289100,(04)25368667
9759,2023,03,25,21,8,臺中市,潭子區,0,1,0,7,3,5,60,4,1,1,5,4,5,7,2,1,10,5,5,2,16,26,3,10,1,1,B03,7,6,1,8,2,2,"  ",26,26,1,21,8,B03,120.705385,24.209873,2,66000,387130000C,(04)23289100,(04)25368667
9760,2023,03,25,21,8,臺中市,太平區,0,1,0,6,3,5,50,4,1,1,4,4,5,7,1,1,5,5,5,2,18,43,2,9,1,1,C03,7,6,1,10,2,12,"  ",43,43,1,21,8,C03,120.724825,24.149582,2,66000,387130000C,(04)23289100,(04)25368667
9761,2023,03,25,21,25,臺中市,南屯區,0,1,0,8,3,5,50,14,9,1,5,4,5,7,4,4,5,4,5,2,13,23,3,10,1,1,C03,7,9,1,10,2,11,"  ",23,23,1,5,8,C03,120.643421,24.135012,2,66000,387130000C,(04)23289100,(04)25368667
9762,2023,03,25,21,34,臺中市,北屯區,0,2,0,8,3,5,50,4,1,1,5,4,5,7,4,4,10,5,5,2,3,51,2,9,4,5,H01,8,16,8,20,10,16,"  ",51,51,1,4,8,H01,120.6903,24.1764,2,66000,387130000C,(04)23289100,(04)25368667
9763,2023,03,25,21,50,臺中市,南屯區,0,1,0,7,3,5,50,3,1,1,5,4,5,7,4,4,10,5,5,2,16,6,3,10,1,1,B03,7,6,1,8,2,2,"  ",6,6,1,22,9,B03,120.634326,24.151209,2,66000,387130000C,(04)23289100,(04)25368667
9764,2023,03,25,21,50,臺中市,霧峰區,0,1,0,8,3,5,50,3,1,1,5,4,5,7,1,1,9,5,4,1,16,10,3,10,1,1,B03,7,11,6,8,2,4,"  ",10,10,1,22,8,B03,120.698611,24.062848,2,66000,387130000C,(04)23289100,(04)25368667
9765,2023,03,25,21,51,臺中市,烏日區,0,1,0,8,3,5,30,4,1,1,5,4,5,7,4,4,10,5,5,2,15,6,3,10,1,1,A31,7,9,1,1,2,2,"  ",14,6,1,21,8,A31,120.637596,24.066925,2,66000,387130000C,(04)23289100,(04)25368667
9766,2023,03,25,21,53,臺中市,北區,0,0,0,,,,50,,,,,,,,,,,,,,,12,"  ","  ","  ","  ",B03,"  ","  ",1,"  ",11,"  ","  ",12,"   ",1,22,"  ",B03,120.685089,24.161558,3,66000,387130000C,(04)23289100,(04)25368667
9767,2023,03,25,21,55,臺中市,東區,0,0,0,,,,50,,,,,,,,,,,,,,,6,"  ","  ","  ","  ",C03,"  ","  ",1,"  ",2,"  ","  ",6,"   ",1,22,"  ",C03,120.70088,24.135486,3,66000,387130000C,(04)23289100,(04)25368667
9768,2023,03,25,21,55,臺中市,東區,0,0,0,8,,,50,,,,,,,,,,,,,,,23,"  ","  ","  ","  ",B03,"  ","  ",1,"  ",2,"  ","  ",23,"   ",2,5,"  ",B03,120.689841,24.143173,3,66000,387130000C,(04)23289100,(04)25368667
9769,2023,03,25,21,58,臺中市,龍井區,0,0,0,8,,,30,,,,,,,,,,,,,,,12,"  ","  ","  ","  ",B03,"  ","  ",1,"  ",2,"  ","  ",12,"   ",1,12,"  ",B03,120.547328,24.182251,3,66000,387130000C,(04)23289100,(04)25368667
9770,2023,03,25,22,2,臺中市,北區,0,0,0,8,,,50,,,,,,,,,,,,,,,23,"  ","  ","  ","  ",C03,"  ","  ",1,"  ",2,"  ","  ",23,"   ",1,21,"  ",C03,120.671278,24.173674,3,66000,387130000C,(04)23289100,(04)25368667
9771,2023,03,25,22,2,臺中市,北屯區,0,0,0,,,,50,,,,,,,,,,,,,,,23,"  ","  ","  ","  ",C03,"  ","  ",1,"  ",2,"  ","  ",23,"   ",1,21,"  ",C03,120.690305,24.172825,3,66000,387130000C,(04)23289100,(04)25368667
9772,2023,03,25,22,11,臺中市,太平區,0,0,0,8,,,30,,,,,,,,,,,,,,,12,"  ","  ","  ","  ",C03,"  ","  ",1,"  ",2,"  ","  ",12,"   ",1,18,"  ",C03,120.735274,24.145969,3,66000,387130000C,(04)23289100,(04)25368667
9773,2023,03,25,22,15,臺中市,霧峰區,0,1,0,8,3,5,50,4,1,1,5,4,5,7,1,1,10,5,5,2,15,25,3,10,1,1,B03,7,9,1,8,2,1,"  ",25,25,1,9,8,B03,120.684263,24.051116,2,66000,387130000C,(04)23289100,(04)25368667
9774,2023,03,25,22,16,臺中市,西屯區,0,0,0,8,,,30,,,,,,,,,,,,,,,12,"  ","  ","  ","  ",B03,"  ","  ",1,"  ",1,"  ","  ",12,"   ",1,22,"  ",B03,120.644057,24.174335,3,66000,387130000C,(04)23289100,(04)25368667
9775,2023,03,25,22,25,臺中市,北區,0,0,0,,,,,,,,,,,,,,,,,,,67,"  ","  ","  ","  ","   ","  ","  ","  ","  ","  ","  ","  ",67,"   ",1,"  ","  ","   ",120.669231,24.155016,3,66000,387130000C,(04)23289100,(04)25368667
9776,2023,03,25,22,27,臺中市,西屯區,0,0,0,8,,,50,,,,,,,,,,,,,,,42,"  ","  ","  ","  ",B03,"  ","  ",1,"  ",1,"  ","  ",42,42,1,1,"  ",B03,120.642264,24.177771,3,66000,387130000C,(04)23289100,(04)25368667
9777,2023,03,25,22,43,臺中市,南屯區,0,1,0,8,3,5,50,14,9,1,5,4,5,7,4,4,9,5,5,2,12,3,2,9,3,4,C03,7,7,1,10,8,15,"  ",3,3,1,22,8,C03,120.610199,24.143116,2,66000,387130000C,(04)23289100,(04)25368667
9778,2023,03,25,22,48,臺中市,西區,0,1,0,8,3,5,50,4,1,1,5,4,5,7,1,1,10,5,5,2,16,8,3,10,1,1,B03,7,5,1,8,2,1,"  ",8,8,1,4,5,B03,120.661692,24.152561,2,66000,387130000C,(04)23289100,(04)25368667
9779,2023,03,25,23,4,臺中市,潭子區,0,2,0,7,3,5,30,4,1,1,5,4,5,7,3,1,10,5,5,2,15,6,3,10,1,1,B03,7,9,1,8,2,8,"  ",6,6,1,22,8,B03,120.70177,24.192055,2,66000,387130000C,(04)23289100,(04)25368667
9780,2023,03,25,23,6,臺中市,大里區,0,1,0,7,3,5,50,4,1,1,4,4,5,7,1,1,10,5,5,2,18,42,2,9,1,1,C03,7,5,1,10,2,14,"  ",42,42,1,22,8,C03,120.697723,24.082495,2,66000,387130000C,(04)23289100,(04)25368667
9781,2023,03,25,23,16,臺中市,北屯區,0,0,0,8,,,50,,,,,,,,,,,,,,,6,"  ","  ","  ","  ",C03,"  ","  ",1,"  ",1,"  ","  ",6,"   ",1,22,"  ",C03,120.694444,24.174902,3,66000,387130000C,(04)23289100,(04)25368667
9782,2023,03,25,23,32,臺中市,清水區,0,1,0,8,3,5,40,14,8,1,4,4,5,7,4,4,1,4,3,1,18,43,2,9,1,1,C03,7,9,3,18,6,14,"  ",43,43,1,21,8,C03,120.54686,24.27507,2,66000,387130000C,(04)23289100,(04)25368667
9783,2023,03,25,23,38,臺中市,大里區,0,1,0,8,3,5,50,4,1,1,5,4,5,7,3,1,10,5,5,2,15,6,2,9,1,1,C03,7,9,1,10,2,11,"  ",6,6,1,5,5,C03,120.692601,24.120793,2,66000,387130000C,(04)23289100,(04)25368667
9784,2023,03,25,23,41,臺中市,北屯區,0,0,0,8,,,50,,,,,,,,,,,,,,,7,"  ","  ","  ","  ",B03,"  ","  ",1,"  ",1,"  ","  ",7,"   ",1,22,"  ",B03,120.758931,24.200138,3,66000,387130000C,(04)23289100,(04)25368667
9785,2023,03,25,23,42,臺中市,外埔區,0,0,0,,,,50,,,,,,,,,,,,,,,19,"  ","  ","  ","  ",B03,"  ","  ",1,"  ",3,"  ","  ",19,"   ",1,21,"  ",B03,120.642939,24.337324,3,66000,387130000C,(04)23289100,(04)25368667
9786,2023,03,25,23,54,臺中市,中區,0,0,0,8,,,50,,,,,,,,,,,,,,,23,"  ","  ","  ","  ",B03,"  ","  ",1,"  ",1,"  ","  ",23,"   ",1,4,"  ",B03,120.68209,24.14295,3,66000,387130000C,(04)23289100,(04)25368667
9787,2023,03,26,0,10,臺中市,南區,0,1,0,8,3,5,50,4,2,1,5,4,5,7,2,1,3,4,4,2,13,23,3,10,3,4,A11,7,9,1,3,2,1,"  ",23,23,1,5,8,A11,120.700771,24.132163,2,66000,387130000C,(04)23289100,(04)25368667
9788,2023,03,26,0,10,臺中市,大里區,0,0,0,8,,,30,,,,,,,,,,,,,,,23,"  ","  ","  ","  ",B03,"  ","  ",3,"  ",9,"  ","  ",23,"   ",1,12,"  ",B03,120.687997,24.124222,3,66000,387130000C,(04)23289100,(04)25368667
9789,2023,03,26,0,18,臺中市,北區,0,1,0,8,3,5,50,3,4,1,5,4,5,7,1,1,1,2,5,2,13,42,3,10,1,1,B03,7,9,1,8,2,5,"  ",42,42,1,5,8,B03,120.684085,24.149878,2,66000,387130000C,(04)23289100,(04)25368667
9790,2023,03,26,0,20,臺中市,北屯區,0,0,0,6,,,40,,,,,,,,,,,,,,,23,"  ","  ","  ","  ",B03,"  ","  ",1,"  ",1,"  ","  ",23,"   ",1,21,"  ",B03,120.733316,24.161155,3,66000,387130000C,(04)23289100,(04)25368667
9791,2023,03,26,0,27,臺中市,霧峰區,0,0,0,6,,,30,,,,,,,,,,,,,,,12,"  ","  ","  ","  ",B02,"  ","  ",1,"  ",2,"  ","  ",12,"   ",1,22,"  ",B02,120.713436,24.075683,3,66000,387130000C,(04)23289100,(04)25368667
9792,2023,03,26,1,7,臺中市,大里區,0,0,0,6,,,30,,,,,,,,,,,,,,,6,"  ","  ","  ","  ",B03,"  ","  ",6,"  ",2,"  ","  ",6,"   ",1,4,"  ",B03,120.702342,24.097515,3,66000,387130000C,(04)23289100,(04)25368667
9793,2023,03,26,1,39,臺中市,西屯區,0,3,0,6,3,5,50,4,18,1,4,4,5,7,1,1,10,5,5,2,3,15,3,10,3,4,B03,7,6,1,8,2,8,"  ",15,15,1,22,8,B03,120.652673,24.166467,2,66000,387130000C,(04)23289100,(04)25368667
9794,2023,03,26,2,22,臺中市,北區,0,1,0,6,3,5,50,14,7,1,4,4,5,7,4,4,9,5,4,2,16,19,3,10,1,1,B03,7,1,1,8,2,4,"  ",19,19,1,5,8,B03,120.684966,24.14793,2,66000,387130000C,(04)23289100,(04)25368667
9795,2023,03,26,2,40,臺中市,西屯區,0,0,0,8,,,50,,,,,,,,,,,,,,,8,"  ","  ","  ","  ",B03,"  ","  ",1,"  ",1,"  ","  ",8,"   ",1,22,"  ",B03,120.629085,24.1627,3,66000,387130000C,(04)23289100,(04)25368667
9796,2023,03,26,2,42,臺中市,北區,0,0,0,6,,,50,,,,,,,,,,,,,,,23,"  ","  ","  ","  ",B03,"  ","  ",1,"  ",11,"  ","  ",23,"   ",1,21,"  ",B03,120.677536,24.150592,3,66000,387130000C,(04)23289100,(04)25368667
9797,2023,03,26,2,50,臺中市,北區,0,2,0,6,3,5,50,4,4,1,4,4,5,7,1,1,1,4,5,2,13,23,2,9,1,1,C03,7,9,1,10,2,14,"  ",23,23,1,5,8,C03,120.691825,24.160146,2,66000,387130000C,(04)23289100,(04)25368667
9798,2023,03,26,3,5,臺中市,北區,0,1,0,6,3,5,40,4,2,1,4,4,5,7,1,1,1,4,4,2,17,23,2,9,1,1,C03,7,9,1,10,2,13,"  ",23,23,1,21,8,C03,120.664089,24.162142,2,66000,387130000C,(04)23289100,(04)25368667
9799,2023,03,26,3,37,臺中市,烏日區,0,1,0,6,3,5,80,14,9,1,4,4,5,7,4,4,1,4,5,1,20,42,2,8,1,1,B12,7,9,1,8,2,1,5,42,42,1,21,8,B12,120.613038,24.103179,2,66000,387130000C,(04)23289100,(04)25368667
9800,2023,03,26,3,46,臺中市,東區,0,1,0,6,1,5,50,4,9,1,4,4,5,7,3,1,5,5,5,2,17,10,3,10,3,4,B03,7,11,1,8,2,4,"  ",10,10,1,5,8,B03,120.685883,24.126182,2,66000,387130000C,(04)23289100,(04)25368667
9801,2023,03,26,4,0,臺中市,豐原區,0,0,0,6,,,50,,,,,,,,,,,,,,,23,"  ","  ","  ","  ",B03,"  ","  ",1,"  ",2,"  ","  ",23,"   ",1,22,"  ",B03,120.714041,24.249375,3,66000,387130000C,(04)23289100,(04)25368667
9802,2023,03,26,4,58,臺中市,北屯區,0,1,0,6,3,5,50,4,1,1,4,4,5,7,3,1,10,5,5,2,15,6,3,10,1,1,B03,7,9,1,8,2,5,"  ",6,6,1,22,8,B03,120.693976,24.171878,2,66000,387130000C,(04)23289100,(04)25368667
9803,2023,03,26,5,38,臺中市,潭子區,0,2,0,6,2,5,50,14,7,1,4,4,5,7,4,4,5,4,4,2,10,4,2,9,2,1,F01,7,9,8,20,2,16,"  ",4,4,1,22,8,F01,120.692205,24.220923,2,66000,387130000C,(04)23289100,(04)25368667
9804,2023,03,26,5,59,臺中市,西屯區,0,0,0,8,,,50,,,,,,,,,,,,,,,42,"  ","  ","  ","  ",B03,"  ","  ",1,"  ",2,"  ","  ",42,"   ",1,22,"  ",B03,120.62831,24.191351,3,66000,387130000C,(04)23289100,(04)25368667
9805,2023,03,26,6,55,臺中市,烏日區,0,1,0,6,1,5,50,14,9,1,4,4,5,7,4,4,5,5,5,2,16,19,3,10,1,1,B03,7,1,1,8,2,8,"  ",19,19,1,21,8,B03,120.639808,24.103998,2,66000,387130000C,(04)23289100,(04)25368667
9806,2023,03,26,7,11,臺中市,北屯區,0,1,0,6,1,5,50,3,1,1,4,4,5,7,1,1,1,5,5,2,16,26,3,10,1,1,B12,7,11,1,8,2,8,"  ",26,26,1,5,8,B12,120.72442,24.181214,2,66000,387130000C,(04)23289100,(04)25368667
9807,2023,03,26,7,33,臺中市,西屯區,0,0,0,6,,,50,,,,,,,,,,,,,,,23,"  ","  ","  ","  ",B03,"  ","  ",1,"  ",1,"  ","  ",23,23,1,22,"  ",B03,120.650675,24.16672,3,66000,387130000C,(04)23289100,(04)25368667
9808,2023,03,26,7,35,臺中市,烏日區,0,1,0,6,1,5,30,3,9,1,4,4,5,7,4,4,10,5,5,2,29,43,2,9,3,4,C03,7,21,3,18,2,15,"  ",43,43,1,21,9,C03,120.588354,24.11806,2,66000,387130000C,(04)23289100,(04)25368667
9809,2023,03,26,7,36,臺中市,西屯區,0,1,0,6,1,5,50,14,8,1,4,4,5,7,4,4,5,5,4,2,17,7,3,10,1,1,B03,7,7,1,8,1,15,"  ",7,7,1,4,8,B03,120.633829,24.162345,2,66000,387130000C,(04)23289100,(04)25368667
9810,2023,03,26,7,40,臺中市,大里區,0,1,0,6,1,5,50,11,7,1,4,4,5,7,4,4,5,5,4,2,16,40,3,10,3,1,B03,7,14,1,8,2,4,"  ",40,40,1,22,7,B03,120.677208,24.09827,2,66000,387130000C,(04)23289100,(04)25368667
9811,2023,03,26,7,46,臺中市,龍井區,0,1,0,8,1,5,40,11,8,1,4,4,5,7,4,4,4,5,5,1,18,23,2,9,3,4,C03,7,5,1,10,2,12,"  ",23,23,1,9,1,C03,120.556311,24.187703,2,66000,387130000C,(04)23289100,(04)25368667
9812,2023,03,26,7,50,臺中市,東區,0,0,0,,,,50,,,,,,,,,,,,,,,23,"  ","  ","  ","  ",B02,"  ","  ",1,"  ",2,"  ","  ",23,"   ",1,5,"  ",B02,120.689069,24.134083,3,66000,387130000C,(04)23289100,(04)25368667
9813,2023,03,26,7,55,臺中市,豐原區,0,1,0,6,1,5,50,4,1,1,4,4,5,7,1,1,5,5,5,2,16,6,3,10,3,4,B03,7,6,1,8,2,2,"  ",6,6,1,21,8,B03,120.733633,24.25563,2,66000,387130000C,(04)23289100,(04)25368667
9814,2023,03,26,7,56,臺中市,大甲區,0,0,0,6,,,50,,,,,,,,,,,,,,,10,"  ","  ","  ","  ",B03,"  ","  ",1,"  ",1,"  ","  ",10,"   ",1,22,"  ",B03,120.653253,24.377811,3,66000,387130000C,(04)23289100,(04)25368667
9815,2023,03,26,8,2,臺中市,西區,0,1,0,6,1,5,50,4,1,1,4,4,5,7,4,4,10,5,5,2,15,6,3,10,1,1,C04,7,9,1,10,2,12,"  ",6,6,1,22,9,C04,120.658859,24.152542,2,66000,387130000C,(04)23289100,(04)25368667
9816,2023,03,26,8,2,臺中市,霧峰區,0,1,0,6,1,5,30,14,9,1,4,4,5,7,4,4,9,5,5,1,18,44,2,9,1,1,C03,7,9,1,10,2,12,"  ",44,44,1,7,8,C03,120.694751,24.068322,2,66000,387130000C,(04)23289100,(04)25368667
9817,2023,03,26,8,15,臺中市,大雅區,0,1,0,6,1,5,70,14,9,1,4,4,5,7,1,1,3,4,4,1,12,23,3,10,1,1,B02,7,9,1,8,2,1,"  ",23,23,1,22,9,B02,120.627749,24.242402,2,66000,387130000C,(04)23289100,(04)25368667
9818,2023,03,26,8,21,臺中市,北屯區,0,1,0,6,1,5,50,4,2,1,4,4,5,7,1,1,5,4,5,2,16,26,3,10,1,1,B03,7,11,1,8,2,4,"  ",26,26,1,21,8,B03,120.719281,24.176865,2,66000,387130000C,(04)23289100,(04)25368667
9819,2023,03,26,8,25,臺中市,西屯區,0,0,0,6,,,50,,,,,,,,,,,,,,,23,"  ","  ","  ","  ",B03,"  ","  ",1,"  ",1,"  ","  ",23,"   ",1,22,"  ",B03,120.650995,24.166479,3,66000,387130000C,(04)23289100,(04)25368667
9820,2023,03,26,8,30,臺中市,大雅區,0,1,0,6,1,5,30,11,9,1,4,4,5,7,4,4,10,5,5,1,19,23,2,9,1,1,B03,7,15,1,8,2,5,"  ",23,23,1,22,8,B03,120.66303,24.208878,2,66000,387130000C,(04)23289100,(04)25368667
9821,2023,03,26,8,40,臺中市,龍井區,0,0,0,6,,,40,,,,,,,,,,,,,,,42,"  ","  ","  ","  ",B12,"  ","  ",1,"  ",2,"  ","  ",42,"   ",1,9,"  ",B12,120.498665,24.212323,3,66000,387130000C,(04)23289100,(04)25368667
9822,2023,03,26,8,46,臺中市,北屯區,0,0,0,6,,,50,,,,,,,,,,,,,,,16,"  ","  ","  ","  ",B03,"  ","  ",1,"  ",2,"  ","  ",16,"   ",1,22,"  ",B03,120.702541,24.165399,3,66000,387130000C,(04)23289100,(04)25368667
9823,2023,03,26,8,47,臺中市,西區,0,2,0,6,1,5,50,4,2,1,4,4,5,7,1,1,5,5,5,2,12,1,2,9,3,4,C03,7,9,1,10,2,12,"  ",3,1,1,21,8,C03,120.66172,24.139212,2,66000,387130000C,(04)23289100,(04)25368667
9824,2023,03,26,8,49,臺中市,南屯區,0,1,0,7,1,5,50,14,9,1,4,4,5,7,4,4,9,5,5,2,16,8,3,10,3,4,B03,7,5,1,8,2,4,"  ",8,8,1,4,9,B03,120.649081,24.155588,2,66000,387130000C,(04)23289100,(04)25368667
9825,2023,03,26,8,53,臺中市,潭子區,0,0,0,8,,,30,,,,,,,,,,,,,,,23,"  ","  ","  ","  ",B03,"  ","  ",1,"  ",2,"  ","  ",23,"   ",1,22,"  ",B03,120.707778,24.210518,3,66000,387130000C,(04)23289100,(04)25368667
9826,2023,03,26,8,53,臺中市,東區,0,0,0,6,,,50,,,,,,,,,,,,,,,23,"  ","  ","  ","  ",B12,"  ","  ",1,"  ",2,"  ","  ",23,"   ",1,22,"  ",B12,120.699733,24.136235,3,66000,387130000C,(04)23289100,(04)25368667
9827,2023,03,26,8,55,臺中市,大里區,0,0,0,6,1,5,50,3,2,1,4,4,5,7,1,1,5,5,4,1,13,23,"  ","  ","  ","  ",B03,"  ","  ",1,"  ",2,"  ","  ",23,"   ",1,2,"  ",B03,120.729773,24.091564,3,66000,387130000C,(04)23289100,(04)25368667
9828,2023,03,26,8,58,臺中市,太平區,0,0,0,6,,,50,,,,,,,,,,,,,,,23,"  ","  ","  ","  ",B03,"  ","  ",1,"  ",2,"  ","  ",23,"   ",1,21,"  ",B03,120.713304,24.124617,3,66000,387130000C,(04)23289100,(04)25368667
9829,2023,03,26,9,4,臺中市,大雅區,0,1,0,6,1,5,50,14,9,1,4,4,5,7,4,4,5,5,5,1,12,23,2,9,1,1,C03,7,9,1,10,2,15,"  ",23,23,1,22,9,C03,120.644206,24.220885,2,66000,387130000C,(04)23289100,(04)25368667
9830,2023,03,26,9,6,臺中市,西屯區,0,0,0,,,,50,,,,,,,,,,,,,,,23,"  ","  ","  ","  ",B03,"  ","  ",1,"  ",1,"  ","  ",23,"   ",1,21,"  ",B03,120.64455,24.195125,3,66000,387130000C,(04)23289100,(04)25368667
9831,2023,03,26,9,12,臺中市,大里區,0,0,0,6,,,30,,,,,,,,,,,,,,,42,"  ","  ","  ","  ",B03,"  ","  ",1,"  ",2,"  ","  ",42,"   ",1,22,"  ",B03,120.686416,24.120095,3,66000,387130000C,(04)23289100,(04)25368667
9832,2023,03,26,9,13,臺中市,南屯區,0,0,0,6,,,50,,,,,,,,,,,,,,,17,"  ","  ","  ","  ",B03,"  ","  ",1,"  ",1,"  ","  ",17,"   ",1,22,"  ",B03,120.637605,24.146436,3,66000,387130000C,(04)23289100,(04)25368667