序號,年,月,日,時,分,縣市,區,死亡數量,受傷數量,2-30,天候,光線,道路類別,速限_速度(公里),道路型態,事故位置,路面鋪裝,路面狀態,路面缺陷,障礙物,視距,號誌種類,號誌動作,分向設施,快車道或一般車道間,快慢車道間,路面邊線,事故類型及型態,主要肇因,受傷程度,主要傷處,保護裝備,行動電話,當事者區分,車輛用途,當事者行動狀態,駕駛資格情形,駕駛執照種類,飲酒情形,車輛撞擊部位最初,車輛撞擊部位其他,肇事因素個別,肇事因素主要,肇事逃逸,職業,旅次目的,車種,GPS座標X,GPS座標Y,事故類別,縣市別代碼,機關代碼,市話,傳真
9833,2023,03,26,9,15,臺中市,豐原區,0,0,0,8,,,50,,,,,,,,,,,,,,,12,"  ","  ","  ","  ",B03,"  ","  ",1,"  ",2,"  ","  ",12,"   ",1,22,"  ",B03,120.72483,24.246594,3,66000,387130000C,(04)23289100,(04)25368667
9834,2023,03,26,9,16,臺中市,太平區,0,1,0,6,1,5,50,5,1,1,4,4,5,7,1,1,10,5,5,2,18,42,2,9,1,1,C03,7,9,1,10,2,12,"  ",42,42,1,21,8,C03,120.72403,24.137124,2,66000,387130000C,(04)23289100,(04)25368667
9835,2023,03,26,9,22,臺中市,西屯區,0,1,0,7,1,5,50,4,1,1,5,4,5,7,3,1,10,5,5,2,15,6,2,9,1,4,C03,7,9,1,10,2,11,"  ",6,6,1,22,8,C03,120.650171,24.19455,2,66000,387130000C,(04)23289100,(04)25368667
9836,2023,03,26,9,25,臺中市,東勢區,0,0,0,6,,,50,,,,,,,,,,,,,,,12,"  ","  ","  ","  ",B03,"  ","  ",1,"  ",1,"  ","  ",12,"   ",1,22,"  ",B03,120.830479,24.253961,3,66000,387130000C,(04)23289100,(04)25368667
9837,2023,03,26,9,35,臺中市,西區,0,1,0,7,1,5,50,3,1,1,4,4,5,7,1,1,10,5,5,2,17,6,3,10,3,4,B03,7,6,1,8,3,15,"  ",6,6,1,21,8,B03,120.674368,24.137228,2,66000,387130000C,(04)23289100,(04)25368667
9838,2023,03,26,9,35,臺中市,北屯區,0,0,0,8,,,30,,,,,,,,,,,,,,,12,"  ","  ","  ","  ",B12,"  ","  ",1,"  ",1,"  ","  ",12,"   ",1,21,"  ",B12,120.694589,24.16163,3,66000,387130000C,(04)23289100,(04)25368667
9839,2023,03,26,9,35,臺中市,太平區,0,1,0,6,1,5,30,3,1,1,4,4,5,7,4,4,5,5,5,1,16,6,3,10,1,1,C03,7,9,1,10,2,12,"  ",6,6,1,18,8,C03,120.734305,24.147819,2,66000,387130000C,(04)23289100,(04)25368667
9840,2023,03,26,9,41,臺中市,大雅區,0,0,0,8,,,50,,,,,,,,,,,,,,,23,"  ","  ","  ","  ",B03,"  ","  ",1,"  ",2,"  ","  ",23,"   ",1,22,"  ",B03,120.63923,24.218591,3,66000,387130000C,(04)23289100,(04)25368667
9841,2023,03,26,9,45,臺中市,大里區,0,2,0,6,1,5,50,14,9,1,4,4,5,7,4,4,5,5,5,1,13,23,2,8,1,1,C03,7,9,1,10,2,11,"  ",23,23,1,22,8,C03,120.678778,24.113309,2,66000,387130000C,(04)23289100,(04)25368667
9842,2023,03,26,9,50,臺中市,龍井區,0,0,0,,,,,,,,,,,,,,,,,,,44,"  ","  ","  ","  ",B03,"  ","  ",8,"  ",10,"  ","  ",44,"   ",1,5,"  ",B03,120.580714,24.176599,3,66000,387130000C,(04)23289100,(04)25368667
9843,2023,03,26,9,53,臺中市,北屯區,0,2,0,8,1,5,40,4,2,1,5,4,5,7,1,1,10,5,5,2,13,23,2,9,1,1,C03,7,9,3,18,8,11,14,23,23,1,22,8,C03,120.70272,24.165098,2,66000,387130000C,(04)23289100,(04)25368667
9844,2023,03,26,9,54,臺中市,后里區,0,0,0,6,,,50,,,,,,,,,,,,,,,18,3,10,1,1,B12,7,3,1,8,1,6,6,18,18,1,22,9,B12,120.691939,24.313973,3,66000,387130000C,(04)23289100,(04)25368667
9845,2023,03,26,9,56,臺中市,北區,0,2,0,8,1,5,50,4,1,1,5,4,5,7,4,4,10,5,5,2,15,6,3,10,1,1,B03,7,9,1,8,2,5,"  ",6,6,1,5,8,B03,120.680467,24.154684,2,66000,387130000C,(04)23289100,(04)25368667
9846,2023,03,26,9,57,臺中市,大甲區,0,1,0,7,1,5,50,14,9,1,5,4,5,7,4,4,5,5,5,2,13,23,2,8,1,1,C03,7,9,1,10,2,11,"  ",23,23,1,22,8,C03,120.624239,24.345931,2,66000,387130000C,(04)23289100,(04)25368667
9847,2023,03,26,9,58,臺中市,大雅區,0,0,0,8,,,30,,,,,,,,,,,,,,,23,"  ","  ","  ","  ",B03,"  ","  ",1,"  ",2,"  ","  ",23,"   ",1,22,"  ",B03,120.663862,24.218628,3,66000,387130000C,(04)23289100,(04)25368667
9848,2023,03,26,10,7,臺中市,西屯區,0,0,0,8,,,30,,,,,,,,,,,,,,,23,"  ","  ","  ","  ",B03,"  ","  ",1,"  ",1,"  ","  ",23,"   ",1,4,"  ",B03,120.643628,24.180217,3,66000,387130000C,(04)23289100,(04)25368667
9849,2023,03,26,10,8,臺中市,西屯區,0,0,0,8,,,50,,,,,,,,,,,,,,,17,"  ","  ","  ","  ",B03,"  ","  ",1,"  ",9,"  ","  ",17,17,1,22,"  ",B03,120.648006,24.196213,3,66000,387130000C,(04)23289100,(04)25368667
9850,2023,03,26,10,8,臺中市,后里區,0,0,0,8,1,6,50,12,9,1,5,4,5,2,4,4,10,5,5,1,14,12,"  ","  ","  ","  ",B03,"  ","  ",6,"  ",2,"  ","  ",12,"   ",1,21,"  ",B03,120.73962,24.305999,3,66000,387130000C,(04)23289100,(04)25368667
9851,2023,03,26,10,20,臺中市,北區,0,1,0,7,1,5,50,14,9,1,4,4,5,7,4,4,1,4,5,2,16,7,3,10,1,1,A02,7,8,1,1,2,2,"  ",7,7,1,22,8,A02,120.684368,24.153997,2,66000,387130000C,(04)23289100,(04)25368667
9852,2023,03,26,10,23,臺中市,霧峰區,0,0,0,8,,,30,,,,,,,,,,,,,,,12,"  ","  ","  ","  ",B12,"  ","  ",1,"  ",2,"  ","  ",12,"   ",1,22,"  ",B12,120.692775,24.033771,3,66000,387130000C,(04)23289100,(04)25368667
9853,2023,03,26,10,40,臺中市,北屯區,0,0,0,,,,50,,,,,,,,,,,,,,,16,"  ","  ","  ","  ",B03,"  ","  ",1,"  ",1,"  ","  ",16,"   ",1,22,"  ",B03,120.704824,24.181293,3,66000,387130000C,(04)23289100,(04)25368667
9854,2023,03,26,10,41,臺中市,霧峰區,0,0,0,8,,,30,,,,,,,,,,,,,,,23,"  ","  ","  ","  ",B03,"  ","  ",1,"  ",2,"  ","  ",23,"   ",1,22,"  ",B03,120.699955,24.066788,3,66000,387130000C,(04)23289100,(04)25368667
9855,2023,03,26,10,43,臺中市,北區,0,2,0,7,1,5,50,3,1,1,5,4,5,7,4,4,10,5,5,2,16,6,2,6,1,1,B03,7,5,1,8,2,7,"  ",6,6,1,5,8,B03,120.668876,24.170006,2,66000,387130000C,(04)23289100,(04)25368667
9856,2023,03,26,10,48,臺中市,清水區,0,2,0,7,1,5,60,4,1,2,5,4,5,7,1,1,8,3,3,1,16,25,3,10,1,1,B03,7,5,1,8,2,2,"  ",25,25,1,21,8,B03,120.549115,24.281433,2,66000,387130000C,(04)23289100,(04)25368667
9857,2023,03,26,10,56,臺中市,西區,0,1,0,7,1,5,50,14,9,1,5,4,5,7,4,4,10,5,5,2,12,6,2,8,1,1,C03,7,5,1,10,2,15,"  ",6,6,1,22,9,C03,120.660074,24.147088,2,66000,387130000C,(04)23289100,(04)25368667
9858,2023,03,26,11,0,臺中市,東區,0,0,0,8,,,50,,,,,,,,,,,,,,,67,"  ","  ","  ","  ","   ","  ","  ","  ","  ","  ","  ","  ",67,"   ",1,"  ","  ","   ",120.686521,24.143266,3,66000,387130000C,(04)23289100,(04)25368667
9859,2023,03,26,11,5,臺中市,霧峰區,0,0,0,7,1,5,40,14,9,1,5,4,5,7,4,4,10,5,5,1,26,18,"  ","  ","  ","  ",B03,"  ","  ",1,"  ",2,"  ","  ",18,"   ",1,11,"  ",B03,120.654075,24.072013,3,66000,387130000C,(04)23289100,(04)25368667
9860,2023,03,26,11,15,臺中市,大肚區,0,0,0,,,,30,,,,,,,,,,,,,,,44,"  ","  ","  ","  ",B03,"  ","  ",1,"  ",2,"  ","  ",44,"   ",1,21,"  ",B03,120.572058,24.122472,3,66000,387130000C,(04)23289100,(04)25368667
9861,2023,03,26,11,16,臺中市,霧峰區,0,0,0,8,,,60,,,,,,,,,,,,,,,23,"  ","  ","  ","  ",B03,"  ","  ",1,"  ",2,"  ","  ",23,"   ",1,22,"  ",B03,120.695921,24.064992,3,66000,387130000C,(04)23289100,(04)25368667
9862,2023,03,26,11,20,臺中市,大里區,0,0,0,8,,,40,,,,,,,,,,,,,,,23,"  ","  ","  ","  ",B03,"  ","  ",1,"  ",2,"  ","  ",23,"   ",1,5,"  ",B03,120.691914,24.101437,3,66000,387130000C,(04)23289100,(04)25368667
9863,2023,03,26,11,22,臺中市,北屯區,0,0,0,8,,,50,,,,,,,,,,,,,,,10,"  ","  ","  ","  ",B02,"  ","  ",1,"  ",1,"  ","  ",10,"   ",1,21,"  ",B02,120.691153,24.175289,3,66000,387130000C,(04)23289100,(04)25368667
9864,2023,03,26,11,22,臺中市,西屯區,0,0,0,8,,,50,,,,,,,,,,,,,,,6,"  ","  ","  ","  ",B03,"  ","  ",1,"  ",1,"  ","  ",6,"   ",1,22,"  ",B03,120.626034,24.18455,3,66000,387130000C,(04)23289100,(04)25368667
9865,2023,03,26,11,25,臺中市,大安區,0,0,0,,,,30,,,,,,,,,,,,,,,12,"  ","  ","  ","  ",B03,"  ","  ",1,"  ",2,"  ","  ",12,"   ",1,22,"  ",B03,120.589955,24.392015,3,66000,387130000C,(04)23289100,(04)25368667
9866,2023,03,26,11,26,臺中市,和平區,0,0,0,6,1,5,50,14,9,1,5,4,5,7,4,4,4,5,5,1,14,12,"  ","  ","  ","  ",B12,"  ","  ",6,"  ",5,"  ","  ",12,12,1,22,"  ",B12,120.883176,24.174727,3,66000,387130000C,(04)23289100,(04)25368667
9867,2023,03,26,11,30,臺中市,沙鹿區,0,0,0,8,1,5,50,4,2,1,5,4,5,7,1,1,8,3,4,1,17,6,2,9,3,4,C03,7,5,1,10,2,11,"  ",6,6,1,22,8,C03,120.571838,24.238541,3,66000,387130000C,(04)23289100,(04)25368667
9868,2023,03,26,11,32,臺中市,大里區,0,1,0,7,1,5,50,5,1,1,5,4,5,7,1,1,10,5,5,2,16,6,3,10,1,1,B12,7,6,1,8,2,5,"  ",6,6,1,4,8,B12,120.686576,24.09545,2,66000,387130000C,(04)23289100,(04)25368667
9869,2023,03,26,11,35,臺中市,南區,0,0,0,8,,,40,,,,,,,,,,,,,,,16,"  ","  ","  ","  ",C03,"  ","  ",1,10,2,"  ","  ",16,16,1,21,"  ",C03,120.655457,24.115199,3,66000,387130000C,(04)23289100,(04)25368667
9870,2023,03,26,11,35,臺中市,南屯區,0,1,0,8,1,5,50,14,7,1,5,4,5,7,4,4,5,5,4,2,17,26,3,10,1,1,B03,7,1,1,8,2,5,"  ",26,26,1,5,8,B03,120.648911,24.133478,2,66000,387130000C,(04)23289100,(04)25368667
9871,2023,03,26,11,43,臺中市,大雅區,0,1,0,8,1,5,30,11,9,1,5,4,5,7,4,4,10,5,5,1,19,23,2,9,1,1,C03,7,9,1,10,2,12,"  ",23,23,1,22,9,C03,120.639434,24.221071,2,66000,387130000C,(04)23289100,(04)25368667
9872,2023,03,26,11,46,臺中市,東區,0,2,0,8,1,5,40,4,1,1,5,4,5,7,1,1,10,5,5,2,16,25,2,8,1,1,F02,7,5,8,20,2,16,"  ",25,25,1,5,8,F02,120.699913,24.142778,2,66000,387130000C,(04)23289100,(04)25368667
9873,2023,03,26,11,49,臺中市,烏日區,0,0,0,7,1,5,50,3,1,1,5,4,5,7,2,1,1,2,5,1,12,17,3,10,3,4,B03,7,5,1,8,2,5,"  ",17,17,1,21,9,B03,120.616844,24.116186,3,66000,387130000C,(04)23289100,(04)25368667
9874,2023,03,26,11,50,臺中市,霧峰區,0,1,0,7,1,5,50,14,9,1,5,4,5,7,4,4,5,5,5,1,16,19,2,9,1,1,C03,7,1,1,10,2,12,"  ",19,19,1,20,8,C03,120.708737,24.076668,2,66000,387130000C,(04)23289100,(04)25368667
9875,2023,03,26,12,0,臺中市,后里區,0,0,0,8,,,50,,,,,,,,,,,,,,,12,"  ","  ","  ","  ",B03,"  ","  ",3,"  ",9,"  ","  ",12,"   ",2,22,"  ",B03,120.713159,24.30789,3,66000,387130000C,(04)23289100,(04)25368667
9876,2023,03,26,12,1,臺中市,潭子區,0,0,0,8,,,60,,,,,,,,,,,,,,,23,"  ","  ","  ","  ",B03,"  ","  ",1,"  ",2,"  ","  ",23,"   ",1,21,"  ",B03,120.705004,24.207933,3,66000,387130000C,(04)23289100,(04)25368667
9877,2023,03,26,12,5,臺中市,大雅區,0,1,0,8,1,5,30,3,1,1,5,4,5,7,3,1,5,4,4,1,16,6,3,10,1,1,C03,7,5,1,10,2,11,"  ",6,6,1,22,9,C03,120.650771,24.218266,2,66000,387130000C,(04)23289100,(04)25368667
9878,2023,03,26,12,9,臺中市,大甲區,0,2,0,8,1,5,50,14,9,1,5,4,5,7,4,4,5,5,5,1,17,40,3,10,1,1,B03,7,13,1,8,2,4,"  ",40,40,1,22,9,B03,120.624952,24.352611,2,66000,387130000C,(04)23289100,(04)25368667
9879,2023,03,26,12,10,臺中市,大雅區,0,0,0,8,,,50,,,,,,,,,,,,,,,12,"  ","  ","  ","  ",B03,"  ","  ",1,"  ",2,"  ","  ",12,"   ",1,22,"  ",B03,120.653504,24.222749,4,66000,387130000C,(04)23289100,(04)25368667
9880,2023,03,26,12,10,臺中市,西屯區,0,2,0,8,3,5,35,11,9,1,5,4,5,7,4,4,10,5,5,2,18,42,2,9,3,4,C03,7,6,1,10,2,14,"  ",42,42,1,22,8,C03,120.628581,24.17567,2,66000,387130000C,(04)23289100,(04)25368667
9881,2023,03,26,12,10,臺中市,霧峰區,0,0,0,8,,,60,,,,,,,,,,,,,,,23,"  ","  ","  ","  ",B03,"  ","  ",1,"  ",2,"  ","  ",23,"   ",1,22,"  ",B03,120.695975,24.065251,3,66000,387130000C,(04)23289100,(04)25368667
9882,2023,03,26,12,19,臺中市,豐原區,0,0,0,8,,,50,,,,,,,,,,,,,,,17,"  ","  ","  ","  ",B03,"  ","  ",1,"  ",2,"  ","  ",17,"   ",1,19,"  ",B03,120.725053,24.246545,3,66000,387130000C,(04)23289100,(04)25368667
9883,2023,03,26,12,25,臺中市,西屯區,0,2,0,7,1,5,35,4,1,1,5,4,5,7,4,4,10,5,5,2,16,6,2,7,1,1,C03,7,5,1,10,2,12,"  ",6,6,1,18,8,C03,120.62919,24.17259,2,66000,387130000C,(04)23289100,(04)25368667
9884,2023,03,26,12,30,臺中市,大里區,0,3,0,8,1,5,50,14,7,1,5,4,5,7,4,4,5,2,5,1,12,26,2,1,1,1,B03,7,9,1,6,2,4,"  ",44,26,1,5,8,B03,120.678851,24.115117,2,66000,387130000C,(04)23289100,(04)25368667
9885,2023,03,26,12,32,臺中市,大里區,0,1,0,7,1,5,50,5,1,1,5,4,5,7,1,1,10,5,5,2,16,6,3,10,1,1,B12,7,6,1,8,2,2,"  ",6,6,1,22,8,B12,120.689888,24.1129,2,66000,387130000C,(04)23289100,(04)25368667
9886,2023,03,26,12,37,臺中市,南屯區,0,1,0,7,1,5,50,14,8,1,5,4,5,7,4,4,5,4,4,2,16,26,3,10,3,4,C03,7,5,1,10,3,11,"  ",26,26,1,4,9,C03,120.612492,24.138223,2,66000,387130000C,(04)23289100,(04)25368667
9887,2023,03,26,12,39,臺中市,東區,0,1,0,7,1,5,50,4,1,1,5,4,5,7,4,4,10,5,5,2,17,8,3,10,1,1,A12,7,5,1,3,2,1,"  ",8,8,1,21,8,A12,120.706135,24.140958,2,66000,387130000C,(04)23289100,(04)25368667
9888,2023,03,26,12,48,臺中市,南屯區,0,0,0,8,,,50,,,,,,,,,,,,,,,23,"  ","  ","  ","  ",B03,"  ","  ",1,"  ",2,"  ","  ",23,"   ",1,22,"  ",B03,120.647044,24.143771,3,66000,387130000C,(04)23289100,(04)25368667
9889,2023,03,26,12,50,臺中市,南屯區,0,2,0,8,1,5,50,14,9,1,5,4,5,7,4,4,5,4,5,2,17,17,2,9,1,1,B03,7,9,1,8,2,5,"  ",17,17,1,22,8,B03,120.636718,24.146661,2,66000,387130000C,(04)23289100,(04)25368667
9890,2023,03,26,12,52,臺中市,南屯區,0,1,0,8,1,5,50,3,1,1,5,4,5,7,4,4,10,5,5,2,16,8,3,10,1,1,B03,7,5,1,8,2,8,1,8,8,1,5,8,B03,120.635696,24.154515,2,66000,387130000C,(04)23289100,(04)25368667
9891,2023,03,26,12,58,臺中市,龍井區,0,2,0,8,1,5,30,4,1,1,5,4,5,7,4,4,10,5,5,2,15,6,3,10,1,1,B03,7,9,1,8,2,5,"  ",14,26,1,22,9,B03,120.597172,24.189148,2,66000,387130000C,(04)23289100,(04)25368667
9892,2023,03,26,12,59,臺中市,南屯區,0,2,0,8,3,5,40,3,1,1,5,4,5,7,4,4,3,4,4,2,17,23,2,9,1,1,C03,7,9,1,10,2,14,"  ",23,23,1,22,8,C03,120.63625,24.151284,2,66000,387130000C,(04)23289100,(04)25368667
9893,2023,03,26,13,0,臺中市,霧峰區,0,0,0,8,,,50,,,,,,,,,,,,,,,12,"  ","  ","  ","  ",B03,"  ","  ",1,"  ",2,"  ","  ",12,"   ",1,22,"  ",B03,120.695761,24.064153,3,66000,387130000C,(04)23289100,(04)25368667
9894,2023,03,26,13,10,臺中市,大里區,0,0,0,8,,,30,,,,,,,,,,,,,,,23,"  ","  ","  ","  ",C03,"  ","  ",1,"  ",2,"  ","  ",23,"   ",1,21,"  ",C03,120.679826,24.11052,3,66000,387130000C,(04)23289100,(04)25368667
9895,2023,03,26,13,17,臺中市,北區,0,1,0,8,1,5,50,4,1,1,5,4,5,7,1,1,10,5,5,2,16,7,2,8,1,1,C03,7,8,1,10,2,12,"  ",7,7,1,22,8,C03,120.676548,24.16324,2,66000,387130000C,(04)23289100,(04)25368667
9896,2023,03,26,13,18,臺中市,大里區,0,0,0,7,1,5,40,4,2,1,4,4,5,7,1,1,2,2,5,1,13,23,"  ","  ","  ","  ",B03,"  ","  ",1,"  ",2,"  ","  ",23,"   ",1,3,"  ",B03,120.70118,24.100283,3,66000,387130000C,(04)23289100,(04)25368667
9897,2023,03,26,13,19,臺中市,豐原區,0,0,0,8,,,50,,,,,,,,,,,,,,,12,"  ","  ","  ","  ",B03,"  ","  ",1,"  ",2,"  ","  ",12,"   ",1,21,"  ",B03,120.742711,24.25057,3,66000,387130000C,(04)23289100,(04)25368667
9898,2023,03,26,13,20,臺中市,大雅區,0,0,0,8,,,50,,,,,,,,,,,,,,,12,"  ","  ","  ","  ",B03,"  ","  ",1,"  ",2,"  ","  ",12,"   ",1,22,"  ",B03,120.665776,24.235035,4,66000,387130000C,(04)23289100,(04)25368667
9899,2023,03,26,13,20,臺中市,北屯區,0,0,0,8,,,40,,,,,,,,,,,,,,,23,"  ","  ","  ","  ",B03,"  ","  ",1,"  ",2,"  ","  ",23,"   ",1,4,"  ",B03,120.72027,24.164496,3,66000,387130000C,(04)23289100,(04)25368667
9900,2023,03,26,13,20,臺中市,梧棲區,0,1,0,8,1,5,90,14,9,1,5,4,5,7,4,4,1,4,5,1,13,16,2,9,1,1,B12,7,9,1,8,2,1,"  ",16,16,1,5,1,B12,120.531288,24.23707,2,66000,387130000C,(04)23289100,(04)25368667
9901,2023,03,26,13,22,臺中市,豐原區,0,3,0,8,1,5,50,14,9,1,5,4,5,7,4,4,1,4,5,2,17,16,2,9,1,1,C03,7,9,3,18,2,11,"  ",16,16,1,21,8,C03,120.708641,24.250512,2,66000,387130000C,(04)23289100,(04)25368667
9902,2023,03,26,13,25,臺中市,西區,0,0,0,8,,,50,,,,,,,,,,,,,,,12,"  ","  ","  ","  ",B03,"  ","  ",1,"  ",2,"  ","  ",12,"   ",1,5,"  ",B03,120.669766,24.131241,3,66000,387130000C,(04)23289100,(04)25368667
9903,2023,03,26,13,27,臺中市,西屯區,0,1,0,7,1,5,50,4,1,1,5,4,5,7,1,1,10,5,5,2,12,9,3,10,1,4,B03,7,6,1,8,1,2,"  ",9,9,1,22,8,B03,120.644207,24.161231,2,66000,387130000C,(04)23289100,(04)25368667
9904,2023,03,26,13,28,臺中市,潭子區,0,0,0,8,,,60,,,,,,,,,,,,,,,23,"  ","  ","  ","  ",B03,"  ","  ",1,"  ",2,"  ","  ",23,"   ",1,21,"  ",B03,120.708649,24.231206,3,66000,387130000C,(04)23289100,(04)25368667
9905,2023,03,26,13,28,臺中市,北區,0,1,0,7,1,5,50,4,1,1,5,4,5,7,4,4,10,5,5,2,15,6,2,8,1,1,C03,7,9,1,10,2,11,"  ",6,6,1,5,8,C03,120.679286,24.15283,2,66000,387130000C,(04)23289100,(04)25368667
9906,2023,03,26,13,29,臺中市,北區,0,3,0,8,1,5,50,3,1,1,5,4,5,7,1,1,10,5,5,2,16,6,2,9,1,1,C03,7,5,1,10,2,14,"  ",6,6,1,5,8,C03,120.670493,24.158453,2,66000,387130000C,(04)23289100,(04)25368667
9907,2023,03,26,13,40,臺中市,大里區,0,0,0,8,,,30,,,,,,,,,,,,,,,17,"  ","  ","  ","  ",B03,"  ","  ",1,"  ",2,"  ","  ",17,"   ",1,10,"  ",B03,120.698871,24.123521,3,66000,387130000C,(04)23289100,(04)25368667
9908,2023,03,26,13,40,臺中市,烏日區,0,0,0,8,,,70,,,,,,,,,,,,,,,23,"  ","  ","  ","  ",B03,"  ","  ",1,"  ",2,"  ","  ",23,"   ",1,20,"  ",B03,120.589364,24.113404,3,66000,387130000C,(04)23289100,(04)25368667
9909,2023,03,26,13,47,臺中市,石岡區,0,0,0,8,1,5,50,3,9,1,5,4,5,7,2,1,5,5,5,1,12,1,"  ","  ","  ","  ",B03,"  ","  ",1,"  ",2,"  ","  ",1,"   ",1,22,"  ",B03,120.767706,24.278479,3,66000,387130000C,(04)23289100,(04)25368667
9910,2023,03,26,13,48,臺中市,北區,0,1,0,8,1,5,50,14,9,1,5,4,5,7,4,4,5,5,5,2,13,23,2,7,1,1,C03,7,9,1,10,2,11,"  ",23,23,1,22,8,C03,120.686437,24.163584,2,66000,387130000C,(04)23289100,(04)25368667
9911,2023,03,26,13,52,臺中市,北屯區,0,1,0,8,1,5,30,13,9,1,5,4,5,6,4,4,10,5,5,2,16,19,3,10,1,1,B03,7,1,1,8,2,8,"  ",19,19,1,22,8,B03,120.701471,24.156429,2,66000,387130000C,(04)23289100,(04)25368667
9912,2023,03,26,13,52,臺中市,豐原區,0,0,0,8,,,60,,,,,,,,,,,,,,,40,"  ","  ","  ","  ",B03,"  ","  ",1,"  ",2,"  ","  ",40,"   ",1,10,"  ",B03,120.72246,24.236444,3,66000,387130000C,(04)23289100,(04)25368667
9913,2023,03,26,13,55,臺中市,北屯區,0,0,0,8,,,50,,,,,,,,,,,,,,,19,"  ","  ","  ","  ",B03,"  ","  ",1,"  ",2,"  ","  ",19,"   ",1,21,"  ",B03,120.686555,24.195036,3,66000,387130000C,(04)23289100,(04)25368667
9914,2023,03,26,14,3,臺中市,大雅區,0,0,0,8,,,30,,,,,,,,,,,,,,,23,"  ","  ","  ","  ",B03,"  ","  ",1,"  ",2,"  ","  ",23,"   ",1,22,"  ",B03,120.655469,24.211898,3,66000,387130000C,(04)23289100,(04)25368667
9915,2023,03,26,14,3,臺中市,豐原區,0,0,0,8,,,60,,,,,,,,,,,,,,,12,"  ","  ","  ","  ",B03,"  ","  ",1,"  ",2,"  ","  ",12,"   ",1,21,"  ",B03,120.712723,24.262218,3,66000,387130000C,(04)23289100,(04)25368667
9916,2023,03,26,14,10,臺中市,北區,0,1,0,7,1,5,50,4,2,1,5,4,5,7,2,1,10,5,5,2,13,16,3,10,1,1,C03,7,9,1,10,2,11,"  ",16,16,1,4,8,C03,120.674374,24.163166,2,66000,387130000C,(04)23289100,(04)25368667
9917,2023,03,26,14,16,臺中市,大雅區,0,0,0,8,,,50,,,,,,,,,,,,,,,23,"  ","  ","  ","  ",B03,"  ","  ",1,"  ",2,"  ","  ",23,23,1,22,"  ",B03,120.648143,24.215983,3,66000,387130000C,(04)23289100,(04)25368667
9918,2023,03,26,14,24,臺中市,南屯區,0,1,0,8,1,5,40,3,9,1,5,4,5,7,3,1,9,5,5,2,17,27,3,10,1,1,B03,7,6,1,8,2,5,"  ",27,27,1,22,9,B03,120.641575,24.134848,2,66000,387130000C,(04)23289100,(04)25368667
9919,2023,03,26,14,24,臺中市,大甲區,0,1,0,8,1,5,50,14,9,1,5,4,5,7,4,4,5,5,5,1,12,17,3,10,1,1,B03,7,9,1,8,1,15,"  ",17,17,1,22,9,B03,120.622946,24.345571,2,66000,387130000C,(04)23289100,(04)25368667
9920,2023,03,26,14,28,臺中市,北屯區,0,2,0,8,1,5,50,14,9,1,5,4,5,7,4,4,1,4,5,2,13,16,2,9,1,1,C03,7,9,1,10,2,11,"  ",16,16,1,4,8,C03,120.720691,24.181968,2,66000,387130000C,(04)23289100,(04)25368667
9921,2023,03,26,14,31,臺中市,太平區,0,2,0,8,1,5,50,3,2,1,5,4,5,7,4,4,5,5,4,1,18,16,2,8,1,1,C04,7,9,1,10,2,11,"  ",16,16,1,5,5,C04,120.728888,24.100576,2,66000,387130000C,(04)23289100,(04)25368667
9922,2023,03,26,14,35,臺中市,西區,0,0,0,,,,,,,,,,,,,,,,,,,67,"  ","  ","  ","  ","   ","  ","  ","  ","  ","  ","  ","  ",67,"   ",1,"  ","  ","   ",120.665757,24.140083,3,66000,387130000C,(04)23289100,(04)25368667
9923,2023,03,26,14,39,臺中市,西屯區,0,1,0,8,1,5,50,4,2,1,5,4,5,7,2,1,5,5,5,2,16,23,3,10,3,4,B03,7,9,1,8,2,5,"  ",23,23,1,22,8,B03,120.655546,24.165879,2,66000,387130000C,(04)23289100,(04)25368667
9924,2023,03,26,14,40,臺中市,南區,0,1,0,8,1,5,50,3,1,1,5,4,5,7,4,4,10,5,5,2,18,23,2,9,1,1,C03,7,9,1,10,2,15,"  ",23,23,1,5,8,C03,120.669181,24.112729,2,66000,387130000C,(04)23289100,(04)25368667
9925,2023,03,26,14,43,臺中市,豐原區,0,1,0,7,1,5,50,14,7,1,5,4,5,7,4,4,5,4,4,2,16,19,3,10,1,1,B03,7,1,1,8,2,4,"  ",19,19,1,22,8,B03,120.726665,24.249587,2,66000,387130000C,(04)23289100,(04)25368667
9926,2023,03,26,14,53,臺中市,后里區,0,1,0,8,1,5,60,4,2,1,5,4,5,7,1,1,1,2,4,1,13,23,2,9,1,1,C03,7,9,3,18,2,11,"  ",23,23,1,21,8,C03,120.723926,24.294303,2,66000,387130000C,(04)23289100,(04)25368667
9927,2023,03,26,14,54,臺中市,北區,0,1,0,8,1,5,50,4,1,1,5,4,5,7,2,1,3,4,4,2,16,19,3,10,1,1,C03,7,1,1,10,2,13,"  ",19,19,1,20,8,C03,120.682416,24.145861,2,66000,387130000C,(04)23289100,(04)25368667
9928,2023,03,26,15,5,臺中市,西屯區,0,0,0,8,,,50,,,,,,,,,,,,,,,43,"  ","  ","  ","  ",C03,"  ","  ",6,"  ",1,"  ","  ",43,"   ",1,22,"  ",C03,120.647353,24.159073,3,66000,387130000C,(04)23289100,(04)25368667