序號,年,月,日,時,分,縣市,區,死亡數量,受傷數量,2-30,天候,光線,道路類別,速限_速度(公里),道路型態,事故位置,路面鋪裝,路面狀態,路面缺陷,障礙物,視距,號誌種類,號誌動作,分向設施,快車道或一般車道間,快慢車道間,路面邊線,事故類型及型態,主要肇因,受傷程度,主要傷處,保護裝備,行動電話,當事者區分,車輛用途,當事者行動狀態,駕駛資格情形,駕駛執照種類,飲酒情形,車輛撞擊部位最初,車輛撞擊部位其他,肇事因素個別,肇事因素主要,肇事逃逸,職業,旅次目的,車種,GPS座標X,GPS座標Y,事故類別,縣市別代碼,機關代碼,市話,傳真
10121,2023,03,27,8,13,臺中市,西屯區,0,1,0,8,1,5,50,4,2,1,5,4,5,7,4,4,1,4,5,2,13,23,2,9,1,1,C03,7,7,1,10,2,11,14,23,23,1,5,1,C03,120.655133,24.199912,2,66000,387130000C,(04)23289100,(04)25368667
10122,2023,03,27,8,15,臺中市,西屯區,0,1,0,8,1,5,40,4,1,1,2,4,5,7,2,1,10,5,5,2,17,44,2,9,3,4,C03,7,6,1,10,2,12,"  ",44,44,1,22,8,C03,120.649796,24.162755,2,66000,387130000C,(04)23289100,(04)25368667
10123,2023,03,27,8,19,臺中市,北屯區,0,1,0,8,1,5,50,14,9,1,5,4,5,7,4,4,1,4,5,2,13,23,2,9,1,1,C03,7,9,1,10,2,11,"  ",23,23,1,22,8,C03,120.698228,24.173886,2,66000,387130000C,(04)23289100,(04)25368667
10124,2023,03,27,8,22,臺中市,大里區,0,2,0,8,1,5,50,3,1,1,5,4,5,7,2,1,1,3,1,1,13,16,2,9,1,1,C03,7,9,1,10,2,11,"  ",16,16,1,5,8,C03,120.677481,24.103785,2,66000,387130000C,(04)23289100,(04)25368667
10125,2023,03,27,8,22,臺中市,沙鹿區,0,0,0,8,,,60,,,,,,,,,,,,,,,23,"  ","  ","  ","  ",B03,"  ","  ",1,"  ",2,"  ","  ",23,"   ",1,9,"  ",B03,120.577258,24.225179,3,66000,387130000C,(04)23289100,(04)25368667
10126,2023,03,27,8,24,臺中市,后里區,0,1,0,8,1,5,50,14,9,1,5,4,5,7,4,4,5,5,5,1,12,6,3,10,1,1,C03,7,6,1,10,2,14,"  ",6,6,1,22,8,C03,120.720652,24.324818,2,66000,387130000C,(04)23289100,(04)25368667
10127,2023,03,27,8,26,臺中市,南屯區,0,1,0,8,1,5,50,14,9,1,5,4,5,7,4,4,5,5,5,2,18,42,2,9,1,4,C03,7,9,1,10,2,14,"  ",42,42,1,22,8,C03,120.64759,24.144385,2,66000,387130000C,(04)23289100,(04)25368667
10128,2023,03,27,8,27,臺中市,北屯區,0,2,0,8,1,5,50,4,3,1,5,4,5,7,1,1,5,4,4,2,12,26,2,9,1,1,C03,7,9,1,10,2,11,"  ",26,26,1,22,8,C03,120.681268,24.169658,2,66000,387130000C,(04)23289100,(04)25368667
10129,2023,03,27,8,28,臺中市,西屯區,0,0,0,8,,,80,,,,,,,,,,,,,,,23,"  ","  ","  ","  ",B03,"  ","  ",1,"  ",1,"  ","  ",23,"   ",1,21,"  ",B03,120.623043,24.148145,3,66000,387130000C,(04)23289100,(04)25368667
10130,2023,03,27,8,29,臺中市,豐原區,0,0,0,8,,,50,,,,,,,,,,,,,,,23,"  ","  ","  ","  ",C03,"  ","  ",1,"  ",2,"  ","  ",23,"   ",1,22,"  ",C03,120.703056,24.251596,3,66000,387130000C,(04)23289100,(04)25368667
10131,2023,03,27,8,33,臺中市,東區,0,0,0,8,,,50,,,,,,,,,,,,,,,42,"  ","  ","  ","  ",B03,"  ","  ",1,"  ",1,"  ","  ",42,"   ",1,22,"  ",B03,120.691062,24.142794,3,66000,387130000C,(04)23289100,(04)25368667
10132,2023,03,27,8,36,臺中市,西區,0,2,0,8,1,5,50,15,9,1,5,4,5,7,1,1,10,5,5,2,17,26,2,9,1,1,C03,7,9,1,10,2,14,"  ",26,26,1,20,8,C03,120.663617,24.132023,2,66000,387130000C,(04)23289100,(04)25368667
10133,2023,03,27,8,37,臺中市,西屯區,0,1,0,8,1,5,30,4,1,1,5,4,5,7,4,4,10,5,5,2,16,6,3,10,1,1,B03,7,5,1,8,2,1,"  ",6,6,1,4,8,B03,120.666093,24.171126,2,66000,387130000C,(04)23289100,(04)25368667
10134,2023,03,27,8,50,臺中市,北屯區,0,1,0,8,1,5,50,3,1,1,5,4,5,7,4,4,10,5,5,2,16,6,3,10,1,1,B03,7,6,1,8,2,6,"  ",6,6,1,21,8,B03,120.692889,24.164873,2,66000,387130000C,(04)23289100,(04)25368667
10135,2023,03,27,8,50,臺中市,西屯區,0,0,0,,,,40,,,,,,,,,,,,,,,42,"  ","  ","  ","  ",B03,"  ","  ",1,"  ",2,"  ","  ",42,"   ",1,22,"  ",B03,120.615495,24.183376,3,66000,387130000C,(04)23289100,(04)25368667
10136,2023,03,27,8,52,臺中市,北區,0,2,0,8,1,5,50,4,1,1,5,4,5,7,1,1,10,5,5,2,16,6,2,9,1,1,C03,7,5,1,10,2,14,"  ",6,6,1,5,8,C03,120.680949,24.15816,2,66000,387130000C,(04)23289100,(04)25368667
10137,2023,03,27,8,53,臺中市,南屯區,0,0,0,8,,,50,,,,,,,,,,,,,,,44,"  ","  ","  ","  ",B03,"  ","  ",1,"  ",9,"  ","  ",44,"   ",1,22,"  ",B03,120.626918,24.140103,3,66000,387130000C,(04)23289100,(04)25368667
10138,2023,03,27,8,55,臺中市,豐原區,0,2,0,8,1,5,50,4,1,1,5,4,5,7,1,1,5,5,4,2,16,6,2,8,1,1,C03,7,5,1,10,2,12,"  ",6,6,1,22,8,C03,120.722344,24.24846,2,66000,387130000C,(04)23289100,(04)25368667
10139,2023,03,27,8,57,臺中市,西屯區,0,1,0,8,1,5,50,3,1,1,5,4,5,7,4,4,10,5,5,2,16,6,2,9,1,1,C03,7,5,1,10,2,14,"  ",6,6,1,4,8,C03,120.593277,24.180012,2,66000,387130000C,(04)23289100,(04)25368667
10140,2023,03,27,8,59,臺中市,西屯區,0,0,0,8,1,5,50,14,9,1,5,4,5,7,4,4,1,4,5,2,13,16,3,10,1,1,B03,7,9,1,8,1,5,"  ",16,16,1,2,5,B03,120.655745,24.199091,3,66000,387130000C,(04)23289100,(04)25368667
10141,2023,03,27,9,0,臺中市,潭子區,0,0,0,8,,,30,,,,,,,,,,,,,,,17,"  ","  ","  ","  ",B03,"  ","  ",1,"  ",2,"  ","  ",17,"   ",1,22,"  ",B03,120.710097,24.207957,3,66000,387130000C,(04)23289100,(04)25368667
10142,2023,03,27,9,0,臺中市,東區,0,0,0,,,,,,,,,,,,,,,,,,,67,"  ","  ","  ","  ","   ","  ","  ","  ","  ","  ","  ","  ",67,67,1,"  ","  ","   ",120.698031,24.147951,3,66000,387130000C,(04)23289100,(04)25368667
10143,2023,03,27,9,1,臺中市,北屯區,0,1,0,8,1,5,50,14,9,1,5,4,5,7,4,4,5,4,5,2,12,7,3,10,1,1,A11,7,8,1,1,2,2,"  ",7,7,1,22,4,A11,120.731012,24.177325,2,66000,387130000C,(04)23289100,(04)25368667
10144,2023,03,27,9,5,臺中市,霧峰區,0,1,0,8,1,5,70,10,7,1,5,4,5,7,4,4,1,3,5,1,20,44,2,9,1,1,B03,7,9,1,8,2,8,"  ",44,44,1,5,8,B03,120.66207,24.055317,2,66000,387130000C,(04)23289100,(04)25368667
10145,2023,03,27,9,9,臺中市,豐原區,0,2,0,8,1,5,50,5,1,1,5,4,5,7,4,4,10,5,5,2,16,6,2,9,1,1,C03,7,6,1,10,2,14,"  ",6,6,1,22,8,C03,120.721816,24.252966,2,66000,387130000C,(04)23289100,(04)25368667
10146,2023,03,27,9,10,臺中市,霧峰區,0,1,0,8,1,5,50,4,1,1,5,4,5,7,4,4,10,5,5,2,16,6,3,10,3,4,B03,7,9,1,8,2,5,"  ",6,6,1,20,8,B03,120.699682,24.07279,2,66000,387130000C,(04)23289100,(04)25368667
10147,2023,03,27,9,10,臺中市,大安區,0,0,0,8,1,6,30,14,13,1,5,4,5,7,4,4,10,5,5,1,12,19,3,10,1,1,C03,7,1,1,10,2,11,"  ",19,19,1,4,3,C03,120.577208,24.340536,3,66000,387130000C,(04)23289100,(04)25368667
10148,2023,03,27,9,13,臺中市,南區,0,1,0,8,1,5,30,13,9,1,5,4,5,7,4,4,10,5,5,2,16,19,3,10,1,1,B03,7,1,1,8,2,5,"  ",19,19,1,5,8,B03,120.663228,24.122786,2,66000,387130000C,(04)23289100,(04)25368667
10149,2023,03,27,9,20,臺中市,大雅區,0,0,0,8,,,30,,,,,,,,,,,,,,,23,"  ","  ","  ","  ",B12,"  ","  ",1,"  ",2,"  ","  ",23,23,1,22,"  ",B12,120.648388,24.23474,3,66000,387130000C,(04)23289100,(04)25368667
10150,2023,03,27,9,20,臺中市,西區,0,2,0,8,1,5,50,4,1,1,5,4,5,7,4,4,10,5,5,2,15,6,2,9,1,1,C03,7,9,1,10,2,12,"  ",6,6,1,21,8,C03,120.663123,24.145527,2,66000,387130000C,(04)23289100,(04)25368667
10151,2023,03,27,9,23,臺中市,潭子區,0,0,0,8,,,40,,,,,,,,,,,,,,,23,"  ","  ","  ","  ",B12,"  ","  ",1,"  ",2,"  ","  ",23,"   ",1,21,"  ",B12,120.682424,24.211922,3,66000,387130000C,(04)23289100,(04)25368667
10152,2023,03,27,9,25,臺中市,神岡區,0,0,0,8,,,50,,,,,,,,,,,,,,,23,"  ","  ","  ","  ",B03,"  ","  ",1,"  ",2,"  ","  ",6,23,1,22,"  ",B03,120.705848,24.26114,3,66000,387130000C,(04)23289100,(04)25368667
10153,2023,03,27,9,26,臺中市,西屯區,0,2,0,8,1,5,40,14,8,1,5,4,5,7,4,4,1,5,1,2,16,7,2,9,3,4,C03,7,8,1,10,2,13,"  ",7,7,1,22,8,C03,120.633008,24.170811,2,66000,387130000C,(04)23289100,(04)25368667
10154,2023,03,27,9,28,臺中市,梧棲區,0,0,0,,,,40,,,,,,,,,,,,,,,12,"  ","  ","  ","  ",B03,"  ","  ",1,"  ",2,"  ","  ",12,"   ",1,4,"  ",B03,120.514579,24.230206,3,66000,387130000C,(04)23289100,(04)25368667
10155,2023,03,27,9,30,臺中市,太平區,0,1,0,8,1,5,50,3,1,1,5,4,5,7,1,1,10,5,5,2,16,6,3,10,1,1,B12,7,5,1,8,2,6,"  ",6,6,1,22,8,B12,120.711344,24.159091,2,66000,387130000C,(04)23289100,(04)25368667
10156,2023,03,27,9,30,臺中市,大安區,0,1,0,8,1,7,50,14,13,1,5,4,5,7,4,4,1,5,5,1,18,26,2,9,1,1,C03,7,9,3,18,2,12,"  ",26,26,1,22,8,C03,120.601039,24.390802,2,66000,387130000C,(04)23289100,(04)25368667
10157,2023,03,27,9,38,臺中市,北區,0,1,0,8,1,5,50,14,9,1,5,4,5,7,4,4,9,5,5,2,16,1,3,10,1,1,B03,7,4,1,8,2,2,"  ",1,1,1,22,8,B03,120.664337,24.160818,2,66000,387130000C,(04)23289100,(04)25368667
10158,2023,03,27,9,38,臺中市,南屯區,0,0,0,,,,50,,,,,,,,,,,,,,,9,"  ","  ","  ","  ",B03,"  ","  ",1,"  ",1,"  ","  ",9,"   ",1,4,"  ",B03,120.632737,24.1375,3,66000,387130000C,(04)23289100,(04)25368667
10159,2023,03,27,9,39,臺中市,南屯區,0,1,0,8,1,5,50,4,2,1,5,4,5,7,2,1,5,4,4,2,3,15,3,10,1,4,B01,7,5,1,8,2,1,"  ",15,15,1,22,8,B01,120.638185,24.139825,2,66000,387130000C,(04)23289100,(04)25368667
10160,2023,03,27,9,42,臺中市,東區,0,1,0,8,1,5,50,4,1,1,5,4,1,7,1,1,10,5,5,2,16,6,3,10,1,1,B01,7,6,1,4,2,2,"  ",6,6,1,21,8,B01,120.697163,24.133145,2,66000,387130000C,(04)23289100,(04)25368667
10161,2023,03,27,9,45,臺中市,豐原區,0,0,0,8,,,50,,,,,,,,,,,,,,,23,"  ","  ","  ","  ",B12,"  ","  ",1,"  ",2,"  ","  ",23,"   ",1,21,"  ",B12,120.742585,24.263873,3,66000,387130000C,(04)23289100,(04)25368667
10162,2023,03,27,9,46,臺中市,北區,0,3,0,8,1,5,50,4,1,1,5,4,5,7,1,1,1,2,4,2,15,25,2,9,1,1,C03,7,9,1,10,2,11,"  ",25,25,1,5,8,C03,120.68134,24.152752,2,66000,387130000C,(04)23289100,(04)25368667
10163,2023,03,27,9,57,臺中市,中區,0,0,0,8,1,5,50,4,1,1,5,4,5,7,1,1,10,5,5,2,12,16,"  ","  ","  ","  ",B12,"  ","  ",1,"  ",1,"  ","  ",16,"   ",1,22,"  ",B12,120.682212,24.135899,3,66000,387130000C,(04)23289100,(04)25368667
10164,2023,03,27,10,2,臺中市,北屯區,0,2,0,8,1,5,50,14,7,1,5,4,5,7,4,4,5,5,4,2,17,26,2,9,1,1,C03,7,15,1,10,2,11,"  ",26,26,1,22,8,C03,120.672775,24.176035,2,66000,387130000C,(04)23289100,(04)25368667
10165,2023,03,27,10,8,臺中市,大甲區,0,2,0,8,1,5,50,14,7,1,5,4,5,7,4,4,9,5,4,2,17,19,2,8,1,1,C03,7,1,1,10,2,11,"  ",19,19,1,4,1,C03,120.648099,24.408432,2,66000,387130000C,(04)23289100,(04)25368667
10166,2023,03,27,10,8,臺中市,新社區,0,1,0,8,1,5,30,14,9,1,5,4,5,7,4,4,10,5,5,2,17,23,3,10,1,4,C03,7,9,1,10,2,12,"  ",23,23,1,20,8,C03,120.814384,24.250549,2,66000,387130000C,(04)23289100,(04)25368667
10167,2023,03,27,10,18,臺中市,西屯區,0,1,0,8,1,5,40,14,8,1,5,4,5,7,4,4,1,5,3,2,13,23,2,9,1,1,C03,7,9,1,10,2,11,"  ",23,23,1,4,8,C03,120.605242,24.183541,2,66000,387130000C,(04)23289100,(04)25368667
10168,2023,03,27,10,19,臺中市,西屯區,0,0,0,8,,,50,,,,,,,,,,,,,,,18,"  ","  ","  ","  ",B12,"  ","  ",1,"  ",1,"  ","  ",18,18,1,21,"  ",B12,120.628106,24.202061,3,66000,387130000C,(04)23289100,(04)25368667
10169,2023,03,27,10,20,臺中市,太平區,0,1,0,8,1,5,50,4,1,1,5,4,5,7,2,1,10,5,5,2,15,25,3,10,1,1,B03,7,9,1,8,2,8,"  ",25,25,1,23,8,B03,120.721978,24.149269,2,66000,387130000C,(04)23289100,(04)25368667
10170,2023,03,27,10,21,臺中市,西區,0,0,0,8,,,50,,,,,,,,,,,,,,,7,"  ","  ","  ","  ",C03,"  ","  ",1,"  ",1,"  ","  ",7,"   ",1,21,"  ",C03,120.680769,24.1372,3,66000,387130000C,(04)23289100,(04)25368667
10171,2023,03,27,10,24,臺中市,南屯區,0,2,0,8,1,5,30,3,2,1,5,4,5,7,4,4,10,5,5,2,11,23,2,8,1,1,C03,7,6,1,10,2,14,"  ",23,23,1,22,8,C03,120.610225,24.13678,2,66000,387130000C,(04)23289100,(04)25368667
10172,2023,03,27,10,25,臺中市,潭子區,0,0,0,8,,,30,,,,,,,,,,,,,,,17,"  ","  ","  ","  ",A12,"  ","  ",1,"  ",2,"  ","  ",17,"   ",1,22,"  ",A12,120.686962,24.22868,3,66000,387130000C,(04)23289100,(04)25368667
10173,2023,03,27,10,27,臺中市,沙鹿區,0,0,0,8,1,5,50,5,2,1,5,4,5,7,1,1,3,3,3,1,17,23,2,9,3,4,F06,7,9,8,20,2,15,"  ",23,23,1,22,8,F06,120.56053,24.234419,3,66000,387130000C,(04)23289100,(04)25368667
10174,2023,03,27,10,31,臺中市,北屯區,0,1,0,8,1,5,50,4,1,1,5,4,5,7,2,1,10,5,5,2,13,16,3,10,1,1,A41,7,9,1,1,2,5,"  ",16,16,1,21,8,A41,120.678488,24.201282,2,66000,387130000C,(04)23289100,(04)25368667
10175,2023,03,27,10,33,臺中市,南屯區,0,1,0,8,1,5,50,4,1,1,5,4,5,7,1,1,10,5,5,2,16,6,3,10,3,4,B03,7,6,1,8,2,5,"  ",6,6,1,22,8,B03,120.637236,24.130231,2,66000,387130000C,(04)23289100,(04)25368667
10176,2023,03,27,10,42,臺中市,北屯區,0,0,0,8,,,50,,,,,,,,,,,,,,,7,"  ","  ","  ","  ",B03,"  ","  ",1,"  ",1,"  ","  ",7,"   ",1,22,"  ",B03,120.698241,24.172787,3,66000,387130000C,(04)23289100,(04)25368667
10177,2023,03,27,10,51,臺中市,梧棲區,0,0,0,8,,,50,,,,,,,,,,,,,,,38,"  ","  ","  ","  ",A31,"  ","  ",1,"  ",2,"  ","  ",38,"   ",1,10,"  ",A31,120.532161,24.258173,3,66000,387130000C,(04)23289100,(04)25368667
10178,2023,03,27,10,52,臺中市,中區,0,2,0,8,1,5,30,4,1,1,5,4,5,7,4,4,10,5,5,2,15,6,2,9,1,1,C03,7,9,1,10,2,12,"  ",6,6,1,22,9,C03,120.682019,24.142156,2,66000,387130000C,(04)23289100,(04)25368667
10179,2023,03,27,10,52,臺中市,南屯區,0,0,0,8,1,5,50,4,1,1,5,4,5,7,2,1,10,5,5,2,13,16,3,10,1,1,C03,7,9,1,10,1,11,"  ",16,16,1,22,8,C03,120.61261,24.138468,3,66000,387130000C,(04)23289100,(04)25368667
10180,2023,03,27,10,54,臺中市,清水區,0,0,0,8,,,50,,,,,,,,,,,,,,,8,"  ","  ","  ","  ",B12,"  ","  ",1,"  ",2,"  ","  ",8,8,1,21,"  ",B12,120.558483,24.273392,3,66000,387130000C,(04)23289100,(04)25368667
10181,2023,03,27,10,56,臺中市,西屯區,0,1,0,8,1,5,50,4,1,1,5,4,5,7,1,1,10,5,5,2,16,6,3,10,3,4,B03,7,5,1,8,2,5,"  ",6,6,1,22,8,B03,120.629336,24.183773,2,66000,387130000C,(04)23289100,(04)25368667
10182,2023,03,27,11,0,臺中市,東區,0,0,0,8,1,5,50,14,7,1,5,4,5,7,4,4,5,4,5,2,17,23,3,10,1,1,B03,7,15,1,8,11,2,"  ",23,23,1,22,8,B03,120.690463,24.143012,3,66000,387130000C,(04)23289100,(04)25368667
10183,2023,03,27,11,0,臺中市,霧峰區,0,0,0,8,1,5,40,14,9,1,5,4,5,7,4,4,9,5,5,1,11,7,"  ","  ","  ","  ",B03,"  ","  ",1,"  ",2,"  ","  ",7,"   ",1,5,"  ",B03,120.663956,24.059856,3,66000,387130000C,(04)23289100,(04)25368667
10184,2023,03,27,11,0,臺中市,大甲區,0,0,0,8,,,50,,,,,,,,,,,,,,,6,"  ","  ","  ","  ",C03,"  ","  ",3,"  ",1,"  ","  ",6,"   ",1,22,"  ",C03,120.618213,24.346219,4,66000,387130000C,(04)23289100,(04)25368667
10185,2023,03,27,11,3,臺中市,大雅區,0,0,0,8,,,30,,,,,,,,,,,,,,,23,"  ","  ","  ","  ",B12,"  ","  ",1,"  ",2,"  ","  ",23,"   ",1,22,"  ",B12,120.658474,24.230705,3,66000,387130000C,(04)23289100,(04)25368667
10186,2023,03,27,11,8,臺中市,神岡區,0,0,0,8,,,30,,,,,,,,,,,,,,,17,"  ","  ","  ","  ",A12,"  ","  ",1,"  ",2,"  ","  ",17,"   ",1,22,"  ",A12,120.683188,24.243272,3,66000,387130000C,(04)23289100,(04)25368667
10187,2023,03,27,11,10,臺中市,西區,0,0,0,,,,50,,,,,,,,,,,,,,,23,"  ","  ","  ","  ",C03,"  ","  ",1,"  ",2,"  ","  ",23,"   ",1,5,"  ",C03,120.661673,24.150865,4,66000,387130000C,(04)23289100,(04)25368667
10188,2023,03,27,11,11,臺中市,太平區,0,1,0,8,1,5,50,4,2,1,5,4,5,7,1,1,5,5,5,2,14,12,3,10,1,1,B01,7,2,1,8,2,3,"  ",12,12,1,21,8,B01,120.721023,24.151979,2,66000,387130000C,(04)23289100,(04)25368667
10189,2023,03,27,11,15,臺中市,西屯區,0,0,0,8,,,50,,,,,,,,,,,,,,,12,"  ","  ","  ","  ",B03,"  ","  ",1,"  ",1,"  ","  ",12,"   ",1,22,"  ",B03,120.6676,24.174672,3,66000,387130000C,(04)23289100,(04)25368667
10190,2023,03,27,11,19,臺中市,北屯區,0,0,0,8,,,40,,,,,,,,,,,,,,,7,"  ","  ","  ","  ",C03,"  ","  ",4,"  ",1,"  ","  ",7,"   ",1,22,"  ",C03,120.680456,24.196885,3,66000,387130000C,(04)23289100,(04)25368667
10191,2023,03,27,11,20,臺中市,北區,0,1,0,8,1,5,50,5,1,1,5,4,5,7,1,1,10,5,5,2,16,6,3,10,1,1,B03,7,6,1,8,3,5,"  ",6,6,1,5,8,B03,120.676191,24.158299,2,66000,387130000C,(04)23289100,(04)25368667
10192,2023,03,27,11,21,臺中市,西區,0,0,0,,,,50,,,,,,,,,,,,,,,23,"  ","  ","  ","  ",C04,"  ","  ",1,"  ",1,"  ","  ",23,23,1,5,"  ",C04,120.665554,24.153803,3,66000,387130000C,(04)23289100,(04)25368667
10193,2023,03,27,11,26,臺中市,北區,0,0,0,8,,,50,,,,,,,,,,,,,,,42,"  ","  ","  ","  ",B12,"  ","  ",1,"  ",11,"  ","  ",42,"   ",1,5,"  ",B12,120.694686,24.161222,3,66000,387130000C,(04)23289100,(04)25368667
10194,2023,03,27,11,27,臺中市,東區,0,2,0,8,1,5,50,4,1,1,5,4,5,7,4,4,10,5,5,2,15,6,2,8,1,1,C03,7,9,1,10,2,11,"  ",6,6,1,5,8,C03,120.691035,24.145468,2,66000,387130000C,(04)23289100,(04)25368667
10195,2023,03,27,11,34,臺中市,西屯區,0,0,0,8,1,5,50,3,2,1,5,4,5,7,2,1,1,4,5,2,13,23,3,10,1,1,B03,7,9,1,8,1,1,5,23,23,1,5,3,B03,120.643801,24.163405,3,66000,387130000C,(04)23289100,(04)25368667
10196,2023,03,27,11,35,臺中市,北屯區,0,1,0,8,1,5,30,3,1,1,5,4,5,7,4,4,10,5,5,2,16,5,2,7,1,1,C03,7,5,1,10,2,11,"  ",5,5,1,22,8,C03,120.672715,24.176225,2,66000,387130000C,(04)23289100,(04)25368667
10197,2023,03,27,11,39,臺中市,大里區,0,0,0,8,,,80,,,,,,,,,,,,,,,7,"  ","  ","  ","  ",B03,"  ","  ",1,"  ",2,"  ","  ",7,"   ",1,5,"  ",B03,120.688613,24.095245,3,66000,387130000C,(04)23289100,(04)25368667
10198,2023,03,27,11,43,臺中市,大甲區,0,1,0,8,1,5,50,3,1,1,5,4,5,7,1,1,10,5,5,1,13,23,2,8,1,1,C03,7,9,1,10,2,11,"  ",23,23,1,22,1,C03,120.613182,24.348196,2,66000,387130000C,(04)23289100,(04)25368667
10199,2023,03,27,11,45,臺中市,太平區,0,1,0,8,1,5,50,3,2,1,5,4,5,7,4,4,5,4,4,2,16,6,2,9,1,1,C03,7,5,1,10,2,12,"  ",6,6,1,22,8,C03,120.711486,24.140985,2,66000,387130000C,(04)23289100,(04)25368667
10200,2023,03,27,11,47,臺中市,南屯區,0,0,0,,,,50,,,,,,,,,,,,,,,12,"  ","  ","  ","  ",B03,"  ","  ",1,"  ",1,"  ","  ",12,"   ",1,4,"  ",B03,120.649398,24.141813,3,66000,387130000C,(04)23289100,(04)25368667
10201,2023,03,27,11,51,臺中市,大里區,0,0,0,8,,,30,,,,,,,,,,,,,,,12,"  ","  ","  ","  ",B02,"  ","  ",1,"  ",2,"  ","  ",12,"   ",1,22,"  ",B02,120.681155,24.09754,3,66000,387130000C,(04)23289100,(04)25368667
10202,2023,03,27,11,52,臺中市,西屯區,0,1,0,8,1,5,50,3,1,1,1,4,5,7,1,1,10,5,5,2,16,6,3,10,3,4,B03,7,6,1,8,2,6,"  ",6,6,1,22,8,B03,120.646359,24.185132,2,66000,387130000C,(04)23289100,(04)25368667
10203,2023,03,27,12,0,臺中市,西區,0,1,0,8,1,5,50,5,1,1,5,4,5,7,1,1,10,5,5,2,12,42,2,9,1,1,C03,7,9,1,10,2,12,"  ",42,42,1,22,9,C03,120.672019,24.131402,2,66000,387130000C,(04)23289100,(04)25368667
10204,2023,03,27,12,0,臺中市,南屯區,0,0,0,8,,,40,,,,,,,,,,,,,,,67,"  ","  ","  ","  ","   ","  ","  ","  ","  ","  ","  ","  ",67,"   ",1,"  ","  ","   ",120.634235,24.148486,3,66000,387130000C,(04)23289100,(04)25368667
10205,2023,03,27,12,3,臺中市,潭子區,0,0,0,8,,,50,,,,,,,,,,,,,,,43,"  ","  ","  ","  ","   ","  ","  ","  ","  ","  ","  ","  ",43,"   ",1,"  ","  ","   ",120.692599,24.22697,3,66000,387130000C,(04)23289100,(04)25368667
10206,2023,03,27,12,4,臺中市,大里區,0,1,0,8,1,5,50,4,1,1,5,4,5,7,4,4,5,5,5,1,16,6,3,10,1,1,C03,7,5,1,10,2,14,"  ",6,6,1,5,8,C03,120.680478,24.109633,2,66000,387130000C,(04)23289100,(04)25368667
10207,2023,03,27,12,7,臺中市,北屯區,0,0,0,8,,,50,,,,,,,,,,,,,,,7,"  ","  ","  ","  ",B02,"  ","  ",1,"  ",1,"  ","  ",7,"   ",1,21,"  ",B02,120.699696,24.177001,3,66000,387130000C,(04)23289100,(04)25368667
10208,2023,03,27,12,9,臺中市,北屯區,0,1,0,8,1,5,50,4,2,1,5,4,5,7,1,1,5,4,5,2,11,6,2,9,1,1,C03,7,5,1,10,2,11,"  ",6,6,1,22,8,C03,120.718558,24.170169,2,66000,387130000C,(04)23289100,(04)25368667
10209,2023,03,27,12,9,臺中市,新社區,0,0,0,8,,,50,,,,,,,,,,,,,,,42,"  ","  ","  ","  ",A41,"  ","  ",1,"  ",2,"  ","  ",42,"   ",1,10,"  ",A41,120.803271,24.219366,3,66000,387130000C,(04)23289100,(04)25368667
10210,2023,03,27,12,10,臺中市,西屯區,0,0,0,8,,,50,,,,,,,,,,,,,,,42,"  ","  ","  ","  ",B12,"  ","  ",1,"  ",2,"  ","  ",42,"   ",1,22,"  ",B12,120.63806,24.158593,3,66000,387130000C,(04)23289100,(04)25368667
10211,2023,03,27,12,13,臺中市,南屯區,0,0,0,8,,,50,,,,,,,,,,,,,,,25,"  ","  ","  ","  ",B12,"  ","  ",1,"  ",1,"  ","  ",25,"   ",1,22,"  ",B12,120.62339,24.1497,3,66000,387130000C,(04)23289100,(04)25368667
10212,2023,03,27,12,23,臺中市,南區,0,1,0,8,1,5,50,4,1,1,5,4,5,7,2,1,10,5,5,2,16,9,3,10,1,1,B03,7,6,1,8,2,6,"  ",9,9,1,21,8,B03,120.668906,24.128283,2,66000,387130000C,(04)23289100,(04)25368667
10213,2023,03,27,12,23,臺中市,烏日區,0,0,0,8,1,5,50,15,13,1,5,4,5,7,4,4,5,4,5,1,12,18,3,10,3,4,B12,7,3,1,8,2,6,"  ",18,18,1,21,4,B12,120.642976,24.076301,3,66000,387130000C,(04)23289100,(04)25368667
10214,2023,03,27,12,27,臺中市,北區,0,3,0,8,1,5,50,3,2,1,5,4,5,7,4,4,10,5,5,2,16,6,2,9,1,1,C03,7,5,1,10,2,12,"  ",6,6,1,5,8,C03,120.686111,24.15334,2,66000,387130000C,(04)23289100,(04)25368667
10215,2023,03,27,12,30,臺中市,太平區,0,1,0,8,1,5,50,4,1,1,5,4,5,7,2,1,10,5,5,2,16,9,3,10,1,1,B03,7,6,1,8,2,5,"  ",9,9,1,5,7,B03,120.720305,24.157946,2,66000,387130000C,(04)23289100,(04)25368667
10216,2023,03,27,12,34,臺中市,大里區,0,0,0,8,,,50,,,,,,,,,,,,,,,12,"  ","  ","  ","  ",B03,"  ","  ",1,"  ",1,"  ","  ",12,"   ",1,20,"  ",B03,120.683973,24.110009,3,66000,387130000C,(04)23289100,(04)25368667