序號,年,月,日,時,分,縣市,區,死亡數量,受傷數量,2-30,天候,光線,道路類別,速限_速度(公里),道路型態,事故位置,路面鋪裝,路面狀態,路面缺陷,障礙物,視距,號誌種類,號誌動作,分向設施,快車道或一般車道間,快慢車道間,路面邊線,事故類型及型態,主要肇因,受傷程度,主要傷處,保護裝備,行動電話,當事者區分,車輛用途,當事者行動狀態,駕駛資格情形,駕駛執照種類,飲酒情形,車輛撞擊部位最初,車輛撞擊部位其他,肇事因素個別,肇事因素主要,肇事逃逸,職業,旅次目的,車種,GPS座標X,GPS座標Y,事故類別,縣市別代碼,機關代碼,市話,傳真
10217,2023,03,27,12,34,臺中市,烏日區,0,0,0,8,,,50,,,,,,,,,,,,,,,8,"  ","  ","  ","  ",B03,"  ","  ",1,"  ",2,"  ","  ",8,"   ",1,5,"  ",B03,120.618244,24.111376,3,66000,387130000C,(04)23289100,(04)25368667
10218,2023,03,27,12,40,臺中市,西區,0,2,0,8,1,5,50,4,1,1,5,4,5,7,1,1,10,5,5,2,15,25,2,9,1,1,C03,7,9,1,10,1,11,"  ",25,25,1,5,7,C03,120.661694,24.132131,2,66000,387130000C,(04)23289100,(04)25368667
10219,2023,03,27,12,40,臺中市,西屯區,0,1,0,8,1,5,40,3,1,1,5,4,5,7,1,1,1,5,1,2,16,6,3,10,1,1,B03,7,6,1,8,2,2,"  ",6,6,1,22,8,B03,120.615393,24.183567,2,66000,387130000C,(04)23289100,(04)25368667
10220,2023,03,27,12,43,臺中市,北區,0,0,0,8,,,50,,,,,,,,,,,,,,,16,"  ","  ","  ","  ",B03,"  ","  ",1,"  ",1,"  ","  ",16,"   ",1,5,"  ",B03,120.67817,24.151537,3,66000,387130000C,(04)23289100,(04)25368667
10221,2023,03,27,12,43,臺中市,西屯區,0,1,0,8,1,5,50,14,9,1,5,4,5,7,4,4,5,5,5,2,18,23,2,9,1,1,C03,7,9,1,10,2,12,"  ",23,23,1,4,8,C03,120.661237,24.17254,2,66000,387130000C,(04)23289100,(04)25368667
10222,2023,03,27,12,46,臺中市,北區,0,2,0,8,1,5,50,3,1,1,5,4,5,7,4,4,5,5,5,2,16,6,2,9,1,1,C03,7,5,1,10,2,12,"  ",6,6,1,5,8,C03,120.672749,24.173596,2,66000,387130000C,(04)23289100,(04)25368667
10223,2023,03,27,12,47,臺中市,南屯區,0,0,0,8,,,80,,,,,,,,,,,,,,,43,"  ","  ","  ","  ",B03,"  ","  ",1,"  ",1,"  ","  ",43,"   ",1,22,"  ",B03,120.62342,24.15061,3,66000,387130000C,(04)23289100,(04)25368667
10224,2023,03,27,12,49,臺中市,大里區,0,0,0,8,,,50,,,,,,,,,,,,,,,12,"  ","  ","  ","  ",B03,"  ","  ",1,"  ",2,"  ","  ",12,"   ",1,5,"  ",B03,120.70009,24.104545,3,66000,387130000C,(04)23289100,(04)25368667
10225,2023,03,27,12,50,臺中市,北區,0,3,0,8,1,5,50,14,7,1,5,4,5,7,4,4,1,4,5,2,13,16,2,9,1,1,C03,7,9,1,10,2,11,"  ",16,16,1,5,8,C03,120.683904,24.148836,2,66000,387130000C,(04)23289100,(04)25368667
10226,2023,03,27,12,51,臺中市,北區,0,0,0,8,,,50,,,,,,,,,,,,,,,6,"  ","  ","  ","  ",B03,"  ","  ",1,"  ",2,"  ","  ",6,"   ",1,5,"  ",B03,120.675156,24.16698,3,66000,387130000C,(04)23289100,(04)25368667
10227,2023,03,27,12,56,臺中市,北區,0,2,0,8,1,5,50,14,9,1,5,4,5,7,4,4,5,5,5,2,16,26,2,9,1,1,C03,7,5,1,10,2,12,"  ",26,26,1,22,8,C03,120.682419,24.162785,2,66000,387130000C,(04)23289100,(04)25368667
10228,2023,03,27,12,58,臺中市,西屯區,0,1,0,7,1,5,50,4,2,1,5,4,5,7,2,1,5,5,4,2,12,17,3,10,1,1,C03,7,9,4,4,2,12,13,17,17,1,19,8,C03,120.637487,24.175913,2,66000,387130000C,(04)23289100,(04)25368667
10229,2023,03,27,13,0,臺中市,東區,0,0,0,,,,,,,,,,,,,,,,,,,43,"  ","  ","  ","  ","   ","  ","  ","  ","  ","  ","  ","  ",43,"   ",1,"  ","  ","   ",120.6943,24.147885,3,66000,387130000C,(04)23289100,(04)25368667
10230,2023,03,27,13,0,臺中市,北屯區,0,0,0,8,,,50,,,,,,,,,,,,,,,23,"  ","  ","  ","  ",A12,"  ","  ",1,"  ",1,"  ","  ",23,"   ",1,22,"  ",A12,120.688483,24.171593,3,66000,387130000C,(04)23289100,(04)25368667
10231,2023,03,27,13,0,臺中市,豐原區,0,2,0,8,1,5,30,14,9,1,5,4,5,7,4,4,10,5,5,1,11,6,2,9,1,1,C03,7,5,1,10,2,12,11,6,6,1,19,5,C03,120.715188,24.268909,2,66000,387130000C,(04)23289100,(04)25368667
10232,2023,03,27,13,11,臺中市,西屯區,0,1,0,8,1,5,50,4,1,1,5,4,5,7,2,1,10,5,5,2,12,7,3,10,3,4,B03,7,8,1,8,2,6,"  ",7,7,1,22,8,B03,120.653468,24.195275,2,66000,387130000C,(04)23289100,(04)25368667
10233,2023,03,27,13,11,臺中市,清水區,0,0,0,8,,,50,,,,,,,,,,,,,,,23,"  ","  ","  ","  ",B03,"  ","  ",1,"  ",2,"  ","  ",23,"   ",1,21,"  ",B03,120.575048,24.268918,3,66000,387130000C,(04)23289100,(04)25368667
10234,2023,03,27,13,13,臺中市,霧峰區,0,1,0,8,1,5,30,3,1,1,5,4,5,7,4,4,10,5,5,2,16,6,3,10,3,4,B03,7,5,3,18,2,5,"  ",6,6,1,3,8,B03,120.716457,24.075644,2,66000,387130000C,(04)23289100,(04)25368667
10235,2023,03,27,13,14,臺中市,太平區,0,1,0,8,1,5,40,14,8,1,5,4,5,7,4,4,9,4,4,2,17,11,3,10,1,1,F03,7,11,8,20,2,16,"  ",11,11,1,20,8,F03,120.718312,24.153324,2,66000,387130000C,(04)23289100,(04)25368667
10236,2023,03,27,13,25,臺中市,西區,0,1,0,8,1,5,50,4,1,1,5,4,5,7,4,4,10,5,5,2,15,6,3,10,1,1,B03,7,9,1,8,2,8,"  ",6,6,1,5,5,B03,120.660179,24.137288,2,66000,387130000C,(04)23289100,(04)25368667
10237,2023,03,27,13,25,臺中市,北屯區,0,1,0,8,1,5,50,14,7,1,5,4,5,7,2,1,5,5,4,2,17,42,3,10,1,1,A31,7,15,1,1,2,3,"  ",42,42,1,21,8,A31,120.721094,24.162136,2,66000,387130000C,(04)23289100,(04)25368667
10238,2023,03,27,13,28,臺中市,太平區,0,1,0,8,1,5,50,3,1,1,5,4,5,7,4,4,10,5,5,2,16,10,3,10,1,1,B12,7,11,6,18,2,4,"  ",10,10,1,22,8,B12,120.711866,24.149933,2,66000,387130000C,(04)23289100,(04)25368667
10239,2023,03,27,13,30,臺中市,大里區,0,0,0,8,,,50,,,,,,,,,,,,,,,23,"  ","  ","  ","  ",B03,"  ","  ",1,"  ",2,"  ","  ",23,"   ",1,22,"  ",B03,120.694615,24.085567,3,66000,387130000C,(04)23289100,(04)25368667
10240,2023,03,27,13,30,臺中市,霧峰區,0,2,0,8,1,5,50,4,1,1,5,4,5,7,1,1,10,5,5,1,16,23,2,9,1,1,C03,7,9,1,10,2,14,"  ",23,23,1,22,9,C03,120.70137,24.070573,2,66000,387130000C,(04)23289100,(04)25368667
10241,2023,03,27,13,34,臺中市,梧棲區,0,1,0,8,1,5,30,3,1,1,5,4,5,7,4,4,10,5,5,2,17,12,3,10,1,1,B03,7,2,6,8,2,15,"  ",12,12,1,9,8,B03,120.528521,24.220926,2,66000,387130000C,(04)23289100,(04)25368667
10242,2023,03,27,13,35,臺中市,沙鹿區,0,1,0,8,1,5,40,3,2,1,5,4,5,7,4,4,10,5,5,2,16,26,3,10,1,1,B03,7,5,1,8,2,2,"  ",26,26,1,20,5,B03,120.596095,24.26055,2,66000,387130000C,(04)23289100,(04)25368667
10243,2023,03,27,13,41,臺中市,梧棲區,0,1,0,8,1,5,50,14,9,1,5,4,5,7,4,4,10,5,5,2,16,41,2,9,1,2,C03,7,9,1,10,2,11,"  ",41,41,1,3,8,C03,120.538663,24.241985,2,66000,387130000C,(04)23289100,(04)25368667
10244,2023,03,27,13,42,臺中市,豐原區,0,0,0,8,,,50,,,,,,,,,,,,,,,19,"  ","  ","  ","  ",B03,"  ","  ",1,"  ",2,"  ","  ",19,"   ",1,22,"  ",B03,120.721486,24.257063,3,66000,387130000C,(04)23289100,(04)25368667
10245,2023,03,27,13,43,臺中市,大肚區,0,2,0,8,1,5,50,3,1,1,5,4,5,7,4,4,9,5,5,1,16,8,2,9,1,1,C03,7,9,1,10,2,14,"  ",26,6,1,4,9,C03,120.579387,24.168726,2,66000,387130000C,(04)23289100,(04)25368667
10246,2023,03,27,13,45,臺中市,北屯區,0,2,0,8,1,5,30,11,9,1,5,4,5,7,4,4,10,5,5,2,11,5,2,9,1,1,C03,7,9,1,10,2,14,"  ",5,5,1,22,8,C03,120.70141,24.170156,2,66000,387130000C,(04)23289100,(04)25368667
10247,2023,03,27,13,46,臺中市,太平區,0,1,0,8,1,5,50,14,9,1,5,4,5,7,4,4,5,4,5,2,17,19,3,10,1,1,C03,7,1,1,10,2,14,"  ",19,19,1,21,8,C03,120.727438,24.134214,2,66000,387130000C,(04)23289100,(04)25368667
10248,2023,03,27,13,50,臺中市,西屯區,0,0,0,8,,,60,,,,,,,,,,,,,,,23,"  ","  ","  ","  ",B03,"  ","  ",1,"  ",1,"  ","  ",23,"   ",1,21,"  ",B03,120.65272,24.160851,3,66000,387130000C,(04)23289100,(04)25368667
10249,2023,03,27,13,50,臺中市,神岡區,0,0,0,8,,,50,,,,,,,,,,,,,,,17,"  ","  ","  ","  ",B03,"  ","  ",1,"  ",1,"  ","  ",17,"   ",1,22,"  ",B03,120.694117,24.231931,3,66000,387130000C,(04)23289100,(04)25368667
10250,2023,03,27,13,54,臺中市,后里區,0,0,0,8,,,50,,,,,,,,,,,,,,,48,"  ","  ","  ","  ",A41,"  ","  ",1,"  ",2,"  ","  ",48,"   ",1,10,"  ",A41,120.715604,24.309623,3,66000,387130000C,(04)23289100,(04)25368667
10251,2023,03,27,13,57,臺中市,北屯區,0,0,0,8,,,50,,,,,,,,,,,,,,,23,"  ","  ","  ","  ",B03,"  ","  ",1,"  ",1,"  ","  ",23,"   ",1,22,"  ",B03,120.686685,24.193173,3,66000,387130000C,(04)23289100,(04)25368667
10252,2023,03,27,13,59,臺中市,神岡區,0,0,0,8,,,30,,,,,,,,,,,,,,,42,"  ","  ","  ","  ",B12,"  ","  ",1,"  ",1,"  ","  ",42,"   ",1,22,"  ",B12,120.713886,24.257863,3,66000,387130000C,(04)23289100,(04)25368667
10253,2023,03,27,14,1,臺中市,西屯區,0,1,0,8,1,5,50,3,1,1,5,4,5,7,4,4,10,5,5,2,16,6,3,10,1,1,B03,7,5,1,8,2,1,"  ",6,6,1,4,8,B03,120.662171,24.173454,2,66000,387130000C,(04)23289100,(04)25368667
10254,2023,03,27,14,2,臺中市,北屯區,0,2,0,8,1,5,50,4,1,1,5,4,5,7,2,1,10,5,5,2,17,6,2,9,1,1,C03,7,6,1,10,2,12,"  ",6,6,1,21,8,C03,120.735818,24.175355,2,66000,387130000C,(04)23289100,(04)25368667
10255,2023,03,27,14,5,臺中市,南屯區,0,0,0,8,,,50,,,,,,,,,,,,,,,23,"  ","  ","  ","  ",A02,"  ","  ",1,"  ",2,"  ","  ",23,"   ",1,22,"  ",A02,120.65149,24.15102,3,66000,387130000C,(04)23289100,(04)25368667
10256,2023,03,27,14,11,臺中市,北區,0,0,0,8,,,50,,,,,,,,,,,,,,,19,"  ","  ","  ","  ",B03,"  ","  ",1,"  ",2,"  ","  ",19,"   ",1,5,"  ",B03,120.6856,24.156899,3,66000,387130000C,(04)23289100,(04)25368667
10257,2023,03,27,14,12,臺中市,西區,0,2,0,8,1,5,50,4,1,1,5,4,5,7,1,1,10,5,5,2,16,26,2,7,3,4,C03,7,5,1,10,2,14,"  ",26,26,1,21,8,C03,120.675763,24.138754,2,66000,387130000C,(04)23289100,(04)25368667
10258,2023,03,27,14,13,臺中市,霧峰區,0,0,0,8,,,50,,,,,,,,,,,,,,,12,"  ","  ","  ","  ",B03,"  ","  ",1,"  ",2,"  ","  ",12,12,1,3,"  ",B03,120.698677,24.065627,3,66000,387130000C,(04)23289100,(04)25368667
10259,2023,03,27,14,16,臺中市,太平區,0,0,0,8,,,50,,,,,,,,,,,,,,,23,"  ","  ","  ","  ",B03,"  ","  ",3,"  ",2,2,"  ",23,23,1,22,"  ",B03,120.721495,24.119949,3,66000,387130000C,(04)23289100,(04)25368667
10260,2023,03,27,14,17,臺中市,中區,0,0,0,8,,,50,,,,,,,,,,,,,,,23,"  ","  ","  ","  ",B03,"  ","  ",1,8,2,"  ","  ",23,23,1,22,"  ",B03,120.6802,24.137997,3,66000,387130000C,(04)23289100,(04)25368667
10261,2023,03,27,14,23,臺中市,中區,0,0,0,8,,,50,,,,,,,,,,,,,,,6,"  ","  ","  ","  ",B03,"  ","  ",1,"  ",1,"  ","  ",6,"   ",1,5,"  ",B03,120.675833,24.142835,3,66000,387130000C,(04)23289100,(04)25368667
10262,2023,03,27,14,25,臺中市,大里區,0,0,0,8,,,30,,,,,,,,,,,,,,,23,"  ","  ","  ","  ",B12,"  ","  ",1,"  ",11,"  ","  ",23,"   ",1,4,"  ",B12,120.731016,24.089036,3,66000,387130000C,(04)23289100,(04)25368667
10263,2023,03,27,14,30,臺中市,龍井區,0,0,0,8,,,30,,,,,,,,,,,,,,,67,"  ","  ","  ","  ",B03,"  ","  ",1,"  ",11,"  ","  ",38,67,1,21,"  ",B03,120.51,24.22,3,66000,387130000C,(04)23289100,(04)25368667
10264,2023,03,27,14,31,臺中市,南屯區,0,0,0,8,,,50,,,,,,,,,,,,,,,26,"  ","  ","  ","  ",B03,"  ","  ",1,"  ",2,"  ","  ",26,"   ",1,22,"  ",B03,120.623141,24.145201,3,66000,387130000C,(04)23289100,(04)25368667
10265,2023,03,27,14,33,臺中市,神岡區,0,1,0,8,1,5,30,15,9,1,5,4,5,7,4,4,10,5,5,2,17,6,3,10,1,1,B12,7,5,1,8,2,7,"  ",6,6,1,22,8,B12,120.697709,24.248316,2,66000,387130000C,(04)23289100,(04)25368667
10266,2023,03,27,14,35,臺中市,大甲區,0,1,0,8,1,5,50,4,1,1,5,4,5,7,1,1,10,5,5,2,18,43,2,8,1,1,F03,7,6,8,20,2,16,"  ",43,43,1,16,2,F03,120.627578,24.347051,2,66000,387130000C,(04)23289100,(04)25368667
10267,2023,03,27,14,41,臺中市,梧棲區,0,2,0,7,1,5,40,14,9,1,5,4,5,7,4,4,10,5,5,2,11,17,2,9,1,1,C03,7,9,1,10,2,14,"  ",17,17,1,4,8,C03,120.539377,24.24756,2,66000,387130000C,(04)23289100,(04)25368667
10268,2023,03,27,14,42,臺中市,中區,0,1,0,8,1,5,50,4,1,1,5,4,5,7,4,4,10,5,5,2,16,6,2,9,1,1,C03,7,6,1,10,2,14,"  ",6,6,1,5,5,C03,120.680637,24.142826,2,66000,387130000C,(04)23289100,(04)25368667
10269,2023,03,27,14,45,臺中市,西區,0,0,0,8,,,50,,,,,,,,,,,,,,,42,"  ","  ","  ","  ",B03,"  ","  ",1,"  ",1,"  ","  ",42,"   ",1,21,"  ",B03,120.669371,24.138985,3,66000,387130000C,(04)23289100,(04)25368667
10270,2023,03,27,14,45,臺中市,北屯區,0,1,0,8,1,5,50,4,1,1,5,4,5,7,1,1,5,5,5,1,16,6,3,10,1,1,B03,7,5,1,8,2,1,"  ",6,6,1,22,8,B03,120.690377,24.176862,2,66000,387130000C,(04)23289100,(04)25368667
10271,2023,03,27,14,45,臺中市,沙鹿區,0,1,0,8,1,5,60,3,2,1,5,4,5,7,1,1,10,5,5,2,16,26,3,10,1,1,A12,7,6,1,7,2,2,"  ",26,26,1,10,4,A12,120.556112,24.212822,2,66000,387130000C,(04)23289100,(04)25368667
10272,2023,03,27,14,47,臺中市,豐原區,0,2,0,8,1,5,50,4,1,1,5,4,5,7,1,1,10,5,5,2,16,6,2,9,1,1,C03,7,5,1,10,2,11,"  ",6,6,1,22,8,C03,120.710962,24.248936,2,66000,387130000C,(04)23289100,(04)25368667
10273,2023,03,27,14,56,臺中市,清水區,0,0,0,8,,,70,,,,,,,,,,,,,,,16,"  ","  ","  ","  ",B12,"  ","  ",1,"  ",2,"  ","  ",16,"   ",1,21,"  ",B12,120.55232,24.293883,3,66000,387130000C,(04)23289100,(04)25368667
10274,2023,03,27,14,56,臺中市,豐原區,0,0,0,6,,,30,,,,,,,,,,,,,,,12,"  ","  ","  ","  ",B03,"  ","  ",1,"  ",2,"  ","  ",12,"   ",1,22,"  ",B03,120.717133,24.274113,3,66000,387130000C,(04)23289100,(04)25368667
10275,2023,03,27,14,57,臺中市,南屯區,0,0,0,,,,50,,,,,,,,,,,,,,,16,"  ","  ","  ","  ",B03,"  ","  ",1,"  ",1,"  ","  ",16,16,1,22,"  ",B03,120.634683,24.155358,3,66000,387130000C,(04)23289100,(04)25368667
10276,2023,03,27,14,58,臺中市,西屯區,0,0,0,8,,,50,,,,,,,,,,,,,,,17,"  ","  ","  ","  ",B03,"  ","  ",1,"  ",1,"  ","  ",17,"   ",1,22,"  ",B03,120.65753,24.20065,3,66000,387130000C,(04)23289100,(04)25368667
10277,2023,03,27,15,0,臺中市,南屯區,0,0,0,8,,,40,,,,,,,,,,,,,,,12,"  ","  ","  ","  ",B12,"  ","  ",1,"  ",9,"  ","  ",12,"   ",1,22,"  ",B12,120.636153,24.14694,3,66000,387130000C,(04)23289100,(04)25368667
10278,2023,03,27,15,0,臺中市,北屯區,0,0,0,8,,,50,,,,,,,,,,,,,,,23,"  ","  ","  ","  ",B03,"  ","  ",1,"  ",2,"  ","  ",23,"   ",1,21,"  ",B03,120.721358,24.180114,3,66000,387130000C,(04)23289100,(04)25368667
10279,2023,03,27,15,0,臺中市,沙鹿區,0,0,0,8,,,50,,,,,,,,,,,,,,,23,"  ","  ","  ","  ",B03,"  ","  ",1,"  ",2,"  ","  ",23,"   ",1,22,"  ",B03,120.571945,24.230743,4,66000,387130000C,(04)23289100,(04)25368667
10280,2023,03,27,15,8,臺中市,北屯區,0,0,0,8,,,30,,,,,,,,,,,,,,,23,"  ","  ","  ","  ",B03,"  ","  ",1,"  ",1,"  ","  ",23,"   ",1,21,"  ",B03,120.690405,24.165856,3,66000,387130000C,(04)23289100,(04)25368667
10281,2023,03,27,15,11,臺中市,西屯區,0,2,0,8,1,5,50,3,1,1,5,4,5,7,1,1,10,5,5,2,12,3,2,9,1,1,C03,7,15,1,10,2,13,"  ",3,3,1,22,8,C03,120.663869,24.17333,2,66000,387130000C,(04)23289100,(04)25368667
10282,2023,03,27,15,13,臺中市,清水區,0,0,0,8,,,70,,,,,,,,,,,,,,,10,"  ","  ","  ","  ",A12,"  ","  ",1,"  ",2,"  ","  ",10,"   ",1,21,"  ",A12,120.581002,24.301469,3,66000,387130000C,(04)23289100,(04)25368667
10283,2023,03,27,15,21,臺中市,北區,0,1,0,8,1,5,50,4,1,1,5,4,5,7,1,1,10,5,5,2,16,8,2,9,1,1,C03,7,5,1,10,2,14,"  ",8,8,1,22,9,C03,120.66806,24.154319,2,66000,387130000C,(04)23289100,(04)25368667
10284,2023,03,27,15,23,臺中市,北屯區,0,0,0,6,,,40,,,,,,,,,,,,,,,12,"  ","  ","  ","  ",B03,"  ",2,1,"  ",2,3,"  ",12,12,1,21,"  ",B03,120.66695,24.180804,3,66000,387130000C,(04)23289100,(04)25368667
10285,2023,03,27,15,30,臺中市,東區,0,0,0,8,,,50,,,,,,,,,,,,,,,23,"  ","  ","  ","  ",B03,"  ","  ",1,"  ",2,"  ","  ",23,"   ",1,22,"  ",B03,120.698314,24.13892,3,66000,387130000C,(04)23289100,(04)25368667
10286,2023,03,27,15,34,臺中市,北區,0,0,0,8,,,40,,,,,,,,,,,,,,,42,"  ","  ","  ","  ","   ","  ","  ","  ","  ","  ","  ","  ",42,"   ",1,"  ","  ","   ",120.694446,24.158399,3,66000,387130000C,(04)23289100,(04)25368667
10287,2023,03,27,15,36,臺中市,北屯區,0,1,0,8,1,5,50,4,1,1,5,4,5,7,2,1,10,5,5,2,16,1,2,9,1,1,C03,7,4,1,10,2,12,"  ",1,1,1,21,8,C03,120.681755,24.169633,2,66000,387130000C,(04)23289100,(04)25368667
10288,2023,03,27,15,36,臺中市,北屯區,0,0,0,8,,,50,,,,,,,,,,,,,,,42,"  ","  ","  ","  ",A41,"  ","  ",1,"  ",2,"  ","  ",42,"   ",1,4,"  ",A41,120.68339,24.177706,3,66000,387130000C,(04)23289100,(04)25368667
10289,2023,03,27,15,43,臺中市,北屯區,0,2,0,8,1,5,50,14,9,1,5,4,5,7,4,4,3,4,5,2,12,16,3,10,1,1,C03,7,9,3,18,11,11,"  ",16,16,1,22,8,C03,120.671332,24.174755,2,66000,387130000C,(04)23289100,(04)25368667
10290,2023,03,27,15,43,臺中市,西屯區,0,0,0,8,,,50,,,,,,,,,,,,,,,16,"  ","  ","  ","  ",B03,"  ","  ",1,"  ",1,"  ","  ",16,"   ",1,22,"  ",B03,120.654629,24.226482,3,66000,387130000C,(04)23289100,(04)25368667
10291,2023,03,27,15,45,臺中市,大雅區,0,1,0,7,1,5,50,14,9,1,5,4,5,7,4,4,10,5,5,1,11,6,3,10,1,1,B12,7,11,1,8,2,7,"  ",6,6,1,21,8,B12,120.653465,24.228812,2,66000,387130000C,(04)23289100,(04)25368667
10292,2023,03,27,15,53,臺中市,豐原區,0,1,0,8,1,5,50,3,1,1,5,4,5,7,4,4,10,5,5,2,16,6,3,10,1,1,B03,7,5,1,8,2,1,"  ",6,6,1,22,8,B03,120.721786,24.252949,2,66000,387130000C,(04)23289100,(04)25368667
10293,2023,03,27,15,55,臺中市,大雅區,0,0,0,8,,,50,,,,,,,,,,,,,,,18,"  ","  ","  ","  ",B03,"  ","  ",1,"  ",2,"  ","  ",18,"   ",1,22,"  ",B03,120.665569,24.217196,3,66000,387130000C,(04)23289100,(04)25368667
10294,2023,03,27,15,58,臺中市,西屯區,0,0,0,8,,,50,,,,,,,,,,,,,,,17,"  ","  ","  ","  ",B02,"  ","  ",1,"  ",11,"  ","  ",17,"   ",1,22,"  ",B02,120.655311,24.15811,3,66000,387130000C,(04)23289100,(04)25368667
10295,2023,03,27,15,58,臺中市,大里區,0,1,0,8,1,5,50,14,7,1,5,4,5,7,1,1,5,5,4,1,16,19,3,10,1,1,B03,7,1,1,8,2,8,"  ",19,19,1,22,8,B03,120.684473,24.10978,2,66000,387130000C,(04)23289100,(04)25368667
10296,2023,03,27,15,59,臺中市,北區,0,0,0,8,,,50,,,,,,,,,,,,,,,23,"  ","  ","  ","  ",B12,"  ","  ",1,"  ",1,"  ","  ",23,"   ",1,22,"  ",B12,120.670542,24.166864,3,66000,387130000C,(04)23289100,(04)25368667
10297,2023,03,27,16,0,臺中市,大里區,0,0,0,8,,,50,,,,,,,,,,,,,,,67,"  ","  ","  ","  ","   ","  ","  ","  ","  ","  ","  ","  ",67,"   ",1,"  ","  ","   ",120.684378,24.117456,3,66000,387130000C,(04)23289100,(04)25368667
10298,2023,03,27,16,3,臺中市,烏日區,0,0,0,8,1,5,50,14,9,1,5,4,5,7,4,4,9,4,5,1,16,19,"  ","  ","  ","  ",B03,"  ","  ",1,"  ",2,"  ","  ",19,"   ",1,22,"  ",B03,120.643156,24.061302,3,66000,387130000C,(04)23289100,(04)25368667
10299,2023,03,27,16,5,臺中市,南區,0,1,0,8,1,5,50,4,1,1,5,4,5,7,4,4,5,5,5,2,15,6,2,9,1,1,C03,7,9,1,10,2,12,"  ",6,6,1,5,5,C03,120.654409,24.125297,2,66000,387130000C,(04)23289100,(04)25368667
10300,2023,03,27,16,5,臺中市,新社區,0,1,0,8,1,5,30,11,13,1,5,4,5,1,4,4,10,5,5,1,19,23,2,9,1,1,C03,7,9,1,10,8,15,"  ",23,23,1,22,8,C03,120.806942,24.25002,2,66000,387130000C,(04)23289100,(04)25368667
10301,2023,03,27,16,8,臺中市,豐原區,0,0,0,8,,,40,,,,,,,,,,,,,,,23,"  ","  ","  ","  ",B11,"  ","  ",1,"  ",2,"  ","  ",23,"   ",1,10,"  ",B11,120.722643,24.236012,3,66000,387130000C,(04)23289100,(04)25368667
10302,2023,03,27,16,9,臺中市,潭子區,0,1,0,8,1,5,50,3,7,1,5,4,5,7,4,4,5,4,4,2,16,6,2,7,1,1,B03,7,5,1,8,2,1,"  ",6,6,1,20,8,B03,120.706152,24.202327,2,66000,387130000C,(04)23289100,(04)25368667
10303,2023,03,27,16,10,臺中市,北屯區,0,1,0,8,1,5,50,4,1,1,5,4,5,7,1,1,10,5,5,2,16,25,2,8,1,1,C03,7,9,1,10,2,14,"  ",25,25,1,21,8,C03,120.693916,24.200943,2,66000,387130000C,(04)23289100,(04)25368667
10304,2023,03,27,16,21,臺中市,北區,0,0,0,,,,50,,,,,,,,,,,,,,,12,"  ","  ","  ","  ",B03,"  ","  ",2,"  ",11,"  ","  ",12,"   ",1,22,"  ",B03,120.6801,24.168397,3,66000,387130000C,(04)23289100,(04)25368667
10305,2023,03,27,16,22,臺中市,潭子區,0,0,0,8,,,50,,,,,,,,,,,,,,,23,"  ","  ","  ","  ",B03,"  ","  ",1,"  ",2,"  ","  ",23,"   ",1,22,"  ",B03,120.706031,24.200805,3,66000,387130000C,(04)23289100,(04)25368667
10306,2023,03,27,16,23,臺中市,大雅區,0,0,0,6,,,50,,,,,,,,,,,,,,,6,"  ","  ","  ","  ",C03,"  ","  ",1,"  ",2,"  ","  ",6,6,1,21,"  ",C03,120.644474,24.229064,3,66000,387130000C,(04)23289100,(04)25368667
10307,2023,03,27,16,23,臺中市,大里區,0,2,0,7,1,5,50,3,1,1,5,4,5,7,1,1,5,4,4,2,17,23,3,10,1,1,B03,7,9,1,8,2,8,"  ",23,23,1,21,4,B03,120.683865,24.113828,2,66000,387130000C,(04)23289100,(04)25368667
10308,2023,03,27,16,24,臺中市,中區,0,1,0,8,1,5,50,3,9,1,5,4,5,7,4,4,10,5,5,2,13,16,2,9,1,1,C03,7,9,1,9,2,11,"  ",16,16,1,22,9,C03,120.682827,24.143468,2,66000,387130000C,(04)23289100,(04)25368667
10309,2023,03,27,16,26,臺中市,北區,0,1,0,8,1,5,50,4,1,1,5,4,5,7,2,1,10,5,5,2,16,6,3,10,1,1,B03,7,5,1,8,2,1,"  ",6,6,1,22,9,B03,120.682089,24.154584,2,66000,387130000C,(04)23289100,(04)25368667
10310,2023,03,27,16,26,臺中市,石岡區,0,1,0,6,1,5,50,14,9,1,4,4,5,7,4,4,1,5,5,1,17,19,3,10,3,4,B12,7,1,1,8,2,15,"  ",19,19,1,22,4,B12,120.762005,24.27717,2,66000,387130000C,(04)23289100,(04)25368667
10311,2023,03,27,16,30,臺中市,西屯區,0,0,0,8,,,1,,,,,,,,,,,,,,,12,"  ","  ","  ","  ",B12,"  ","  ",1,"  ",1,"  ","  ",12,"   ",1,22,"  ",B12,120.598326,24.176372,3,66000,387130000C,(04)23289100,(04)25368667