序號,年,月,日,時,分,縣市,區,死亡數量,受傷數量,2-30,天候,光線,道路類別,速限_速度(公里),道路型態,事故位置,路面鋪裝,路面狀態,路面缺陷,障礙物,視距,號誌種類,號誌動作,分向設施,快車道或一般車道間,快慢車道間,路面邊線,事故類型及型態,主要肇因,受傷程度,主要傷處,保護裝備,行動電話,當事者區分,車輛用途,當事者行動狀態,駕駛資格情形,駕駛執照種類,飲酒情形,車輛撞擊部位最初,車輛撞擊部位其他,肇事因素個別,肇事因素主要,肇事逃逸,職業,旅次目的,車種,GPS座標X,GPS座標Y,事故類別,縣市別代碼,機關代碼,市話,傳真
10312,2023,03,27,16,30,臺中市,沙鹿區,0,0,0,8,,,50,,,,,,,,,,,,,,,23,"  ","  ","  ","  ",B11,"  ","  ",1,"  ",1,"  ","  ",23,"   ",1,9,"  ",B11,120.553264,24.23124,3,66000,387130000C,(04)23289100,(04)25368667
10313,2023,03,27,16,31,臺中市,豐原區,0,0,0,8,,,50,,,,,,,,,,,,,,,12,"  ","  ","  ","  ",B03,"  ","  ",1,"  ",2,"  ","  ",12,"   ",1,21,"  ",B03,120.760141,24.276831,3,66000,387130000C,(04)23289100,(04)25368667
10314,2023,03,27,16,35,臺中市,西屯區,0,0,0,8,,,50,,,,,,,,,,,,,,,23,"  ","  ","  ","  ",B03,"  ","  ",1,"  ",1,"  ","  ",23,"   ",1,22,"  ",B03,120.608544,24.168784,3,66000,387130000C,(04)23289100,(04)25368667
10315,2023,03,27,16,37,臺中市,北屯區,0,0,0,8,1,5,50,4,1,1,5,4,5,7,1,1,10,5,5,2,17,26,"  ","  ","  ","  ",C03,"  ","  ",3,"  ",1,"  ","  ",26,26,1,21,"  ",C03,120.685791,24.175301,3,66000,387130000C,(04)23289100,(04)25368667
10316,2023,03,27,16,40,臺中市,南屯區,0,0,0,8,,,50,,,,,,,,,,,,,,,23,"  ","  ","  ","  ",B03,"  ","  ",1,"  ",1,"  ","  ",23,"   ",1,22,"  ",B03,120.597701,24.155512,3,66000,387130000C,(04)23289100,(04)25368667
10317,2023,03,27,16,43,臺中市,霧峰區,0,0,0,8,,,40,,,,,,,,,,,,,,,16,"  ","  ","  ","  ",B03,"  ","  ",1,"  ",2,"  ","  ",16,"   ",1,4,"  ",B03,120.662508,24.06787,3,66000,387130000C,(04)23289100,(04)25368667
10318,2023,03,27,16,44,臺中市,烏日區,0,0,0,8,,,50,,,,,,,,,,,,,,,12,"  ","  ","  ","  ",B12,"  ","  ",1,"  ",2,"  ","  ",12,"   ",1,10,"  ",B12,120.63852,24.096698,3,66000,387130000C,(04)23289100,(04)25368667
10319,2023,03,27,16,55,臺中市,潭子區,0,2,0,7,2,5,30,4,1,1,5,4,5,7,4,4,10,5,5,1,16,4,2,9,1,1,C03,7,11,1,10,2,11,"  ",4,4,1,22,9,C03,120.711676,24.20069,2,66000,387130000C,(04)23289100,(04)25368667
10320,2023,03,27,16,55,臺中市,南區,0,1,0,8,1,5,50,3,1,1,5,4,5,7,2,1,10,5,5,2,16,6,3,10,1,1,B03,7,6,1,8,2,3,"  ",6,6,1,22,1,B03,120.660486,24.113207,2,66000,387130000C,(04)23289100,(04)25368667
10321,2023,03,27,16,55,臺中市,北屯區,0,0,0,8,,,50,,,,,,,,,,,,,,,26,"  ","  ","  ","  ",C03,"  ","  ",1,"  ",2,"  ","  ",26,"   ",1,21,"  ",C03,120.694326,24.17367,3,66000,387130000C,(04)23289100,(04)25368667
10322,2023,03,27,16,56,臺中市,太平區,0,0,0,8,,,30,,,,,,,,,,,,,,,12,"  ","  ","  ","  ",B03,"  ","  ",1,"  ",2,"  ","  ",12,"   ",1,21,"  ",B03,120.721499,24.150675,3,66000,387130000C,(04)23289100,(04)25368667
10323,2023,03,27,16,58,臺中市,北區,0,0,0,8,,,50,,,,,,,,,,,,,,,23,"  ","  ","  ","  ",B03,"  ","  ",1,"  ",1,"  ","  ",23,"   ",1,21,"  ",B03,120.691825,24.160146,3,66000,387130000C,(04)23289100,(04)25368667
10324,2023,03,27,16,58,臺中市,東區,0,1,0,8,1,5,50,4,1,1,5,4,5,7,1,1,4,4,5,2,12,8,3,10,1,1,B03,7,5,1,8,2,4,"  ",8,8,1,5,1,B03,120.704472,24.14274,2,66000,387130000C,(04)23289100,(04)25368667
10325,2023,03,27,17,0,臺中市,南區,0,0,0,8,,,50,,,,,,,,,,,,,,,8,"  ","  ","  ","  ",F01,"  ","  ",1,"  ",2,"  ","  ",8,"   ",1,4,"  ",F01,120.656736,24.11387,4,66000,387130000C,(04)23289100,(04)25368667
10326,2023,03,27,17,0,臺中市,北屯區,0,0,0,8,,,50,,,,,,,,,,,,,,,23,"  ","  ","  ","  ",B03,"  ","  ",1,"  ",2,"  ","  ",23,"   ",1,21,"  ",B03,120.694566,24.166963,3,66000,387130000C,(04)23289100,(04)25368667
10327,2023,03,27,17,3,臺中市,龍井區,0,0,0,8,,,40,,,,,,,,,,,,,,,23,"  ","  ","  ","  ",B12,"  ","  ",1,"  ",2,"  ","  ",23,"   ",1,9,"  ",B12,120.489569,24.215206,3,66000,387130000C,(04)23289100,(04)25368667
10328,2023,03,27,17,6,臺中市,西屯區,0,2,0,8,1,5,50,3,1,1,5,4,5,7,4,4,10,5,5,2,12,8,3,10,1,1,F01,7,5,8,20,2,16,"  ",8,8,1,22,8,F01,120.618484,24.177855,2,66000,387130000C,(04)23289100,(04)25368667
10329,2023,03,27,17,7,臺中市,清水區,0,2,0,8,2,5,50,14,8,1,5,4,5,7,4,4,1,4,4,2,16,26,2,9,1,1,C03,7,11,1,10,2,12,"  ",26,26,1,21,8,C03,120.577198,24.274621,2,66000,387130000C,(04)23289100,(04)25368667
10330,2023,03,27,17,8,臺中市,龍井區,0,1,0,7,1,5,40,14,12,1,5,4,5,7,4,4,5,5,5,1,17,23,2,9,1,1,C03,7,9,1,10,2,11,"  ",23,23,1,9,1,C03,120.489569,24.215206,2,66000,387130000C,(04)23289100,(04)25368667
10331,2023,03,27,17,9,臺中市,南屯區,0,0,0,8,,,50,,,,,,,,,,,,,,,23,"  ","  ","  ","  ",B01,"  ","  ",1,"  ",2,"  ","  ",23,"   ",1,22,"  ",B01,120.65083,24.151865,3,66000,387130000C,(04)23289100,(04)25368667
10332,2023,03,27,17,10,臺中市,霧峰區,0,0,0,8,,,30,,,,,,,,,,,,,,,12,"  ","  ","  ","  ",B03,"  ","  ",1,"  ",2,"  ","  ",12,"   ",1,22,"  ",B03,120.700706,24.053585,3,66000,387130000C,(04)23289100,(04)25368667
10333,2023,03,27,17,12,臺中市,沙鹿區,0,3,0,8,1,5,50,4,1,1,5,4,5,7,3,1,10,5,5,2,15,6,2,9,1,1,C03,7,9,1,10,2,11,"  ",14,6,1,21,8,C03,120.561801,24.236853,2,66000,387130000C,(04)23289100,(04)25368667
10334,2023,03,27,17,14,臺中市,西屯區,0,0,0,8,,,40,,,,,,,,,,,,,,,17,"  ","  ","  ","  ",C03,"  ","  ",1,"  ",1,"  ","  ",17,"   ",1,22,"  ",C03,120.644994,24.178789,4,66000,387130000C,(04)23289100,(04)25368667
10335,2023,03,27,17,15,臺中市,南屯區,0,1,0,8,1,5,50,5,1,1,5,4,5,7,4,4,10,5,5,2,27,23,2,8,1,1,C03,7,9,1,10,2,11,"  ",23,23,1,22,9,C03,120.633025,24.123705,2,66000,387130000C,(04)23289100,(04)25368667
10336,2023,03,27,17,16,臺中市,烏日區,0,0,0,8,1,5,50,14,9,1,5,4,5,7,1,1,8,4,5,1,13,23,"  ","  ","  ","  ",B03,"  ","  ",1,"  ",2,"  ","  ",23,"   ",1,22,"  ",B03,120.661058,24.059248,3,66000,387130000C,(04)23289100,(04)25368667
10337,2023,03,27,17,17,臺中市,大雅區,0,1,0,6,2,5,50,3,2,1,4,4,5,7,1,1,5,5,4,1,12,6,3,10,1,1,B03,7,6,1,8,2,2,"  ",6,6,1,21,8,B03,120.640325,24.219191,2,66000,387130000C,(04)23289100,(04)25368667
10338,2023,03,27,17,20,臺中市,豐原區,0,1,0,7,1,5,50,14,7,1,5,4,5,7,4,4,5,5,4,2,18,42,2,9,1,1,C03,7,9,1,10,2,12,"  ",42,42,1,22,8,C03,120.717644,24.249608,2,66000,387130000C,(04)23289100,(04)25368667
10339,2023,03,27,17,22,臺中市,龍井區,0,1,0,7,1,5,70,4,1,1,5,4,5,7,2,1,10,5,5,2,16,6,3,10,1,1,B03,7,6,1,8,2,5,"  ",6,9,1,4,1,B03,120.54019,24.210471,2,66000,387130000C,(04)23289100,(04)25368667
10340,2023,03,27,17,23,臺中市,東區,0,0,0,,,,50,,,,,,,,,,,,,,,26,"  ","  ","  ","  ",B01,"  ","  ",1,"  ",2,"  ","  ",6,26,1,22,"  ",B01,120.690619,24.140144,3,66000,387130000C,(04)23289100,(04)25368667
10341,2023,03,27,17,29,臺中市,東勢區,0,2,0,6,1,5,50,14,9,1,4,4,5,7,4,4,4,5,5,1,17,26,2,8,3,4,B03,7,11,1,8,2,4,"  ",26,26,1,22,1,B03,120.811533,24.281537,2,66000,387130000C,(04)23289100,(04)25368667
10342,2023,03,27,17,30,臺中市,神岡區,0,0,0,8,,,50,,,,,,,,,,,,,,,23,"  ","  ","  ","  ",B03,"  ","  ",1,"  ",1,"  ","  ",23,"   ",1,12,"  ",B03,120.697267,24.24845,3,66000,387130000C,(04)23289100,(04)25368667
10343,2023,03,27,17,33,臺中市,后里區,0,1,0,6,1,5,50,4,1,1,4,4,5,7,4,4,10,5,5,2,15,6,3,10,1,1,B03,7,9,1,8,2,2,"  ",6,6,1,21,1,B03,120.683051,24.246644,2,66000,387130000C,(04)23289100,(04)25368667
10344,2023,03,27,17,35,臺中市,大雅區,0,0,0,6,,,30,,,,,,,,,,,,,,,12,"  ","  ","  ","  ",B03,"  ","  ",1,"  ",2,"  ","  ",12,"   ",1,22,"  ",B03,120.63276,24.228503,3,66000,387130000C,(04)23289100,(04)25368667
10345,2023,03,27,17,35,臺中市,南屯區,0,0,0,8,,,50,,,,,,,,,,,,,,,23,"  ","  ","  ","  ",C03,"  ","  ",1,"  ",1,"  ","  ",23,"   ",1,22,"  ",C03,120.652971,24.140127,3,66000,387130000C,(04)23289100,(04)25368667
10346,2023,03,27,17,35,臺中市,大甲區,0,1,0,8,1,5,60,14,8,1,5,4,5,7,4,4,9,5,4,1,16,10,3,10,1,1,B03,7,11,1,8,2,5,"  ",10,10,1,4,1,B03,120.609308,24.355665,2,66000,387130000C,(04)23289100,(04)25368667
10347,2023,03,27,17,36,臺中市,北區,0,0,0,8,,,50,,,,,,,,,,,,,,,19,"  ","  ","  ","  ",B01,"  ","  ",1,"  ",1,"  ","  ",19,"   ",1,22,"  ",B01,120.692251,24.161431,3,66000,387130000C,(04)23289100,(04)25368667
10348,2023,03,27,17,36,臺中市,霧峰區,0,2,0,8,2,5,50,4,1,1,5,4,5,7,1,1,10,5,5,1,16,6,2,9,1,1,C03,7,5,1,10,2,11,"  ",6,6,1,4,8,C03,120.701617,24.070713,2,66000,387130000C,(04)23289100,(04)25368667
10349,2023,03,27,17,38,臺中市,潭子區,0,2,0,6,3,5,50,14,9,1,4,4,5,7,4,4,3,4,5,1,12,23,2,9,1,1,C03,7,9,1,10,2,12,"  ",23,23,1,22,8,C03,120.711868,24.211719,2,66000,387130000C,(04)23289100,(04)25368667
10350,2023,03,27,17,39,臺中市,霧峰區,0,1,0,6,1,5,60,4,1,1,4,4,5,7,4,4,3,4,4,1,17,23,2,9,1,1,C03,7,9,1,10,2,14,"  ",23,23,1,22,8,C03,120.692265,24.0442,2,66000,387130000C,(04)23289100,(04)25368667
10351,2023,03,27,17,40,臺中市,南屯區,0,1,0,8,3,5,50,4,1,1,5,4,5,7,2,1,10,5,5,2,16,6,3,10,1,1,B03,7,6,1,8,2,5,"  ",6,6,1,22,9,B03,120.628706,24.147486,2,66000,387130000C,(04)23289100,(04)25368667
10352,2023,03,27,17,40,臺中市,清水區,0,2,0,6,1,5,40,3,1,1,4,4,5,7,1,1,10,5,5,2,12,23,2,9,1,1,C03,7,8,1,10,2,12,"  ",23,23,1,21,8,C03,120.596946,24.306064,2,66000,387130000C,(04)23289100,(04)25368667
10353,2023,03,27,17,40,臺中市,豐原區,0,1,0,8,1,5,50,14,7,1,5,4,5,7,4,4,5,4,4,2,13,16,2,9,1,1,C03,7,9,1,10,2,11,"  ",16,16,1,22,8,C03,120.724165,24.243907,2,66000,387130000C,(04)23289100,(04)25368667
10354,2023,03,27,17,42,臺中市,大里區,0,0,0,8,,,40,,,,,,,,,,,,,,,23,"  ","  ","  ","  ",B03,"  ","  ",1,"  ",2,"  ","  ",23,"   ",1,22,"  ",B03,120.672531,24.101863,3,66000,387130000C,(04)23289100,(04)25368667
10355,2023,03,27,17,43,臺中市,龍井區,0,2,0,6,3,5,50,5,1,1,4,4,5,7,1,1,10,5,5,2,16,6,2,7,1,1,C03,7,5,1,10,2,11,"  ",6,6,1,9,1,C03,120.54564,24.192287,2,66000,387130000C,(04)23289100,(04)25368667
10356,2023,03,27,17,47,臺中市,西區,0,1,0,8,3,5,50,4,1,1,5,4,5,7,2,1,10,5,5,2,16,6,3,10,1,1,B03,7,5,1,8,2,6,"  ",6,6,1,5,5,B03,120.660176,24.150848,2,66000,387130000C,(04)23289100,(04)25368667
10357,2023,03,27,17,50,臺中市,霧峰區,0,0,0,6,,,60,,,,,,,,,,,,,,,23,"  ","  ","  ","  ",B03,"  ","  ",1,"  ",2,"  ","  ",23,"   ",1,22,"  ",B03,120.696059,24.055473,3,66000,387130000C,(04)23289100,(04)25368667
10358,2023,03,27,17,50,臺中市,大里區,0,2,0,6,3,5,50,4,1,1,4,4,5,7,1,1,5,5,5,2,11,4,2,9,1,1,C03,7,9,1,10,2,11,"  ",4,4,1,21,1,C03,120.704008,24.108358,2,66000,387130000C,(04)23289100,(04)25368667
10359,2023,03,27,17,50,臺中市,沙鹿區,0,0,0,6,,,50,,,,,,,,,,,,,,,42,"  ","  ","  ","  ",B03,"  ","  ",3,"  ",2,"  ","  ",42,"   ",1,9,"  ",B03,120.564877,24.240215,3,66000,387130000C,(04)23289100,(04)25368667
10360,2023,03,27,17,50,臺中市,大甲區,0,1,0,8,1,5,50,4,1,1,5,4,5,7,4,4,10,5,5,2,16,23,3,10,1,1,B03,7,5,1,8,2,1,"  ",23,23,1,4,1,B03,120.618716,24.350281,2,66000,387130000C,(04)23289100,(04)25368667
10361,2023,03,27,17,51,臺中市,西區,0,0,0,8,,,50,,,,,,,,,,,,,,,42,"  ","  ","  ","  ",B03,"  ","  ",1,"  ",1,"  ","  ",42,42,1,5,"  ",B03,120.666736,24.141067,3,66000,387130000C,(04)23289100,(04)25368667
10362,2023,03,27,17,52,臺中市,潭子區,0,1,0,6,2,5,50,3,1,1,4,4,5,7,2,1,10,5,5,2,13,23,2,8,1,1,C03,7,9,1,10,2,11,"  ",23,23,1,21,8,C03,120.701039,24.209742,2,66000,387130000C,(04)23289100,(04)25368667
10363,2023,03,27,17,52,臺中市,北屯區,0,0,0,8,,,50,,,,,,,,,,,,,,,16,"  ","  ","  ","  ",C03,"  ","  ",1,"  ",1,"  ","  ",16,"   ",1,21,"  ",C03,120.711355,24.1722,3,66000,387130000C,(04)23289100,(04)25368667
10364,2023,03,27,17,52,臺中市,北屯區,0,0,0,8,,,50,,,,,,,,,,,,,,,23,"  ","  ","  ","  ",B11,"  ","  ",1,"  ",11,"  ","  ",23,23,1,22,"  ",B11,120.683853,24.179173,3,66000,387130000C,(04)23289100,(04)25368667
10365,2023,03,27,17,56,臺中市,南屯區,0,2,0,7,2,5,50,14,9,1,5,4,5,7,4,4,1,4,5,2,13,42,2,9,1,1,B03,7,9,1,8,2,1,"  ",42,42,1,22,8,B03,120.646725,24.138535,2,66000,387130000C,(04)23289100,(04)25368667
10366,2023,03,27,17,56,臺中市,太平區,0,0,0,8,,,50,,,,,,,,,,,,,,,42,"  ","  ","  ","  ",A02,"  ","  ",1,"  ",2,"  ","  ",42,"   ",1,21,"  ",A02,120.73417,24.149287,3,66000,387130000C,(04)23289100,(04)25368667
10367,2023,03,27,18,0,臺中市,西區,0,1,0,8,1,5,50,4,1,1,5,4,5,7,1,1,5,4,5,1,16,8,3,10,1,1,B03,7,5,1,8,2,1,"  ",8,8,1,21,8,B03,120.664154,24.137964,2,66000,387130000C,(04)23289100,(04)25368667
10368,2023,03,27,18,0,臺中市,北屯區,0,3,0,6,3,5,50,4,1,1,4,4,5,7,2,1,10,5,5,2,16,8,2,9,1,1,C03,7,5,1,10,2,12,"  ",8,8,1,21,8,C03,120.687835,24.171061,2,66000,387130000C,(04)23289100,(04)25368667
10369,2023,03,27,18,1,臺中市,南屯區,0,0,0,8,,,50,,,,,,,,,,,,,,,17,"  ","  ","  ","  ",B03,"  ","  ",1,"  ",2,"  ","  ",17,"   ",1,22,"  ",B03,120.647706,24.14761,3,66000,387130000C,(04)23289100,(04)25368667
10370,2023,03,27,18,4,臺中市,南屯區,0,0,0,8,,,30,,,,,,,,,,,,,,,23,"  ","  ","  ","  ",B03,"  ","  ",1,"  ",2,"  ","  ",23,"   ",2,22,"  ",B03,120.612742,24.148466,3,66000,387130000C,(04)23289100,(04)25368667
10371,2023,03,27,18,4,臺中市,北屯區,0,2,0,8,3,5,50,14,9,1,5,4,5,7,4,4,10,5,5,2,17,19,2,9,1,1,C03,7,1,1,10,2,11,"  ",19,19,1,21,8,C03,120.690365,24.170741,2,66000,387130000C,(04)23289100,(04)25368667
10372,2023,03,27,18,5,臺中市,北屯區,0,1,0,8,3,5,50,4,1,1,5,4,5,7,2,1,10,5,5,2,16,6,3,10,1,1,B03,7,5,1,8,2,1,"  ",6,6,1,21,8,B03,120.690905,24.182078,2,66000,387130000C,(04)23289100,(04)25368667
10373,2023,03,27,18,8,臺中市,北屯區,0,1,0,6,3,5,50,14,7,1,4,4,5,7,4,4,1,3,4,2,18,43,2,9,1,1,C03,7,9,1,10,2,12,"  ",43,43,1,21,8,C03,120.722038,24.18197,2,66000,387130000C,(04)23289100,(04)25368667
10374,2023,03,27,18,9,臺中市,北屯區,0,0,0,6,,,50,,,,,,,,,,,,,,,7,"  ","  ","  ","  ",B03,"  ","  ",1,"  ",2,"  ","  ",7,"   ",1,5,"  ",B03,120.701009,24.165218,3,66000,387130000C,(04)23289100,(04)25368667
10375,2023,03,27,18,11,臺中市,豐原區,0,1,0,6,3,5,50,14,7,1,4,4,5,7,4,4,1,4,4,1,13,16,2,9,2,1,B03,7,9,1,8,2,1,"  ",16,16,1,22,8,B03,120.756147,24.275032,2,66000,387130000C,(04)23289100,(04)25368667
10376,2023,03,27,18,13,臺中市,東區,0,0,0,8,,,50,,,,,,,,,,,,,,,12,"  ","  ","  ","  ",B03,"  ","  ",1,"  ",1,"  ","  ",12,"   ",1,5,"  ",B03,120.694453,24.151108,3,66000,387130000C,(04)23289100,(04)25368667
10377,2023,03,27,18,13,臺中市,大里區,0,2,0,8,2,5,50,14,9,1,5,4,5,7,1,1,5,5,5,1,16,6,2,9,1,1,F01,7,5,8,20,2,16,"  ",6,6,1,15,2,F01,120.703705,24.107821,2,66000,387130000C,(04)23289100,(04)25368667
10378,2023,03,27,18,14,臺中市,南屯區,0,1,0,8,3,5,40,4,1,1,5,4,5,7,1,1,3,4,3,2,17,16,3,10,1,1,C03,7,9,1,10,2,11,"  ",16,16,1,22,8,C03,120.613149,24.149658,2,66000,387130000C,(04)23289100,(04)25368667
10379,2023,03,27,18,16,臺中市,潭子區,0,1,0,6,3,5,50,4,1,1,4,4,5,7,3,1,10,5,5,2,16,6,2,9,1,1,C03,7,5,1,10,2,11,"  ",6,6,1,22,8,C03,120.706176,24.215499,2,66000,387130000C,(04)23289100,(04)25368667
10380,2023,03,27,18,17,臺中市,南區,0,1,0,6,3,5,50,4,1,1,4,4,5,7,1,1,10,5,5,2,17,1,3,10,1,1,C03,7,9,1,10,2,11,"  ",1,1,1,22,8,C03,120.65535,24.115317,2,66000,387130000C,(04)23289100,(04)25368667
10381,2023,03,27,18,17,臺中市,外埔區,0,1,0,8,3,5,50,5,1,1,5,4,5,7,1,1,10,5,5,2,17,6,3,10,1,1,B03,7,6,1,8,2,15,"  ",6,6,1,21,1,B03,120.66861,24.320013,2,66000,387130000C,(04)23289100,(04)25368667
10382,2023,03,27,18,20,臺中市,太平區,0,0,0,8,,,50,,,,,,,,,,,,,,,8,"  ","  ","  ","  ",C03,"  ","  ",1,"  ",2,"  ","  ",8,"   ",1,21,"  ",C03,120.732718,24.13471,3,66000,387130000C,(04)23289100,(04)25368667
10383,2023,03,27,18,21,臺中市,北區,0,1,0,8,3,5,50,5,1,1,5,4,5,7,2,1,2,4,5,2,3,15,3,10,1,1,B03,7,5,1,8,2,1,"  ",15,15,1,22,8,B03,120.686252,24.15482,2,66000,387130000C,(04)23289100,(04)25368667
10384,2023,03,27,18,21,臺中市,北屯區,0,0,0,8,,,50,,,,,,,,,,,,,,,10,"  ","  ","  ","  ",B03,"  ","  ",1,"  ",2,"  ","  ",10,"   ",1,21,"  ",B03,120.680488,24.19624,3,66000,387130000C,(04)23289100,(04)25368667
10385,2023,03,27,18,21,臺中市,北屯區,0,1,0,8,1,8,50,14,9,1,5,4,5,7,4,4,10,5,4,1,18,23,2,7,1,1,C03,7,9,1,10,2,12,"  ",23,23,1,21,8,C03,120.696068,24.179051,2,66000,387130000C,(04)23289100,(04)25368667
10386,2023,03,27,18,21,臺中市,新社區,0,1,0,8,3,5,50,14,9,1,5,4,5,7,4,4,7,4,5,2,17,19,3,10,1,1,B12,7,1,1,8,2,15,"  ",19,19,1,22,8,B12,120.808085,24.240714,2,66000,387130000C,(04)23289100,(04)25368667
10387,2023,03,27,18,22,臺中市,北屯區,0,0,0,6,,,50,,,,,,,,,,,,,,,16,"  ","  ","  ","  ",B03,"  ",9,1,"  ",2,1,"  ",16,16,1,21,"  ",B03,120.704009,24.164893,3,66000,387130000C,(04)23289100,(04)25368667
10388,2023,03,27,18,23,臺中市,西屯區,0,0,0,8,,,50,,,,,,,,,,,,,,,16,"  ","  ","  ","  ",B03,"  ","  ",1,"  ",1,"  ","  ",16,"   ",1,22,"  ",B03,120.642033,24.201859,3,66000,387130000C,(04)23289100,(04)25368667
10389,2023,03,27,18,25,臺中市,大里區,0,1,0,6,3,5,50,4,2,1,4,4,5,7,2,1,5,4,4,2,17,40,3,10,1,1,B03,7,14,1,8,2,2,"  ",40,40,1,21,1,B03,120.687927,24.100306,2,66000,387130000C,(04)23289100,(04)25368667
10390,2023,03,27,18,25,臺中市,沙鹿區,0,2,0,8,4,5,50,14,7,1,5,4,5,7,4,4,5,5,4,2,3,42,2,9,1,1,C03,7,9,1,10,2,11,"  ",42,42,1,5,8,C03,120.564546,24.237277,2,66000,387130000C,(04)23289100,(04)25368667
10391,2023,03,27,18,26,臺中市,北區,0,0,0,8,,,50,,,,,,,,,,,,,,,23,"  ","  ","  ","  ",B03,"  ","  ",1,"  ",1,"  ","  ",23,"   ",1,22,"  ",B03,120.677448,24.167244,3,66000,387130000C,(04)23289100,(04)25368667
10392,2023,03,27,18,26,臺中市,霧峰區,0,0,0,8,,,50,,,,,,,,,,,,,,,6,"  ","  ","  ","  ",C03,"  ","  ",1,"  ",2,"  ","  ",6,"   ",1,4,"  ",C03,120.700384,24.069767,3,66000,387130000C,(04)23289100,(04)25368667
10393,2023,03,27,18,29,臺中市,南屯區,0,0,0,8,,,50,,,,,,,,,,,,,,,23,"  ","  ","  ","  ",B03,"  ","  ",1,"  ",2,"  ","  ",23,"   ",1,22,"  ",B03,120.634675,24.155247,3,66000,387130000C,(04)23289100,(04)25368667
10394,2023,03,27,18,30,臺中市,西屯區,0,0,0,8,,,50,,,,,,,,,,,,,,,6,"  ","  ","  ","  ",B01,"  ","  ",1,"  ",1,"  ","  ",6,"   ",1,22,"  ",B01,120.636474,24.159667,3,66000,387130000C,(04)23289100,(04)25368667
10395,2023,03,27,18,31,臺中市,太平區,0,1,0,8,3,5,50,3,9,1,5,4,5,7,2,1,3,4,5,2,13,16,2,9,1,1,C03,7,9,1,10,2,11,"  ",16,16,1,21,8,C03,120.714605,24.13574,2,66000,387130000C,(04)23289100,(04)25368667
10396,2023,03,27,18,37,臺中市,太平區,0,1,0,8,3,5,50,14,9,1,5,4,5,7,4,4,5,5,5,2,17,19,2,9,1,1,C03,7,1,1,10,2,11,"  ",19,19,1,18,8,C03,120.707524,24.119538,2,66000,387130000C,(04)23289100,(04)25368667
10397,2023,03,27,18,38,臺中市,西屯區,0,0,0,8,,,30,,,,,,,,,,,,,,,23,"  ","  ","  ","  ",B03,"  ","  ",1,"  ",1,"  ","  ",23,"   ",1,22,"  ",B03,120.611793,24.184375,3,66000,387130000C,(04)23289100,(04)25368667
10398,2023,03,27,18,38,臺中市,大肚區,0,0,0,8,,,50,,,,,,,,,,,,,,,7,"  ","  ","  ","  ",B03,"  ","  ",1,"  ",2,"  ","  ",7,"   ",1,22,"  ",B03,120.57333,24.157753,3,66000,387130000C,(04)23289100,(04)25368667
10399,2023,03,27,18,42,臺中市,西屯區,0,0,0,8,,,80,,,,,,,,,,,,,,,23,"  ","  ","  ","  ",B03,"  ","  ",1,"  ",1,"  ","  ",23,"   ",1,22,"  ",B03,120.634948,24.179291,3,66000,387130000C,(04)23289100,(04)25368667
10400,2023,03,27,18,49,臺中市,北屯區,0,1,0,8,3,5,50,14,9,1,5,4,5,7,4,4,1,4,4,2,13,16,2,9,1,1,C03,7,9,1,10,2,11,"  ",16,16,1,21,8,C03,120.664601,24.184946,2,66000,387130000C,(04)23289100,(04)25368667
10401,2023,03,27,18,50,臺中市,大里區,0,0,0,8,,,50,,,,,,,,,,,,,,,12,"  ","  ","  ","  ",C03,"  ","  ",1,"  ",2,"  ","  ",12,"   ",1,22,"  ",C03,120.703175,24.096148,3,66000,387130000C,(04)23289100,(04)25368667
10402,2023,03,27,18,52,臺中市,大里區,0,2,0,7,3,5,40,14,9,1,5,4,5,7,4,4,10,5,5,2,16,6,2,9,1,1,C03,7,9,1,10,2,12,"  ",6,6,1,22,8,C03,120.687461,24.11214,2,66000,387130000C,(04)23289100,(04)25368667
10403,2023,03,27,18,53,臺中市,東區,0,0,0,,,,50,,,,,,,,,,,,,,,16,"  ","  ","  ","  ",B03,"  ","  ",1,"  ",2,"  ","  ",16,"   ",1,22,"  ",B03,120.704719,24.144366,3,66000,387130000C,(04)23289100,(04)25368667
10404,2023,03,27,18,56,臺中市,西區,0,0,0,8,,,50,,,,,,,,,,,,,,,18,"  ","  ","  ","  ",B03,"  ","  ",1,8,2,"  ","  ",18,18,1,22,"  ",B03,120.665218,24.151862,3,66000,387130000C,(04)23289100,(04)25368667
10405,2023,03,27,18,58,臺中市,南區,0,1,0,7,3,5,50,4,1,1,5,4,5,7,1,1,9,4,5,2,12,9,3,10,1,1,B12,7,6,1,6,2,2,"  ",9,9,1,5,1,B12,120.685066,24.12957,2,66000,387130000C,(04)23289100,(04)25368667
10406,2023,03,27,18,58,臺中市,北屯區,0,0,0,,,,50,,,,,,,,,,,,,,,23,"  ","  ","  ","  ",B03,"  ","  ",1,"  ",1,"  ","  ",23,"   ",1,21,"  ",B03,120.690591,24.18314,3,66000,387130000C,(04)23289100,(04)25368667
10407,2023,03,27,19,0,臺中市,沙鹿區,0,0,0,8,,,50,,,,,,,,,,,,,,,6,"  ","  ","  ","  ",B01,"  ","  ",1,"  ",2,"  ","  ",6,"   ",1,10,"  ",B01,120.558464,24.236745,3,66000,387130000C,(04)23289100,(04)25368667