序號,年,月,日,時,分,縣市,區,死亡數量,受傷數量,2-30,天候,光線,道路類別,速限_速度(公里),道路型態,事故位置,路面鋪裝,路面狀態,路面缺陷,障礙物,視距,號誌種類,號誌動作,分向設施,快車道或一般車道間,快慢車道間,路面邊線,事故類型及型態,主要肇因,受傷程度,主要傷處,保護裝備,行動電話,當事者區分,車輛用途,當事者行動狀態,駕駛資格情形,駕駛執照種類,飲酒情形,車輛撞擊部位最初,車輛撞擊部位其他,肇事因素個別,肇事因素主要,肇事逃逸,職業,旅次目的,車種,GPS座標X,GPS座標Y,事故類別,縣市別代碼,機關代碼,市話,傳真
10503,2023,03,28,7,52,臺中市,太平區,0,2,0,8,1,5,30,4,1,1,5,4,5,7,1,1,5,5,5,2,16,6,2,9,1,1,C03,7,5,1,10,2,11,"  ",6,6,1,18,8,C03,120.719885,24.121204,2,66000,387130000C,(04)23289100,(04)25368667
10504,2023,03,28,7,53,臺中市,北屯區,0,0,0,8,,,50,,,,,,,,,,,,,,,23,"  ","  ","  ","  ",B03,"  ","  ",1,"  ",1,"  ","  ",23,"   ",1,22,"  ",B03,120.679641,24.189413,3,66000,387130000C,(04)23289100,(04)25368667
10505,2023,03,28,7,55,臺中市,潭子區,0,1,0,8,1,5,50,4,18,1,5,4,5,7,4,4,5,5,5,2,3,15,3,10,1,1,C03,7,9,1,10,2,11,"  ",15,15,1,22,9,C03,120.705658,24.231632,2,66000,387130000C,(04)23289100,(04)25368667
10506,2023,03,28,7,55,臺中市,南屯區,0,1,0,8,1,5,50,4,1,1,5,4,5,7,1,1,10,5,5,2,18,42,2,9,1,4,C03,7,5,1,10,2,12,"  ",42,42,1,22,8,C03,120.653005,24.135752,2,66000,387130000C,(04)23289100,(04)25368667
10507,2023,03,28,7,56,臺中市,沙鹿區,0,0,0,8,,,60,,,,,,,,,,,,,,,42,"  ","  ","  ","  ",B03,"  ","  ",1,"  ",2,"  ","  ",42,"   ",1,22,"  ",B03,120.59692,24.249968,4,66000,387130000C,(04)23289100,(04)25368667
10508,2023,03,28,7,59,臺中市,中區,0,1,0,8,1,5,50,4,1,1,5,4,5,7,1,1,10,5,5,2,17,10,3,10,1,1,B03,7,11,1,8,2,2,"  ",10,10,1,4,1,B03,120.682905,24.140778,2,66000,387130000C,(04)23289100,(04)25368667
10509,2023,03,28,8,0,臺中市,西屯區,0,1,0,8,1,5,50,4,1,1,5,4,5,7,1,1,9,4,4,2,13,23,2,9,1,1,C03,7,9,1,10,2,11,"  ",23,23,1,12,8,C03,120.637821,24.17154,2,66000,387130000C,(04)23289100,(04)25368667
10510,2023,03,28,8,0,臺中市,沙鹿區,0,0,0,8,1,5,60,3,7,1,1,4,5,7,1,1,1,3,4,1,12,7,"  ","  ","  ","  ",B03,"  ","  ",1,"  ",2,"  ","  ",7,"   ",1,22,"  ",B03,120.603614,24.248578,3,66000,387130000C,(04)23289100,(04)25368667
10511,2023,03,28,8,0,臺中市,神岡區,0,0,0,8,,,30,,,,,,,,,,,,,,,23,"  ","  ","  ","  ",B12,"  ","  ",1,"  ",1,"  ","  ",23,"   ",1,21,"  ",B12,120.709283,24.264366,3,66000,387130000C,(04)23289100,(04)25368667
10512,2023,03,28,8,2,臺中市,北屯區,0,2,0,8,1,5,30,14,9,1,5,4,5,7,4,4,1,4,5,2,13,23,2,8,1,1,C03,7,9,1,9,2,11,"  ",23,23,1,21,8,C03,120.674333,24.201431,2,66000,387130000C,(04)23289100,(04)25368667
10513,2023,03,28,8,3,臺中市,西屯區,0,0,0,8,1,5,50,14,9,1,5,4,5,7,4,4,5,4,5,2,13,16,3,10,1,1,C03,7,9,1,10,1,11,"  ",16,16,1,4,1,C03,120.619281,24.187737,3,66000,387130000C,(04)23289100,(04)25368667
10514,2023,03,28,8,5,臺中市,北屯區,0,0,0,8,,,50,,,,,,,,,,,,,,,7,"  ","  ","  ","  ",B03,"  ","  ",1,"  ",2,"  ","  ",7,"   ",1,21,"  ",B03,120.701003,24.164984,3,66000,387130000C,(04)23289100,(04)25368667
10515,2023,03,28,8,5,臺中市,烏日區,0,0,0,8,1,5,50,14,9,1,5,4,5,7,4,4,10,5,5,2,17,17,"  ","  ","  ","  ",B03,"  ","  ",1,"  ",2,"  ","  ",17,"   ",1,22,"  ",B03,120.637483,24.110491,3,66000,387130000C,(04)23289100,(04)25368667
10516,2023,03,28,8,6,臺中市,西屯區,0,0,0,8,,,30,,,,,,,,,,,,,,,23,"  ","  ","  ","  ",B03,"  ","  ",1,"  ",1,"  ","  ",23,"   ",1,22,"  ",B03,120.639414,24.188611,3,66000,387130000C,(04)23289100,(04)25368667
10517,2023,03,28,8,8,臺中市,北屯區,0,2,0,8,1,5,50,4,1,1,5,4,5,7,4,4,10,5,5,2,16,6,2,9,1,1,C03,7,9,1,10,2,11,"  ",6,6,1,4,8,C03,120.683048,24.183601,2,66000,387130000C,(04)23289100,(04)25368667
10518,2023,03,28,8,11,臺中市,潭子區,0,0,0,8,,,60,,,,,,,,,,,,,,,42,"  ","  ","  ","  ",B12,"  ","  ",6,"  ",2,"  ","  ",42,42,1,22,"  ",B12,120.705022,24.207144,3,66000,387130000C,(04)23289100,(04)25368667
10519,2023,03,28,8,13,臺中市,西屯區,0,2,0,8,1,5,50,3,1,1,5,4,5,7,4,4,10,5,5,2,17,6,2,9,3,4,C03,7,6,1,10,2,13,"  ",6,6,1,22,8,C03,120.654631,24.199008,2,66000,387130000C,(04)23289100,(04)25368667
10520,2023,03,28,8,14,臺中市,北區,0,1,0,8,1,5,50,14,7,1,5,4,5,7,4,4,1,4,5,2,16,7,3,10,1,1,C03,7,7,1,10,2,12,"  ",7,7,1,5,8,C03,120.687213,24.155849,2,66000,387130000C,(04)23289100,(04)25368667
10521,2023,03,28,8,16,臺中市,北區,0,0,0,8,,,40,,,,,,,,,,,,,,,43,"  ","  ","  ","  ",C03,"  ","  ",1,"  ",1,"  ","  ",43,43,1,22,"  ",C03,120.68785,24.153266,3,66000,387130000C,(04)23289100,(04)25368667
10522,2023,03,28,8,17,臺中市,北屯區,0,0,0,8,,,50,,,,,,,,,,,,,,,23,"  ","  ","  ","  ",B12,"  ","  ",1,"  ",1,"  ","  ",23,"   ",1,21,"  ",B12,120.717862,24.170169,3,66000,387130000C,(04)23289100,(04)25368667
10523,2023,03,28,8,20,臺中市,北區,0,1,0,8,1,5,50,11,9,1,5,4,5,7,4,4,10,5,5,2,16,19,3,10,1,1,B03,7,1,1,8,2,8,"  ",19,19,1,5,8,B03,120.685456,24.163099,2,66000,387130000C,(04)23289100,(04)25368667
10524,2023,03,28,8,20,臺中市,烏日區,0,0,0,8,1,5,50,14,8,1,5,4,5,7,4,4,9,4,4,2,16,26,"  ","  ","  ","  ",F02,"  ","  ",8,"  ",2,"  ","  ",26,26,1,22,"  ",F02,120.646344,24.093525,3,66000,387130000C,(04)23289100,(04)25368667
10525,2023,03,28,8,27,臺中市,北區,0,1,0,8,1,5,50,4,1,1,5,4,5,7,1,1,10,5,5,2,15,25,3,10,1,1,B03,7,9,1,8,2,1,"  ",25,25,1,5,8,B03,120.676489,24.159195,2,66000,387130000C,(04)23289100,(04)25368667
10526,2023,03,28,8,27,臺中市,北屯區,0,0,0,8,,,50,,,,,,,,,,,,,,,16,"  ","  ","  ","  ",B12,"  ","  ",1,"  ",2,"  ","  ",16,"   ",1,21,"  ",B12,120.698174,24.171305,3,66000,387130000C,(04)23289100,(04)25368667
10527,2023,03,28,8,28,臺中市,大雅區,0,0,0,6,,,50,,,,,,,,,,,,,,,26,"  ","  ","  ","  ",B03,"  ","  ",1,"  ",2,"  ","  ",26,"   ",1,21,"  ",B03,120.650736,24.209452,3,66000,387130000C,(04)23289100,(04)25368667
10528,2023,03,28,8,29,臺中市,北屯區,0,2,0,8,1,5,50,4,1,1,5,4,5,7,2,1,10,5,5,2,17,26,2,9,1,1,C03,7,9,1,10,2,14,"  ",26,26,1,5,8,C03,120.685398,24.172386,2,66000,387130000C,(04)23289100,(04)25368667
10529,2023,03,28,8,31,臺中市,北屯區,0,0,0,8,,,50,,,,,,,,,,,,,,,16,"  ","  ","  ","  ",B03,"  ","  ",1,"  ",1,"  ","  ",16,"   ",1,21,"  ",B03,120.705206,24.168257,3,66000,387130000C,(04)23289100,(04)25368667
10530,2023,03,28,8,32,臺中市,大雅區,0,1,0,7,1,5,50,4,1,1,5,4,5,7,4,4,10,4,5,1,15,6,2,9,1,1,C03,7,9,1,9,2,11,"  ",6,6,1,22,9,C03,120.666221,24.238067,2,66000,387130000C,(04)23289100,(04)25368667
10531,2023,03,28,8,32,臺中市,北屯區,0,1,0,8,1,5,30,3,1,1,5,4,5,7,4,4,10,5,5,2,16,6,3,10,1,1,B03,7,5,1,8,2,1,"  ",6,6,1,21,8,B03,120.662506,24.192175,2,66000,387130000C,(04)23289100,(04)25368667
10532,2023,03,28,8,33,臺中市,西屯區,0,1,0,8,1,5,50,3,1,1,5,4,5,7,4,4,1,5,5,2,16,9,3,10,1,1,B03,7,6,1,8,2,6,"  ",9,9,1,4,8,B03,120.640626,24.154672,2,66000,387130000C,(04)23289100,(04)25368667
10533,2023,03,28,8,35,臺中市,北區,0,0,0,8,,,30,,,,,,,,,,,,,,,12,"  ","  ","  ","  ",B12,"  ","  ",1,"  ",1,"  ","  ",12,"   ",1,22,"  ",B12,120.694126,24.153245,3,66000,387130000C,(04)23289100,(04)25368667
10534,2023,03,28,8,37,臺中市,西屯區,0,1,0,8,1,5,40,15,8,1,5,4,5,7,4,4,5,4,4,2,13,16,2,9,3,4,C03,7,9,1,10,2,11,"  ",16,16,1,22,8,C03,120.621123,24.171906,2,66000,387130000C,(04)23289100,(04)25368667
10535,2023,03,28,8,39,臺中市,西屯區,0,2,0,8,1,5,50,4,1,1,5,4,5,7,1,1,1,3,5,2,16,25,2,9,1,1,C03,7,9,1,10,2,11,"  ",25,25,1,22,8,C03,120.642715,24.172185,2,66000,387130000C,(04)23289100,(04)25368667
10536,2023,03,28,8,40,臺中市,南屯區,0,2,0,8,1,5,40,14,8,1,5,4,5,7,1,1,5,4,4,2,17,4,3,10,1,1,C03,7,9,1,10,2,14,"  ",4,4,1,5,1,C03,120.612558,24.13844,2,66000,387130000C,(04)23289100,(04)25368667
10537,2023,03,28,8,41,臺中市,霧峰區,0,0,0,8,1,5,50,5,1,1,5,4,5,7,1,1,10,5,5,2,16,19,"  ","  ","  ","  ",B03,"  ","  ",1,"  ",2,"  ","  ",19,"   ",1,2,"  ",B03,120.6963,24.054327,3,66000,387130000C,(04)23289100,(04)25368667
10538,2023,03,28,8,45,臺中市,東區,0,2,0,8,1,5,30,3,1,1,5,4,5,7,4,4,10,5,5,2,12,6,2,9,1,1,C03,7,5,1,10,2,14,"  ",6,6,1,22,8,C03,120.707858,24.1461,2,66000,387130000C,(04)23289100,(04)25368667
10539,2023,03,28,8,45,臺中市,大肚區,0,0,0,8,,,50,,,,,,,,,,,,,,,6,"  ","  ","  ","  ",C03,"  ","  ",1,"  ",1,"  ","  ",6,"   ",1,2,"  ",C03,120.548492,24.148408,4,66000,387130000C,(04)23289100,(04)25368667
10540,2023,03,28,8,47,臺中市,西區,0,2,0,7,1,5,1,14,9,1,5,4,5,7,4,4,5,5,5,2,17,19,2,9,3,4,C03,7,1,1,10,2,11,"  ",19,19,1,21,8,C03,120.667319,24.151985,2,66000,387130000C,(04)23289100,(04)25368667
10541,2023,03,28,8,47,臺中市,西屯區,0,2,0,8,1,5,30,4,1,1,5,4,5,7,4,4,9,5,5,2,16,6,2,9,1,1,C03,7,9,1,10,1,11,"  ",6,6,1,12,8,C03,120.638061,24.181681,2,66000,387130000C,(04)23289100,(04)25368667
10542,2023,03,28,8,47,臺中市,霧峰區,0,0,0,8,,,40,,,,,,,,,,,,,,,26,"  ","  ","  ","  ",B12,"  ","  ",1,"  ",2,"  ","  ",26,"   ",1,10,"  ",B12,120.662944,24.063028,3,66000,387130000C,(04)23289100,(04)25368667
10543,2023,03,28,8,47,臺中市,龍井區,0,0,0,8,,,30,,,,,,,,,,,,,,,23,"  ","  ","  ","  ",B03,"  ","  ",1,"  ",2,"  ","  ",23,"   ",1,21,"  ",B03,120.5,24.1,3,66000,387130000C,(04)23289100,(04)25368667
10544,2023,03,28,8,48,臺中市,西屯區,0,0,0,8,1,5,50,4,2,1,5,4,5,7,4,4,5,4,5,2,13,16,3,10,1,1,C03,7,9,1,10,1,11,"  ",16,16,1,5,1,C03,120.655924,24.171946,4,66000,387130000C,(04)23289100,(04)25368667
10545,2023,03,28,8,50,臺中市,豐原區,0,0,0,8,,,50,,,,,,,,,,,,,,,6,"  ","  ","  ","  ",B12,"  ","  ",1,"  ",2,"  ","  ",6,"   ",1,22,"  ",B12,120.721282,24.277861,3,66000,387130000C,(04)23289100,(04)25368667
10546,2023,03,28,8,56,臺中市,沙鹿區,0,2,0,8,1,5,30,15,9,2,5,4,5,7,4,4,10,5,5,2,11,5,2,8,1,1,C03,7,15,1,10,2,11,"  ",5,5,1,18,9,C03,120.588894,24.19861,2,66000,387130000C,(04)23289100,(04)25368667
10547,2023,03,28,8,58,臺中市,北屯區,0,3,0,8,1,5,30,14,9,1,5,4,5,7,4,4,10,5,5,2,12,16,2,8,1,1,C03,7,9,1,10,2,14,"  ",16,16,1,22,8,C03,120.697942,24.177061,2,66000,387130000C,(04)23289100,(04)25368667
10548,2023,03,28,9,1,臺中市,西屯區,0,2,0,8,1,5,50,3,1,1,5,4,5,7,4,4,10,5,5,2,16,8,2,9,1,4,C03,7,5,1,10,2,14,"  ",8,8,1,22,8,C03,120.654875,24.198968,2,66000,387130000C,(04)23289100,(04)25368667
10549,2023,03,28,9,1,臺中市,神岡區,0,0,0,8,,,60,,,,,,,,,,,,,,,16,"  ","  ","  ","  ",B03,"  ","  ",1,"  ",2,"  ","  ",16,"   ",1,22,"  ",B03,120.695282,24.232793,3,66000,387130000C,(04)23289100,(04)25368667
10550,2023,03,28,9,3,臺中市,后里區,0,0,0,8,,,50,,,,,,,,,,,,,,,23,"  ","  ","  ","  ",B03,"  ","  ",1,"  ",2,"  ","  ",23,"   ",1,5,"  ",B03,120.721588,24.309016,3,66000,387130000C,(04)23289100,(04)25368667
10551,2023,03,28,9,5,臺中市,北區,0,2,0,8,1,5,50,4,1,1,5,4,5,7,1,1,5,4,5,2,16,8,2,9,1,1,C03,7,5,1,10,2,11,"  ",8,8,1,5,8,C03,120.675156,24.16698,2,66000,387130000C,(04)23289100,(04)25368667
10552,2023,03,28,9,5,臺中市,大里區,0,0,0,8,,,60,,,,,,,,,,,,,,,7,"  ","  ","  ","  ",C03,"  ","  ",1,"  ",2,"  ","  ",7,"   ",1,22,"  ",C03,120.684871,24.09709,3,66000,387130000C,(04)23289100,(04)25368667
10553,2023,03,28,9,6,臺中市,北屯區,0,1,0,8,1,5,50,5,1,1,5,4,5,7,1,1,10,5,5,2,17,6,3,10,1,1,B03,7,5,1,8,2,1,"  ",6,6,1,21,8,B03,120.695089,24.185355,2,66000,387130000C,(04)23289100,(04)25368667
10554,2023,03,28,9,13,臺中市,龍井區,0,3,0,8,1,5,40,4,1,1,5,4,5,7,1,1,1,5,5,2,16,25,2,8,1,1,B03,7,5,1,8,2,1,"  ",25,25,1,22,8,B03,120.582898,24.187285,2,66000,387130000C,(04)23289100,(04)25368667
10555,2023,03,28,9,20,臺中市,梧棲區,0,0,0,8,,,50,,,,,,,,,,,,,,,42,"  ","  ","  ","  ",B03,"  ","  ",1,"  ",1,"  ","  ",42,"   ",1,19,"  ",B03,120.53602,24.258917,3,66000,387130000C,(04)23289100,(04)25368667
10556,2023,03,28,9,22,臺中市,太平區,0,0,0,8,,,50,,,,,,,,,,,,,,,19,"  ","  ","  ","  ",C03,"  ","  ",1,"  ",1,"  ","  ",19,"   ",1,22,"  ",C03,120.700997,24.148036,3,66000,387130000C,(04)23289100,(04)25368667
10557,2023,03,28,9,23,臺中市,西屯區,0,0,0,8,,,40,,,,,,,,,,,,,,,23,"  ","  ","  ","  ",B03,"  ","  ",1,"  ",1,"  ","  ",23,"   ",1,22,"  ",B03,120.626236,24.178337,3,66000,387130000C,(04)23289100,(04)25368667
10558,2023,03,28,9,26,臺中市,西屯區,0,0,0,8,,,40,,,,,,,,,,,,,,,23,"  ","  ","  ","  ",A11,"  ","  ",1,"  ",1,"  ","  ",23,23,1,22,"  ",A11,120.63189,24.162268,3,66000,387130000C,(04)23289100,(04)25368667
10559,2023,03,28,9,27,臺中市,西區,0,0,0,8,1,5,50,4,2,1,5,4,5,7,1,1,5,4,5,2,13,23,"  ","  ","  ","  ",C03,"  ","  ",1,"  ",1,"  ","  ",23,"   ",1,19,"  ",C03,120.675492,24.133622,3,66000,387130000C,(04)23289100,(04)25368667
10560,2023,03,28,9,29,臺中市,北屯區,0,2,0,8,1,5,50,4,1,1,5,4,5,7,4,4,10,5,5,2,16,6,2,8,1,1,B03,7,5,1,8,2,4,"  ",6,6,1,21,8,B03,120.724507,24.167476,2,66000,387130000C,(04)23289100,(04)25368667
10561,2023,03,28,9,35,臺中市,大甲區,0,1,0,8,1,5,50,4,1,1,5,4,5,7,4,4,10,5,5,1,15,6,3,10,1,1,B03,7,9,1,8,2,1,"  ",6,6,1,22,8,B03,120.618137,24.351445,2,66000,387130000C,(04)23289100,(04)25368667
10562,2023,03,28,9,43,臺中市,清水區,0,1,0,8,1,5,50,4,1,1,5,4,5,7,1,1,10,5,5,2,12,17,3,10,1,1,B03,7,9,1,8,2,2,"  ",17,17,1,4,5,B03,120.577053,24.272998,2,66000,387130000C,(04)23289100,(04)25368667
10563,2023,03,28,9,44,臺中市,西區,0,2,0,8,1,5,50,4,1,1,5,4,5,7,4,4,10,5,5,2,15,6,2,9,1,1,C03,7,9,1,10,2,11,"  ",6,6,1,21,8,C03,120.666869,24.133901,2,66000,387130000C,(04)23289100,(04)25368667
10564,2023,03,28,9,52,臺中市,烏日區,0,0,0,8,,,60,,,,,,,,,,,,,,,23,"  ","  ","  ","  ",C03,"  ","  ",1,"  ",2,"  ","  ",23,"   ",1,21,"  ",C03,120.634183,24.106282,3,66000,387130000C,(04)23289100,(04)25368667
10565,2023,03,28,9,57,臺中市,南屯區,0,1,0,8,1,5,50,14,7,1,5,4,5,7,4,4,1,4,4,2,13,16,2,9,3,4,C03,7,9,1,10,2,11,"  ",16,16,1,4,9,C03,120.627848,24.144943,2,66000,387130000C,(04)23289100,(04)25368667
10566,2023,03,28,10,0,臺中市,大里區,0,0,0,8,1,5,50,14,13,1,5,4,5,7,4,4,9,5,5,1,17,23,"  ","  ","  ","  ",B03,"  ","  ",1,"  ",2,"  ","  ",23,"   ",1,5,"  ",B03,120.715256,24.099369,3,66000,387130000C,(04)23289100,(04)25368667
10567,2023,03,28,10,3,臺中市,太平區,0,1,0,8,1,5,50,4,1,1,5,4,5,7,1,1,10,5,5,2,16,6,3,10,1,1,A12,7,5,1,7,2,8,"  ",6,6,1,21,8,A12,120.729245,24.106828,2,66000,387130000C,(04)23289100,(04)25368667
10568,2023,03,28,10,6,臺中市,沙鹿區,0,1,0,8,1,5,50,3,1,1,5,4,5,7,4,4,10,5,5,2,16,6,3,10,1,1,B03,7,6,1,8,2,5,"  ",6,6,1,9,8,B03,120.568699,24.21668,2,66000,387130000C,(04)23289100,(04)25368667
10569,2023,03,28,10,8,臺中市,沙鹿區,0,0,0,8,1,5,50,14,9,1,5,4,5,7,1,1,4,4,5,2,27,23,2,9,1,1,C03,7,9,1,10,2,11,"  ",23,23,1,4,1,C03,120.571385,24.199228,3,66000,387130000C,(04)23289100,(04)25368667
10570,2023,03,28,10,10,臺中市,沙鹿區,0,1,0,8,1,5,50,4,9,1,5,4,5,7,1,1,4,3,4,1,12,1,2,9,1,1,C03,7,4,1,10,2,12,"  ",1,1,1,22,8,C03,120.573294,24.222368,2,66000,387130000C,(04)23289100,(04)25368667
10571,2023,03,28,10,15,臺中市,南區,0,1,0,8,1,5,50,14,9,1,5,4,5,7,4,4,5,5,5,2,16,1,2,7,1,1,C03,7,4,1,10,2,12,"  ",1,1,1,18,8,C03,120.681113,24.123633,2,66000,387130000C,(04)23289100,(04)25368667
10572,2023,03,28,10,15,臺中市,東區,0,1,0,8,1,5,50,4,1,1,5,4,5,7,2,1,10,5,2,2,17,26,2,9,1,1,C03,7,5,4,11,2,13,"  ",26,26,1,21,8,C03,120.690048,24.12703,2,66000,387130000C,(04)23289100,(04)25368667
10573,2023,03,28,10,20,臺中市,沙鹿區,0,0,0,8,,,40,,,,,,,,,,,,,,,23,"  ","  ","  ","  ",B03,"  ","  ",1,"  ",2,"  ","  ",23,"   ",1,22,"  ",B03,120.57459,24.229507,3,66000,387130000C,(04)23289100,(04)25368667
10574,2023,03,28,10,24,臺中市,外埔區,0,0,0,8,,,50,,,,,,,,,,,,,,,23,"  ","  ","  ","  ",A11,"  ","  ",1,"  ",2,"  ","  ",23,"   ",1,10,"  ",A11,120.642098,24.341638,4,66000,387130000C,(04)23289100,(04)25368667
10575,2023,03,28,10,26,臺中市,清水區,0,1,0,8,1,5,50,14,7,1,5,4,5,7,4,4,5,5,4,2,13,16,2,9,1,1,C03,7,9,1,10,2,12,"  ",16,26,1,21,8,C03,120.572451,24.273868,2,66000,387130000C,(04)23289100,(04)25368667
10576,2023,03,28,10,30,臺中市,大雅區,0,0,0,8,,,50,,,,,,,,,,,,,,,16,"  ","  ","  ","  ",A12,"  ","  ",1,"  ",2,"  ","  ",16,"   ",1,22,"  ",A12,120.649809,24.213705,4,66000,387130000C,(04)23289100,(04)25368667
10577,2023,03,28,10,30,臺中市,東區,0,2,0,8,1,5,50,3,1,1,5,4,5,7,4,4,10,5,5,2,13,16,2,9,1,1,C03,7,9,1,10,2,11,"  ",16,16,1,22,8,C03,120.686831,24.143065,2,66000,387130000C,(04)23289100,(04)25368667
10578,2023,03,28,10,30,臺中市,南區,0,0,0,,,,50,,,,,,,,,,,,,,,23,"  ","  ","  ","  ",B03,"  ","  ",1,"  ",2,"  ","  ",23,"   ",1,5,"  ",B03,120.662382,24.120947,3,66000,387130000C,(04)23289100,(04)25368667
10579,2023,03,28,10,31,臺中市,西屯區,0,0,0,8,,,50,,,,,,,,,,,,,,,23,"  ","  ","  ","  ",B03,"  ","  ",1,"  ",1,"  ","  ",23,"   ",1,4,"  ",B03,120.612108,24.184295,3,66000,387130000C,(04)23289100,(04)25368667
10580,2023,03,28,10,35,臺中市,東區,0,1,0,8,1,5,50,4,2,1,5,4,5,7,3,1,10,5,5,2,12,23,3,10,1,1,B03,7,9,1,8,2,2,"  ",23,23,1,4,8,B03,120.692536,24.146241,2,66000,387130000C,(04)23289100,(04)25368667
10581,2023,03,28,10,35,臺中市,北屯區,0,2,0,8,1,5,50,14,9,1,5,4,5,7,1,1,5,5,5,2,17,7,2,9,1,1,F02,7,7,8,20,2,15,"  ",7,7,1,4,8,F02,120.726858,24.174103,2,66000,387130000C,(04)23289100,(04)25368667
10582,2023,03,28,10,39,臺中市,梧棲區,0,0,0,,,,40,,,,,,,,,,,,,,,12,"  ","  ","  ","  ",A12,"  ","  ",1,"  ",2,"  ","  ",12,"   ",1,4,"  ",A12,120.530615,24.241316,3,66000,387130000C,(04)23289100,(04)25368667
10583,2023,03,28,10,41,臺中市,北區,0,0,0,8,,,50,,,,,,,,,,,,,,,16,"  ","  ","  ","  ",B12,"  ","  ",1,"  ",1,"  ","  ",16,"   ",1,5,"  ",B12,120.684855,24.159942,3,66000,387130000C,(04)23289100,(04)25368667
10584,2023,03,28,10,41,臺中市,龍井區,0,0,0,8,,,60,,,,,,,,,,,,,,,23,"  ","  ","  ","  ",B03,"  ","  ",1,"  ",2,"  ","  ",23,"   ",1,21,"  ",B03,120.53,24.22,3,66000,387130000C,(04)23289100,(04)25368667
10585,2023,03,28,10,42,臺中市,西屯區,0,0,0,8,,,50,,,,,,,,,,,,,,,6,"  ","  ","  ","  ",A06,"  ","  ",1,"  ",2,"  ","  ",6,6,1,12,"  ",A06,120.644571,24.194756,3,66000,387130000C,(04)23289100,(04)25368667
10586,2023,03,28,10,44,臺中市,東區,0,0,0,,,,50,,,,,,,,,,,,,,,23,"  ","  ","  ","  ",C03,"  ","  ",1,"  ",2,"  ","  ",23,"   ",1,5,"  ",C03,120.697171,24.136934,3,66000,387130000C,(04)23289100,(04)25368667
10587,2023,03,28,10,50,臺中市,豐原區,0,3,0,8,1,5,50,14,7,1,5,4,5,7,4,4,9,5,4,2,12,16,2,9,1,1,C03,7,9,4,8,2,11,"  ",16,16,1,19,5,C03,120.723367,24.251848,2,66000,387130000C,(04)23289100,(04)25368667
10588,2023,03,28,11,0,臺中市,北屯區,0,0,0,8,,,50,,,,,,,,,,,,,,,7,"  ","  ","  ","  ",A11,"  ","  ",1,"  ",1,"  ","  ",7,"   ",1,21,"  ",A11,120.693691,24.163834,3,66000,387130000C,(04)23289100,(04)25368667
10589,2023,03,28,11,2,臺中市,豐原區,0,1,0,8,1,5,50,14,7,1,5,4,5,7,4,4,5,5,4,2,18,42,2,9,1,1,C03,7,9,1,10,2,14,"  ",42,42,1,21,8,C03,120.724398,24.239041,2,66000,387130000C,(04)23289100,(04)25368667
10590,2023,03,28,11,4,臺中市,北屯區,0,1,0,8,1,5,50,3,1,1,5,4,5,7,1,1,10,5,5,2,13,16,2,8,1,1,C03,7,9,1,10,2,11,"  ",16,16,1,22,1,C03,120.70566,24.172837,2,66000,387130000C,(04)23289100,(04)25368667
10591,2023,03,28,11,6,臺中市,南屯區,0,0,0,8,1,5,30,15,9,1,5,4,5,7,4,4,10,5,5,2,17,40,"  ","  ","  ","  ",B11,"  ","  ",1,"  ",1,"  ","  ",40,"   ",1,5,"  ",B11,120.608868,24.134511,3,66000,387130000C,(04)23289100,(04)25368667
10592,2023,03,28,11,11,臺中市,西區,0,1,0,8,1,5,50,14,9,1,5,4,5,7,4,4,1,2,5,2,13,23,2,8,1,1,C03,7,9,1,10,2,11,"  ",23,23,1,22,9,C03,120.666537,24.14079,2,66000,387130000C,(04)23289100,(04)25368667
10593,2023,03,28,11,15,臺中市,南屯區,0,1,0,8,1,5,50,4,1,1,5,4,5,7,1,1,10,5,5,2,15,25,3,10,1,1,B01,7,9,1,4,2,4,"  ",25,25,1,22,8,B01,120.648711,24.147736,2,66000,387130000C,(04)23289100,(04)25368667
10594,2023,03,28,11,15,臺中市,大里區,0,3,0,8,1,5,50,4,1,1,5,4,5,7,1,1,10,5,5,2,16,25,2,9,1,1,C03,7,9,1,10,2,12,"  ",25,25,1,3,8,C03,120.695773,24.096526,2,66000,387130000C,(04)23289100,(04)25368667
10595,2023,03,28,11,16,臺中市,北屯區,0,0,0,8,,,50,,,,,,,,,,,,,,,23,"  ","  ","  ","  ",B03,"  ","  ",1,"  ",1,"  ","  ",23,"   ",1,21,"  ",B03,120.699698,24.164923,3,66000,387130000C,(04)23289100,(04)25368667
10596,2023,03,28,11,24,臺中市,龍井區,0,0,0,8,,,50,,,,,,,,,,,,,,,23,"  ","  ","  ","  ",C03,"  ","  ",1,"  ",2,"  ","  ",23,"   ",1,22,"  ",C03,120.585245,24.181948,3,66000,387130000C,(04)23289100,(04)25368667
10597,2023,03,28,11,30,臺中市,大雅區,0,1,0,8,1,5,50,4,1,1,5,4,5,7,4,4,10,4,5,1,15,6,2,9,1,1,C03,7,9,1,10,2,11,"  ",6,6,1,22,9,C03,120.650902,24.217735,2,66000,387130000C,(04)23289100,(04)25368667
10598,2023,03,28,11,33,臺中市,北區,0,1,0,8,1,5,50,4,18,1,5,4,5,7,1,1,10,5,5,2,3,15,3,10,1,1,B03,7,5,1,8,2,15,"  ",15,15,1,22,9,B03,120.673313,24.166785,2,66000,387130000C,(04)23289100,(04)25368667