序號,年,月,日,時,分,縣市,區,死亡數量,受傷數量,2-30,天候,光線,道路類別,速限_速度(公里),道路型態,事故位置,路面鋪裝,路面狀態,路面缺陷,障礙物,視距,號誌種類,號誌動作,分向設施,快車道或一般車道間,快慢車道間,路面邊線,事故類型及型態,主要肇因,受傷程度,主要傷處,保護裝備,行動電話,當事者區分,車輛用途,當事者行動狀態,駕駛資格情形,駕駛執照種類,飲酒情形,車輛撞擊部位最初,車輛撞擊部位其他,肇事因素個別,肇事因素主要,肇事逃逸,職業,旅次目的,車種,GPS座標X,GPS座標Y,事故類別,縣市別代碼,機關代碼,市話,傳真
10599,2023,03,28,11,33,臺中市,西屯區,0,1,0,8,1,5,50,4,1,1,5,4,5,7,2,1,10,5,5,2,13,16,2,7,1,1,C03,7,9,1,10,1,11,"  ",16,16,1,5,8,C03,120.644268,24.171377,2,66000,387130000C,(04)23289100,(04)25368667
10600,2023,03,28,11,48,臺中市,南屯區,0,1,0,7,1,5,50,14,9,1,5,4,5,7,4,4,10,5,5,2,18,42,2,9,1,4,C03,7,1,1,10,2,14,"  ",42,42,1,22,8,C03,120.638393,24.137987,2,66000,387130000C,(04)23289100,(04)25368667
10601,2023,03,28,11,52,臺中市,潭子區,0,0,0,8,,,50,,,,,,,,,,,,,,,19,"  ","  ","  ","  ",B03,"  ","  ",1,"  ",2,"  ","  ",19,"   ",1,22,"  ",B03,120.722619,24.203621,3,66000,387130000C,(04)23289100,(04)25368667
10602,2023,03,28,11,52,臺中市,西屯區,0,0,0,8,,,50,,,,,,,,,,,,,,,44,"  ","  ","  ","  ",B03,"  ","  ",1,"  ",2,"  ","  ",44,"   ",1,12,"  ",B03,120.64414,24.195061,3,66000,387130000C,(04)23289100,(04)25368667
10603,2023,03,28,11,53,臺中市,后里區,0,0,0,,,,30,,,,,,,,,,,,,,,42,"  ","  ","  ","  ",A11,"  ","  ",1,"  ",2,"  ","  ",42,42,1,4,"  ",A11,120.692451,24.31386,3,66000,387130000C,(04)23289100,(04)25368667
10604,2023,03,28,11,53,臺中市,后里區,0,1,0,8,1,5,30,14,9,1,5,4,5,7,4,4,10,5,5,2,18,23,2,7,1,1,C03,7,6,1,10,2,12,"  ",23,23,1,21,1,C03,120.718275,24.308211,2,66000,387130000C,(04)23289100,(04)25368667
10605,2023,03,28,11,54,臺中市,西區,0,2,0,8,1,5,50,4,1,1,5,4,5,7,3,1,10,5,5,2,16,6,2,9,1,1,C03,7,6,1,10,2,11,"  ",6,6,1,23,8,C03,120.662374,24.161842,2,66000,387130000C,(04)23289100,(04)25368667
10606,2023,03,28,11,54,臺中市,外埔區,0,0,0,8,,,50,,,,,,,,,,,,,,,6,"  ","  ","  ","  ",B03,"  ","  ",1,"  ",2,"  ","  ",6,"   ",1,20,"  ",B03,120.655013,24.344242,3,66000,387130000C,(04)23289100,(04)25368667
10607,2023,03,28,12,0,臺中市,清水區,0,0,0,,,,70,,,,,,,,,,,,,,,7,"  ","  ","  ","  ",A12,"  ","  ",1,"  ",2,"  ","  ",7,"   ",1,10,"  ",A12,120.592999,24.304468,3,66000,387130000C,(04)23289100,(04)25368667
10608,2023,03,28,12,2,臺中市,清水區,0,0,0,8,,,40,,,,,,,,,,,,,,,12,"  ","  ","  ","  ",B03,"  ","  ",1,"  ",1,"  ","  ",12,12,1,21,"  ",B03,120.566741,24.269333,3,66000,387130000C,(04)23289100,(04)25368667
10609,2023,03,28,12,4,臺中市,潭子區,0,0,0,8,,,50,,,,,,,,,,,,,,,23,"  ","  ","  ","  ",B03,"  ","  ",1,"  ",2,"  ","  ",23,"   ",1,22,"  ",B03,120.705623,24.211553,3,66000,387130000C,(04)23289100,(04)25368667
10610,2023,03,28,12,6,臺中市,南區,0,0,0,8,,,50,,,,,,,,,,,,,,,25,"  ","  ","  ","  ",C03,"  ","  ",6,10,2,"  ","  ",25,25,1,22,"  ",C03,120.660486,24.123575,3,66000,387130000C,(04)23289100,(04)25368667
10611,2023,03,28,12,7,臺中市,神岡區,0,0,0,8,,,40,,,,,,,,,,,,,,,12,"  ","  ","  ","  ",B12,"  ","  ",1,"  ",2,"  ","  ",12,"   ",1,22,"  ",B12,120.66116,24.25766,3,66000,387130000C,(04)23289100,(04)25368667
10612,2023,03,28,12,9,臺中市,龍井區,0,2,0,8,1,5,30,14,9,1,5,4,5,7,4,4,9,5,4,2,16,6,2,7,1,1,C03,7,5,1,10,2,14,"  ",6,6,1,22,8,C03,120.587193,24.18127,2,66000,387130000C,(04)23289100,(04)25368667
10613,2023,03,28,12,10,臺中市,南區,0,0,0,,,,50,,,,,,,,,,,,,,,12,"  ","  ","  ","  ",B12,"  ","  ",1,"  ",2,"  ","  ",12,"   ",1,5,"  ",B12,120.64705,24.113097,3,66000,387130000C,(04)23289100,(04)25368667
10614,2023,03,28,12,16,臺中市,南屯區,0,0,0,8,,,50,,,,,,,,,,,,,,,42,"  ","  ","  ","  ",C03,"  ","  ",1,"  ",1,"  ","  ",42,"   ",1,22,"  ",C03,120.650139,24.148417,3,66000,387130000C,(04)23289100,(04)25368667
10615,2023,03,28,12,20,臺中市,豐原區,0,1,0,7,1,5,50,14,7,1,5,4,5,7,4,4,5,5,4,2,13,16,2,9,1,1,C03,7,9,1,10,2,11,"  ",16,16,1,22,8,C03,120.706202,24.2495,2,66000,387130000C,(04)23289100,(04)25368667
10616,2023,03,28,12,23,臺中市,西區,0,0,0,8,,,40,,,,,,,,,,,,,,,7,"  ","  ","  ","  ",C03,"  ","  ",1,"  ",2,"  ","  ",7,"   ",1,21,"  ",C03,120.658463,24.157328,3,66000,387130000C,(04)23289100,(04)25368667
10617,2023,03,28,12,25,臺中市,西屯區,0,1,0,8,1,5,50,14,9,1,5,4,5,7,4,4,1,4,5,2,13,16,2,8,1,1,C03,7,9,1,10,2,11,"  ",16,16,1,4,8,C03,120.657564,24.200134,2,66000,387130000C,(04)23289100,(04)25368667
10618,2023,03,28,12,26,臺中市,豐原區,0,1,0,8,1,5,30,4,1,1,5,4,5,7,4,4,5,5,4,2,15,14,2,9,1,1,C03,7,9,1,10,2,14,"  ",14,14,1,22,8,C03,120.716569,24.252336,2,66000,387130000C,(04)23289100,(04)25368667
10619,2023,03,28,12,31,臺中市,霧峰區,0,2,0,8,1,5,40,3,1,1,5,4,5,7,4,4,5,5,5,1,13,9,3,10,1,1,C03,7,6,1,10,2,13,"  ",9,9,1,18,8,C03,120.708713,24.074067,2,66000,387130000C,(04)23289100,(04)25368667
10620,2023,03,28,12,35,臺中市,西區,0,0,0,8,,,50,,,,,,,,,,,,,,,23,"  ","  ","  ","  ",B03,"  ","  ",1,8,1,"  ","  ",23,16,1,22,"  ",B03,120.673517,24.147762,3,66000,387130000C,(04)23289100,(04)25368667
10621,2023,03,28,12,36,臺中市,大里區,0,0,0,8,,,50,,,,,,,,,,,,,,,26,"  ","  ","  ","  ",B03,"  ","  ",1,"  ",2,"  ","  ",26,"   ",1,5,"  ",B03,120.689951,24.100805,3,66000,387130000C,(04)23289100,(04)25368667
10622,2023,03,28,12,38,臺中市,西屯區,0,0,0,8,,,40,,,,,,,,,,,,,,,42,"  ","  ","  ","  ",B03,"  ","  ",1,"  ",2,"  ","  ",42,"   ",1,22,"  ",B03,120.641076,24.167898,3,66000,387130000C,(04)23289100,(04)25368667
10623,2023,03,28,12,39,臺中市,西屯區,0,1,0,8,1,5,50,14,9,1,5,4,5,7,4,4,8,3,5,2,17,12,3,10,1,1,B12,7,2,1,8,2,6,"  ",12,12,1,22,8,B12,120.647841,24.171535,2,66000,387130000C,(04)23289100,(04)25368667
10624,2023,03,28,12,43,臺中市,南屯區,0,1,0,8,1,5,50,14,7,1,5,4,5,7,4,4,3,4,4,2,17,26,3,10,1,1,B12,7,6,1,8,11,2,"  ",26,26,1,22,8,B12,120.623511,24.140755,2,66000,387130000C,(04)23289100,(04)25368667
10625,2023,03,28,12,54,臺中市,西屯區,0,0,0,8,1,5,50,4,2,1,5,4,2,5,2,1,5,5,4,2,13,16,3,10,1,1,C03,7,9,1,10,1,11,"  ",16,16,1,18,5,C03,120.637274,24.1756,3,66000,387130000C,(04)23289100,(04)25368667
10626,2023,03,28,12,55,臺中市,北屯區,0,1,0,8,1,5,50,4,1,1,5,4,5,7,4,4,10,5,5,2,17,23,2,9,1,1,C03,7,9,1,10,2,14,"  ",23,23,1,21,8,C03,120.680405,24.179329,2,66000,387130000C,(04)23289100,(04)25368667
10627,2023,03,28,12,57,臺中市,石岡區,0,0,0,8,,,30,,,,,,,,,,,,,,,23,"  ","  ","  ","  ",B03,"  ","  ",1,"  ",2,"  ","  ",23,"   ",1,21,"  ",B03,120.792876,24.273445,3,66000,387130000C,(04)23289100,(04)25368667
10628,2023,03,28,13,5,臺中市,龍井區,0,1,0,8,1,5,50,3,1,1,5,4,5,7,3,1,9,4,5,2,17,6,3,10,1,1,C03,7,5,1,10,2,11,"  ",6,6,1,22,8,C03,120.57435,24.196425,2,66000,387130000C,(04)23289100,(04)25368667
10629,2023,03,28,13,10,臺中市,北屯區,0,0,0,8,,,50,,,,,,,,,,,,,,,42,"  ","  ","  ","  ",B03,"  ","  ",1,"  ",1,"  ","  ",42,"   ",1,5,"  ",B03,120.713246,24.18019,3,66000,387130000C,(04)23289100,(04)25368667
10630,2023,03,28,13,10,臺中市,北屯區,0,0,0,8,,,50,,,,,,,,,,,,,,,23,"  ","  ","  ","  ",B03,"  ","  ",1,"  ",1,"  ","  ",23,"   ",1,22,"  ",B03,120.702009,24.185282,3,66000,387130000C,(04)23289100,(04)25368667
10631,2023,03,28,13,15,臺中市,大里區,0,2,0,8,1,5,50,4,1,1,5,4,5,7,3,1,10,5,5,2,16,6,2,9,1,1,C03,7,9,1,10,2,14,"  ",6,6,1,3,8,C03,120.696915,24.08276,2,66000,387130000C,(04)23289100,(04)25368667
10632,2023,03,28,13,17,臺中市,大雅區,0,2,0,8,1,5,50,11,9,1,5,4,5,7,4,4,5,5,5,1,11,26,2,3,1,1,C03,7,5,1,10,2,11,"  ",26,26,1,21,8,C03,120.646775,24.225817,2,66000,387130000C,(04)23289100,(04)25368667
10633,2023,03,28,13,24,臺中市,潭子區,0,0,0,8,,,80,,,,,,,,,,,,,,,48,"  ","  ","  ","  ",B03,"  ","  ",1,"  ",2,"  ","  ",48,"   ",1,22,"  ",B03,120.696555,24.201,3,66000,387130000C,(04)23289100,(04)25368667
10634,2023,03,28,13,25,臺中市,東區,0,1,0,8,1,5,50,14,8,1,5,4,5,7,4,4,5,5,4,2,16,23,2,9,1,1,C03,7,9,1,10,2,11,"  ",23,23,1,22,8,C03,120.694957,24.129769,2,66000,387130000C,(04)23289100,(04)25368667
10635,2023,03,28,13,28,臺中市,豐原區,0,0,0,8,,,30,,,,,,,,,,,,,,,12,"  ","  ","  ","  ",B11,"  ","  ",1,"  ",2,"  ","  ",12,"   ",1,9,"  ",B11,120.722938,24.265471,3,66000,387130000C,(04)23289100,(04)25368667
10636,2023,03,28,13,29,臺中市,大雅區,0,0,0,8,,,50,,,,,,,,,,,,,,,26,"  ","  ","  ","  ",C03,"  ","  ",1,"  ",2,"  ","  ",26,"   ",1,22,"  ",C03,120.65178,24.227995,3,66000,387130000C,(04)23289100,(04)25368667
10637,2023,03,28,13,31,臺中市,豐原區,0,1,0,7,1,5,40,4,2,1,5,4,5,7,4,4,5,5,4,2,12,10,3,10,1,1,B12,7,11,1,8,2,8,"  ",10,10,1,22,8,B12,120.71882,24.250059,2,66000,387130000C,(04)23289100,(04)25368667
10638,2023,03,28,13,32,臺中市,西區,0,0,0,8,,,50,,,,,,,,,,,,,,,43,"  ","  ","  ","  ","   ","  ","  ","  ","  ","  ","  ","  ",43,"   ",1,"  ","  ","   ",120.656706,24.145485,3,66000,387130000C,(04)23289100,(04)25368667
10639,2023,03,28,13,37,臺中市,霧峰區,0,1,0,8,1,5,50,4,1,1,5,4,5,7,1,1,10,5,5,2,16,6,3,10,1,1,B03,7,6,1,8,2,2,"  ",6,6,1,4,8,B03,120.671291,24.043189,2,66000,387130000C,(04)23289100,(04)25368667
10640,2023,03,28,13,39,臺中市,西區,0,1,0,8,1,5,50,5,1,1,5,4,5,7,1,1,10,5,5,2,17,44,3,10,1,1,C03,7,5,1,10,2,15,"  ",42,44,1,19,7,C03,120.67253,24.131787,2,66000,387130000C,(04)23289100,(04)25368667
10641,2023,03,28,13,43,臺中市,大甲區,0,0,0,,,,40,,,,,,,,,,,,,,,23,"  ","  ","  ","  ",A12,"  ","  ",1,"  ",2,"  ","  ",23,23,1,22,"  ",A12,120.609869,24.317894,3,66000,387130000C,(04)23289100,(04)25368667
10642,2023,03,28,13,45,臺中市,東區,0,0,0,8,1,5,50,14,7,1,5,4,5,7,4,4,1,4,5,2,13,23,3,10,1,1,B03,7,9,1,8,1,5,"  ",23,23,1,22,8,B03,120.700993,24.125207,3,66000,387130000C,(04)23289100,(04)25368667
10643,2023,03,28,13,46,臺中市,北區,0,1,0,8,1,5,50,4,2,1,5,4,5,7,1,1,1,4,5,2,13,23,3,10,1,1,B03,7,9,1,8,2,1,"  ",23,23,1,5,8,B03,120.674507,24.162862,2,66000,387130000C,(04)23289100,(04)25368667
10644,2023,03,28,13,50,臺中市,北區,0,0,0,8,,,50,,,,,,,,,,,,,,,6,"  ","  ","  ","  ",C03,"  ","  ",1,"  ",1,"  ","  ",6,"   ",1,5,"  ",C03,120.675153,24.171499,3,66000,387130000C,(04)23289100,(04)25368667
10645,2023,03,28,13,50,臺中市,東勢區,0,0,0,8,,,60,,,,,,,,,,,,,,,43,"  ","  ","  ","  ",A12,"  ","  ",1,"  ",9,"  ","  ",43,"   ",1,10,"  ",A12,120.837225,24.220403,3,66000,387130000C,(04)23289100,(04)25368667
10646,2023,03,28,13,58,臺中市,北區,0,0,0,8,,,50,,,,,,,,,,,,,,,26,"  ","  ","  ","  ",B03,"  ","  ",1,"  ",1,"  ","  ",26,"   ",1,22,"  ",B03,120.677341,24.151293,3,66000,387130000C,(04)23289100,(04)25368667
10647,2023,03,28,14,5,臺中市,大里區,0,0,0,8,,,40,,,,,,,,,,,,,,,23,"  ","  ","  ","  ",A11,"  ","  ",1,"  ",2,"  ","  ",23,"   ",1,10,"  ",A11,120.699976,24.093992,3,66000,387130000C,(04)23289100,(04)25368667
10648,2023,03,28,14,8,臺中市,北區,0,2,0,8,1,5,50,14,9,1,5,4,5,7,4,4,5,4,5,2,16,4,2,9,1,1,C03,7,1,1,10,2,14,"  ",4,4,1,4,8,C03,120.681806,24.167354,2,66000,387130000C,(04)23289100,(04)25368667
10649,2023,03,28,14,12,臺中市,西屯區,0,0,0,8,,,30,,,,,,,,,,,,,,,43,"  ","  ","  ","  ",A11,"  ","  ",1,"  ",9,"  ","  ",43,"   ",1,22,"  ",A11,120.642414,24.197275,3,66000,387130000C,(04)23289100,(04)25368667
10650,2023,03,28,14,17,臺中市,北屯區,0,0,0,8,,,50,,,,,,,,,,,,,,,1,"  ","  ","  ","  ",B03,"  ","  ",1,"  ",1,"  ","  ",1,"   ",1,22,"  ",B03,120.671094,24.175055,3,66000,387130000C,(04)23289100,(04)25368667
10651,2023,03,28,14,25,臺中市,中區,0,1,0,8,1,5,50,4,1,1,5,4,5,7,4,4,10,5,5,2,15,6,2,9,1,1,C03,7,9,1,10,2,12,"  ",6,6,1,21,8,C03,120.677496,24.144801,2,66000,387130000C,(04)23289100,(04)25368667
10652,2023,03,28,14,30,臺中市,西區,0,1,0,8,1,5,50,4,1,1,5,4,5,7,1,1,10,5,5,2,16,9,3,10,1,1,B03,7,6,1,8,2,2,"  ",9,9,1,21,8,B03,120.657259,24.135114,2,66000,387130000C,(04)23289100,(04)25368667
10653,2023,03,28,14,30,臺中市,北屯區,0,1,0,8,1,5,50,4,1,1,5,4,5,7,1,1,10,5,5,2,15,25,2,9,1,1,C03,7,9,1,10,2,14,"  ",25,25,1,5,8,C03,120.676344,24.184374,2,66000,387130000C,(04)23289100,(04)25368667
10654,2023,03,28,14,30,臺中市,神岡區,0,0,0,8,,,50,,,,,,,,,,,,,,,12,"  ","  ","  ","  ",B03,"  ","  ",1,"  ",1,"  ","  ",12,"   ",2,12,"  ",B03,120.686937,24.247466,3,66000,387130000C,(04)23289100,(04)25368667
10655,2023,03,28,14,31,臺中市,南屯區,0,1,0,8,1,5,50,4,1,1,5,4,5,7,4,4,10,5,5,2,15,6,2,9,1,1,C03,7,9,1,10,2,11,12,6,6,1,5,8,C03,120.645059,24.152403,2,66000,387130000C,(04)23289100,(04)25368667
10656,2023,03,28,14,39,臺中市,北屯區,0,0,0,8,,,50,,,,,,,,,,,,,,,23,"  ","  ","  ","  ",B03,"  ","  ",1,"  ",11,"  ","  ",23,"   ",1,22,"  ",B03,120.68751,24.20129,3,66000,387130000C,(04)23289100,(04)25368667
10657,2023,03,28,14,52,臺中市,北區,0,0,0,8,,,50,,,,,,,,,,,,,,,23,"  ","  ","  ","  ",A02,"  ","  ",1,"  ",2,"  ","  ",38,"   ",1,5,"  ",A02,120.685725,24.155948,3,66000,387130000C,(04)23289100,(04)25368667
10658,2023,03,28,14,52,臺中市,大里區,0,0,0,8,,,60,,,,,,,,,,,,,,,26,"  ","  ","  ","  ",B03,"  ","  ",1,"  ",2,"  ","  ",26,"   ",1,22,"  ",B03,120.687891,24.094591,3,66000,387130000C,(04)23289100,(04)25368667
10659,2023,03,28,15,5,臺中市,太平區,0,2,0,8,1,5,30,4,1,1,5,4,5,7,4,4,10,5,5,2,16,5,2,7,1,1,C03,7,6,1,10,2,12,"  ",23,5,1,21,8,C03,120.701654,24.146264,2,66000,387130000C,(04)23289100,(04)25368667
10660,2023,03,28,15,8,臺中市,太平區,0,0,0,8,,,30,,,,,,,,,,,,,,,19,"  ","  ","  ","  ",B03,"  ","  ",1,"  ",2,"  ","  ",19,"   ",1,22,"  ",B03,120.706897,24.117836,3,66000,387130000C,(04)23289100,(04)25368667
10661,2023,03,28,15,9,臺中市,霧峰區,0,0,0,8,1,1,40,14,8,1,5,4,5,7,1,1,1,4,4,2,13,23,"  ","  ","  ","  ",B12,"  ","  ",1,"  ",2,"  ","  ",23,"   ",1,22,"  ",B12,120.662014,24.068952,3,66000,387130000C,(04)23289100,(04)25368667
10662,2023,03,28,15,11,臺中市,中區,0,0,0,8,,,50,,,,,,,,,,,,,,,6,"  ","  ","  ","  ",B03,"  ","  ",1,"  ",2,"  ","  ",6,"   ",1,22,"  ",B03,120.681454,24.139382,3,66000,387130000C,(04)23289100,(04)25368667
10663,2023,03,28,15,15,臺中市,大雅區,0,0,0,8,,,30,,,,,,,,,,,,,,,19,"  ","  ","  ","  ",B03,"  ","  ",1,"  ",2,"  ","  ",19,"   ",1,22,"  ",B03,120.65539,24.233055,3,66000,387130000C,(04)23289100,(04)25368667
10664,2023,03,28,15,15,臺中市,大里區,0,2,0,8,1,5,50,4,1,1,5,4,5,7,1,1,1,4,5,1,12,6,2,9,1,1,C03,7,9,3,18,2,12,"  ",6,6,1,22,8,C03,120.680771,24.10579,2,66000,387130000C,(04)23289100,(04)25368667
10665,2023,03,28,15,19,臺中市,北屯區,0,0,0,,,,50,,,,,,,,,,,,,,,12,"  ","  ","  ","  ",B03,"  ","  ",1,"  ",2,"  ","  ",12,"   ",1,22,"  ",B03,120.690441,24.182581,3,66000,387130000C,(04)23289100,(04)25368667
10666,2023,03,28,15,19,臺中市,西屯區,0,1,0,8,1,5,50,14,9,1,5,4,5,7,3,1,8,3,5,1,17,23,2,9,1,1,C03,7,9,2,18,2,11,"  ",23,23,1,22,8,C03,120.603397,24.185609,2,66000,387130000C,(04)23289100,(04)25368667
10667,2023,03,28,15,22,臺中市,大雅區,0,1,0,8,1,5,50,14,8,1,5,4,5,7,4,4,1,5,4,1,12,6,3,10,1,1,B03,7,6,1,8,2,5,"  ",6,6,1,21,8,B03,120.646738,24.222107,2,66000,387130000C,(04)23289100,(04)25368667
10668,2023,03,28,15,24,臺中市,大里區,0,0,0,8,,,50,,,,,,,,,,,,,,,7,"  ","  ","  ","  ",B03,"  ","  ",1,"  ",2,"  ","  ",7,"   ",1,5,"  ",B03,120.69165,24.1004,3,66000,387130000C,(04)23289100,(04)25368667
10669,2023,03,28,15,29,臺中市,西屯區,0,0,0,8,,,50,,,,,,,,,,,,,,,16,"  ","  ","  ","  ",C03,"  ","  ",1,"  ",1,"  ","  ",16,"   ",1,22,"  ",C03,120.648763,24.168902,3,66000,387130000C,(04)23289100,(04)25368667
10670,2023,03,28,15,36,臺中市,西屯區,0,1,0,7,1,5,40,14,7,1,5,4,5,7,4,4,5,5,4,2,16,19,3,10,1,1,B03,7,1,1,8,2,8,"  ",19,19,1,21,8,B03,120.635804,24.168998,2,66000,387130000C,(04)23289100,(04)25368667
10671,2023,03,28,15,37,臺中市,大里區,0,0,0,8,,,50,,,,,,,,,,,,,,,17,"  ","  ","  ","  ",C03,"  ","  ",1,"  ",2,"  ","  ",17,"   ",1,22,"  ",C03,120.679898,24.109349,3,66000,387130000C,(04)23289100,(04)25368667
10672,2023,03,28,15,40,臺中市,西屯區,0,1,0,8,1,5,50,14,9,1,5,4,5,7,4,4,1,4,5,2,16,6,3,10,3,4,B11,7,6,1,8,2,5,"  ",6,6,1,22,8,B11,120.655736,24.198753,2,66000,387130000C,(04)23289100,(04)25368667
10673,2023,03,28,15,41,臺中市,新社區,0,0,0,,,,50,,,,,,,,,,,,,,,43,"  ","  ","  ","  ",B03,"  ","  ",1,"  ",2,"  ","  ",43,"   ",1,5,"  ",B03,120.811825,24.237962,3,66000,387130000C,(04)23289100,(04)25368667
10674,2023,03,28,15,45,臺中市,西區,0,1,0,8,1,5,50,4,1,1,5,4,5,7,1,1,10,5,5,2,17,25,3,10,1,1,B12,7,5,1,8,2,2,"  ",25,25,1,4,1,B12,120.672794,24.146902,2,66000,387130000C,(04)23289100,(04)25368667
10675,2023,03,28,15,45,臺中市,南區,0,0,0,8,,,50,,,,,,,,,,,,,,,23,"  ","  ","  ","  ",B12,"  ","  ",1,"  ",2,"  ","  ",23,"   ",1,22,"  ",B12,120.660004,24.124771,3,66000,387130000C,(04)23289100,(04)25368667
10676,2023,03,28,15,45,臺中市,西屯區,0,0,0,8,,,50,,,,,,,,,,,,,,,23,"  ","  ","  ","  ",B03,"  ","  ",1,"  ",11,"  ","  ",23,"   ",1,22,"  ",B03,120.642635,24.169418,3,66000,387130000C,(04)23289100,(04)25368667
10677,2023,03,28,15,55,臺中市,北屯區,0,1,0,8,3,5,50,4,1,1,5,4,5,7,1,1,10,5,5,2,17,6,3,10,1,1,B03,7,6,1,8,2,2,"  ",6,6,1,21,8,B03,120.702185,24.184528,2,66000,387130000C,(04)23289100,(04)25368667
10678,2023,03,28,15,55,臺中市,西屯區,0,0,0,8,,,50,,,,,,,,,,,,,,,6,"  ","  ","  ","  ",C03,"  ","  ",1,"  ",1,"  ","  ",6,"   ",1,21,"  ",C03,120.651768,24.16685,4,66000,387130000C,(04)23289100,(04)25368667
10679,2023,03,28,15,57,臺中市,大肚區,0,0,0,8,,,50,,,,,,,,,,,,,,,23,"  ","  ","  ","  ",B03,"  ","  ",1,"  ",2,"  ","  ",23,"   ",1,22,"  ",B03,120.574574,24.160134,3,66000,387130000C,(04)23289100,(04)25368667
10680,2023,03,28,16,0,臺中市,烏日區,0,2,0,8,1,5,50,4,1,1,5,4,5,7,1,1,9,4,4,2,16,9,2,9,2,1,F01,7,6,8,20,11,16,"  ",9,9,1,16,8,F01,120.607647,24.120939,2,66000,387130000C,(04)23289100,(04)25368667
10681,2023,03,28,16,6,臺中市,北屯區,0,1,0,8,1,5,50,3,1,1,5,4,5,7,1,1,10,5,5,2,16,6,3,10,1,1,B03,7,5,1,8,2,5,"  ",6,6,1,21,8,B03,120.699346,24.170247,2,66000,387130000C,(04)23289100,(04)25368667
10682,2023,03,28,16,6,臺中市,西屯區,0,1,0,8,1,5,50,14,7,1,5,4,5,7,1,1,5,5,4,2,13,16,2,9,3,4,C03,7,9,1,10,2,11,"  ",16,16,1,22,8,C03,120.666701,24.17115,2,66000,387130000C,(04)23289100,(04)25368667
10683,2023,03,28,16,6,臺中市,清水區,0,1,0,8,1,5,40,4,1,1,5,4,5,7,2,1,1,4,4,1,15,25,2,9,1,1,C03,7,9,3,18,2,14,"  ",25,25,1,19,8,C03,120.571383,24.275531,2,66000,387130000C,(04)23289100,(04)25368667
10684,2023,03,28,16,14,臺中市,梧棲區,0,0,0,8,,,50,,,,,,,,,,,,,,,10,"  ","  ","  ","  ",A05,"  ","  ",1,"  ",2,"  ","  ",10,10,1,10,"  ",A05,120.534231,24.253565,3,66000,387130000C,(04)23289100,(04)25368667
10685,2023,03,28,16,15,臺中市,南屯區,0,1,0,8,1,5,50,4,2,1,5,4,5,7,4,4,5,4,5,2,12,40,3,10,1,1,B03,7,14,1,8,2,4,"  ",40,40,1,22,8,B03,120.65026,24.136735,2,66000,387130000C,(04)23289100,(04)25368667
10686,2023,03,28,16,20,臺中市,清水區,0,0,0,,,,50,,,,,,,,,,,,,,,23,"  ","  ","  ","  ",B03,"  ","  ",1,"  ",2,"  ","  ",23,"   ",1,5,"  ",B03,120.550835,24.281178,3,66000,387130000C,(04)23289100,(04)25368667
10687,2023,03,28,16,22,臺中市,東區,0,2,0,8,1,5,50,3,1,1,5,4,5,7,4,4,5,5,5,2,16,8,2,9,1,1,C03,7,5,1,10,2,14,"  ",8,8,1,4,5,C03,120.6858,24.131226,2,66000,387130000C,(04)23289100,(04)25368667
10688,2023,03,28,16,28,臺中市,西區,0,0,0,8,,,50,,,,,,,,,,,,,,,12,"  ","  ","  ","  ",A05,"  ","  ",1,1,2,"  ","  ",12,12,2,22,"  ",A05,120.664679,24.139897,3,66000,387130000C,(04)23289100,(04)25368667
10689,2023,03,28,16,30,臺中市,東區,0,0,0,,,,50,,,,,,,,,,,,,,,23,"  ","  ","  ","  ",B03,"  ","  ",1,"  ",1,"  ","  ",23,"   ",1,22,"  ",B03,120.705352,24.130402,3,66000,387130000C,(04)23289100,(04)25368667
10690,2023,03,28,16,31,臺中市,大里區,0,1,0,8,1,5,50,3,1,1,5,4,5,7,4,4,10,5,5,1,17,23,2,9,1,1,C03,7,9,1,10,2,14,"  ",23,23,1,5,8,C03,120.690376,24.109988,2,66000,387130000C,(04)23289100,(04)25368667
10691,2023,03,28,16,33,臺中市,龍井區,0,0,0,8,,,30,,,,,,,,,,,,,,,17,"  ","  ","  ","  ",B12,"  ","  ",1,"  ",2,"  ","  ",17,"   ",1,10,"  ",B12,120.536505,24.17696,3,66000,387130000C,(04)23289100,(04)25368667
10692,2023,03,28,16,35,臺中市,沙鹿區,0,0,0,8,,,50,,,,,,,,,,,,,,,16,"  ","  ","  ","  ",B03,"  ","  ",1,"  ",2,"  ","  ",42,16,1,21,"  ",B03,120.570918,24.199817,3,66000,387130000C,(04)23289100,(04)25368667
10693,2023,03,28,16,37,臺中市,北屯區,0,0,0,8,,,50,,,,,,,,,,,,,,,23,"  ","  ","  ","  ",B12,"  ","  ",1,"  ",1,"  ","  ",23,"   ",1,5,"  ",B12,120.689475,24.173022,3,66000,387130000C,(04)23289100,(04)25368667