序號,年,月,日,時,分,縣市,區,死亡數量,受傷數量,2-30,天候,光線,道路類別,速限_速度(公里),道路型態,事故位置,路面鋪裝,路面狀態,路面缺陷,障礙物,視距,號誌種類,號誌動作,分向設施,快車道或一般車道間,快慢車道間,路面邊線,事故類型及型態,主要肇因,受傷程度,主要傷處,保護裝備,行動電話,當事者區分,車輛用途,當事者行動狀態,駕駛資格情形,駕駛執照種類,飲酒情形,車輛撞擊部位最初,車輛撞擊部位其他,肇事因素個別,肇事因素主要,肇事逃逸,職業,旅次目的,車種,GPS座標X,GPS座標Y,事故類別,縣市別代碼,機關代碼,市話,傳真
10694,2023,03,28,16,38,臺中市,北區,0,1,0,8,1,5,50,4,1,1,5,4,5,7,1,1,5,5,5,2,14,12,3,10,1,1,B03,7,2,1,8,2,7,"  ",12,12,1,21,8,B03,120.67997,24.160365,2,66000,387130000C,(04)23289100,(04)25368667
10695,2023,03,28,16,41,臺中市,霧峰區,0,2,0,8,1,5,50,14,7,1,5,4,5,7,4,4,4,4,4,2,16,26,2,9,1,1,C03,7,11,1,10,2,12,"  ",26,26,1,22,9,C03,120.698731,24.064779,2,66000,387130000C,(04)23289100,(04)25368667
10696,2023,03,28,16,41,臺中市,大里區,0,2,0,8,1,5,40,3,1,1,5,4,5,7,4,4,10,5,5,1,16,6,2,9,1,1,C03,7,6,1,10,2,14,"  ",6,6,1,4,8,C03,120.708991,24.087198,2,66000,387130000C,(04)23289100,(04)25368667
10697,2023,03,28,16,42,臺中市,大里區,0,1,0,8,1,5,50,5,1,1,5,4,5,7,4,4,5,4,4,2,15,6,3,10,1,1,B12,7,9,1,8,2,5,"  ",6,6,1,22,8,B12,120.675805,24.097739,2,66000,387130000C,(04)23289100,(04)25368667
10698,2023,03,28,16,43,臺中市,中區,0,1,0,8,1,5,50,4,1,1,5,4,5,7,3,1,10,5,5,2,17,6,3,10,1,1,B03,7,9,1,8,2,5,"  ",6,6,1,19,7,B03,120.675833,24.142835,2,66000,387130000C,(04)23289100,(04)25368667
10699,2023,03,28,16,45,臺中市,西屯區,0,1,0,8,1,5,50,3,2,1,5,4,5,7,4,4,1,3,5,1,17,6,3,10,1,1,B03,7,6,1,8,2,2,"  ",6,6,1,22,8,B03,120.647061,24.157285,2,66000,387130000C,(04)23289100,(04)25368667
10700,2023,03,28,16,46,臺中市,西屯區,0,0,0,8,,,50,,,,,,,,,,,,,,,7,"  ","  ","  ","  ",B03,"  ","  ",1,"  ",1,"  ","  ",7,"   ",1,22,"  ",B03,120.654372,24.168225,3,66000,387130000C,(04)23289100,(04)25368667
10701,2023,03,28,16,47,臺中市,西屯區,0,0,0,8,,,50,,,,,,,,,,,,,,,19,"  ","  ","  ","  ",B03,"  ","  ",1,"  ",1,"  ","  ",19,"   ",1,21,"  ",B03,120.618253,24.18525,3,66000,387130000C,(04)23289100,(04)25368667
10702,2023,03,28,16,50,臺中市,北屯區,0,0,0,8,,,50,,,,,,,,,,,,,,,16,"  ","  ","  ","  ",C03,"  ","  ",1,"  ",1,"  ","  ",16,"   ",1,5,"  ",C03,120.669415,24.177239,3,66000,387130000C,(04)23289100,(04)25368667
10703,2023,03,28,16,50,臺中市,烏日區,0,1,0,8,1,5,60,4,1,1,5,4,5,7,1,1,1,4,4,2,16,8,3,10,1,1,B03,7,5,1,8,2,2,"  ",8,8,1,21,8,B03,120.650166,24.111536,2,66000,387130000C,(04)23289100,(04)25368667
10704,2023,03,28,16,50,臺中市,神岡區,0,2,0,8,1,5,50,5,1,1,5,4,5,7,1,1,5,4,4,2,17,25,2,9,1,1,C03,7,9,1,10,2,11,"  ",25,25,1,12,8,C03,120.657015,24.264366,2,66000,387130000C,(04)23289100,(04)25368667
10705,2023,03,28,16,54,臺中市,大里區,0,1,0,8,1,5,50,4,1,1,5,4,5,7,1,1,10,4,4,1,16,25,3,10,1,1,B03,7,11,1,9,2,1,"  ",25,25,1,4,8,B03,120.698356,24.080595,2,66000,387130000C,(04)23289100,(04)25368667
10706,2023,03,28,16,57,臺中市,西屯區,0,0,0,8,,,40,,,,,,,,,,,,,,,23,"  ","  ","  ","  ",B03,"  ","  ",1,"  ",1,"  ","  ",23,"   ",1,22,"  ",B03,120.614976,24.18307,3,66000,387130000C,(04)23289100,(04)25368667
10707,2023,03,28,16,57,臺中市,西屯區,0,1,0,8,1,5,1,14,9,1,5,4,5,7,4,4,5,4,5,1,12,19,3,10,3,4,B12,7,1,1,8,2,8,"  ",19,19,1,22,8,B12,120.622556,24.192262,2,66000,387130000C,(04)23289100,(04)25368667
10708,2023,03,28,16,59,臺中市,西屯區,0,0,0,8,,,50,,,,,,,,,,,,,,,17,"  ","  ","  ","  ",B03,"  ","  ",1,"  ",2,"  ","  ",17,"   ",1,22,"  ",B03,120.644666,24.171518,4,66000,387130000C,(04)23289100,(04)25368667
10709,2023,03,28,16,59,臺中市,沙鹿區,0,0,0,8,,,60,,,,,,,,,,,,,,,42,"  ","  ","  ","  ",B12,"  ","  ",1,"  ",2,"  ","  ",42,"   ",1,10,"  ",B12,120.564449,24.23934,3,66000,387130000C,(04)23289100,(04)25368667
10710,2023,03,28,17,1,臺中市,豐原區,0,0,0,8,,,50,,,,,,,,,,,,,,,23,"  ","  ","  ","  ",B03,"  ","  ",1,"  ",2,"  ","  ",23,"   ",1,22,"  ",B03,120.712653,24.264416,3,66000,387130000C,(04)23289100,(04)25368667
10711,2023,03,28,17,2,臺中市,東區,0,0,0,8,,,50,,,,,,,,,,,,,,,7,"  ","  ","  ","  ",A05,"  ","  ",1,"  ",2,"  ","  ",7,"   ",1,5,"  ",A05,120.705379,24.137658,3,66000,387130000C,(04)23289100,(04)25368667
10712,2023,03,28,17,3,臺中市,西屯區,0,2,0,7,1,5,50,4,2,1,5,4,5,7,2,1,5,4,4,2,16,7,2,9,3,1,F01,7,7,8,20,2,16,"  ",7,7,1,15,2,F01,120.641297,24.173572,2,66000,387130000C,(04)23289100,(04)25368667
10713,2023,03,28,17,5,臺中市,大里區,0,2,0,8,1,5,50,4,1,1,5,4,5,7,1,1,10,5,5,1,15,23,2,9,2,1,F01,7,9,8,20,2,16,"  ",23,23,1,16,8,F01,120.685853,24.103281,2,66000,387130000C,(04)23289100,(04)25368667
10714,2023,03,28,17,13,臺中市,南屯區,0,2,0,8,1,5,50,4,1,1,5,4,5,7,2,1,10,5,5,2,17,25,2,9,1,1,C03,7,5,1,10,2,11,"  ",25,25,1,22,9,C03,120.653005,24.135751,2,66000,387130000C,(04)23289100,(04)25368667
10715,2023,03,28,17,14,臺中市,大肚區,0,1,0,8,1,5,50,5,2,1,5,4,5,7,4,4,10,5,5,2,16,9,2,9,1,1,C03,7,6,1,10,2,11,"  ",9,9,1,21,8,C03,120.548608,24.142987,2,66000,387130000C,(04)23289100,(04)25368667
10716,2023,03,28,17,15,臺中市,西屯區,0,1,0,8,1,5,50,3,1,1,5,4,5,7,4,4,10,5,5,2,16,10,3,10,3,4,B01,7,11,1,4,2,4,"  ",10,10,1,22,8,B01,120.621522,24.186203,2,66000,387130000C,(04)23289100,(04)25368667
10717,2023,03,28,17,15,臺中市,清水區,0,1,0,8,1,5,30,4,1,1,5,4,5,7,4,4,10,5,5,2,15,6,2,8,1,1,C03,7,9,1,10,2,11,"  ",6,6,1,21,8,C03,120.550371,24.265063,2,66000,387130000C,(04)23289100,(04)25368667
10718,2023,03,28,17,15,臺中市,梧棲區,0,2,0,8,1,5,50,3,1,1,5,4,5,7,4,4,10,5,5,2,16,6,2,9,1,1,C03,7,6,1,10,2,11,"  ",6,6,1,11,1,C03,120.533462,24.243921,2,66000,387130000C,(04)23289100,(04)25368667
10719,2023,03,28,17,16,臺中市,南區,0,1,0,8,2,5,50,3,1,1,5,4,5,7,3,1,10,5,5,2,3,23,3,10,1,1,C03,7,5,1,10,2,11,"  ",23,23,1,22,8,C03,120.651658,24.114922,2,66000,387130000C,(04)23289100,(04)25368667
10720,2023,03,28,17,18,臺中市,霧峰區,0,1,0,8,1,5,50,3,1,1,5,4,5,7,4,4,5,4,5,1,16,6,3,10,1,1,B12,7,5,1,8,2,4,"  ",6,6,1,22,9,B12,120.714967,24.041886,2,66000,387130000C,(04)23289100,(04)25368667
10721,2023,03,28,17,19,臺中市,南屯區,0,1,0,8,1,5,30,14,9,1,5,2,5,7,4,4,10,5,5,2,18,23,2,9,1,1,C03,7,9,1,10,2,14,"  ",23,23,1,22,8,C03,120.605915,24.138013,2,66000,387130000C,(04)23289100,(04)25368667
10722,2023,03,28,17,20,臺中市,清水區,0,0,0,8,,,50,,,,,,,,,,,,,,,12,"  ","  ","  ","  ",B03,"  ","  ",1,"  ",2,"  ","  ",12,"   ",1,21,"  ",B03,120.573879,24.266426,3,66000,387130000C,(04)23289100,(04)25368667
10723,2023,03,28,17,26,臺中市,北屯區,0,1,0,8,1,5,50,4,1,1,5,4,5,7,1,1,10,5,5,2,13,23,3,10,1,1,C03,7,9,1,10,2,11,"  ",23,23,1,21,8,C03,120.685425,24.171908,2,66000,387130000C,(04)23289100,(04)25368667
10724,2023,03,28,17,27,臺中市,太平區,0,2,0,8,1,5,30,3,1,1,5,4,5,7,4,4,10,5,5,2,16,6,2,9,1,1,C03,7,5,1,10,2,11,"  ",6,6,1,22,8,C03,120.701934,24.112393,2,66000,387130000C,(04)23289100,(04)25368667
10725,2023,03,28,17,30,臺中市,沙鹿區,0,1,0,8,1,5,50,4,2,1,5,4,5,7,3,1,10,5,5,2,17,23,3,10,1,1,B12,7,5,1,8,2,8,"  ",23,23,1,4,1,B12,120.574027,24.215419,2,66000,387130000C,(04)23289100,(04)25368667
10726,2023,03,28,17,33,臺中市,北屯區,0,2,0,7,2,5,50,4,1,1,5,4,5,7,1,1,10,5,5,2,16,26,3,10,1,1,C03,7,9,6,10,2,12,"  ",26,26,1,21,8,C03,120.704489,24.164917,2,66000,387130000C,(04)23289100,(04)25368667
10727,2023,03,28,17,34,臺中市,太平區,0,2,0,8,2,5,50,14,9,1,5,4,5,7,4,4,5,5,5,2,16,8,2,9,1,1,F02,7,5,8,20,2,16,"  ",8,8,1,21,8,F02,120.718947,24.122097,2,66000,387130000C,(04)23289100,(04)25368667
10728,2023,03,28,17,34,臺中市,龍井區,0,0,0,8,,,30,,,,,,,,,,,,,,,12,"  ","  ","  ","  ",B03,"  ","  ",1,"  ",1,"  ","  ",12,"   ",1,22,"  ",B03,120.593294,24.186354,3,66000,387130000C,(04)23289100,(04)25368667
10729,2023,03,28,17,35,臺中市,太平區,0,1,0,8,1,5,50,14,9,1,5,4,5,7,4,4,10,5,5,2,17,26,3,10,1,1,C03,7,9,1,10,2,11,"  ",26,26,1,21,8,C03,120.733746,24.142966,2,66000,387130000C,(04)23289100,(04)25368667
10730,2023,03,28,17,38,臺中市,北屯區,0,0,0,8,,,40,,,,,,,,,,,,,,,42,"  ","  ","  ","  ",C03,"  ","  ",1,"  ",1,"  ","  ",42,"   ",1,18,"  ",C03,120.7195,24.1801,3,66000,387130000C,(04)23289100,(04)25368667
10731,2023,03,28,17,38,臺中市,西屯區,0,1,0,8,1,5,50,4,1,1,5,4,5,7,1,1,10,5,5,2,16,6,2,9,3,4,C03,7,9,6,18,2,11,"  ",14,6,1,22,8,C03,120.617498,24.185346,2,66000,387130000C,(04)23289100,(04)25368667
10732,2023,03,28,17,42,臺中市,西區,0,1,0,8,1,5,50,4,1,1,5,4,5,7,2,1,10,5,5,2,1,15,3,10,1,1,B01,7,9,1,4,2,1,"  ",15,15,1,5,5,B01,120.669809,24.14734,2,66000,387130000C,(04)23289100,(04)25368667
10733,2023,03,28,17,43,臺中市,北區,0,1,0,8,1,5,40,3,1,1,5,4,5,7,4,4,5,5,4,2,16,10,3,10,1,1,C03,7,11,1,10,2,11,"  ",10,10,1,22,8,C03,120.670329,24.156195,2,66000,387130000C,(04)23289100,(04)25368667
10734,2023,03,28,17,43,臺中市,太平區,0,1,0,8,3,5,50,4,1,1,5,4,5,7,4,4,10,5,5,2,16,23,2,8,1,1,F03,7,9,8,20,2,16,"  ",23,23,1,22,8,F03,120.725227,24.144179,2,66000,387130000C,(04)23289100,(04)25368667
10735,2023,03,28,17,44,臺中市,烏日區,0,0,0,8,1,5,50,14,8,1,5,4,5,7,4,4,1,4,4,1,16,23,"  ","  ","  ","  ",B03,"  ","  ",1,"  ",2,"  ","  ",23,"   ",1,22,"  ",B03,120.606662,24.108382,3,66000,387130000C,(04)23289100,(04)25368667
10736,2023,03,28,17,48,臺中市,北屯區,0,0,0,8,,,50,,,,,,,,,,,,,,,16,"  ","  ","  ","  ",C03,"  ","  ",1,"  ",1,"  ","  ",16,"   ",1,5,"  ",C03,120.729701,24.171485,3,66000,387130000C,(04)23289100,(04)25368667
10737,2023,03,28,17,55,臺中市,潭子區,0,2,0,8,1,5,50,4,1,1,5,4,5,7,1,1,5,4,4,2,17,6,2,8,1,1,C03,7,5,1,10,2,12,"  ",6,6,1,22,8,C03,120.678911,24.204479,2,66000,387130000C,(04)23289100,(04)25368667
10738,2023,03,28,17,55,臺中市,西屯區,0,1,0,8,2,5,50,14,9,1,5,4,5,7,4,4,5,5,5,2,3,23,3,10,1,1,B03,7,9,1,8,2,1,"  ",23,23,1,22,8,B03,120.623944,24.185416,2,66000,387130000C,(04)23289100,(04)25368667
10739,2023,03,28,17,55,臺中市,西屯區,0,1,0,8,3,5,50,3,1,1,5,4,5,7,2,1,10,5,5,2,16,7,3,10,3,4,B03,7,8,1,8,2,2,"  ",7,7,1,22,8,B03,120.634098,24.167612,2,66000,387130000C,(04)23289100,(04)25368667
10740,2023,03,28,17,56,臺中市,西屯區,0,1,0,8,2,5,50,4,1,1,5,4,5,7,1,1,10,5,5,2,16,8,2,8,1,1,C03,7,5,1,10,2,13,"  ",8,8,1,21,1,C03,120.597861,24.174944,2,66000,387130000C,(04)23289100,(04)25368667
10741,2023,03,28,17,59,臺中市,南屯區,0,0,0,8,,,50,,,,,,,,,,,,,,,12,"  ","  ","  ","  ",B03,"  ","  ",1,"  ",1,"  ","  ",12,"   ",1,22,"  ",B03,120.651327,24.143602,3,66000,387130000C,(04)23289100,(04)25368667
10742,2023,03,28,18,0,臺中市,北屯區,0,2,0,8,3,5,50,3,1,1,5,4,5,7,1,1,10,5,5,2,17,43,2,9,1,1,C03,7,9,1,10,2,12,"  ",43,43,1,21,8,C03,120.665915,24.182835,2,66000,387130000C,(04)23289100,(04)25368667
10743,2023,03,28,18,1,臺中市,大雅區,0,1,0,8,1,5,50,3,1,1,5,4,5,7,4,4,5,5,5,1,16,19,3,10,1,1,B12,7,1,1,8,2,4,"  ",19,19,1,22,8,B12,120.64461,24.225291,2,66000,387130000C,(04)23289100,(04)25368667
10744,2023,03,28,18,1,臺中市,沙鹿區,0,0,0,,,,50,,,,,,,,,,,,,,,18,"  ","  ","  ","  ",B03,"  ","  ",1,"  ",2,"  ","  ",18,"   ",1,21,"  ",B03,120.561048,24.242573,3,66000,387130000C,(04)23289100,(04)25368667
10745,2023,03,28,18,2,臺中市,大里區,0,0,0,8,,,50,,,,,,,,,,,,,,,42,"  ","  ","  ","  ",B03,"  ","  ",1,"  ",1,"  ","  ",42,"   ",1,5,"  ",B03,120.688131,24.094175,3,66000,387130000C,(04)23289100,(04)25368667
10746,2023,03,28,18,3,臺中市,西屯區,0,0,0,8,,,50,,,,,,,,,,,,,,,23,"  ","  ","  ","  ",B03,"  ","  ",1,"  ",11,"  ","  ",23,"   ",1,22,"  ",B03,120.588756,24.169778,3,66000,387130000C,(04)23289100,(04)25368667
10747,2023,03,28,18,8,臺中市,東區,0,2,0,8,2,5,50,4,2,1,5,4,5,7,2,1,5,4,5,2,12,17,2,9,1,1,C03,7,9,1,10,2,12,"  ",17,17,1,21,8,C03,120.685837,24.14315,2,66000,387130000C,(04)23289100,(04)25368667
10748,2023,03,28,18,9,臺中市,太平區,0,0,0,8,,,30,,,,,,,,,,,,,,,23,"  ","  ","  ","  ",B12,"  ","  ",1,"  ",2,"  ","  ",23,"   ",1,21,"  ",B12,120.702058,24.14879,3,66000,387130000C,(04)23289100,(04)25368667
10749,2023,03,28,18,13,臺中市,大里區,0,1,0,8,2,5,50,3,1,1,5,4,5,7,4,4,10,5,5,2,16,5,3,10,1,1,B12,7,5,1,8,2,4,"  ",5,5,1,4,8,B12,120.701335,24.094492,2,66000,387130000C,(04)23289100,(04)25368667
10750,2023,03,28,18,14,臺中市,西屯區,0,1,0,8,3,5,40,3,1,1,5,4,5,7,4,4,1,4,1,2,12,9,3,10,1,1,B03,7,6,1,8,2,2,"  ",9,9,1,22,8,B03,120.638405,24.169528,2,66000,387130000C,(04)23289100,(04)25368667
10751,2023,03,28,18,19,臺中市,梧棲區,0,0,0,8,,,50,,,,,,,,,,,,,,,23,"  ","  ","  ","  ",B03,"  ","  ",1,"  ",2,"  ","  ",23,"   ",1,9,"  ",B03,120.547428,24.233613,3,66000,387130000C,(04)23289100,(04)25368667
10752,2023,03,28,18,25,臺中市,西屯區,0,0,0,8,,,50,,,,,,,,,,,,,,,6,"  ","  ","  ","  ",B03,"  ","  ",1,"  ",1,"  ","  ",6,"   ",1,18,"  ",B03,120.614988,24.18503,3,66000,387130000C,(04)23289100,(04)25368667
10753,2023,03,28,18,28,臺中市,潭子區,0,0,0,8,,,60,,,,,,,,,,,,,,,42,"  ","  ","  ","  ",B03,"  ","  ",1,"  ",2,"  ","  ",42,"   ",1,22,"  ",B03,120.707048,24.224397,3,66000,387130000C,(04)23289100,(04)25368667
10754,2023,03,28,18,30,臺中市,西區,0,0,0,,,,,,,,,,,,,,,,,,,67,"  ","  ","  ","  ","   ","  ","  ","  ","  ","  ","  ","  ",67,"   ",1,"  ","  ","   ",120.649871,24.144947,3,66000,387130000C,(04)23289100,(04)25368667
10755,2023,03,28,18,30,臺中市,南區,0,0,0,,,,50,,,,,,,,,,,,,,,16,"  ","  ","  ","  ",C03,"  ","  ",1,"  ",2,"  ","  ",16,"   ",1,22,"  ",C03,120.670586,24.119074,3,66000,387130000C,(04)23289100,(04)25368667
10756,2023,03,28,18,30,臺中市,沙鹿區,0,0,0,8,,,40,,,,,,,,,,,,,,,7,"  ","  ","  ","  ",B03,"  ","  ",1,"  ",2,"  ","  ",7,"   ",1,4,"  ",B03,120.564691,24.23969,3,66000,387130000C,(04)23289100,(04)25368667
10757,2023,03,28,18,32,臺中市,西區,0,0,0,8,,,50,,,,,,,,,,,,,,,44,"  ","  ","  ","  ",A02,"  ","  ",1,"  ",1,"  ","  ",44,"   ",1,21,"  ",A02,120.679913,24.137942,3,66000,387130000C,(04)23289100,(04)25368667
10758,2023,03,28,18,32,臺中市,大里區,0,0,0,8,,,30,,,,,,,,,,,,,,,17,"  ","  ","  ","  ",B12,"  ","  ",1,"  ",2,"  ","  ",17,"   ",1,22,"  ",B12,120.667625,24.105628,3,66000,387130000C,(04)23289100,(04)25368667
10759,2023,03,28,18,35,臺中市,西屯區,0,1,0,8,3,5,50,3,1,1,5,4,5,7,4,4,10,5,5,2,16,10,3,10,3,4,B03,7,11,1,8,2,8,"  ",10,10,1,22,8,B03,120.658139,24.168093,2,66000,387130000C,(04)23289100,(04)25368667
10760,2023,03,28,18,37,臺中市,北屯區,0,0,0,8,,,50,,,,,,,,,,,,,,,12,"  ","  ","  ","  ",B03,"  ","  ",1,"  ",1,"  ","  ",12,"   ",1,21,"  ",B03,120.685565,24.167067,3,66000,387130000C,(04)23289100,(04)25368667
10761,2023,03,28,18,38,臺中市,太平區,0,0,0,8,,,50,,,,,,,,,,,,,,,23,"  ","  ","  ","  ",B03,"  ","  ",1,"  ",2,"  ","  ",23,"   ",1,21,"  ",B03,120.714133,24.138797,3,66000,387130000C,(04)23289100,(04)25368667
10762,2023,03,28,18,38,臺中市,龍井區,0,0,0,8,,,30,,,,,,,,,,,,,,,23,"  ","  ","  ","  ",B03,"  ","  ",1,"  ",2,"  ","  ",23,"   ",1,22,"  ",B03,120.592554,24.188695,3,66000,387130000C,(04)23289100,(04)25368667
10763,2023,03,28,18,40,臺中市,龍井區,0,1,0,8,3,5,70,5,1,1,5,4,5,7,1,1,10,5,5,2,17,4,2,9,3,1,F01,7,15,8,20,2,16,"  ",4,4,1,20,8,F01,120.536555,24.193983,2,66000,387130000C,(04)23289100,(04)25368667
10764,2023,03,28,18,45,臺中市,西區,0,2,0,8,3,5,50,4,1,1,5,4,5,7,1,1,10,5,5,2,13,16,2,8,1,1,C03,7,9,1,10,2,11,"  ",16,16,1,22,9,C03,120.675763,24.138754,2,66000,387130000C,(04)23289100,(04)25368667
10765,2023,03,28,18,46,臺中市,潭子區,0,0,0,8,,,80,,,,,,,,,,,,,,,16,"  ","  ","  ","  ",B12,"  ","  ",1,"  ",2,"  ","  ",16,"   ",1,22,"  ",B12,120.718102,24.197602,3,66000,387130000C,(04)23289100,(04)25368667
10766,2023,03,28,18,47,臺中市,潭子區,0,2,0,8,1,5,80,14,9,1,5,4,5,7,4,4,1,4,5,1,13,23,3,10,1,1,B03,7,9,1,8,2,1,"  ",23,23,1,22,8,B03,120.696555,24.201,2,66000,387130000C,(04)23289100,(04)25368667
10767,2023,03,28,18,48,臺中市,沙鹿區,0,0,0,8,,,50,,,,,,,,,,,,,,,23,"  ","  ","  ","  ",B03,"  ","  ",6,"  ",2,"  ","  ",23,"   ",1,21,"  ",B03,120.571621,24.242324,3,66000,387130000C,(04)23289100,(04)25368667
10768,2023,03,28,18,49,臺中市,西屯區,0,1,0,8,3,5,50,4,2,1,5,4,5,7,2,1,8,3,4,1,17,6,3,10,1,1,B03,7,5,1,8,2,8,"  ",6,6,1,22,8,B03,120.634376,24.165147,2,66000,387130000C,(04)23289100,(04)25368667
10769,2023,03,28,18,49,臺中市,大里區,0,0,0,8,,,30,,,,,,,,,,,,,,,12,"  ","  ","  ","  ",B03,"  ","  ",1,"  ",2,"  ","  ",12,"   ",1,22,"  ",B03,120.690109,24.087256,3,66000,387130000C,(04)23289100,(04)25368667
10770,2023,03,28,18,50,臺中市,北屯區,0,2,0,8,3,5,50,3,1,1,5,4,5,7,2,1,10,5,5,2,9,54,2,9,4,5,H01,8,20,8,20,10,16,"  ",54,54,1,5,8,H01,120.666111,24.182241,2,66000,387130000C,(04)23289100,(04)25368667
10771,2023,03,28,18,50,臺中市,和平區,0,0,0,,,,40,,,,,,,,,,,,,,,23,"  ","  ","  ","  ",B03,"  ","  ",1,"  ",2,"  ","  ",23,"   ",1,22,"  ",B03,121.002788,24.202471,3,66000,387130000C,(04)23289100,(04)25368667
10772,2023,03,28,18,51,臺中市,南屯區,0,0,0,8,,,50,,,,,,,,,,,,,,,6,"  ","  ","  ","  ",B03,"  ","  ",1,"  ",2,"  ","  ",6,"   ",1,5,"  ",B03,120.645467,24.150968,3,66000,387130000C,(04)23289100,(04)25368667
10773,2023,03,28,18,53,臺中市,南區,0,2,0,8,3,5,50,14,9,1,5,4,5,7,4,4,9,4,5,2,3,23,2,9,1,1,C03,7,9,1,10,2,11,14,23,23,1,7,1,C03,120.668171,24.116011,2,66000,387130000C,(04)23289100,(04)25368667
10774,2023,03,28,18,55,臺中市,西屯區,0,1,0,8,3,5,50,3,1,1,5,4,5,7,3,1,10,5,5,2,16,6,3,10,1,1,B03,7,5,1,8,2,8,"  ",6,6,1,22,8,B03,120.642968,24.187563,2,66000,387130000C,(04)23289100,(04)25368667
10775,2023,03,28,19,7,臺中市,大甲區,0,3,0,8,3,5,50,4,1,1,5,4,5,7,1,1,10,5,5,2,16,6,2,9,1,1,C03,7,5,1,10,2,12,"  ",6,6,1,4,8,C03,120.622694,24.342405,2,66000,387130000C,(04)23289100,(04)25368667
10776,2023,03,28,19,15,臺中市,北區,0,0,0,8,,,50,,,,,,,,,,,,,,,43,"  ","  ","  ","  ",B03,"  ","  ",1,"  ",2,"  ","  ",43,"   ",1,22,"  ",B03,120.677487,24.166909,4,66000,387130000C,(04)23289100,(04)25368667
10777,2023,03,28,19,15,臺中市,南區,0,1,0,8,3,5,50,14,9,1,5,4,5,7,4,4,5,5,5,2,12,17,2,9,1,1,C03,7,9,1,10,2,14,"  ",17,17,1,21,5,C03,120.682895,24.129815,2,66000,387130000C,(04)23289100,(04)25368667
10778,2023,03,28,19,17,臺中市,西區,0,1,0,8,3,5,50,4,1,1,5,4,5,7,1,1,10,5,5,2,16,6,2,8,1,1,F02,7,5,8,20,2,15,"  ",6,6,1,4,5,F02,120.655143,24.147739,2,66000,387130000C,(04)23289100,(04)25368667
10779,2023,03,28,19,24,臺中市,西區,0,1,0,8,3,5,50,4,1,1,5,4,5,7,4,4,10,5,5,2,16,8,3,10,1,1,B03,7,5,1,8,2,5,"  ",8,8,1,21,8,B03,120.66884,24.142036,2,66000,387130000C,(04)23289100,(04)25368667
10780,2023,03,28,19,28,臺中市,西屯區,0,0,0,8,,,50,,,,,,,,,,,,,,,7,"  ","  ","  ","  ",B03,"  ","  ",1,"  ",1,"  ","  ",7,"   ",1,19,"  ",B03,120.645338,24.162971,3,66000,387130000C,(04)23289100,(04)25368667
10781,2023,03,28,19,30,臺中市,西區,0,2,0,8,3,5,50,4,1,1,5,4,5,7,1,1,10,5,5,2,16,6,2,2,1,1,C03,7,5,1,10,2,11,"  ",6,6,1,22,9,C03,120.667507,24.136236,2,66000,387130000C,(04)23289100,(04)25368667
10782,2023,03,28,19,30,臺中市,西屯區,0,1,0,8,3,5,40,14,8,1,5,4,5,7,4,4,10,5,5,2,18,42,2,9,3,4,C03,7,9,1,10,2,12,"  ",42,42,1,22,8,C03,120.615268,24.182938,2,66000,387130000C,(04)23289100,(04)25368667
10783,2023,03,28,19,49,臺中市,大里區,0,0,0,8,,,30,,,,,,,,,,,,,,,12,"  ","  ","  ","  ",B12,"  ","  ",1,"  ",9,"  ","  ",12,"   ",1,5,"  ",B12,120.687027,24.123788,3,66000,387130000C,(04)23289100,(04)25368667
10784,2023,03,28,19,50,臺中市,大甲區,0,1,0,8,3,5,40,14,8,1,5,4,5,7,4,4,1,4,3,1,17,23,2,8,1,1,C03,7,9,1,10,2,11,"  ",23,23,1,4,8,C03,120.61323,24.404931,2,66000,387130000C,(04)23289100,(04)25368667
10785,2023,03,28,19,50,臺中市,豐原區,0,2,0,8,3,5,50,4,1,1,5,4,5,7,1,1,10,5,5,2,17,6,2,9,1,1,C03,7,5,1,10,2,11,"  ",6,6,1,22,8,C03,120.705766,24.252407,2,66000,387130000C,(04)23289100,(04)25368667
10786,2023,03,28,19,53,臺中市,北區,0,0,0,,,,50,,,,,,,,,,,,,,,23,"  ","  ","  ","  ",B03,"  ","  ",3,"  ",2,"  ","  ",23,"   ",1,21,"  ",B03,120.684665,24.164804,3,66000,387130000C,(04)23289100,(04)25368667
10787,2023,03,28,19,53,臺中市,西屯區,0,1,0,8,3,5,30,4,1,1,5,4,5,7,4,4,10,5,5,2,16,6,3,10,3,4,C03,7,9,1,10,2,11,"  ",6,6,1,22,8,C03,120.644259,24.180153,2,66000,387130000C,(04)23289100,(04)25368667
10788,2023,03,28,19,57,臺中市,北區,0,1,0,8,3,5,50,4,2,1,5,4,5,7,1,1,1,3,5,2,16,7,2,9,1,1,C03,7,10,1,10,2,13,"  ",7,7,1,21,8,C03,120.676937,24.163249,2,66000,387130000C,(04)23289100,(04)25368667
10789,2023,03,28,20,10,臺中市,南區,0,0,0,,,,40,,,,,,,,,,,,,,,23,"  ","  ","  ","  ",C03,"  ","  ",1,"  ",2,"  ","  ",23,"   ",1,18,"  ",C03,120.652191,24.11885,3,66000,387130000C,(04)23289100,(04)25368667