序號,年,月,日,時,分,縣市,區,死亡數量,受傷數量,2-30,天候,光線,道路類別,速限_速度(公里),道路型態,事故位置,路面鋪裝,路面狀態,路面缺陷,障礙物,視距,號誌種類,號誌動作,分向設施,快車道或一般車道間,快慢車道間,路面邊線,事故類型及型態,主要肇因,受傷程度,主要傷處,保護裝備,行動電話,當事者區分,車輛用途,當事者行動狀態,駕駛資格情形,駕駛執照種類,飲酒情形,車輛撞擊部位最初,車輛撞擊部位其他,肇事因素個別,肇事因素主要,肇事逃逸,職業,旅次目的,車種,GPS座標X,GPS座標Y,事故類別,縣市別代碼,機關代碼,市話,傳真
10790,2023,03,28,20,16,臺中市,北屯區,0,0,0,8,,,50,,,,,,,,,,,,,,,43,"  ","  ","  ","  ",C03,"  ","  ",1,"  ",1,"  ","  ",43,"   ",1,21,"  ",C03,120.683335,24.188423,3,66000,387130000C,(04)23289100,(04)25368667
10791,2023,03,28,20,18,臺中市,南屯區,0,0,0,8,,,50,,,,,,,,,,,,,,,23,"  ","  ","  ","  ",C03,"  ","  ",1,"  ",2,"  ","  ",23,23,1,22,"  ",C03,120.609986,24.142168,3,66000,387130000C,(04)23289100,(04)25368667
10792,2023,03,28,20,18,臺中市,西屯區,0,1,0,8,3,5,50,14,7,1,5,4,5,7,4,4,5,4,4,2,17,7,2,9,1,1,C03,7,7,1,10,2,14,"  ",7,7,1,22,8,C03,120.650312,24.175688,2,66000,387130000C,(04)23289100,(04)25368667
10793,2023,03,28,20,24,臺中市,神岡區,0,2,0,8,1,5,50,3,1,1,5,4,5,7,1,1,10,5,5,2,16,23,2,9,1,1,C03,7,9,1,10,2,14,"  ",23,23,1,22,9,C03,120.712326,24.256795,2,66000,387130000C,(04)23289100,(04)25368667
10794,2023,03,28,20,27,臺中市,沙鹿區,0,1,0,8,3,5,50,14,7,1,5,4,5,7,4,4,5,5,4,2,13,16,2,8,1,1,C03,7,9,1,10,2,11,"  ",16,16,1,9,8,C03,120.566411,24.235313,2,66000,387130000C,(04)23289100,(04)25368667
10795,2023,03,28,20,28,臺中市,大里區,0,0,0,8,,,30,,,,,,,,,,,,,,,17,"  ","  ","  ","  ",B02,"  ","  ",1,"  ",2,"  ","  ",17,"   ",1,5,"  ",B02,120.679943,24.098488,3,66000,387130000C,(04)23289100,(04)25368667
10796,2023,03,28,20,33,臺中市,北區,0,1,0,8,3,5,50,3,2,1,5,4,5,7,4,4,5,4,4,2,16,26,3,10,1,1,B12,7,5,1,7,2,1,"  ",26,26,1,22,8,B12,120.700345,24.157373,2,66000,387130000C,(04)23289100,(04)25368667
10797,2023,03,28,20,35,臺中市,大里區,0,0,0,8,,,50,,,,,,,,,,,,,,,23,"  ","  ","  ","  ",B03,"  ","  ",1,"  ",2,"  ","  ",23,"   ",1,22,"  ",B03,120.694398,24.10061,3,66000,387130000C,(04)23289100,(04)25368667
10798,2023,03,28,20,40,臺中市,豐原區,0,0,0,8,,,50,,,,,,,,,,,,,,,12,"  ","  ","  ","  ",B03,"  ","  ",1,"  ",2,"  ","  ",12,"   ",1,22,"  ",B03,120.722141,24.244095,4,66000,387130000C,(04)23289100,(04)25368667
10799,2023,03,28,20,42,臺中市,西區,0,0,0,,,,50,,,,,,,,,,,,,,,12,"  ","  ","  ","  ",B03,"  ","  ",1,"  ",2,"  ","  ",12,"   ",1,5,"  ",B03,120.67443,24.139214,3,66000,387130000C,(04)23289100,(04)25368667
10800,2023,03,28,20,43,臺中市,南區,0,0,0,8,,,50,,,,,,,,,,,,,,,23,"  ","  ","  ","  ",B03,"  ","  ",1,"  ",1,"  ","  ",23,"   ",1,5,"  ",B03,120.677605,24.132477,3,66000,387130000C,(04)23289100,(04)25368667
10801,2023,03,28,20,49,臺中市,西屯區,0,2,0,8,3,5,50,4,2,1,5,4,5,7,2,1,8,3,4,1,13,23,2,9,1,1,C03,7,9,1,10,11,11,"  ",23,23,1,22,8,C03,120.644284,24.171574,2,66000,387130000C,(04)23289100,(04)25368667
10802,2023,03,28,20,57,臺中市,北屯區,0,0,0,6,,,50,,,,,,,,,,,,,,,23,"  ","  ","  ","  ",B03,"  ",9,1,8,1,1,"  ",23,23,1,21,8,B03,120.718956,24.16314,3,66000,387130000C,(04)23289100,(04)25368667
10803,2023,03,28,20,59,臺中市,龍井區,0,3,0,8,3,5,50,4,1,1,5,4,5,7,1,1,10,5,5,2,16,6,2,9,3,4,C03,7,5,1,10,2,15,"  ",6,6,1,22,9,C03,120.584997,24.18443,2,66000,387130000C,(04)23289100,(04)25368667
10804,2023,03,28,21,2,臺中市,北區,0,0,0,8,,,50,,,,,,,,,,,,,,,6,"  ","  ","  ","  ",B02,"  ","  ",1,"  ",2,"  ","  ",6,6,1,22,"  ",B02,120.68305,24.146045,3,66000,387130000C,(04)23289100,(04)25368667
10805,2023,03,28,21,5,臺中市,潭子區,0,1,0,8,3,5,50,4,2,1,5,4,5,7,1,1,5,4,4,1,17,23,2,9,1,1,C03,7,9,1,10,2,11,"  ",23,23,1,22,8,C03,120.692336,24.224772,2,66000,387130000C,(04)23289100,(04)25368667
10806,2023,03,28,21,12,臺中市,北區,0,1,0,8,3,5,50,4,1,1,5,4,5,7,1,1,1,5,5,2,16,6,3,10,1,1,B03,7,6,1,8,2,2,"  ",6,6,1,21,8,B03,120.675482,24.15722,2,66000,387130000C,(04)23289100,(04)25368667
10807,2023,03,28,21,14,臺中市,龍井區,0,0,0,8,,,50,,,,,,,,,,,,,,,6,"  ","  ","  ","  ",C03,"  ","  ",1,"  ",2,"  ","  ",6,"   ",1,22,"  ",C03,120.592908,24.182621,3,66000,387130000C,(04)23289100,(04)25368667
10808,2023,03,28,21,15,臺中市,東區,0,1,0,8,3,5,50,4,2,1,5,4,5,7,2,1,5,5,5,2,13,16,2,8,1,1,C03,7,6,1,10,2,11,"  ",16,16,1,21,8,C03,120.683564,24.133208,2,66000,387130000C,(04)23289100,(04)25368667
10809,2023,03,28,21,17,臺中市,西區,0,0,0,8,,,50,,,,,,,,,,,,,,,23,"  ","  ","  ","  ",C03,"  ","  ",3,"  ",2,"  ","  ",23,"   ",1,22,"  ",C03,120.661447,24.140926,3,66000,387130000C,(04)23289100,(04)25368667
10810,2023,03,28,21,17,臺中市,北屯區,0,1,0,8,3,5,50,4,1,5,5,4,5,6,2,1,10,5,5,2,1,15,3,10,1,1,B03,7,5,6,8,2,5,"  ",15,15,1,5,8,B03,120.70398,24.182295,2,66000,387130000C,(04)23289100,(04)25368667
10811,2023,03,28,21,24,臺中市,新社區,0,1,0,8,4,5,50,11,9,1,5,4,5,7,4,4,5,4,5,1,11,43,2,4,1,1,C02,7,6,1,9,2,11,"  ",43,43,1,22,9,C02,120.803325,24.260207,2,66000,387130000C,(04)23289100,(04)25368667
10812,2023,03,28,21,26,臺中市,沙鹿區,0,1,0,8,3,5,40,14,8,1,5,4,5,7,4,4,10,4,3,2,17,19,3,10,1,1,B03,7,1,1,10,2,15,"  ",19,19,1,21,8,B03,120.580488,24.201249,2,66000,387130000C,(04)23289100,(04)25368667
10813,2023,03,28,21,27,臺中市,西屯區,0,0,0,8,,,50,,,,,,,,,,,,,,,12,"  ","  ","  ","  ",B03,"  ","  ",1,"  ",1,"  ","  ",12,"   ",1,22,"  ",B03,120.617764,24.175947,3,66000,387130000C,(04)23289100,(04)25368667
10814,2023,03,28,21,35,臺中市,西屯區,0,2,0,8,3,5,50,4,2,1,5,4,5,7,2,1,1,3,1,1,13,23,2,9,1,1,C03,7,9,1,10,2,11,"  ",23,23,1,22,8,C03,120.653581,24.160776,2,66000,387130000C,(04)23289100,(04)25368667
10815,2023,03,28,21,39,臺中市,大里區,0,0,0,8,,,50,,,,,,,,,,,,,,,1,"  ","  ","  ","  ",B03,"  ","  ",1,"  ",2,"  ","  ",1,"   ",1,5,"  ",B03,120.68252,24.093108,3,66000,387130000C,(04)23289100,(04)25368667
10816,2023,03,28,21,56,臺中市,大里區,0,0,0,8,,,50,,,,,,,,,,,,,,,23,"  ","  ","  ","  ",C03,"  ","  ",1,"  ",2,"  ","  ",23,"   ",1,21,"  ",C03,120.695966,24.104915,3,66000,387130000C,(04)23289100,(04)25368667
10817,2023,03,28,22,5,臺中市,中區,0,0,0,8,,,50,,,,,,,,,,,,,,,23,"  ","  ","  ","  ",C03,"  ","  ",1,"  ",1,"  ","  ",23,"   ",1,4,"  ",C03,120.680272,24.143142,3,66000,387130000C,(04)23289100,(04)25368667
10818,2023,03,28,22,5,臺中市,西屯區,0,1,0,8,3,5,50,3,1,1,5,4,5,7,4,4,1,4,4,2,17,6,3,10,1,1,B03,7,6,1,7,2,15,"  ",6,43,1,22,8,B03,120.659311,24.194038,2,66000,387130000C,(04)23289100,(04)25368667
10819,2023,03,28,22,8,臺中市,西區,0,0,0,8,,,50,,,,,,,,,,,,,,,17,"  ","  ","  ","  ",C03,"  ","  ",1,"  ",2,"  ","  ",17,"   ",1,21,"  ",C03,120.665554,24.153803,3,66000,387130000C,(04)23289100,(04)25368667
10820,2023,03,28,22,8,臺中市,西屯區,0,0,0,8,,,40,,,,,,,,,,,,,,,26,"  ","  ","  ","  ",C03,"  ","  ",3,"  ",2,"  ","  ",26,"   ",1,22,"  ",C03,120.645639,24.163678,3,66000,387130000C,(04)23289100,(04)25368667
10821,2023,03,28,22,10,臺中市,西屯區,0,0,0,8,,,30,,,,,,,,,,,,,,,44,"  ","  ","  ","  ",B03,"  ","  ",1,"  ",1,"  ","  ",44,"   ",1,22,"  ",B03,120.619816,24.168501,3,66000,387130000C,(04)23289100,(04)25368667
10822,2023,03,28,22,15,臺中市,太平區,0,0,0,8,,,30,,,,,,,,,,,,,,,23,"  ","  ","  ","  ",B03,"  ","  ",1,"  ",2,"  ","  ",23,"   ",1,22,"  ",B03,120.721642,24.130103,3,66000,387130000C,(04)23289100,(04)25368667
10823,2023,03,28,22,36,臺中市,大雅區,0,0,0,8,,,50,,,,,,,,,,,,,,,25,"  ","  ","  ","  ",C03,"  ","  ",1,"  ",2,"  ","  ",25,"   ",1,22,"  ",C03,120.644452,24.205396,3,66000,387130000C,(04)23289100,(04)25368667
10824,2023,03,28,22,49,臺中市,東區,0,0,0,8,,,50,,,,,,,,,,,,,,,23,"  ","  ","  ","  ",B03,"  ","  ",1,"  ",2,"  ","  ",23,"   ",1,3,"  ",B03,120.699234,24.129659,3,66000,387130000C,(04)23289100,(04)25368667
10825,2023,03,28,22,51,臺中市,北區,0,1,0,8,3,5,50,4,1,1,5,4,5,7,1,1,10,5,5,2,16,25,2,9,1,1,C03,7,9,1,10,2,11,"  ",25,25,1,22,8,C03,120.671268,24.173885,2,66000,387130000C,(04)23289100,(04)25368667
10826,2023,03,28,23,0,臺中市,大里區,0,0,0,8,,,40,,,,,,,,,,,,,,,23,"  ","  ","  ","  ",B03,"  ","  ",1,"  ",2,"  ","  ",23,"   ",1,5,"  ",B03,120.692671,24.102806,3,66000,387130000C,(04)23289100,(04)25368667
10827,2023,03,28,23,5,臺中市,西屯區,0,3,0,8,3,5,50,14,9,1,5,4,5,7,4,4,5,4,4,2,17,7,2,9,1,1,F01,7,7,8,20,2,16,"  ",7,7,1,21,8,F01,120.644567,24.185173,2,66000,387130000C,(04)23289100,(04)25368667
10828,2023,03,28,23,6,臺中市,西屯區,0,5,0,8,3,5,50,4,1,1,5,4,5,7,3,1,10,5,5,2,15,6,2,9,1,1,B03,7,9,1,8,2,1,"  ",6,6,1,22,8,B03,120.624699,24.176358,2,66000,387130000C,(04)23289100,(04)25368667
10829,2023,03,28,23,8,臺中市,梧棲區,0,1,0,8,1,5,50,3,2,1,5,4,5,7,1,1,9,5,5,1,17,23,2,9,3,4,C03,7,14,1,1,2,13,"  ",44,23,1,22,8,C03,120.529422,24.234413,2,66000,387130000C,(04)23289100,(04)25368667
10830,2023,03,28,23,19,臺中市,西屯區,0,1,0,8,3,5,50,14,9,1,5,4,5,7,4,4,1,4,5,2,29,42,2,9,1,1,C03,7,9,1,10,2,12,"  ",42,42,1,21,8,C03,120.642561,24.164596,2,66000,387130000C,(04)23289100,(04)25368667
10831,2023,03,28,23,22,臺中市,西屯區,0,1,0,8,3,5,50,14,9,1,5,4,5,7,4,4,5,4,5,2,18,22,2,9,1,1,C04,7,9,1,10,2,12,"  ",22,22,1,18,8,C04,120.64563,24.175891,2,66000,387130000C,(04)23289100,(04)25368667
10832,2023,03,28,23,48,臺中市,西屯區,0,0,0,8,,,30,,,,,,,,,,,,,,,43,"  ","  ","  ","  ",B03,"  ","  ",1,"  ",2,"  ","  ",43,"   ",1,21,"  ",B03,120.616916,24.178385,3,66000,387130000C,(04)23289100,(04)25368667
10833,2023,03,29,0,12,臺中市,大里區,0,0,0,8,,,50,,,,,,,,,,,,,,,19,"  ","  ","  ","  ",C03,"  ","  ",1,"  ",9,"  ","  ",19,"   ",1,22,"  ",C03,120.680081,24.095624,3,66000,387130000C,(04)23289100,(04)25368667
10834,2023,03,29,0,15,臺中市,西屯區,0,1,0,8,3,5,50,4,1,1,5,4,5,7,2,1,10,5,5,2,16,25,3,10,1,1,B03,7,11,1,8,2,1,"  ",25,25,1,22,8,B03,120.639604,24.165783,2,66000,387130000C,(04)23289100,(04)25368667
10835,2023,03,29,0,16,臺中市,龍井區,0,1,0,8,3,5,50,3,1,1,5,4,5,7,3,1,10,5,5,2,16,6,3,10,1,1,B03,7,5,1,8,2,4,"  ",6,6,1,5,8,B03,120.587635,24.192155,2,66000,387130000C,(04)23289100,(04)25368667
10836,2023,03,29,0,16,臺中市,龍井區,0,0,0,,,,50,,,,,,,,,,,,,,,17,"  ","  ","  ","  ",B02,"  ","  ",1,"  ",2,"  ","  ",17,"   ",1,5,"  ",B02,120.586895,24.189521,3,66000,387130000C,(04)23289100,(04)25368667
10837,2023,03,29,0,28,臺中市,潭子區,0,1,0,8,3,5,50,4,1,1,5,4,5,7,3,1,10,5,5,2,17,6,3,10,1,1,C03,7,5,3,18,2,15,"  ",6,6,1,22,8,C03,120.703508,24.211603,2,66000,387130000C,(04)23289100,(04)25368667
10838,2023,03,29,0,44,臺中市,東區,0,1,0,8,3,5,50,5,1,1,5,4,4,7,1,1,10,5,5,2,16,6,3,10,1,1,B03,7,9,1,8,2,6,"  ",6,6,1,22,8,B03,120.692441,24.140098,2,66000,387130000C,(04)23289100,(04)25368667
10839,2023,03,29,1,29,臺中市,新社區,0,1,0,4,4,5,30,14,9,1,5,4,5,6,4,4,10,5,5,2,18,21,2,1,3,4,C03,7,9,4,7,8,11,"  ",21,21,1,22,9,C03,120.777703,24.214196,2,66000,387130000C,(04)23289100,(04)25368667
10840,2023,03,29,2,30,臺中市,北區,0,0,0,8,,,50,,,,,,,,,,,,,,,17,"  ","  ","  ","  ",B03,"  ","  ",4,"  ",11,"  ","  ",17,17,1,22,"  ",B03,120.684796,24.153921,4,66000,387130000C,(04)23289100,(04)25368667
10841,2023,03,29,2,30,臺中市,西屯區,0,1,0,8,1,5,50,4,1,1,5,4,5,7,4,4,10,5,5,2,15,6,3,10,1,1,B02,7,9,3,18,2,2,"  ",6,6,1,21,8,B02,120.66716,24.177145,2,66000,387130000C,(04)23289100,(04)25368667
10842,2023,03,29,2,36,臺中市,北區,0,0,0,8,,,50,,,,,,,,,,,,,,,23,"  ","  ","  ","  ",B02,"  ","  ",1,"  ",2,"  ","  ",23,"   ",1,22,"  ",B02,120.692658,24.159761,3,66000,387130000C,(04)23289100,(04)25368667
10843,2023,03,29,3,8,臺中市,西屯區,0,1,0,8,3,5,50,14,9,1,5,4,5,7,4,4,1,4,5,2,20,43,2,3,1,1,B03,7,9,1,1,2,8,"  ",43,43,1,22,8,B03,120.65989,24.200551,2,66000,387130000C,(04)23289100,(04)25368667
10844,2023,03,29,3,41,臺中市,北區,0,0,0,8,,,50,,,,,,,,,,,,,,,7,"  ","  ","  ","  ",B03,"  ","  ",1,"  ",1,"  ","  ",7,"   ",1,22,"  ",B03,120.677701,24.14846,3,66000,387130000C,(04)23289100,(04)25368667
10845,2023,03,29,4,4,臺中市,龍井區,0,1,0,8,3,5,40,14,8,1,5,4,5,7,4,4,1,4,1,1,12,43,2,9,1,1,C03,7,9,1,10,2,14,"  ",43,43,1,5,1,C03,120.585378,24.186112,2,66000,387130000C,(04)23289100,(04)25368667
10846,2023,03,29,4,47,臺中市,北屯區,0,0,0,8,,,40,,,,,,,,,,,,,,,23,"  ","  ","  ","  ",B03,"  ","  ",1,"  ",2,"  ","  ",23,"   ",1,5,"  ",B03,120.66037,24.191801,3,66000,387130000C,(04)23289100,(04)25368667
10847,2023,03,29,5,0,臺中市,南屯區,0,1,0,8,3,5,50,3,2,1,5,4,5,7,1,1,5,4,5,2,13,23,2,9,1,1,C03,7,9,1,10,2,11,"  ",23,23,1,22,9,C03,120.610451,24.143688,2,66000,387130000C,(04)23289100,(04)25368667
10848,2023,03,29,5,55,臺中市,北屯區,0,0,0,8,,,50,,,,,,,,,,,,,,,19,"  ","  ","  ","  ",B03,"  ","  ",1,"  ",1,"  ","  ",19,19,1,5,"  ",B03,120.719144,24.174939,3,66000,387130000C,(04)23289100,(04)25368667
10849,2023,03,29,6,9,臺中市,豐原區,0,2,0,8,1,5,50,14,8,1,5,4,5,7,4,4,9,5,4,2,17,19,3,10,1,1,B03,7,1,1,8,2,2,"  ",19,19,1,22,8,B03,120.732648,24.255371,2,66000,387130000C,(04)23289100,(04)25368667
10850,2023,03,29,6,15,臺中市,梧棲區,0,2,0,8,1,5,50,4,1,1,5,4,5,7,4,4,10,5,5,1,15,14,2,9,3,4,C03,7,9,1,10,9,13,"  ",14,14,2,9,8,C03,120.557995,24.242111,2,66000,387130000C,(04)23289100,(04)25368667
10851,2023,03,29,6,19,臺中市,龍井區,0,1,0,8,1,5,50,14,9,1,5,4,5,7,4,4,5,4,5,1,12,26,2,9,1,1,C03,7,9,1,10,2,14,"  ",44,26,1,20,8,C03,120.523458,24.201014,2,66000,387130000C,(04)23289100,(04)25368667
10852,2023,03,29,6,22,臺中市,西區,0,1,0,8,1,5,40,3,1,1,5,4,5,7,3,1,1,5,1,2,29,23,2,9,1,1,C03,7,9,1,10,2,11,"  ",23,23,1,5,8,C03,120.671011,24.150053,2,66000,387130000C,(04)23289100,(04)25368667
10853,2023,03,29,6,36,臺中市,沙鹿區,0,0,0,8,1,5,60,4,1,1,5,4,5,7,1,1,10,5,5,2,12,42,2,9,1,1,C03,7,9,1,10,2,14,14,23,42,1,4,1,C03,120.56713,24.203553,3,66000,387130000C,(04)23289100,(04)25368667
10854,2023,03,29,6,45,臺中市,大雅區,0,1,0,8,1,5,50,4,1,1,5,4,5,7,1,1,5,5,5,1,12,7,2,8,1,1,C03,7,7,1,10,2,11,"  ",7,7,1,21,8,C03,120.645429,24.221915,2,66000,387130000C,(04)23289100,(04)25368667
10855,2023,03,29,6,47,臺中市,大雅區,0,1,0,8,1,5,50,14,9,1,5,4,5,7,4,4,5,5,5,1,3,23,3,10,1,1,B03,7,9,1,8,2,1,"  ",23,23,1,21,8,B03,120.649735,24.222216,2,66000,387130000C,(04)23289100,(04)25368667
10856,2023,03,29,6,58,臺中市,神岡區,0,0,0,8,,,50,,,,,,,,,,,,,,,6,"  ","  ","  ","  ",B03,"  ","  ",1,"  ",1,"  ","  ",6,"   ",1,20,"  ",B03,120.658631,24.259363,3,66000,387130000C,(04)23289100,(04)25368667
10857,2023,03,29,7,5,臺中市,大雅區,0,0,0,8,,,50,,,,,,,,,,,,,,,16,"  ","  ","  ","  ",C03,"  ","  ",1,"  ",2,"  ","  ",16,16,1,22,"  ",C03,120.654301,24.229365,3,66000,387130000C,(04)23289100,(04)25368667
10858,2023,03,29,7,7,臺中市,沙鹿區,0,0,0,8,,,50,,,,,,,,,,,,,,,23,"  ","  ","  ","  ",B03,"  ","  ",1,"  ",2,"  ","  ",23,"   ",1,9,"  ",B03,120.570936,24.242782,3,66000,387130000C,(04)23289100,(04)25368667
10859,2023,03,29,7,9,臺中市,大里區,0,1,0,8,1,5,50,11,9,1,5,4,5,7,4,4,1,4,4,1,18,67,"  ","  ","  ","  ","   ","  ","  ","  ","  ","  ","  ","  ",67,67,1,"  ","  ","   ",120.687605,24.094865,2,66000,387130000C,(04)23289100,(04)25368667
10860,2023,03,29,7,10,臺中市,潭子區,0,1,0,8,1,5,40,3,4,1,5,4,5,7,1,1,10,5,5,2,13,23,2,9,1,1,C03,7,9,1,10,2,11,"  ",23,23,1,22,8,C03,120.683556,24.216238,2,66000,387130000C,(04)23289100,(04)25368667
10861,2023,03,29,7,12,臺中市,外埔區,0,2,0,8,1,5,50,4,1,1,5,4,5,7,4,4,10,5,5,2,3,23,2,9,1,1,B03,7,9,1,7,2,5,"  ",23,23,1,2,8,B03,120.638257,24.342099,2,66000,387130000C,(04)23289100,(04)25368667
10862,2023,03,29,7,13,臺中市,太平區,0,2,0,8,1,5,50,3,1,1,5,4,5,7,1,1,10,5,5,2,17,1,3,10,1,1,C03,7,4,2,18,9,12,"  ",1,1,2,16,8,C03,120.735848,24.129853,2,66000,387130000C,(04)23289100,(04)25368667
10863,2023,03,29,7,13,臺中市,后里區,0,1,0,8,1,5,50,4,9,1,5,4,5,7,1,1,5,2,5,1,17,40,3,10,1,1,B03,7,14,1,8,2,2,"  ",40,40,1,21,8,B03,120.716701,24.296463,2,66000,387130000C,(04)23289100,(04)25368667
10864,2023,03,29,7,24,臺中市,大甲區,0,1,0,8,1,5,50,14,8,1,5,4,5,7,4,4,1,5,5,1,20,23,2,9,1,1,C03,7,9,1,10,2,14,"  ",23,23,1,22,1,C03,120.657915,24.39591,2,66000,387130000C,(04)23289100,(04)25368667
10865,2023,03,29,7,25,臺中市,大雅區,0,1,0,8,1,5,30,5,1,1,5,4,5,7,4,4,10,5,5,1,11,6,3,10,1,1,B03,7,5,1,8,2,8,"  ",6,6,1,21,8,B03,120.665437,24.231172,2,66000,387130000C,(04)23289100,(04)25368667
10866,2023,03,29,7,28,臺中市,西屯區,0,0,0,8,,,40,,,,,,,,,,,,,,,17,"  ","  ","  ","  ",B03,"  ","  ",1,"  ",1,"  ","  ",17,"   ",1,22,"  ",B03,120.646109,24.164791,3,66000,387130000C,(04)23289100,(04)25368667
10867,2023,03,29,7,28,臺中市,大甲區,0,1,0,8,1,5,70,4,2,1,5,4,5,7,1,1,1,4,4,1,12,9,3,10,1,1,B03,7,6,1,8,2,2,"  ",9,9,1,22,1,B03,120.641181,24.403144,2,66000,387130000C,(04)23289100,(04)25368667
10868,2023,03,29,7,31,臺中市,北區,0,1,0,8,1,5,50,14,9,1,5,4,5,7,4,4,5,5,5,2,16,7,2,9,1,1,C03,7,7,1,10,2,14,"  ",7,7,1,20,8,C03,120.681745,24.158267,2,66000,387130000C,(04)23289100,(04)25368667
10869,2023,03,29,7,32,臺中市,太平區,0,1,0,8,1,5,30,3,2,1,5,4,5,7,4,4,10,5,5,2,9,12,3,10,1,1,B12,7,2,1,8,2,6,"  ",12,12,1,22,8,B12,120.723231,24.139376,2,66000,387130000C,(04)23289100,(04)25368667
10870,2023,03,29,7,34,臺中市,西區,0,0,0,8,1,5,50,14,9,1,5,4,5,7,4,4,5,5,5,2,12,7,"  ","  ","  ","  ",B03,"  ","  ",1,"  ",1,"  ","  ",7,"   ",1,21,"  ",B03,120.673596,24.13671,3,66000,387130000C,(04)23289100,(04)25368667
10871,2023,03,29,7,34,臺中市,西屯區,0,0,0,8,,,40,,,,,,,,,,,,,,,23,"  ","  ","  ","  ",B03,"  ","  ",1,"  ",2,"  ","  ",23,"   ",1,4,"  ",B03,120.61122,24.184699,3,66000,387130000C,(04)23289100,(04)25368667
10872,2023,03,29,7,35,臺中市,北屯區,0,0,0,8,,,50,,,,,,,,,,,,,,,23,"  ","  ","  ","  ",B12,"  ","  ",1,"  ",2,"  ","  ",23,"   ",1,22,"  ",B12,120.688368,24.180029,3,66000,387130000C,(04)23289100,(04)25368667
10873,2023,03,29,7,35,臺中市,霧峰區,0,2,0,8,1,5,30,14,9,1,5,4,5,7,4,4,10,5,5,1,13,23,2,8,1,1,C03,7,9,1,10,2,11,"  ",23,23,1,12,8,C03,120.674766,24.05345,2,66000,387130000C,(04)23289100,(04)25368667
10874,2023,03,29,7,36,臺中市,龍井區,0,0,0,8,,,50,,,,,,,,,,,,,,,23,"  ","  ","  ","  ",C03,"  ","  ",1,"  ",2,"  ","  ",23,"   ",1,21,"  ",C03,120.53,24.18,3,66000,387130000C,(04)23289100,(04)25368667
10875,2023,03,29,7,38,臺中市,神岡區,0,0,0,8,,,30,,,,,,,,,,,,,,,6,"  ","  ","  ","  ",C03,"  ","  ",1,"  ",1,"  ","  ",6,"   ",1,22,"  ",C03,120.681744,24.242391,3,66000,387130000C,(04)23289100,(04)25368667
10876,2023,03,29,7,41,臺中市,西屯區,0,4,0,8,1,5,30,3,1,1,5,4,5,7,4,4,10,5,5,2,16,6,2,9,3,4,C03,7,6,1,10,2,14,"  ",6,6,1,22,8,C03,120.642091,24.172113,2,66000,387130000C,(04)23289100,(04)25368667
10877,2023,03,29,7,41,臺中市,霧峰區,0,0,0,8,,,30,,,,,,,,,,,,,,,6,"  ","  ","  ","  ",B03,"  ","  ",1,"  ",2,"  ","  ",6,"   ",1,3,"  ",B03,120.699037,24.072983,3,66000,387130000C,(04)23289100,(04)25368667
10878,2023,03,29,7,43,臺中市,大雅區,0,0,0,8,,,60,,,,,,,,,,,,,,,23,"  ","  ","  ","  ",B12,"  ","  ",1,"  ",2,"  ","  ",23,"   ",1,22,"  ",B12,120.649271,24.215915,3,66000,387130000C,(04)23289100,(04)25368667
10879,2023,03,29,7,44,臺中市,南屯區,0,1,0,8,1,5,40,14,7,1,5,4,5,7,4,4,5,5,4,2,12,40,3,10,1,1,B03,7,13,1,8,2,4,"  ",40,40,1,5,8,B03,120.626345,24.11564,2,66000,387130000C,(04)23289100,(04)25368667
10880,2023,03,29,7,45,臺中市,清水區,0,0,0,8,,,40,,,,,,,,,,,,,,,23,"  ","  ","  ","  ",B03,"  ","  ",1,"  ",2,"  ","  ",23,"   ",1,22,"  ",B03,120.557715,24.295361,3,66000,387130000C,(04)23289100,(04)25368667
10881,2023,03,29,7,45,臺中市,豐原區,0,0,0,8,,,60,,,,,,,,,,,,,,,23,"  ","  ","  ","  ",B03,"  ","  ",1,"  ",2,"  ","  ",23,"   ",1,22,"  ",B03,120.713047,24.262246,3,66000,387130000C,(04)23289100,(04)25368667
10882,2023,03,29,7,46,臺中市,南屯區,0,0,0,8,,,40,,,,,,,,,,,,,,,19,"  ","  ","  ","  ",B03,"  ","  ",1,"  ",1,"  ","  ",19,"   ",1,22,"  ",B03,120.637866,24.153698,3,66000,387130000C,(04)23289100,(04)25368667
10883,2023,03,29,7,48,臺中市,西屯區,0,0,0,8,,,30,,,,,,,,,,,,,,,6,"  ","  ","  ","  ",B03,"  ","  ",1,"  ",2,"  ","  ",6,"   ",1,4,"  ",B03,120.61769,24.175662,3,66000,387130000C,(04)23289100,(04)25368667
10884,2023,03,29,7,50,臺中市,大雅區,0,1,0,8,1,5,50,4,9,1,5,4,5,7,4,4,5,5,5,1,12,23,2,9,1,1,C03,7,9,1,10,2,11,"  ",23,23,1,21,8,C03,120.651156,24.245179,2,66000,387130000C,(04)23289100,(04)25368667