序號,年,月,日,時,分,縣市,區,死亡數量,受傷數量,2-30,天候,光線,道路類別,速限_速度(公里),道路型態,事故位置,路面鋪裝,路面狀態,路面缺陷,障礙物,視距,號誌種類,號誌動作,分向設施,快車道或一般車道間,快慢車道間,路面邊線,事故類型及型態,主要肇因,受傷程度,主要傷處,保護裝備,行動電話,當事者區分,車輛用途,當事者行動狀態,駕駛資格情形,駕駛執照種類,飲酒情形,車輛撞擊部位最初,車輛撞擊部位其他,肇事因素個別,肇事因素主要,肇事逃逸,職業,旅次目的,車種,GPS座標X,GPS座標Y,事故類別,縣市別代碼,機關代碼,市話,傳真
10885,2023,03,29,7,50,臺中市,清水區,0,1,0,8,2,5,50,14,9,1,5,4,5,7,4,4,9,4,4,1,16,6,2,9,1,1,C03,7,5,1,10,2,11,"  ",6,6,1,19,5,C03,120.555781,24.280316,2,66000,387130000C,(04)23289100,(04)25368667
10886,2023,03,29,7,54,臺中市,潭子區,0,1,0,8,1,5,60,4,4,1,5,4,5,7,1,1,1,4,5,1,13,23,2,9,1,1,C03,7,9,1,10,2,11,"  ",23,23,1,22,8,C03,120.708055,24.227679,2,66000,387130000C,(04)23289100,(04)25368667
10887,2023,03,29,7,54,臺中市,大肚區,0,1,0,8,1,5,50,4,1,1,5,4,5,7,4,4,10,5,5,2,15,6,2,9,1,1,C03,7,9,1,10,2,11,"  ",6,6,1,2,8,C03,120.539957,24.156416,2,66000,387130000C,(04)23289100,(04)25368667
10888,2023,03,29,7,55,臺中市,太平區,0,0,0,8,,,50,,,,,,,,,,,,,,,16,"  ","  ","  ","  ",B03,"  ","  ",1,"  ",1,"  ","  ",16,"   ",1,21,"  ",B03,120.729588,24.150085,3,66000,387130000C,(04)23289100,(04)25368667
10889,2023,03,29,7,56,臺中市,潭子區,0,0,0,8,,,60,,,,,,,,,,,,,,,42,"  ","  ","  ","  ",C03,"  ","  ",1,"  ",2,"  ","  ",42,"   ",1,22,"  ",C03,120.717781,24.197709,3,66000,387130000C,(04)23289100,(04)25368667
10890,2023,03,29,7,57,臺中市,南屯區,0,1,0,8,1,5,40,3,1,1,5,4,5,7,4,4,1,2,5,2,18,23,2,9,1,1,C03,7,9,1,10,2,12,"  ",23,23,1,5,8,C03,120.598254,24.148004,2,66000,387130000C,(04)23289100,(04)25368667
10891,2023,03,29,7,59,臺中市,北屯區,0,1,0,8,1,5,50,4,1,1,5,4,5,7,2,1,10,5,5,2,16,42,3,10,1,1,B03,7,5,1,8,2,5,"  ",42,42,1,4,8,B03,120.722551,24.167148,2,66000,387130000C,(04)23289100,(04)25368667
10892,2023,03,29,8,0,臺中市,太平區,0,2,0,8,1,5,50,4,1,1,5,4,5,7,2,1,10,5,5,2,13,16,2,9,1,1,C03,7,9,1,10,2,11,"  ",16,16,1,21,8,C03,120.714329,24.149276,2,66000,387130000C,(04)23289100,(04)25368667
10893,2023,03,29,8,5,臺中市,南屯區,0,0,0,8,,,40,,,,,,,,,,,,,,,23,"  ","  ","  ","  ",B03,"  ","  ",1,"  ",1,"  ","  ",23,23,1,22,"  ",B03,120.63625,24.151284,3,66000,387130000C,(04)23289100,(04)25368667
10894,2023,03,29,8,7,臺中市,潭子區,0,0,0,8,,,30,,,,,,,,,,,,,,,23,"  ","  ","  ","  ",C03,"  ","  ",1,"  ",2,"  ","  ",23,"   ",1,22,"  ",C03,120.712921,24.200202,3,66000,387130000C,(04)23289100,(04)25368667
10895,2023,03,29,8,7,臺中市,北屯區,0,0,0,8,,,50,,,,,,,,,,,,,,,23,"  ","  ","  ","  ",B03,"  ","  ",1,"  ",1,"  ","  ",23,"   ",1,21,"  ",B03,120.686216,24.181487,3,66000,387130000C,(04)23289100,(04)25368667
10896,2023,03,29,8,8,臺中市,北屯區,0,0,0,8,,,50,,,,,,,,,,,,,,,16,"  ","  ","  ","  ",B03,"  ","  ",1,"  ",1,"  ","  ",16,"   ",1,22,"  ",B03,120.721358,24.180114,3,66000,387130000C,(04)23289100,(04)25368667
10897,2023,03,29,8,14,臺中市,西屯區,0,0,0,8,,,50,,,,,,,,,,,,,,,7,"  ","  ","  ","  ",B03,"  ","  ",1,"  ",1,"  ","  ",7,"   ",1,22,"  ",B03,120.636308,24.159841,3,66000,387130000C,(04)23289100,(04)25368667
10898,2023,03,29,8,15,臺中市,沙鹿區,0,0,0,8,1,5,50,3,9,1,5,4,5,7,4,4,9,4,5,2,15,23,2,8,1,1,C03,7,9,1,10,2,11,"  ",23,23,1,22,8,C03,120.571151,24.24193,3,66000,387130000C,(04)23289100,(04)25368667
10899,2023,03,29,8,17,臺中市,北屯區,0,1,0,7,1,5,50,4,1,1,5,4,5,7,1,1,10,5,5,2,16,6,3,10,1,1,B12,7,6,1,8,2,2,"  ",6,6,1,21,8,B12,120.686626,24.197848,2,66000,387130000C,(04)23289100,(04)25368667
10900,2023,03,29,8,18,臺中市,太平區,0,1,0,8,1,5,30,3,2,1,5,4,5,7,4,4,5,5,5,2,14,12,3,10,1,1,B03,7,2,1,8,2,6,"  ",12,12,1,21,8,B03,120.712397,24.125404,2,66000,387130000C,(04)23289100,(04)25368667
10901,2023,03,29,8,25,臺中市,西屯區,0,0,0,8,,,40,,,,,,,,,,,,,,,43,"  ","  ","  ","  ",B12,"  ","  ",1,"  ",9,"  ","  ",43,"   ",1,12,"  ",B12,120.64414,24.195061,3,66000,387130000C,(04)23289100,(04)25368667
10902,2023,03,29,8,29,臺中市,南區,0,0,0,8,1,5,50,3,8,1,5,4,5,7,4,4,5,4,4,2,14,12,"  ","  ","  ","  ",B01,"  ","  ",1,"  ",2,"  ","  ",12,"   ",1,10,"  ",B01,120.662178,24.11688,3,66000,387130000C,(04)23289100,(04)25368667
10903,2023,03,29,8,30,臺中市,東區,0,1,0,8,1,5,50,3,1,1,5,4,5,7,4,4,10,5,5,2,12,6,3,10,1,1,C03,7,5,1,10,2,14,"  ",6,6,1,22,8,C03,120.694002,24.128415,2,66000,387130000C,(04)23289100,(04)25368667
10904,2023,03,29,8,30,臺中市,大肚區,0,1,0,8,1,5,50,14,13,1,5,4,5,7,4,4,9,5,5,1,16,7,3,10,1,1,B03,7,8,1,8,2,6,"  ",7,7,1,2,1,B03,120.536576,24.164214,2,66000,387130000C,(04)23289100,(04)25368667
10905,2023,03,29,8,30,臺中市,豐原區,0,0,0,8,,,50,,,,,,,,,,,,,,,23,"  ","  ","  ","  ",B03,"  ","  ",1,"  ",2,"  ","  ",23,"   ",1,22,"  ",B03,120.72885,24.276397,3,66000,387130000C,(04)23289100,(04)25368667
10906,2023,03,29,8,32,臺中市,大雅區,0,1,0,8,1,5,50,4,1,1,5,4,5,7,1,1,5,5,5,2,12,6,3,10,1,1,B03,7,6,1,8,2,2,"  ",6,6,1,22,9,B03,120.647325,24.213023,2,66000,387130000C,(04)23289100,(04)25368667
10907,2023,03,29,8,34,臺中市,龍井區,0,1,0,8,1,5,60,14,7,1,5,4,5,7,4,4,1,4,4,1,13,43,2,3,1,1,B03,7,9,1,8,2,1,"  ",43,43,1,21,1,B03,120.573593,24.186068,2,66000,387130000C,(04)23289100,(04)25368667
10908,2023,03,29,8,37,臺中市,西區,0,1,0,8,1,5,50,14,7,1,5,4,5,7,4,4,10,5,4,2,13,23,2,9,1,1,C03,7,9,1,10,2,11,"  ",23,23,1,5,5,C03,120.671973,24.14206,2,66000,387130000C,(04)23289100,(04)25368667
10909,2023,03,29,8,38,臺中市,大里區,0,1,0,8,1,5,50,4,1,1,5,4,5,7,2,1,5,4,4,1,16,25,3,10,1,1,B03,7,9,1,8,2,8,"  ",25,25,1,5,8,B03,120.681143,24.115015,2,66000,387130000C,(04)23289100,(04)25368667
10910,2023,03,29,8,39,臺中市,潭子區,0,0,0,8,,,30,,,,,,,,,,,,,,,42,"  ","  ","  ","  ",A12,"  ","  ",1,"  ",2,"  ","  ",42,"   ",1,22,"  ",A12,120.728197,24.202514,3,66000,387130000C,(04)23289100,(04)25368667
10911,2023,03,29,8,40,臺中市,霧峰區,0,0,0,8,,,50,,,,,,,,,,,,,,,50,"  ","  ","  ","  ",B03,"  ","  ",1,"  ",2,"  ","  ",50,50,1,12,"  ",B03,120.683999,24.050836,3,66000,387130000C,(04)23289100,(04)25368667
10912,2023,03,29,8,41,臺中市,北區,0,1,0,8,1,5,50,3,9,1,5,4,5,7,3,1,5,5,5,2,17,23,2,9,1,1,C03,7,15,1,10,2,11,"  ",23,23,1,22,9,C03,120.66886,24.171651,2,66000,387130000C,(04)23289100,(04)25368667
10913,2023,03,29,8,42,臺中市,龍井區,0,0,0,8,,,30,,,,,,,,,,,,,,,12,"  ","  ","  ","  ",B12,"  ","  ",1,"  ",2,"  ","  ",12,"   ",1,21,"  ",B12,120.577285,24.18346,3,66000,387130000C,(04)23289100,(04)25368667
10914,2023,03,29,8,44,臺中市,太平區,0,2,0,8,1,5,40,4,2,1,5,4,5,7,1,1,5,4,5,1,2,23,2,9,1,1,F02,7,9,8,20,2,16,"  ",23,23,1,22,8,F02,120.721441,24.120015,2,66000,387130000C,(04)23289100,(04)25368667
10915,2023,03,29,8,51,臺中市,北區,0,1,0,8,1,5,50,4,2,1,5,4,5,7,1,1,1,4,5,2,17,7,2,9,1,1,C03,7,12,1,10,2,14,"  ",44,7,1,5,8,C03,120.664089,24.162142,2,66000,387130000C,(04)23289100,(04)25368667
10916,2023,03,29,8,53,臺中市,東區,0,1,0,8,1,5,50,5,1,1,5,4,5,7,1,1,10,5,5,2,16,6,3,10,1,1,B03,7,5,1,8,2,8,"  ",6,6,1,5,8,B03,120.692441,24.140098,2,66000,387130000C,(04)23289100,(04)25368667
10917,2023,03,29,8,53,臺中市,西屯區,0,1,0,8,1,5,50,5,2,1,5,4,5,7,1,1,1,4,4,2,18,43,2,9,1,1,C03,7,11,1,10,2,14,"  ",43,43,1,4,8,C03,120.653344,24.203479,2,66000,387130000C,(04)23289100,(04)25368667
10918,2023,03,29,8,53,臺中市,大里區,0,1,0,8,1,5,50,14,9,1,5,4,5,7,4,4,9,5,5,1,16,19,3,10,3,4,A11,7,1,1,3,2,4,"  ",19,19,1,10,8,A11,120.687263,24.088336,2,66000,387130000C,(04)23289100,(04)25368667
10919,2023,03,29,9,1,臺中市,南屯區,0,2,0,8,1,5,50,3,1,1,5,4,5,7,4,4,10,5,5,2,16,42,2,9,1,1,C03,7,5,1,10,2,14,"  ",42,42,1,18,8,C03,120.610311,24.136542,2,66000,387130000C,(04)23289100,(04)25368667
10920,2023,03,29,9,2,臺中市,中區,0,1,0,8,1,5,50,4,2,1,5,4,5,7,1,1,5,4,5,2,13,23,2,8,1,1,C03,7,9,1,10,2,11,"  ",23,23,1,4,1,C03,120.677642,24.144083,2,66000,387130000C,(04)23289100,(04)25368667
10921,2023,03,29,9,3,臺中市,豐原區,0,0,0,8,,,30,,,,,,,,,,,,,,,17,"  ","  ","  ","  ",B03,"  ","  ",1,"  ",2,"  ","  ",17,"   ",1,21,"  ",B03,120.710902,24.242017,3,66000,387130000C,(04)23289100,(04)25368667
10922,2023,03,29,9,6,臺中市,北屯區,0,1,0,8,1,5,50,4,1,1,5,4,5,7,2,1,10,5,5,2,15,25,3,10,1,1,B03,7,9,1,8,2,1,"  ",25,25,1,4,8,B03,120.683703,24.171005,2,66000,387130000C,(04)23289100,(04)25368667
10923,2023,03,29,9,7,臺中市,大里區,0,0,0,8,,,50,,,,,,,,,,,,,,,6,"  ","  ","  ","  ",B03,"  ","  ",1,"  ",2,"  ","  ",6,"   ",1,3,"  ",B03,120.714676,24.094342,3,66000,387130000C,(04)23289100,(04)25368667
10924,2023,03,29,9,8,臺中市,北區,0,0,0,8,,,50,,,,,,,,,,,,,,,16,"  ","  ","  ","  ",B03,"  ","  ",1,"  ",1,"  ","  ",16,"   ",1,5,"  ",B03,120.691263,24.160113,3,66000,387130000C,(04)23289100,(04)25368667
10925,2023,03,29,9,9,臺中市,西區,0,1,0,8,1,5,50,3,1,1,5,4,5,7,4,4,10,5,5,2,16,6,3,10,1,1,B03,7,6,1,8,2,8,"  ",6,6,1,21,8,B03,120.665594,24.134238,2,66000,387130000C,(04)23289100,(04)25368667
10926,2023,03,29,9,25,臺中市,中區,0,0,0,8,1,5,50,14,9,1,5,4,5,7,4,4,1,5,5,2,13,16,"  ","  ","  ","  ",B03,"  ","  ",1,"  ",1,"  ","  ",16,"   ",1,21,"  ",B03,120.681933,24.145025,3,66000,387130000C,(04)23289100,(04)25368667
10927,2023,03,29,9,25,臺中市,豐原區,0,0,0,8,,,50,,,,,,,,,,,,,,,6,"  ","  ","  ","  ",C03,"  ","  ",1,"  ",2,"  ","  ",6,"   ",1,22,"  ",C03,120.700966,24.247452,3,66000,387130000C,(04)23289100,(04)25368667
10928,2023,03,29,9,27,臺中市,太平區,0,1,0,8,1,5,15,11,9,1,5,4,5,7,4,4,10,5,5,2,11,5,2,8,1,1,C03,7,9,1,10,2,14,"  ",5,5,1,21,8,C03,120.736926,24.135636,2,66000,387130000C,(04)23289100,(04)25368667
10929,2023,03,29,9,28,臺中市,西屯區,0,2,0,8,1,5,40,4,1,1,5,4,5,7,2,1,10,5,5,2,13,16,2,9,1,1,C03,7,9,1,10,2,11,"  ",16,16,1,22,8,C03,120.653259,24.160866,2,66000,387130000C,(04)23289100,(04)25368667
10930,2023,03,29,9,29,臺中市,豐原區,0,0,0,8,,,50,,,,,,,,,,,,,,,23,"  ","  ","  ","  ",B03,"  ","  ",3,"  ",2,"  ","  ",23,"   ",1,22,"  ",B03,120.714577,24.244412,3,66000,387130000C,(04)23289100,(04)25368667
10931,2023,03,29,9,30,臺中市,大甲區,0,0,0,,,,40,,,,,,,,,,,,,,,23,"  ","  ","  ","  ",B03,"  ","  ",1,"  ",2,"  ","  ",23,23,1,22,"  ",B03,120.609519,24.349558,3,66000,387130000C,(04)23289100,(04)25368667
10932,2023,03,29,9,32,臺中市,西區,0,0,0,,,,50,,,,,,,,,,,,,,,42,"  ","  ","  ","  ",A02,"  ","  ",1,"  ",2,"  ","  ",42,"   ",1,5,"  ",A02,120.673311,24.134001,3,66000,387130000C,(04)23289100,(04)25368667
10933,2023,03,29,9,33,臺中市,西屯區,0,1,0,8,1,5,50,3,2,1,5,4,5,7,4,4,5,4,5,2,17,26,2,8,3,4,C03,7,5,1,10,2,11,"  ",26,26,1,22,8,C03,120.620478,24.187911,2,66000,387130000C,(04)23289100,(04)25368667
10934,2023,03,29,9,34,臺中市,北區,0,0,0,8,,,40,,,,,,,,,,,,,,,42,"  ","  ","  ","  ",B01,"  ","  ",1,"  ",2,"  ","  ",42,"   ",1,10,"  ",B01,120.677774,24.149561,3,66000,387130000C,(04)23289100,(04)25368667
10935,2023,03,29,9,38,臺中市,沙鹿區,0,0,0,,,,50,,,,,,,,,,,,,,,23,"  ","  ","  ","  ",B03,"  ","  ",1,"  ",2,"  ","  ",23,"   ",1,4,"  ",B03,120.567839,24.206002,3,66000,387130000C,(04)23289100,(04)25368667
10936,2023,03,29,9,39,臺中市,北屯區,0,0,0,8,,,50,,,,,,,,,,,,,,,23,"  ","  ","  ","  ",C03,"  ","  ",1,"  ",9,"  ","  ",23,23,2,21,"  ",C03,120.697745,24.170349,3,66000,387130000C,(04)23289100,(04)25368667
10937,2023,03,29,9,40,臺中市,霧峰區,0,0,0,8,,,50,,,,,,,,,,,,,,,17,"  ","  ","  ","  ",B03,"  ","  ",1,"  ",2,"  ","  ",17,"   ",1,20,"  ",B03,120.686263,24.053613,3,66000,387130000C,(04)23289100,(04)25368667
10938,2023,03,29,9,45,臺中市,清水區,0,1,0,8,1,5,50,3,1,1,5,4,5,7,3,1,10,5,5,2,16,6,2,9,1,1,C03,7,5,1,10,2,11,"  ",6,6,1,19,5,C03,120.571573,24.261184,2,66000,387130000C,(04)23289100,(04)25368667
10939,2023,03,29,9,46,臺中市,北區,0,1,0,8,1,5,50,14,9,1,5,4,5,7,4,4,5,5,5,2,2,23,3,10,1,1,B03,7,9,1,8,2,2,"  ",23,23,1,5,8,B03,120.67131,24.171769,2,66000,387130000C,(04)23289100,(04)25368667
10940,2023,03,29,9,47,臺中市,北區,0,0,0,8,,,50,,,,,,,,,,,,,,,43,"  ","  ","  ","  ",B03,"  ","  ",1,"  ",1,"  ","  ",43,"   ",1,22,"  ",B03,120.68542,24.156219,3,66000,387130000C,(04)23289100,(04)25368667
10941,2023,03,29,9,50,臺中市,北屯區,0,2,0,8,1,5,1,3,2,1,5,4,5,7,4,4,5,5,4,2,3,51,2,9,1,1,C03,7,9,1,10,2,12,"  ",42,51,1,22,8,C03,120.688422,24.178072,2,66000,387130000C,(04)23289100,(04)25368667
10942,2023,03,29,9,54,臺中市,太平區,0,2,0,8,1,5,50,14,9,1,5,4,5,7,4,4,5,4,5,2,17,19,2,9,1,1,C03,7,1,4,8,2,13,"  ",19,19,1,19,8,C03,120.722215,24.149443,2,66000,387130000C,(04)23289100,(04)25368667
10943,2023,03,29,9,55,臺中市,大里區,0,1,0,8,1,5,50,14,9,1,5,4,5,7,4,4,9,5,5,1,16,26,2,7,1,1,C03,7,11,1,10,2,12,"  ",26,26,1,3,8,C03,120.698141,24.096561,2,66000,387130000C,(04)23289100,(04)25368667
10944,2023,03,29,9,57,臺中市,南屯區,0,1,0,7,1,5,50,14,9,1,5,4,5,7,4,4,5,5,5,2,16,6,3,10,1,1,B03,7,6,1,8,2,2,"  ",6,6,1,5,8,B03,120.652184,24.148824,2,66000,387130000C,(04)23289100,(04)25368667
10945,2023,03,29,9,57,臺中市,北屯區,0,0,0,8,,,50,,,,,,,,,,,,,,,19,"  ","  ","  ","  ",B03,"  ","  ",1,"  ",1,"  ","  ",19,"   ",1,21,"  ",B03,120.725258,24.165216,3,66000,387130000C,(04)23289100,(04)25368667
10946,2023,03,29,9,59,臺中市,東區,0,0,0,,,,50,,,,,,,,,,,,,,,12,"  ","  ","  ","  ",B03,"  ","  ",3,"  ",9,"  ","  ",12,"   ",2,5,"  ",B03,120.68488,24.128949,3,66000,387130000C,(04)23289100,(04)25368667
10947,2023,03,29,10,0,臺中市,大里區,0,0,0,8,,,50,,,,,,,,,,,,,,,26,"  ","  ","  ","  ",F03,"  ","  ",1,"  ",2,"  ","  ",26,"   ",1,20,"  ",F03,120.68596,24.11376,3,66000,387130000C,(04)23289100,(04)25368667
10948,2023,03,29,10,4,臺中市,太平區,0,1,0,8,1,5,50,4,1,1,5,4,5,7,1,1,10,5,5,2,17,19,3,10,1,1,B03,7,1,1,8,2,2,"  ",19,19,1,22,8,B03,120.716131,24.133361,2,66000,387130000C,(04)23289100,(04)25368667
10949,2023,03,29,10,10,臺中市,烏日區,0,0,0,8,1,5,50,4,1,1,5,4,5,7,4,4,9,5,5,1,14,12,"  ","  ","  ","  ",B03,"  ","  ",1,"  ",2,"  ","  ",12,"   ",1,22,"  ",B03,120.618199,24.1052,3,66000,387130000C,(04)23289100,(04)25368667
10950,2023,03,29,10,14,臺中市,東區,0,1,0,8,1,5,50,14,7,1,5,4,5,7,4,4,3,4,4,2,18,23,2,9,1,1,C03,7,9,1,9,2,14,"  ",23,23,1,5,8,C03,120.694468,24.146851,2,66000,387130000C,(04)23289100,(04)25368667
10951,2023,03,29,10,21,臺中市,西屯區,0,1,0,8,1,5,50,14,7,1,5,4,5,7,4,4,5,5,4,2,16,26,2,8,1,1,C03,7,5,1,10,2,12,"  ",26,26,1,4,8,C03,120.637613,24.180037,2,66000,387130000C,(04)23289100,(04)25368667
10952,2023,03,29,10,25,臺中市,大雅區,0,0,0,8,,,60,,,,,,,,,,,,,,,23,"  ","  ","  ","  ",B03,"  ","  ",1,"  ",1,"  ","  ",23,"   ",1,21,"  ",B03,120.630697,24.232888,3,66000,387130000C,(04)23289100,(04)25368667
10953,2023,03,29,10,25,臺中市,北屯區,0,1,0,8,1,5,50,4,1,1,5,4,5,7,1,1,5,5,5,2,18,23,2,9,1,1,C03,7,9,1,10,2,14,"  ",23,23,1,22,8,C03,120.680537,24.200824,2,66000,387130000C,(04)23289100,(04)25368667
10954,2023,03,29,10,30,臺中市,大雅區,0,0,0,8,,,50,,,,,,,,,,,,,,,23,"  ","  ","  ","  ",C03,"  ","  ",1,"  ",2,"  ","  ",23,"   ",1,22,"  ",C03,120.629502,24.208354,3,66000,387130000C,(04)23289100,(04)25368667
10955,2023,03,29,10,30,臺中市,龍井區,0,0,0,8,,,60,,,,,,,,,,,,,,,16,"  ","  ","  ","  ",B03,"  ","  ",1,"  ",11,"  ","  ",16,"   ",1,21,"  ",B03,120.573529,24.186313,3,66000,387130000C,(04)23289100,(04)25368667
10956,2023,03,29,10,34,臺中市,烏日區,0,0,0,8,,,50,,,,,,,,,,,,,,,23,"  ","  ","  ","  ",A12,"  ","  ",1,"  ",2,"  ","  ",23,"   ",1,21,"  ",A12,120.63143,24.108958,3,66000,387130000C,(04)23289100,(04)25368667
10957,2023,03,29,10,35,臺中市,清水區,0,1,0,7,1,5,60,4,1,2,5,4,5,7,1,1,1,4,1,1,16,8,3,10,1,1,B12,7,5,1,8,2,2,"  ",8,8,1,22,8,B12,120.558483,24.273392,2,66000,387130000C,(04)23289100,(04)25368667
10958,2023,03,29,10,36,臺中市,西屯區,0,1,0,8,1,5,1,4,1,1,5,4,5,7,1,1,10,5,5,2,3,60,2,9,3,4,H01,8,16,8,20,10,16,"  ",60,60,1,22,8,H01,120.66648,24.175208,2,66000,387130000C,(04)23289100,(04)25368667
10959,2023,03,29,10,41,臺中市,豐原區,0,0,0,8,,,60,,,,,,,,,,,,,,,16,"  ","  ","  ","  ",B03,"  ","  ",1,"  ",2,"  ","  ",16,"   ",1,21,"  ",B03,120.737419,24.250857,3,66000,387130000C,(04)23289100,(04)25368667
10960,2023,03,29,10,45,臺中市,北屯區,0,2,0,8,1,5,50,4,2,1,5,4,5,7,2,1,5,2,5,2,13,16,3,10,1,1,B03,7,6,1,8,2,8,"  ",16,16,1,21,8,B03,120.688493,24.181908,2,66000,387130000C,(04)23289100,(04)25368667
10961,2023,03,29,10,50,臺中市,沙鹿區,0,2,0,8,1,5,60,14,7,1,5,4,5,7,4,4,1,3,4,1,13,23,2,3,1,1,B03,7,7,1,8,2,5,"  ",23,23,1,22,8,B03,120.561597,24.208504,2,66000,387130000C,(04)23289100,(04)25368667
10962,2023,03,29,10,54,臺中市,烏日區,0,0,0,8,1,5,50,14,8,1,5,4,5,7,4,4,1,4,4,1,14,12,"  ","  ","  ","  ",B03,"  ","  ",1,"  ",2,"  ","  ",12,"   ",1,22,"  ",B03,120.583788,24.111368,3,66000,387130000C,(04)23289100,(04)25368667
10963,2023,03,29,10,55,臺中市,后里區,0,1,0,8,1,5,50,4,1,1,5,4,5,7,1,1,5,5,4,1,15,25,3,10,1,1,B03,7,9,1,8,2,8,"  ",25,25,1,21,8,B03,120.695788,24.311166,2,66000,387130000C,(04)23289100,(04)25368667
10964,2023,03,29,10,56,臺中市,北區,0,0,0,8,,,40,,,,,,,,,,,,,,,12,"  ","  ","  ","  ",C03,"  ","  ",1,"  ",1,"  ","  ",12,"   ",1,5,"  ",C03,120.693622,24.159816,3,66000,387130000C,(04)23289100,(04)25368667
10965,2023,03,29,10,56,臺中市,豐原區,0,2,0,7,1,5,50,4,1,1,5,4,5,7,1,1,10,5,5,2,16,6,3,10,3,4,B03,7,5,1,8,2,2,"  ",6,6,1,22,8,B03,120.72058,24.26675,2,66000,387130000C,(04)23289100,(04)25368667
10966,2023,03,29,10,57,臺中市,東區,0,0,0,8,1,5,50,14,7,1,5,4,5,7,1,1,1,4,4,2,13,23,3,10,1,1,B03,7,9,1,7,1,5,"  ",23,23,1,5,8,B03,120.691853,24.132436,3,66000,387130000C,(04)23289100,(04)25368667
10967,2023,03,29,10,58,臺中市,沙鹿區,0,1,0,8,1,5,50,4,1,1,5,4,5,7,4,4,10,5,5,2,15,6,2,9,1,1,C03,7,9,1,10,2,11,"  ",6,6,1,5,9,C03,120.569522,24.230333,2,66000,387130000C,(04)23289100,(04)25368667
10968,2023,03,29,10,59,臺中市,北屯區,0,1,0,8,1,5,50,4,1,1,5,4,4,7,1,1,1,2,4,2,16,1,2,9,1,1,C03,7,4,1,10,2,11,"  ",1,1,1,4,3,C03,120.686626,24.197848,2,66000,387130000C,(04)23289100,(04)25368667
10969,2023,03,29,11,0,臺中市,南屯區,0,0,0,8,,,50,,,,,,,,,,,,,,,23,"  ","  ","  ","  ",B12,"  ","  ",1,"  ",2,"  ","  ",23,"   ",1,5,"  ",B12,120.616978,24.139266,3,66000,387130000C,(04)23289100,(04)25368667
10970,2023,03,29,11,3,臺中市,潭子區,0,0,0,8,,,50,,,,,,,,,,,,,,,17,"  ","  ","  ","  ",A05,"  ","  ",1,"  ",2,"  ","  ",17,"   ",1,22,"  ",A05,120.721348,24.196131,3,66000,387130000C,(04)23289100,(04)25368667
10971,2023,03,29,11,8,臺中市,北屯區,0,1,0,7,1,5,30,14,9,1,5,4,5,7,4,4,10,5,5,2,17,19,3,10,1,1,B03,7,1,1,8,2,1,"  ",19,19,1,21,8,B03,120.703125,24.167442,2,66000,387130000C,(04)23289100,(04)25368667
10972,2023,03,29,11,9,臺中市,南屯區,0,0,0,8,,,50,,,,,,,,,,,,,,,16,"  ","  ","  ","  ",B03,"  ","  ",1,"  ",1,"  ","  ",16,"   ",1,22,"  ",B03,120.644253,24.132796,3,66000,387130000C,(04)23289100,(04)25368667
10973,2023,03,29,11,9,臺中市,北屯區,0,0,0,8,,,50,,,,,,,,,,,,,,,16,"  ","  ","  ","  ",G03,"  ","  ",1,"  ",1,"  ","  ",16,"   ",1,9,"  ",G03,120.686628,24.197697,3,66000,387130000C,(04)23289100,(04)25368667
10974,2023,03,29,11,12,臺中市,南屯區,0,0,0,8,1,5,50,14,9,1,5,4,5,7,1,1,1,4,5,2,13,16,"  ","  ","  ","  ",B01,"  ","  ",1,"  ",1,"  ","  ",16,"   ",1,5,"  ",B01,120.636224,24.143297,3,66000,387130000C,(04)23289100,(04)25368667
10975,2023,03,29,11,12,臺中市,大甲區,0,1,0,8,1,5,50,14,9,1,5,4,5,7,4,4,9,5,5,1,12,19,2,9,1,1,C03,7,1,1,10,2,14,"  ",19,19,1,22,8,C03,120.624438,24.350351,2,66000,387130000C,(04)23289100,(04)25368667
10976,2023,03,29,11,13,臺中市,北屯區,0,1,0,8,1,5,50,4,4,1,5,4,5,7,2,1,1,4,5,2,13,23,3,10,1,1,B12,7,8,1,8,2,1,"  ",23,23,1,4,8,B12,120.669578,24.177285,2,66000,387130000C,(04)23289100,(04)25368667
10977,2023,03,29,11,16,臺中市,北屯區,0,0,0,8,,,50,,,,,,,,,,,,,,,16,"  ","  ","  ","  ",B03,"  ","  ",1,"  ",1,"  ","  ",16,"   ",1,22,"  ",B03,120.686546,24.194013,3,66000,387130000C,(04)23289100,(04)25368667
10978,2023,03,29,11,21,臺中市,南屯區,0,1,0,8,1,5,40,14,7,1,5,4,5,7,4,4,9,5,4,2,14,12,2,9,1,1,B03,7,2,1,8,2,8,"  ",12,12,1,22,8,B03,120.635811,24.14932,2,66000,387130000C,(04)23289100,(04)25368667
10979,2023,03,29,11,21,臺中市,豐原區,0,0,0,8,,,60,,,,,,,,,,,,,,,23,"  ","  ","  ","  ",B03,"  ","  ",1,"  ",2,"  ","  ",23,"   ",1,22,"  ",B03,120.703367,24.249439,3,66000,387130000C,(04)23289100,(04)25368667
10980,2023,03,29,11,26,臺中市,北屯區,0,3,0,8,1,5,50,4,1,1,5,4,5,7,2,1,10,5,5,2,15,25,2,9,1,1,B03,7,9,1,1,2,1,"  ",25,25,1,21,8,B03,120.674823,24.19111,2,66000,387130000C,(04)23289100,(04)25368667