序號,年,月,日,時,分,縣市,區,死亡數量,受傷數量,2-30,天候,光線,道路類別,速限_速度(公里),道路型態,事故位置,路面鋪裝,路面狀態,路面缺陷,障礙物,視距,號誌種類,號誌動作,分向設施,快車道或一般車道間,快慢車道間,路面邊線,事故類型及型態,主要肇因,受傷程度,主要傷處,保護裝備,行動電話,當事者區分,車輛用途,當事者行動狀態,駕駛資格情形,駕駛執照種類,飲酒情形,車輛撞擊部位最初,車輛撞擊部位其他,肇事因素個別,肇事因素主要,肇事逃逸,職業,旅次目的,車種,GPS座標X,GPS座標Y,事故類別,縣市別代碼,機關代碼,市話,傳真
10981,2023,03,29,11,26,臺中市,西屯區,0,0,0,8,,,50,,,,,,,,,,,,,,,18,"  ","  ","  ","  ",C03,"  ","  ",1,"  ",2,"  ","  ",18,"   ",1,12,"  ",C03,120.610686,24.187895,3,66000,387130000C,(04)23289100,(04)25368667
10982,2023,03,29,11,27,臺中市,北屯區,0,0,0,8,,,50,,,,,,,,,,,,,,,12,"  ","  ","  ","  ",B03,"  ","  ",1,"  ",2,"  ","  ",12,"   ",1,22,"  ",B03,120.689287,24.171984,3,66000,387130000C,(04)23289100,(04)25368667
10983,2023,03,29,11,33,臺中市,西屯區,0,1,0,8,1,5,50,3,1,1,5,4,5,7,1,1,10,5,5,2,17,42,2,8,1,1,C03,7,6,1,10,1,12,"  ",42,42,1,22,8,C03,120.613216,24.171574,2,66000,387130000C,(04)23289100,(04)25368667
10984,2023,03,29,11,39,臺中市,大里區,0,0,0,8,,,50,,,,,,,,,,,,,,,16,"  ","  ","  ","  ",B02,"  ","  ",3,"  ",2,"  ","  ",16,"   ",1,22,"  ",B02,120.687338,24.097567,3,66000,387130000C,(04)23289100,(04)25368667
10985,2023,03,29,11,47,臺中市,西屯區,0,2,0,7,1,5,50,14,9,1,5,4,5,7,4,4,1,4,5,2,13,16,2,8,1,1,C03,7,7,1,10,2,11,13,16,16,1,19,5,C03,120.649845,24.163229,2,66000,387130000C,(04)23289100,(04)25368667
10986,2023,03,29,11,49,臺中市,南屯區,0,0,0,8,,,50,,,,,,,,,,,,,,,26,"  ","  ","  ","  ",A02,"  ","  ",1,"  ",2,"  ","  ",26,"   ",1,10,"  ",A02,120.609707,24.138486,3,66000,387130000C,(04)23289100,(04)25368667
10987,2023,03,29,11,54,臺中市,豐原區,0,1,0,7,1,5,30,4,1,1,5,4,5,6,4,4,10,5,5,2,15,6,2,8,1,1,C03,7,9,1,10,2,12,"  ",6,6,1,22,8,C03,120.727888,24.240954,2,66000,387130000C,(04)23289100,(04)25368667
10988,2023,03,29,11,55,臺中市,西屯區,0,1,0,8,1,5,50,3,1,1,5,4,5,7,4,4,10,5,5,2,16,10,3,10,1,1,B03,7,11,1,8,2,7,"  ",10,10,1,22,8,B03,120.656648,24.160953,2,66000,387130000C,(04)23289100,(04)25368667
10989,2023,03,29,11,55,臺中市,霧峰區,0,1,0,8,1,5,40,4,1,1,5,4,5,7,1,1,10,5,5,2,16,25,2,7,1,1,C03,7,9,1,10,2,11,"  ",25,25,1,3,8,C03,120.66268,24.072542,2,66000,387130000C,(04)23289100,(04)25368667
10990,2023,03,29,11,58,臺中市,神岡區,0,1,0,8,1,5,50,14,7,1,5,4,5,7,4,4,5,5,4,2,13,23,2,9,1,1,C03,7,9,1,10,2,11,"  ",23,23,1,21,8,C03,120.70228,24.262668,2,66000,387130000C,(04)23289100,(04)25368667
10991,2023,03,29,12,3,臺中市,西屯區,0,1,0,8,1,5,50,14,8,1,5,4,5,7,4,4,1,4,4,2,12,7,3,10,3,4,B03,7,8,1,8,2,5,"  ",7,7,1,22,8,B03,120.652695,24.205045,2,66000,387130000C,(04)23289100,(04)25368667
10992,2023,03,29,12,10,臺中市,南屯區,0,0,0,,,,50,,,,,,,,,,,,,,,17,"  ","  ","  ","  ",B12,"  ","  ",1,"  ",9,"  ","  ",17,17,1,22,"  ",B12,120.612703,24.153908,3,66000,387130000C,(04)23289100,(04)25368667
10993,2023,03,29,12,11,臺中市,西屯區,0,0,0,8,,,50,,,,,,,,,,,,,,,40,"  ","  ","  ","  ",B12,"  ","  ",1,"  ",2,"  ","  ",40,40,1,22,"  ",B12,120.617081,24.19044,3,66000,387130000C,(04)23289100,(04)25368667
10994,2023,03,29,12,12,臺中市,北屯區,0,0,0,8,,,50,,,,,,,,,,,,,,,8,"  ","  ","  ","  ",B03,"  ","  ",1,"  ",1,"  ","  ",8,"   ",1,21,"  ",B03,120.685169,24.166985,3,66000,387130000C,(04)23289100,(04)25368667
10995,2023,03,29,12,13,臺中市,西屯區,0,0,0,8,,,30,,,,,,,,,,,,,,,16,"  ","  ","  ","  ",C03,"  ","  ",1,"  ",1,"  ","  ",16,"   ",1,4,"  ",C03,120.650136,24.171929,3,66000,387130000C,(04)23289100,(04)25368667
10996,2023,03,29,12,14,臺中市,東勢區,0,0,0,8,,,50,,,,,,,,,,,,,,,42,"  ","  ","  ","  ",B03,"  ","  ",1,"  ",1,"  ","  ",42,"   ",1,21,"  ",B03,120.824667,24.262644,3,66000,387130000C,(04)23289100,(04)25368667
10997,2023,03,29,12,16,臺中市,北區,0,2,0,7,1,5,30,4,1,1,5,4,5,7,4,4,10,5,5,2,15,6,2,7,1,1,C03,7,9,1,10,2,11,"  ",6,6,1,22,9,C03,120.691474,24.160632,2,66000,387130000C,(04)23289100,(04)25368667
10998,2023,03,29,12,20,臺中市,龍井區,0,0,0,8,,,70,,,,,,,,,,,,,,,23,"  ","  ","  ","  ",B03,"  ","  ",1,"  ",2,"  ","  ",23,"   ",1,22,"  ",B03,120.586315,24.185877,3,66000,387130000C,(04)23289100,(04)25368667
10999,2023,03,29,12,20,臺中市,和平區,0,0,0,,,,50,,,,,,,,,,,,,,,12,"  ","  ","  ","  ",B03,"  ","  ",1,"  ",1,"  ","  ",12,12,1,22,"  ",B03,121.005799,24.202975,3,66000,387130000C,(04)23289100,(04)25368667
11000,2023,03,29,12,23,臺中市,神岡區,0,1,0,7,1,5,30,4,1,1,5,4,5,7,4,4,10,5,5,2,15,6,2,9,1,1,C03,7,9,1,10,2,11,"  ",6,6,1,22,8,C03,120.697117,24.252039,2,66000,387130000C,(04)23289100,(04)25368667
11001,2023,03,29,12,24,臺中市,潭子區,0,0,0,8,,,50,,,,,,,,,,,,,,,23,"  ","  ","  ","  ",B12,"  ","  ",1,"  ",2,"  ","  ",23,23,1,22,"  ",B12,120.70062,24.213452,3,66000,387130000C,(04)23289100,(04)25368667
11002,2023,03,29,12,26,臺中市,南區,0,1,0,8,1,5,50,4,9,1,5,4,5,7,3,1,10,5,5,2,29,23,2,9,1,1,C03,7,6,1,10,2,12,"  ",23,23,1,22,8,C03,120.656512,24.12066,2,66000,387130000C,(04)23289100,(04)25368667
11003,2023,03,29,12,35,臺中市,大甲區,0,1,0,6,1,5,70,4,1,1,4,4,5,7,1,1,10,4,4,1,12,9,3,10,1,1,A11,7,6,1,3,2,5,"  ",9,9,1,10,1,A11,120.651234,24.381251,2,66000,387130000C,(04)23289100,(04)25368667
11004,2023,03,29,12,39,臺中市,后里區,0,0,0,8,,,50,,,,,,,,,,,,,,,43,"  ","  ","  ","  ",B03,"  ","  ",1,"  ",2,"  ","  ",43,"   ",1,22,"  ",B03,120.694159,24.313593,3,66000,387130000C,(04)23289100,(04)25368667
11005,2023,03,29,12,45,臺中市,大里區,0,1,0,8,1,5,30,14,18,1,5,4,5,7,4,4,10,5,5,2,3,6,3,10,1,1,C03,7,9,1,10,2,11,"  ",6,6,1,18,8,C03,120.700914,24.091973,2,66000,387130000C,(04)23289100,(04)25368667
11006,2023,03,29,12,46,臺中市,西屯區,0,0,0,8,,,70,,,,,,,,,,,,,,,23,"  ","  ","  ","  ",B03,"  ","  ",1,"  ",1,"  ","  ",23,"   ",1,4,"  ",B03,120.58777,24.185286,3,66000,387130000C,(04)23289100,(04)25368667
11007,2023,03,29,12,47,臺中市,北屯區,0,1,0,6,1,5,50,14,9,1,4,4,5,7,4,4,5,5,5,2,16,26,3,10,1,1,B03,7,5,1,8,2,2,"  ",26,26,1,4,8,B03,120.710458,24.181723,2,66000,387130000C,(04)23289100,(04)25368667
11008,2023,03,29,12,48,臺中市,北屯區,0,2,0,6,1,5,50,4,1,1,4,4,5,7,1,1,5,5,4,2,16,6,2,9,1,1,C03,7,5,1,10,2,12,"  ",6,6,1,22,8,C03,120.689678,24.180409,2,66000,387130000C,(04)23289100,(04)25368667
11009,2023,03,29,12,50,臺中市,大雅區,0,0,0,8,,,60,,,,,,,,,,,,,,,23,"  ","  ","  ","  ",B03,"  ","  ",1,"  ",2,"  ","  ",23,"   ",1,22,"  ",B03,120.643283,24.228026,3,66000,387130000C,(04)23289100,(04)25368667
11010,2023,03,29,12,50,臺中市,東區,0,2,0,8,1,5,50,3,1,1,5,4,5,7,4,4,1,5,5,2,16,4,2,9,1,1,C03,7,9,1,10,2,11,"  ",4,4,1,22,8,C03,120.688834,24.127672,2,66000,387130000C,(04)23289100,(04)25368667
11011,2023,03,29,12,54,臺中市,西屯區,0,1,0,8,1,5,50,3,2,1,5,4,5,7,4,4,9,4,4,2,12,9,3,10,1,1,B03,7,6,1,8,2,2,"  ",9,9,1,12,8,B03,120.596428,24.176801,2,66000,387130000C,(04)23289100,(04)25368667
11012,2023,03,29,12,55,臺中市,西屯區,0,1,0,8,1,5,50,4,1,1,5,4,4,7,1,1,10,5,5,2,11,6,3,10,1,1,B03,7,5,1,1,2,8,"  ",6,6,1,22,8,B03,120.644589,24.185105,2,66000,387130000C,(04)23289100,(04)25368667
11013,2023,03,29,12,58,臺中市,大雅區,0,1,0,6,1,5,50,4,1,1,4,4,5,7,1,1,3,4,4,1,15,43,3,10,1,1,B03,7,9,1,8,2,2,"  ",43,43,1,22,8,B03,120.66241,24.21935,2,66000,387130000C,(04)23289100,(04)25368667
11014,2023,03,29,13,0,臺中市,霧峰區,0,0,0,8,,,40,,,,,,,,,,,,,,,25,"  ","  ","  ","  ",B03,"  ","  ",1,"  ",2,"  ","  ",25,"   ",1,3,"  ",B03,120.69952,24.068406,3,66000,387130000C,(04)23289100,(04)25368667
11015,2023,03,29,13,5,臺中市,大里區,0,0,0,8,,,30,,,,,,,,,,,,,,,44,"  ","  ","  ","  ",B12,"  ","  ",1,"  ",9,"  ","  ",44,"   ",1,9,"  ",B12,120.706922,24.111011,3,66000,387130000C,(04)23289100,(04)25368667
11016,2023,03,29,13,10,臺中市,大里區,0,0,0,8,,,30,,,,,,,,,,,,,,,12,"  ","  ","  ","  ",B12,"  ","  ",1,"  ",2,"  ","  ",12,"   ",1,12,"  ",B12,120.7011,24.092007,3,66000,387130000C,(04)23289100,(04)25368667
11017,2023,03,29,13,10,臺中市,太平區,0,1,0,7,1,5,50,4,1,1,5,4,5,7,4,4,10,5,5,2,15,6,3,10,1,1,C03,7,9,3,18,5,13,"  ",6,6,2,21,8,C03,120.719691,24.114646,2,66000,387130000C,(04)23289100,(04)25368667
11018,2023,03,29,13,14,臺中市,梧棲區,0,1,0,8,1,5,70,4,1,1,5,4,5,7,1,1,10,5,5,2,16,26,2,9,1,1,C03,7,5,1,10,2,14,"  ",26,26,1,21,1,C03,120.549714,24.23883,2,66000,387130000C,(04)23289100,(04)25368667
11019,2023,03,29,13,15,臺中市,北區,0,2,0,8,1,5,50,3,2,1,5,4,5,7,4,4,5,4,5,2,16,9,2,9,3,4,C03,7,9,1,10,2,12,"  ",23,9,1,22,9,C03,120.686584,24.165354,2,66000,387130000C,(04)23289100,(04)25368667
11020,2023,03,29,13,20,臺中市,沙鹿區,0,2,0,6,1,5,30,4,1,1,4,4,5,7,4,4,10,5,5,2,15,6,2,9,1,1,C03,7,9,1,10,2,11,"  ",6,6,1,19,5,C03,120.564837,24.255532,2,66000,387130000C,(04)23289100,(04)25368667
11021,2023,03,29,13,22,臺中市,西屯區,0,3,0,6,1,5,50,4,9,2,4,4,5,7,2,1,5,4,5,2,12,6,2,9,1,1,C03,7,6,3,18,2,12,"  ",6,6,1,22,8,C03,120.655403,24.158246,2,66000,387130000C,(04)23289100,(04)25368667
11022,2023,03,29,13,38,臺中市,大里區,0,1,0,8,1,5,50,3,1,1,5,4,5,7,1,1,5,5,5,1,16,25,2,9,1,1,C03,7,9,3,18,2,11,"  ",25,25,1,5,8,C03,120.689485,24.116475,2,66000,387130000C,(04)23289100,(04)25368667
11023,2023,03,29,13,45,臺中市,西屯區,0,1,0,8,1,5,30,14,9,1,5,4,5,7,4,4,10,5,5,2,16,13,3,10,3,4,C03,7,9,1,10,2,11,14,13,13,1,22,8,C03,120.64743,24.176666,2,66000,387130000C,(04)23289100,(04)25368667
11024,2023,03,29,13,57,臺中市,北屯區,0,0,0,6,,,50,,,,,,,,,,,,,,,23,"  ","  ","  ","  ",A12,"  ","  ",1,"  ",2,"  ","  ",23,"   ",1,22,"  ",A12,120.71913,24.176712,3,66000,387130000C,(04)23289100,(04)25368667
11025,2023,03,29,14,1,臺中市,豐原區,0,0,0,8,,,60,,,,,,,,,,,,,,,23,"  ","  ","  ","  ",A12,"  ","  ",1,"  ",2,"  ","  ",23,"   ",1,22,"  ",A12,120.703261,24.244852,3,66000,387130000C,(04)23289100,(04)25368667
11026,2023,03,29,14,14,臺中市,潭子區,0,0,0,8,,,50,,,,,,,,,,,,,,,23,"  ","  ","  ","  ",B03,"  ","  ",1,"  ",2,"  ","  ",23,"   ",1,22,"  ",B03,120.69168,24.235031,3,66000,387130000C,(04)23289100,(04)25368667
11027,2023,03,29,14,14,臺中市,北屯區,0,0,0,6,,,50,,,,,,,,,,,,,,,26,"  ","  ","  ","  ",B12,"  ","  ",1,"  ",1,"  ","  ",26,"   ",1,21,"  ",B12,120.673518,24.199222,3,66000,387130000C,(04)23289100,(04)25368667
11028,2023,03,29,14,14,臺中市,西屯區,0,0,0,8,,,50,,,,,,,,,,,,,,,7,"  ","  ","  ","  ",B03,"  ","  ",1,"  ",1,"  ","  ",7,"   ",1,22,"  ",B03,120.643258,24.159613,3,66000,387130000C,(04)23289100,(04)25368667
11029,2023,03,29,14,18,臺中市,南屯區,0,0,0,8,,,50,,,,,,,,,,,,,,,18,"  ","  ","  ","  ",B03,"  ","  ",1,"  ",11,"  ","  ",18,"   ",2,22,"  ",B03,120.643836,24.136806,3,66000,387130000C,(04)23289100,(04)25368667
11030,2023,03,29,14,20,臺中市,太平區,0,0,0,8,,,40,,,,,,,,,,,,,,,42,"  ","  ","  ","  ",C03,"  ","  ",1,"  ",9,"  ","  ",42,"   ",1,21,"  ",C03,120.717509,24.11754,3,66000,387130000C,(04)23289100,(04)25368667
11031,2023,03,29,14,22,臺中市,梧棲區,0,0,0,6,,,50,,,,,,,,,,,,,,,42,"  ","  ","  ","  ",A41,"  ","  ",1,"  ",2,"  ","  ",42,"   ",1,10,"  ",A41,120.521109,24.228399,3,66000,387130000C,(04)23289100,(04)25368667
11032,2023,03,29,14,23,臺中市,大里區,0,1,0,8,1,5,40,4,1,1,5,4,5,7,1,1,10,5,5,2,16,8,2,7,1,1,C03,7,5,1,10,2,12,"  ",8,8,1,3,8,C03,120.708812,24.086731,2,66000,387130000C,(04)23289100,(04)25368667
11033,2023,03,29,14,25,臺中市,北區,0,1,0,6,1,5,50,4,9,1,4,4,5,7,1,1,10,5,5,2,16,9,3,10,1,1,B03,7,6,1,8,2,2,"  ",9,9,1,22,9,B03,120.698436,24.155316,2,66000,387130000C,(04)23289100,(04)25368667
11034,2023,03,29,14,25,臺中市,西屯區,0,0,0,8,,,50,,,,,,,,,,,,,,,25,"  ","  ","  ","  ",C03,"  ","  ",1,"  ",9,"  ","  ",25,"   ",1,12,"  ",C03,120.596555,24.176641,3,66000,387130000C,(04)23289100,(04)25368667
11035,2023,03,29,14,29,臺中市,西區,0,0,0,,,,50,,,,,,,,,,,,,,,23,"  ","  ","  ","  ",B03,"  ","  ",1,"  ",1,"  ","  ",23,"   ",1,21,"  ",B03,120.661466,24.151122,3,66000,387130000C,(04)23289100,(04)25368667
11036,2023,03,29,14,30,臺中市,龍井區,0,0,0,8,,,40,,,,,,,,,,,,,,,12,"  ","  ","  ","  ",B03,"  ","  ",1,"  ",1,"  ","  ",12,"   ",1,22,"  ",B03,120.587673,24.185508,3,66000,387130000C,(04)23289100,(04)25368667
11037,2023,03,29,14,31,臺中市,潭子區,0,1,0,6,1,5,50,3,2,1,4,4,5,7,1,1,3,4,5,2,16,25,2,9,1,1,C03,7,5,1,10,2,14,"  ",25,26,1,22,8,C03,120.709235,24.20043,2,66000,387130000C,(04)23289100,(04)25368667
11038,2023,03,29,14,37,臺中市,北區,0,2,0,8,1,5,50,3,2,1,5,4,5,7,4,4,5,4,4,2,17,23,2,9,3,4,C03,7,5,1,10,2,14,"  ",8,23,1,22,9,C03,120.69719,24.147123,2,66000,387130000C,(04)23289100,(04)25368667
11039,2023,03,29,14,38,臺中市,西屯區,0,1,0,7,1,5,40,14,8,1,5,4,5,7,4,4,1,5,1,2,12,23,2,8,1,1,C03,7,9,1,10,2,14,"  ",23,23,1,5,4,C03,120.635195,24.160487,2,66000,387130000C,(04)23289100,(04)25368667
11040,2023,03,29,14,38,臺中市,大里區,0,0,0,8,,,30,,,,,,,,,,,,,,,42,"  ","  ","  ","  ",C03,"  ","  ",1,"  ",9,"  ","  ",42,42,2,22,"  ",C03,120.67964,24.114918,3,66000,387130000C,(04)23289100,(04)25368667
11041,2023,03,29,14,38,臺中市,大甲區,0,1,0,8,1,5,50,14,8,1,4,4,5,7,4,4,5,5,5,1,16,19,3,10,1,1,B03,7,1,1,8,2,8,"  ",19,19,1,4,1,B03,120.62221,24.356385,2,66000,387130000C,(04)23289100,(04)25368667
11042,2023,03,29,14,40,臺中市,北區,0,1,0,8,1,5,50,4,1,1,5,4,5,7,1,1,5,5,2,2,16,25,3,10,1,1,B03,7,9,1,8,2,1,"  ",25,25,1,20,8,B03,120.688352,24.162962,2,66000,387130000C,(04)23289100,(04)25368667
11043,2023,03,29,14,46,臺中市,南屯區,0,0,0,8,,,40,,,,,,,,,,,,,,,23,"  ","  ","  ","  ",B03,"  ","  ",1,"  ",1,"  ","  ",23,"   ",1,22,"  ",B03,120.623436,24.150941,3,66000,387130000C,(04)23289100,(04)25368667
11044,2023,03,29,14,46,臺中市,北屯區,0,0,0,8,,,50,,,,,,,,,,,,,,,26,"  ","  ","  ","  ",B12,"  ","  ",1,"  ",1,"  ","  ",26,"   ",1,22,"  ",B12,120.69723,24.169329,3,66000,387130000C,(04)23289100,(04)25368667
11045,2023,03,29,14,56,臺中市,北區,0,0,0,6,,,50,,,,,,,,,,,,,,,23,"  ","  ","  ","  ",B03,"  ","  ",1,"  ",1,"  ","  ",23,"   ",1,21,"  ",B03,120.685263,24.154148,3,66000,387130000C,(04)23289100,(04)25368667
11046,2023,03,29,14,56,臺中市,太平區,0,0,0,8,,,50,,,,,,,,,,,,,,,42,"  ","  ","  ","  ",B03,"  ","  ",1,"  ",2,"  ","  ",42,"   ",1,21,"  ",B03,120.715627,24.147426,3,66000,387130000C,(04)23289100,(04)25368667
11047,2023,03,29,15,0,臺中市,龍井區,0,0,0,6,,,60,,,,,,,,,,,,,,,16,"  ","  ","  ","  ",A31,"  ","  ",1,"  ",2,"  ","  ",16,16,1,10,"  ",A31,120.5,24.14,3,66000,387130000C,(04)23289100,(04)25368667
11048,2023,03,29,15,2,臺中市,大里區,0,0,0,8,,,50,,,,,,,,,,,,,,,35,"  ","  ","  ","  ",B12,"  ","  ",1,"  ",2,"  ","  ",35,35,1,10,"  ",B12,120.70125,24.09997,3,66000,387130000C,(04)23289100,(04)25368667
11049,2023,03,29,15,3,臺中市,南屯區,0,0,0,,,,50,,,,,,,,,,,,,,,12,"  ","  ","  ","  ",B03,"  ","  ",1,"  ",1,"  ","  ",12,"   ",1,22,"  ",B03,120.6472,24.15527,3,66000,387130000C,(04)23289100,(04)25368667
11050,2023,03,29,15,4,臺中市,清水區,0,1,0,8,1,5,50,14,9,1,5,4,5,7,4,4,9,5,5,2,12,17,3,10,1,1,B03,7,4,1,8,2,2,"  ",17,17,1,21,8,B03,120.563279,24.313735,2,66000,387130000C,(04)23289100,(04)25368667
11051,2023,03,29,15,7,臺中市,西屯區,0,2,0,8,1,5,50,4,1,1,5,4,5,7,1,1,10,5,5,2,16,6,2,9,1,1,C03,7,5,1,10,2,12,"  ",6,6,1,22,8,C03,120.644359,24.174696,2,66000,387130000C,(04)23289100,(04)25368667
11052,2023,03,29,15,10,臺中市,北區,0,2,0,8,1,5,40,14,8,1,5,4,5,7,4,4,5,4,4,2,17,40,3,10,1,1,B12,7,13,1,8,2,5,"  ",40,40,1,22,8,B12,120.685205,24.159381,2,66000,387130000C,(04)23289100,(04)25368667
11053,2023,03,29,15,12,臺中市,潭子區,0,1,0,6,1,5,50,3,2,1,4,4,5,7,3,1,5,3,5,2,16,19,3,10,1,1,B03,7,1,1,8,2,5,"  ",19,19,1,22,8,B03,120.710678,24.234068,2,66000,387130000C,(04)23289100,(04)25368667
11054,2023,03,29,15,15,臺中市,北區,0,0,0,8,,,50,,,,,,,,,,,,,,,12,"  ","  ","  ","  ",B03,"  ","  ",1,"  ",11,"  ","  ",12,"   ",1,22,"  ",B03,120.687455,24.152481,3,66000,387130000C,(04)23289100,(04)25368667
11055,2023,03,29,15,19,臺中市,潭子區,0,1,0,6,1,5,40,3,1,1,4,4,5,7,4,4,10,5,5,2,17,6,3,10,1,1,B03,7,5,1,7,2,15,"  ",6,6,1,22,8,B03,120.69545,24.204636,2,66000,387130000C,(04)23289100,(04)25368667
11056,2023,03,29,15,19,臺中市,北屯區,0,0,0,8,,,50,,,,,,,,,,,,,,,26,"  ","  ","  ","  ",B03,"  ","  ",3,"  ",1,"  ","  ",26,"   ",1,4,"  ",B03,120.719089,24.161993,3,66000,387130000C,(04)23289100,(04)25368667
11057,2023,03,29,15,20,臺中市,南屯區,0,0,0,8,,,50,,,,,,,,,,,,,,,23,"  ","  ","  ","  ",B03,"  ","  ",1,8,2,"  ","  ",23,23,1,12,"  ",B03,120.640232,24.138485,3,66000,387130000C,(04)23289100,(04)25368667
11058,2023,03,29,15,21,臺中市,潭子區,0,0,0,6,,,60,,,,,,,,,,,,,,,7,"  ","  ","  ","  ",B12,"  ","  ",1,"  ",2,"  ","  ",7,"   ",1,22,"  ",B12,120.70392,24.202416,3,66000,387130000C,(04)23289100,(04)25368667
11059,2023,03,29,15,21,臺中市,南屯區,0,1,0,8,3,5,50,4,1,1,5,4,5,7,1,1,3,4,4,2,17,23,2,9,1,1,C03,7,9,3,18,2,12,"  ",23,23,1,22,8,C03,120.65221,24.150867,2,66000,387130000C,(04)23289100,(04)25368667
11060,2023,03,29,15,25,臺中市,西屯區,0,0,0,8,,,50,,,,,,,,,,,,,,,23,"  ","  ","  ","  ",A11,"  ","  ",1,"  ",11,"  ","  ",23,"   ",1,22,"  ",A11,120.644071,24.162406,3,66000,387130000C,(04)23289100,(04)25368667
11061,2023,03,29,15,26,臺中市,大里區,0,0,0,8,,,30,,,,,,,,,,,,,,,16,"  ","  ","  ","  ",C03,"  ","  ",1,"  ",2,"  ","  ",16,"   ",1,5,"  ",C03,120.666018,24.104555,3,66000,387130000C,(04)23289100,(04)25368667
11062,2023,03,29,15,30,臺中市,龍井區,0,0,0,8,,,50,,,,,,,,,,,,,,,6,"  ","  ","  ","  ",B03,"  ","  ",1,"  ",2,"  ","  ",6,"   ",1,21,"  ",B03,120.509722,24.218333,3,66000,387130000C,(04)23289100,(04)25368667
11063,2023,03,29,15,31,臺中市,北區,0,1,0,8,1,5,50,3,1,1,5,4,5,7,4,4,1,4,5,2,9,19,3,10,1,1,A02,7,1,1,2,2,15,"  ",19,19,1,21,8,A02,120.684763,24.151569,2,66000,387130000C,(04)23289100,(04)25368667
11064,2023,03,29,15,36,臺中市,太平區,0,0,0,8,,,40,,,,,,,,,,,,,,,6,"  ","  ","  ","  ",C03,"  ","  ",1,"  ",2,"  ","  ",6,"   ",1,22,"  ",C03,120.701195,24.11243,3,66000,387130000C,(04)23289100,(04)25368667
11065,2023,03,29,15,36,臺中市,烏日區,0,0,0,6,,,50,,,,,,,,,,,,,,,42,"  ","  ","  ","  ",C03,"  ","  ",1,"  ",2,"  ","  ",42,"   ",1,21,"  ",C03,120.642271,24.064393,3,66000,387130000C,(04)23289100,(04)25368667
11066,2023,03,29,15,40,臺中市,烏日區,0,0,0,8,1,5,50,15,13,1,5,4,5,7,4,4,1,4,4,1,14,12,"  ","  ","  ","  ",B03,"  ","  ",1,"  ",2,"  ","  ",12,"   ",1,22,"  ",B03,120.592978,24.113071,3,66000,387130000C,(04)23289100,(04)25368667
11067,2023,03,29,15,43,臺中市,西屯區,0,0,0,8,,,40,,,,,,,,,,,,,,,43,"  ","  ","  ","  ",B03,"  ","  ",1,"  ",2,"  ","  ",43,"   ",1,22,"  ",B03,120.662953,24.16761,3,66000,387130000C,(04)23289100,(04)25368667
11068,2023,03,29,15,45,臺中市,大里區,0,0,0,8,,,50,,,,,,,,,,,,,,,23,"  ","  ","  ","  ",B03,"  ","  ",1,"  ",2,"  ","  ",23,"   ",1,5,"  ",B03,120.681326,24.100302,3,66000,387130000C,(04)23289100,(04)25368667
11069,2023,03,29,15,46,臺中市,西屯區,0,3,0,8,1,5,40,14,8,1,5,4,5,7,2,1,1,4,1,1,17,23,2,9,1,1,C03,7,9,1,10,2,11,"  ",23,23,1,1,9,C03,120.615268,24.182938,2,66000,387130000C,(04)23289100,(04)25368667
11070,2023,03,29,15,59,臺中市,北區,0,1,0,8,1,5,50,4,1,1,5,4,5,7,3,1,10,5,5,2,9,43,3,10,3,4,B01,7,9,1,4,2,15,"  ",43,43,1,5,8,B01,120.687116,24.15459,2,66000,387130000C,(04)23289100,(04)25368667
11071,2023,03,29,16,0,臺中市,中區,0,2,0,8,1,5,50,4,1,1,5,4,5,7,4,4,10,5,5,2,15,6,2,9,1,1,C03,7,9,1,10,2,11,"  ",6,6,1,21,8,C03,120.675463,24.142508,2,66000,387130000C,(04)23289100,(04)25368667
11072,2023,03,29,16,0,臺中市,西屯區,0,1,0,6,1,5,50,4,1,1,4,4,5,7,1,1,10,5,5,2,16,19,3,10,3,4,B03,7,1,1,8,2,1,"  ",19,19,1,22,8,B03,120.65589,24.170451,2,66000,387130000C,(04)23289100,(04)25368667
11073,2023,03,29,16,10,臺中市,西屯區,0,0,0,8,,,50,,,,,,,,,,,,,,,43,"  ","  ","  ","  ",B03,"  ","  ",1,"  ",1,"  ","  ",43,"   ",1,22,"  ",B03,120.629539,24.183759,3,66000,387130000C,(04)23289100,(04)25368667
11074,2023,03,29,16,10,臺中市,后里區,0,1,0,6,1,5,50,14,7,1,4,4,5,7,2,1,5,5,4,1,17,44,3,10,1,1,B03,7,9,1,8,2,15,"  ",44,44,1,22,8,B03,120.722054,24.308928,2,66000,387130000C,(04)23289100,(04)25368667
11075,2023,03,29,16,11,臺中市,北屯區,0,1,0,6,1,5,50,4,18,1,4,4,5,7,1,1,10,5,5,2,3,15,3,10,1,1,B03,7,6,1,8,2,1,"  ",15,15,1,21,8,B03,120.668628,24.174426,2,66000,387130000C,(04)23289100,(04)25368667