序號,年,月,日,時,分,縣市,區,死亡數量,受傷數量,2-30,天候,光線,道路類別,速限_速度(公里),道路型態,事故位置,路面鋪裝,路面狀態,路面缺陷,障礙物,視距,號誌種類,號誌動作,分向設施,快車道或一般車道間,快慢車道間,路面邊線,事故類型及型態,主要肇因,受傷程度,主要傷處,保護裝備,行動電話,當事者區分,車輛用途,當事者行動狀態,駕駛資格情形,駕駛執照種類,飲酒情形,車輛撞擊部位最初,車輛撞擊部位其他,肇事因素個別,肇事因素主要,肇事逃逸,職業,旅次目的,車種,GPS座標X,GPS座標Y,事故類別,縣市別代碼,機關代碼,市話,傳真
11171,2023,03,29,18,20,臺中市,大雅區,0,1,0,8,3,5,50,14,8,1,5,4,5,7,4,4,9,5,4,1,16,11,3,10,1,1,F03,7,11,8,20,2,16,"  ",11,11,1,22,8,F03,120.64325,24.220017,2,66000,387130000C,(04)23289100,(04)25368667
11172,2023,03,29,18,20,臺中市,大里區,0,0,0,8,,,50,,,,,,,,,,,,,,,7,"  ","  ","  ","  ",B03,"  ","  ",1,"  ",2,"  ","  ",7,"   ",1,5,"  ",B03,120.67002,24.111285,3,66000,387130000C,(04)23289100,(04)25368667
11173,2023,03,29,18,21,臺中市,北區,0,1,0,8,3,5,50,4,1,1,4,4,5,7,1,1,5,5,5,2,13,16,2,9,1,1,C03,7,9,1,9,2,11,"  ",16,16,1,22,8,C03,120.664681,24.164683,2,66000,387130000C,(04)23289100,(04)25368667
11174,2023,03,29,18,21,臺中市,北屯區,0,0,0,8,,,50,,,,,,,,,,,,,,,23,"  ","  ","  ","  ",B03,"  ","  ",1,"  ",1,"  ","  ",23,"   ",1,21,"  ",B03,120.694131,24.164133,3,66000,387130000C,(04)23289100,(04)25368667
11175,2023,03,29,18,24,臺中市,梧棲區,0,0,0,8,,,50,,,,,,,,,,,,,,,23,"  ","  ","  ","  ",B03,"  ","  ",1,"  ",1,"  ","  ",23,"   ",1,5,"  ",B03,120.552905,24.248398,3,66000,387130000C,(04)23289100,(04)25368667
11176,2023,03,29,18,26,臺中市,南屯區,0,1,0,7,2,5,30,14,9,1,5,4,5,7,4,4,10,5,5,2,10,23,3,10,1,1,B03,7,9,1,7,2,8,"  ",23,23,1,22,9,B03,120.619711,24.158367,2,66000,387130000C,(04)23289100,(04)25368667
11177,2023,03,29,18,27,臺中市,霧峰區,0,0,0,8,,,40,,,,,,,,,,,,,,,16,"  ","  ","  ","  ",C03,"  ","  ",1,"  ",2,"  ","  ",16,"   ",1,18,"  ",C03,120.715281,24.076119,3,66000,387130000C,(04)23289100,(04)25368667
11178,2023,03,29,18,30,臺中市,北區,0,1,0,7,3,5,50,14,9,1,5,4,5,7,1,1,5,4,5,2,13,16,2,9,1,1,C03,7,9,1,10,2,11,"  ",16,16,1,22,8,C03,120.680489,24.165365,2,66000,387130000C,(04)23289100,(04)25368667
11179,2023,03,29,18,30,臺中市,北屯區,0,1,0,8,3,5,50,3,1,1,5,4,5,7,4,4,10,5,5,2,17,19,3,10,1,1,B03,7,1,1,8,2,8,"  ",19,19,1,21,8,B03,120.689145,24.188271,2,66000,387130000C,(04)23289100,(04)25368667
11180,2023,03,29,18,31,臺中市,北屯區,0,0,0,6,,,50,,,,,,,,,,,,,,,19,"  ","  ","  ","  ",C03,"  ",5,1,10,2,11,"  ",19,25,1,21,8,C03,120.659855,24.192671,3,66000,387130000C,(04)23289100,(04)25368667
11181,2023,03,29,18,32,臺中市,后里區,0,0,0,,,,50,,,,,,,,,,,,,,,6,"  ","  ","  ","  ",B02,"  ","  ",1,"  ",1,"  ","  ",6,"   ",1,22,"  ",B02,120.73584,24.314468,3,66000,387130000C,(04)23289100,(04)25368667
11182,2023,03,29,18,34,臺中市,北屯區,0,0,0,8,,,50,,,,,,,,,,,,,,,12,"  ","  ","  ","  ",B03,"  ","  ",1,"  ",2,"  ","  ",12,"   ",1,22,"  ",B03,120.692139,24.165712,3,66000,387130000C,(04)23289100,(04)25368667
11183,2023,03,29,18,35,臺中市,東區,0,1,0,8,3,5,40,4,1,1,5,4,5,7,4,4,10,5,5,2,15,6,2,9,1,1,C03,7,9,1,10,2,11,"  ",6,6,1,22,8,C03,120.693219,24.143476,2,66000,387130000C,(04)23289100,(04)25368667
11184,2023,03,29,18,37,臺中市,西屯區,0,1,0,8,3,5,50,3,1,1,5,4,5,7,4,4,1,4,5,2,16,7,3,10,3,4,C03,7,7,1,10,2,14,"  ",7,7,1,22,8,C03,120.647024,24.158427,2,66000,387130000C,(04)23289100,(04)25368667
11185,2023,03,29,18,38,臺中市,北屯區,0,0,0,8,,,30,,,,,,,,,,,,,,,12,"  ","  ","  ","  ",B03,"  ","  ",1,"  ",1,"  ","  ",12,"   ",1,21,"  ",B03,120.664266,24.192482,3,66000,387130000C,(04)23289100,(04)25368667
11186,2023,03,29,18,39,臺中市,北屯區,0,0,0,,,,50,,,,,,,,,,,,,,,16,"  ","  ","  ","  ",C03,"  ","  ",1,"  ",2,"  ","  ",16,"   ",1,22,"  ",C03,120.695955,24.167733,3,66000,387130000C,(04)23289100,(04)25368667
11187,2023,03,29,18,42,臺中市,北區,0,1,0,6,3,5,40,4,1,1,4,4,5,7,1,1,1,4,4,2,17,23,2,9,1,1,C03,7,9,1,10,2,11,"  ",23,23,1,21,8,C03,120.666058,24.162971,2,66000,387130000C,(04)23289100,(04)25368667
11188,2023,03,29,18,42,臺中市,大甲區,0,2,0,7,3,5,40,14,8,1,4,4,5,7,4,4,1,4,4,1,13,23,2,8,1,1,C03,7,9,1,10,2,11,"  ",23,23,1,4,1,C03,120.606388,24.321023,2,66000,387130000C,(04)23289100,(04)25368667
11189,2023,03,29,18,46,臺中市,西屯區,0,0,0,8,,,80,,,,,,,,,,,,,,,16,"  ","  ","  ","  ",B03,"  ","  ",1,"  ",1,"  ","  ",44,16,1,22,"  ",B03,120.634948,24.179291,3,66000,387130000C,(04)23289100,(04)25368667
11190,2023,03,29,18,50,臺中市,北屯區,0,2,0,8,3,5,50,14,9,1,5,4,5,7,4,4,1,4,5,2,13,23,3,10,1,1,B03,7,9,1,8,2,1,"  ",23,23,1,21,8,B03,120.699951,24.177295,2,66000,387130000C,(04)23289100,(04)25368667
11191,2023,03,29,18,50,臺中市,大里區,0,0,0,8,,,50,,,,,,,,,,,,,,,18,"  ","  ","  ","  ",B03,"  ","  ",1,"  ",2,"  ","  ",18,"   ",1,22,"  ",B03,120.683882,24.113,3,66000,387130000C,(04)23289100,(04)25368667
11192,2023,03,29,18,51,臺中市,太平區,0,1,0,8,1,5,40,14,9,1,5,4,5,7,4,4,9,5,5,1,18,13,2,9,1,1,C03,7,12,1,10,2,15,"  ",13,13,1,22,8,C03,120.731002,24.126937,2,66000,387130000C,(04)23289100,(04)25368667
11193,2023,03,29,18,52,臺中市,西屯區,0,1,0,8,3,5,40,3,1,1,5,4,5,7,1,1,10,5,5,2,12,7,3,10,1,1,B03,7,8,1,8,2,2,"  ",7,7,1,22,5,B03,120.639414,24.188611,2,66000,387130000C,(04)23289100,(04)25368667
11194,2023,03,29,18,59,臺中市,豐原區,0,1,0,8,1,5,50,14,8,1,5,4,5,7,4,4,5,5,4,2,17,6,3,10,1,1,A04,7,6,1,1,2,2,"  ",6,6,1,22,8,A04,120.721723,24.254263,2,66000,387130000C,(04)23289100,(04)25368667
11195,2023,03,29,19,10,臺中市,西屯區,0,0,0,8,,,50,,,,,,,,,,,,,,,16,"  ","  ","  ","  ",B03,"  ","  ",1,"  ",1,"  ","  ",16,"   ",1,22,"  ",B03,120.642535,24.164224,3,66000,387130000C,(04)23289100,(04)25368667
11196,2023,03,29,19,17,臺中市,大雅區,0,0,0,8,,,60,,,,,,,,,,,,,,,23,"  ","  ","  ","  ",B03,"  ","  ",1,"  ",2,"  ","  ",23,"   ",1,21,"  ",B03,120.64249,24.228792,3,66000,387130000C,(04)23289100,(04)25368667
11197,2023,03,29,19,25,臺中市,南屯區,0,1,0,8,3,5,50,4,1,1,5,4,5,7,1,1,3,4,4,2,17,25,3,10,1,1,B03,7,5,1,8,2,4,"  ",44,25,1,22,8,B03,120.654569,24.135273,2,66000,387130000C,(04)23289100,(04)25368667
11198,2023,03,29,19,25,臺中市,烏日區,0,0,0,8,3,5,50,14,8,1,5,4,5,7,4,4,1,5,4,2,13,23,3,10,1,1,C03,7,9,1,10,2,1,"  ",23,23,1,21,9,C03,120.600577,24.111271,3,66000,387130000C,(04)23289100,(04)25368667
11199,2023,03,29,19,34,臺中市,北區,0,1,0,8,3,5,50,4,1,1,5,4,5,7,1,1,5,5,5,2,16,8,3,10,1,1,C03,7,5,1,10,2,14,"  ",8,8,1,22,8,C03,120.689402,24.160208,2,66000,387130000C,(04)23289100,(04)25368667
11200,2023,03,29,19,41,臺中市,西屯區,0,2,0,8,3,5,50,3,2,1,5,4,5,7,4,4,1,3,5,1,17,6,3,10,1,1,A31,7,6,1,1,11,2,"  ",6,6,1,22,8,A31,120.662314,24.200772,2,66000,387130000C,(04)23289100,(04)25368667
11201,2023,03,29,19,48,臺中市,西屯區,0,0,0,8,,,30,,,,,,,,,,,,,,,23,"  ","  ","  ","  ",B03,"  ","  ",1,"  ",2,"  ","  ",23,"   ",1,22,"  ",B03,120.639323,24.181035,3,66000,387130000C,(04)23289100,(04)25368667
11202,2023,03,29,19,50,臺中市,北屯區,0,1,0,8,3,5,50,4,2,1,5,4,5,7,1,1,9,4,5,2,17,7,2,9,1,1,C03,7,8,3,18,2,14,"  ",7,7,1,21,8,C03,120.72877,24.171585,2,66000,387130000C,(04)23289100,(04)25368667
11203,2023,03,29,19,55,臺中市,西屯區,0,0,0,8,,,40,,,,,,,,,,,,,,,23,"  ","  ","  ","  ",B03,"  ","  ",1,"  ",1,"  ","  ",23,"   ",1,1,"  ",B03,120.634595,24.176292,3,66000,387130000C,(04)23289100,(04)25368667
11204,2023,03,29,19,56,臺中市,西屯區,0,1,0,8,3,5,50,3,1,1,5,4,5,7,4,4,10,5,5,2,16,23,3,10,3,4,B12,7,5,1,8,2,8,"  ",23,23,1,22,8,B12,120.627891,24.184107,2,66000,387130000C,(04)23289100,(04)25368667
11205,2023,03,29,19,56,臺中市,霧峰區,0,0,0,8,,,50,,,,,,,,,,,,,,,6,"  ","  ","  ","  ",C03,"  ","  ",1,"  ",2,"  ","  ",6,"   ",1,22,"  ",C03,120.699555,24.071583,3,66000,387130000C,(04)23289100,(04)25368667
11206,2023,03,29,19,59,臺中市,太平區,0,1,0,8,3,5,50,5,1,1,5,4,5,7,1,1,5,4,5,2,16,23,3,10,1,1,C03,7,6,1,10,2,12,"  ",23,23,1,16,8,C03,120.710139,24.134827,2,66000,387130000C,(04)23289100,(04)25368667
11207,2023,03,29,20,6,臺中市,北屯區,0,0,0,6,,,40,,,,,,,,,,,,,,,12,"  ","  ","  ","  ",B12,"  ",2,1,6,1,6,"  ",12,12,1,21,8,B12,120.686092,24.173376,3,66000,387130000C,(04)23289100,(04)25368667
11208,2023,03,29,20,7,臺中市,大里區,0,2,0,8,1,5,30,3,1,1,5,4,5,7,4,4,5,5,5,1,11,6,2,7,1,1,C03,7,5,1,10,2,11,"  ",6,6,1,2,5,C03,120.696143,24.090816,2,66000,387130000C,(04)23289100,(04)25368667
11209,2023,03,29,20,14,臺中市,北區,0,3,0,8,3,5,50,3,1,1,5,4,5,7,4,4,5,5,5,2,16,6,2,9,1,1,C03,7,5,1,10,2,11,"  ",6,6,1,21,8,C03,120.681326,24.147772,2,66000,387130000C,(04)23289100,(04)25368667
11210,2023,03,29,20,15,臺中市,烏日區,0,0,0,8,3,5,30,14,9,1,5,4,5,7,4,4,10,5,5,2,14,12,3,10,3,4,B12,7,2,1,8,2,3,"  ",12,12,1,21,3,B12,120.646505,24.066368,3,66000,387130000C,(04)23289100,(04)25368667
11211,2023,03,29,20,16,臺中市,北區,0,1,0,8,3,5,50,4,1,1,5,4,5,7,4,4,10,5,5,2,16,6,3,10,1,1,B03,7,5,1,8,2,1,"  ",6,6,1,22,8,B03,120.680973,24.162492,2,66000,387130000C,(04)23289100,(04)25368667
11212,2023,03,29,20,16,臺中市,東區,0,0,0,8,,,50,,,,,,,,,,,,,,,23,"  ","  ","  ","  ",B03,"  ","  ",1,"  ",2,"  ","  ",23,"   ",1,3,"  ",B03,120.703233,24.142729,3,66000,387130000C,(04)23289100,(04)25368667
11213,2023,03,29,20,17,臺中市,東區,0,2,0,8,3,5,50,4,20,2,5,2,1,7,2,1,10,5,5,2,28,23,2,9,2,1,F02,7,9,8,20,2,16,"  ",23,23,1,22,8,F02,120.701172,24.142619,2,66000,387130000C,(04)23289100,(04)25368667
11214,2023,03,29,20,18,臺中市,西屯區,0,1,0,8,3,5,50,14,9,1,5,4,5,7,4,4,1,4,5,2,17,23,2,9,1,1,C03,7,9,1,10,2,11,12,23,23,1,22,5,C03,120.658407,24.170662,2,66000,387130000C,(04)23289100,(04)25368667
11215,2023,03,29,20,20,臺中市,北屯區,0,0,0,8,,,60,,,,,,,,,,,,,,,12,"  ","  ","  ","  ",B12,"  ","  ",1,"  ",1,"  ","  ",12,"   ",1,22,"  ",B12,120.686731,24.205018,3,66000,387130000C,(04)23289100,(04)25368667
11216,2023,03,29,20,23,臺中市,西屯區,0,1,0,8,3,5,50,4,1,1,5,4,5,7,2,1,10,5,5,2,16,25,2,7,1,1,B03,7,9,1,8,2,8,"  ",25,25,1,22,8,B03,120.635358,24.176122,2,66000,387130000C,(04)23289100,(04)25368667
11217,2023,03,29,20,27,臺中市,東區,0,0,0,8,,,30,,,,,,,,,,,,,,,18,"  ","  ","  ","  ",B12,"  ","  ",1,"  ",2,"  ","  ",18,"   ",1,5,"  ",B12,120.694291,24.128288,3,66000,387130000C,(04)23289100,(04)25368667
11218,2023,03,29,20,31,臺中市,大里區,0,1,0,8,3,5,50,4,2,1,5,4,5,7,1,1,1,4,4,1,17,9,3,10,1,1,B03,7,6,1,8,2,5,"  ",9,9,1,22,8,B03,120.698959,24.110083,2,66000,387130000C,(04)23289100,(04)25368667
11219,2023,03,29,20,31,臺中市,龍井區,0,0,0,8,,,50,,,,,,,,,,,,,,,16,"  ","  ","  ","  ",C03,"  ","  ",1,"  ",2,"  ","  ",16,"   ",1,22,"  ",C03,120.591989,24.181818,3,66000,387130000C,(04)23289100,(04)25368667
11220,2023,03,29,20,33,臺中市,太平區,0,1,0,8,3,5,50,14,8,1,5,4,5,7,4,4,5,4,4,2,16,7,3,10,1,2,B12,7,8,1,8,2,2,"  ",7,7,1,22,5,B12,120.711284,24.141098,2,66000,387130000C,(04)23289100,(04)25368667
11221,2023,03,29,20,45,臺中市,太平區,0,3,0,8,3,5,50,14,9,1,5,4,5,7,4,4,5,5,4,2,16,26,2,9,1,1,C03,7,11,1,10,2,11,"  ",26,26,1,21,8,C03,120.720544,24.118852,2,66000,387130000C,(04)23289100,(04)25368667
11222,2023,03,29,20,50,臺中市,南區,0,2,0,8,3,5,40,4,12,1,5,4,5,7,4,4,5,5,4,2,16,19,2,9,1,1,C03,7,9,1,10,2,12,"  ",44,19,1,21,8,C03,120.682071,24.129645,2,66000,387130000C,(04)23289100,(04)25368667
11223,2023,03,29,21,14,臺中市,太平區,0,2,0,8,1,5,50,3,1,1,5,4,5,7,4,4,10,5,5,2,13,16,2,9,1,1,C03,7,9,1,10,2,11,"  ",16,16,1,22,8,C03,120.704748,24.161579,2,66000,387130000C,(04)23289100,(04)25368667
11224,2023,03,29,21,20,臺中市,南屯區,0,0,0,8,,,50,,,,,,,,,,,,,,,4,"  ","  ","  ","  ",B03,"  ","  ",1,"  ",1,"  ","  ",4,4,1,22,"  ",B03,120.631299,24.133203,3,66000,387130000C,(04)23289100,(04)25368667
11225,2023,03,29,21,25,臺中市,南區,0,2,0,8,3,5,50,4,1,1,5,4,5,7,1,1,10,5,5,2,18,23,2,9,1,1,C03,6,9,1,10,2,12,"  ",23,23,1,22,8,C03,120.662036,24.128745,2,66000,387130000C,(04)23289100,(04)25368667
11226,2023,03,29,21,28,臺中市,清水區,0,0,0,8,,,50,,,,,,,,,,,,,,,23,"  ","  ","  ","  ",B03,"  ","  ",1,"  ",2,"  ","  ",23,"   ",1,21,"  ",B03,120.554005,24.260559,4,66000,387130000C,(04)23289100,(04)25368667
11227,2023,03,29,21,43,臺中市,南屯區,0,1,0,8,3,5,50,4,1,1,5,4,5,7,2,1,1,3,1,2,16,25,3,10,1,1,B03,7,9,1,8,2,1,"  ",25,25,1,22,8,B03,120.623993,24.149393,2,66000,387130000C,(04)23289100,(04)25368667
11228,2023,03,29,21,43,臺中市,烏日區,0,1,0,8,3,5,50,3,1,1,5,4,5,6,1,1,5,5,4,2,3,15,3,10,3,4,B03,7,5,1,8,2,8,"  ",15,8,1,21,9,B03,120.629696,24.109163,2,66000,387130000C,(04)23289100,(04)25368667
11229,2023,03,29,21,45,臺中市,大里區,0,0,0,8,,,50,,,,,,,,,,,,,,,17,"  ","  ","  ","  ",B03,"  ","  ",1,"  ",2,"  ","  ",17,"   ",1,22,"  ",B03,120.698488,24.089895,3,66000,387130000C,(04)23289100,(04)25368667
11230,2023,03,29,21,47,臺中市,南屯區,0,1,0,8,3,5,50,14,8,1,5,4,5,7,4,4,9,4,4,2,16,23,2,8,1,1,C03,7,9,1,10,2,12,"  ",23,23,1,22,8,C03,120.617398,24.158967,2,66000,387130000C,(04)23289100,(04)25368667
11231,2023,03,29,21,47,臺中市,西屯區,0,1,0,8,3,5,50,14,9,1,5,4,5,7,4,4,1,4,5,1,17,7,2,9,1,1,C03,7,8,1,10,2,11,"  ",7,7,1,1,9,C03,120.636474,24.159667,2,66000,387130000C,(04)23289100,(04)25368667
11232,2023,03,29,21,54,臺中市,西區,0,1,0,8,3,5,50,5,1,1,5,4,5,7,1,1,10,5,5,2,16,9,3,10,1,1,B01,7,6,1,4,2,5,"  ",9,9,1,10,8,B01,120.66889,24.132236,2,66000,387130000C,(04)23289100,(04)25368667
11233,2023,03,29,22,11,臺中市,北屯區,0,1,0,8,3,5,50,3,1,1,5,4,5,7,4,4,10,5,5,2,17,43,3,10,3,4,B03,7,9,1,8,2,5,"  ",43,43,1,21,8,B03,120.690493,24.177666,2,66000,387130000C,(04)23289100,(04)25368667
11234,2023,03,29,22,20,臺中市,北區,0,1,0,8,3,5,50,4,1,1,5,4,5,7,4,4,5,5,5,2,15,6,3,10,1,1,B01,7,9,1,2,2,1,"  ",6,6,1,22,8,B01,120.676758,24.146313,2,66000,387130000C,(04)23289100,(04)25368667
11235,2023,03,29,22,25,臺中市,北屯區,0,2,0,8,3,5,50,14,9,1,5,4,5,7,4,4,5,5,5,2,16,11,2,9,1,1,C03,7,9,1,10,2,11,"  ",44,11,1,21,8,C03,120.68144,24.170785,2,66000,387130000C,(04)23289100,(04)25368667
11236,2023,03,29,22,26,臺中市,烏日區,0,0,0,8,3,5,50,4,2,1,5,4,5,7,2,1,5,5,5,1,13,23,3,10,3,4,B03,7,9,1,8,2,1,"  ",23,23,1,21,9,B03,120.618296,24.105411,3,66000,387130000C,(04)23289100,(04)25368667
11237,2023,03,29,22,28,臺中市,西區,0,2,0,8,3,5,40,14,8,1,5,4,5,7,4,4,9,4,4,2,17,23,2,9,1,1,C03,7,9,1,10,2,11,"  ",23,23,1,22,8,C03,120.661493,24.137077,2,66000,387130000C,(04)23289100,(04)25368667
11238,2023,03,29,22,32,臺中市,西屯區,0,2,0,8,3,5,50,3,1,1,5,4,5,7,4,4,10,5,5,2,16,6,3,10,1,1,C03,7,5,1,10,2,11,"  ",6,6,1,22,8,C03,120.619281,24.187737,2,66000,387130000C,(04)23289100,(04)25368667
11239,2023,03,29,22,40,臺中市,中區,0,0,0,,,,50,,,,,,,,,,,,,,,23,"  ","  ","  ","  ",C03,"  ","  ",1,"  ",1,"  ","  ",23,"   ",1,21,"  ",C03,120.676215,24.144997,3,66000,387130000C,(04)23289100,(04)25368667
11240,2023,03,29,23,9,臺中市,北屯區,0,1,0,8,3,5,50,4,1,1,5,4,5,7,3,1,10,5,5,2,17,6,2,9,1,1,C03,7,9,1,10,2,14,"  ",6,6,1,5,8,C03,120.718958,24.159611,2,66000,387130000C,(04)23289100,(04)25368667
11241,2023,03,29,23,11,臺中市,沙鹿區,0,1,0,7,3,5,50,14,9,1,5,4,5,7,4,4,10,5,5,2,16,10,3,10,1,1,B12,7,11,3,18,3,4,"  ",10,10,1,22,9,B12,120.567496,24.22802,2,66000,387130000C,(04)23289100,(04)25368667
11242,2023,03,29,23,14,臺中市,北屯區,0,0,0,8,,,50,,,,,,,,,,,,,,,23,"  ","  ","  ","  ",B03,"  ","  ",1,"  ",2,"  ","  ",23,"   ",1,5,"  ",B03,120.685029,24.172045,3,66000,387130000C,(04)23289100,(04)25368667
11243,2023,03,29,23,26,臺中市,豐原區,0,1,0,8,3,5,50,4,1,1,5,4,5,7,2,1,1,3,4,2,15,25,2,9,1,1,C03,7,1,1,9,2,11,"  ",25,25,1,4,1,C03,120.727311,24.259458,2,66000,387130000C,(04)23289100,(04)25368667
11244,2023,03,29,23,27,臺中市,太平區,0,0,0,8,,,50,,,,,,,,,,,,,,,12,"  ","  ","  ","  ",B01,"  ","  ",1,"  ",1,"  ","  ",12,"   ",1,21,"  ",B01,120.719552,24.123099,3,66000,387130000C,(04)23289100,(04)25368667
11245,2023,03,30,0,1,臺中市,西屯區,0,1,0,8,3,5,50,3,1,1,5,4,5,7,1,1,1,4,5,2,13,23,3,10,1,1,B03,7,9,1,8,2,1,"  ",23,23,1,22,8,B03,120.654038,24.167953,2,66000,387130000C,(04)23289100,(04)25368667
11246,2023,03,30,0,9,臺中市,北區,0,0,0,8,,,40,,,,,,,,,,,,,,,17,"  ","  ","  ","  ",C03,"  ","  ",1,"  ",2,"  ","  ",17,"   ",1,22,"  ",C03,120.668236,24.167783,3,66000,387130000C,(04)23289100,(04)25368667
11247,2023,03,30,0,51,臺中市,豐原區,0,0,0,8,,,50,,,,,,,,,,,,,,,18,"  ","  ","  ","  ",B03,"  ","  ",1,"  ",2,"  ","  ",18,"   ",1,22,"  ",B03,120.718786,24.253162,3,66000,387130000C,(04)23289100,(04)25368667
11248,2023,03,30,1,8,臺中市,南屯區,0,0,0,8,,,50,,,,,,,,,,,,,,,6,"  ","  ","  ","  ",B01,"  ","  ",1,"  ",1,"  ","  ",6,"   ",1,22,"  ",B01,120.653109,24.133304,3,66000,387130000C,(04)23289100,(04)25368667
11249,2023,03,30,2,4,臺中市,西屯區,0,2,0,8,3,5,50,5,1,1,5,4,5,7,1,1,1,5,5,2,13,16,2,9,1,1,C03,7,9,1,10,2,11,"  ",16,16,1,21,8,C03,120.647982,24.169872,2,66000,387130000C,(04)23289100,(04)25368667
11250,2023,03,30,2,16,臺中市,西屯區,0,1,0,6,3,5,30,4,2,1,4,4,5,7,1,1,5,5,4,2,18,43,2,9,1,1,C03,7,6,1,10,2,12,"  ",43,43,1,22,8,C03,120.638951,24.172063,2,66000,387130000C,(04)23289100,(04)25368667
11251,2023,03,30,6,0,臺中市,南區,0,1,0,8,1,5,50,4,1,5,5,4,4,7,1,1,10,5,5,2,17,43,2,9,1,1,C03,7,9,1,10,2,15,"  ",43,43,1,22,8,C03,120.656807,24.1222,2,66000,387130000C,(04)23289100,(04)25368667
11252,2023,03,30,6,35,臺中市,沙鹿區,0,0,0,8,1,5,50,14,9,1,5,4,5,7,4,4,4,3,4,1,18,18,"  ","  ","  ","  ",C03,"  ","  ",1,"  ",2,"  ","  ",18,"   ",1,22,"  ",C03,120.57339,24.229378,3,66000,387130000C,(04)23289100,(04)25368667
11253,2023,03,30,6,48,臺中市,梧棲區,0,1,0,8,1,5,50,3,1,1,5,4,5,7,1,1,10,5,5,1,18,23,2,9,3,4,C03,7,5,1,10,2,14,"  ",23,23,1,22,8,C03,120.530674,24.237289,2,66000,387130000C,(04)23289100,(04)25368667
11254,2023,03,30,6,50,臺中市,大雅區,0,0,0,8,,,50,,,,,,,,,,,,,,,10,"  ","  ","  ","  ",B03,"  ","  ",1,"  ",2,"  ","  ",10,"   ",1,22,"  ",B03,120.63131,24.239867,3,66000,387130000C,(04)23289100,(04)25368667
11255,2023,03,30,7,7,臺中市,后里區,0,0,0,8,1,5,50,14,2,1,5,4,5,7,1,1,4,3,5,1,16,7,3,10,1,1,B03,7,9,1,8,1,8,"  ",7,7,1,4,8,B03,120.72477,24.317753,3,66000,387130000C,(04)23289100,(04)25368667
11256,2023,03,30,7,9,臺中市,南屯區,0,2,0,8,1,5,30,3,1,1,5,4,5,7,4,4,10,5,5,2,16,6,2,9,1,1,C03,7,5,1,10,2,14,"  ",6,6,1,5,8,C03,120.638403,24.140541,2,66000,387130000C,(04)23289100,(04)25368667
11257,2023,03,30,7,14,臺中市,大甲區,0,2,0,8,1,5,50,3,1,1,5,4,5,7,1,1,10,5,5,2,16,1,3,10,1,1,C03,7,4,2,18,2,13,"  ",1,1,1,16,2,C03,120.640054,24.346621,2,66000,387130000C,(04)23289100,(04)25368667
11258,2023,03,30,7,15,臺中市,大里區,0,0,0,8,,,40,,,,,,,,,,,,,,,23,"  ","  ","  ","  ",A12,"  ","  ",1,"  ",2,"  ","  ",23,"   ",1,10,"  ",A12,120.691793,24.100278,3,66000,387130000C,(04)23289100,(04)25368667
11259,2023,03,30,7,15,臺中市,太平區,0,2,0,8,1,5,50,4,9,1,5,4,5,7,2,1,5,4,5,2,13,23,2,9,1,1,C03,7,9,1,10,2,11,"  ",23,23,1,22,8,C03,120.715224,24.108483,2,66000,387130000C,(04)23289100,(04)25368667
11260,2023,03,30,7,17,臺中市,梧棲區,0,0,0,8,,,50,,,,,,,,,,,,,,,16,"  ","  ","  ","  ",B03,"  ","  ",1,"  ",2,"  ","  ",16,"   ",1,3,"  ",B03,120.525646,24.222889,3,66000,387130000C,(04)23289100,(04)25368667
11261,2023,03,30,7,18,臺中市,北屯區,0,1,0,8,1,5,50,5,2,1,5,4,5,7,1,1,3,4,5,2,12,6,2,8,1,1,C03,7,5,1,10,2,11,"  ",6,6,1,22,8,C03,120.667547,24.179773,2,66000,387130000C,(04)23289100,(04)25368667
11262,2023,03,30,7,25,臺中市,西屯區,0,0,0,8,,,50,,,,,,,,,,,,,,,16,"  ","  ","  ","  ",B03,"  ","  ",1,"  ",2,"  ","  ",16,"   ",1,22,"  ",B03,120.661303,24.171994,3,66000,387130000C,(04)23289100,(04)25368667
11263,2023,03,30,7,25,臺中市,大里區,0,0,0,8,,,50,,,,,,,,,,,,,,,44,"  ","  ","  ","  ",B03,"  ","  ",1,"  ",2,"  ","  ",44,"   ",1,6,"  ",B03,120.68869,24.078278,3,66000,387130000C,(04)23289100,(04)25368667
11264,2023,03,30,7,27,臺中市,潭子區,0,2,0,8,1,5,50,3,1,1,5,4,5,7,4,4,5,4,5,1,17,6,2,9,1,1,C03,7,9,1,10,2,11,"  ",14,6,1,22,8,C03,120.700548,24.21228,2,66000,387130000C,(04)23289100,(04)25368667
11265,2023,03,30,7,30,臺中市,西區,0,0,0,,,,50,,,,,,,,,,,,,,,26,"  ","  ","  ","  ",B03,"  ","  ",1,"  ",1,"  ","  ",44,26,1,20,"  ",B03,120.675975,24.141326,3,66000,387130000C,(04)23289100,(04)25368667
11266,2023,03,30,7,30,臺中市,龍井區,0,0,0,8,,,40,,,,,,,,,,,,,,,42,"  ","  ","  ","  ",B03,"  ","  ",1,"  ",2,"  ","  ",42,42,1,21,"  ",B03,120.53,24.22,3,66000,387130000C,(04)23289100,(04)25368667
11267,2023,03,30,7,30,臺中市,沙鹿區,0,1,0,7,1,5,30,3,1,1,5,4,5,7,4,4,10,5,5,2,13,23,3,10,1,1,B03,7,5,1,8,2,8,"  ",23,23,1,5,5,B03,120.558754,24.233577,2,66000,387130000C,(04)23289100,(04)25368667