序號,年,月,日,時,分,縣市,區,死亡數量,受傷數量,2-30,天候,光線,道路類別,速限_速度(公里),道路型態,事故位置,路面鋪裝,路面狀態,路面缺陷,障礙物,視距,號誌種類,號誌動作,分向設施,快車道或一般車道間,快慢車道間,路面邊線,事故類型及型態,主要肇因,受傷程度,主要傷處,保護裝備,行動電話,當事者區分,車輛用途,當事者行動狀態,駕駛資格情形,駕駛執照種類,飲酒情形,車輛撞擊部位最初,車輛撞擊部位其他,肇事因素個別,肇事因素主要,肇事逃逸,職業,旅次目的,車種,GPS座標X,GPS座標Y,事故類別,縣市別代碼,機關代碼,市話,傳真
11268,2023,03,30,7,32,臺中市,北屯區,0,0,0,8,,,50,,,,,,,,,,,,,,,23,"  ","  ","  ","  ",B03,"  ","  ",1,"  ",2,"  ","  ",23,"   ",1,22,"  ",B03,120.686764,24.172209,3,66000,387130000C,(04)23289100,(04)25368667
11269,2023,03,30,7,35,臺中市,大雅區,0,0,0,8,,,50,,,,,,,,,,,,,,,23,"  ","  ","  ","  ",B03,"  ","  ",1,"  ",2,"  ","  ",23,"   ",1,22,"  ",B03,120.63132,24.239843,3,66000,387130000C,(04)23289100,(04)25368667
11270,2023,03,30,7,35,臺中市,大甲區,0,1,0,7,1,5,70,3,1,1,5,4,5,7,4,4,1,4,4,1,17,42,2,9,1,1,C03,7,9,1,10,2,12,"  ",42,42,1,9,1,C03,120.651678,24.381987,2,66000,387130000C,(04)23289100,(04)25368667
11271,2023,03,30,7,36,臺中市,神岡區,0,1,0,8,1,5,50,3,2,1,5,4,5,7,4,4,4,4,4,2,13,16,2,8,1,4,C03,7,9,1,10,2,11,"  ",16,16,1,22,9,C03,120.682474,24.24682,2,66000,387130000C,(04)23289100,(04)25368667
11272,2023,03,30,7,38,臺中市,西屯區,0,1,0,8,1,5,50,4,1,1,5,4,5,7,2,1,10,5,5,2,16,9,3,10,1,1,C03,7,6,1,10,2,12,"  ",9,9,1,22,8,C03,120.635984,24.169287,2,66000,387130000C,(04)23289100,(04)25368667
11273,2023,03,30,7,38,臺中市,太平區,0,2,0,8,1,5,50,14,9,1,5,4,5,7,4,4,5,5,5,1,16,23,2,9,1,1,C03,7,9,4,10,2,14,"  ",23,23,1,21,8,C03,120.733657,24.157488,2,66000,387130000C,(04)23289100,(04)25368667
11274,2023,03,30,7,39,臺中市,南屯區,0,0,0,7,1,5,50,14,9,1,5,4,5,7,4,4,2,4,5,2,13,23,"  ","  ","  ","  ",C03,"  ","  ",1,"  ",2,"  ","  ",23,"   ",1,5,"  ",C03,120.628928,24.145016,3,66000,387130000C,(04)23289100,(04)25368667
11275,2023,03,30,7,39,臺中市,豐原區,0,0,0,8,,,50,,,,,,,,,,,,,,,16,"  ","  ","  ","  ",C03,"  ","  ",1,"  ",2,"  ","  ",16,"   ",1,22,"  ",C03,120.72164,24.271433,3,66000,387130000C,(04)23289100,(04)25368667
11276,2023,03,30,7,40,臺中市,霧峰區,0,1,0,8,1,5,40,14,8,1,5,4,5,7,4,4,10,4,5,1,13,16,2,9,1,1,C03,7,9,1,10,2,11,"  ",16,16,1,12,8,C03,120.663479,24.077847,2,66000,387130000C,(04)23289100,(04)25368667
11277,2023,03,30,7,40,臺中市,霧峰區,0,0,0,8,,,50,,,,,,,,,,,,,,,23,"  ","  ","  ","  ",C03,"  ","  ",1,"  ",2,"  ","  ",23,"   ",1,9,"  ",C03,120.666127,24.036603,3,66000,387130000C,(04)23289100,(04)25368667
11278,2023,03,30,7,41,臺中市,西區,0,0,0,7,1,5,50,14,9,1,5,4,5,7,4,4,4,5,5,2,13,16,"  ","  ","  ","  ",B03,"  ","  ",1,"  ",1,"  ","  ",16,"   ",1,21,"  ",B03,120.673335,24.132149,3,66000,387130000C,(04)23289100,(04)25368667
11279,2023,03,30,7,42,臺中市,西屯區,0,1,0,8,1,5,30,4,1,1,5,4,5,7,4,4,10,5,5,2,17,23,3,10,3,4,B03,7,6,1,8,2,1,"  ",23,23,1,22,8,B03,120.618131,24.159728,2,66000,387130000C,(04)23289100,(04)25368667
11280,2023,03,30,7,44,臺中市,北屯區,0,0,0,8,,,50,,,,,,,,,,,,,,,26,"  ","  ","  ","  ",B03,"  ","  ",1,"  ",2,"  ","  ",26,"   ",1,21,"  ",B03,120.668167,24.173221,3,66000,387130000C,(04)23289100,(04)25368667
11281,2023,03,30,7,45,臺中市,清水區,0,1,0,8,2,5,60,4,2,1,5,4,5,7,1,1,1,4,4,1,12,7,2,9,1,1,C03,7,9,1,10,2,11,12,26,7,1,5,5,C03,120.552209,24.295445,2,66000,387130000C,(04)23289100,(04)25368667
11282,2023,03,30,7,47,臺中市,南區,0,0,0,8,,,50,,,,,,,,,,,,,,,18,"  ","  ","  ","  ",B03,"  ","  ",1,"  ",2,"  ","  ",18,"   ",1,4,"  ",B03,120.653966,24.122953,3,66000,387130000C,(04)23289100,(04)25368667
11283,2023,03,30,7,47,臺中市,北屯區,0,1,0,8,1,5,50,14,9,1,5,4,5,7,4,4,1,4,5,2,12,7,3,10,1,1,B03,7,7,1,8,2,7,"  ",7,7,1,5,8,B03,120.694508,24.162679,2,66000,387130000C,(04)23289100,(04)25368667
11284,2023,03,30,7,47,臺中市,西屯區,0,0,0,8,,,40,,,,,,,,,,,,,,,16,"  ","  ","  ","  ",C03,"  ","  ",1,"  ",1,"  ","  ",16,"   ",1,4,"  ",C03,120.639043,24.164949,3,66000,387130000C,(04)23289100,(04)25368667
11285,2023,03,30,7,48,臺中市,西屯區,0,0,0,8,,,50,,,,,,,,,,,,,,,16,"  ","  ","  ","  ",C03,"  ","  ",1,"  ",2,"  ","  ",16,"   ",1,22,"  ",C03,120.613268,24.171761,3,66000,387130000C,(04)23289100,(04)25368667
11286,2023,03,30,7,49,臺中市,西區,0,0,0,8,,,50,,,,,,,,,,,,,,,23,"  ","  ","  ","  ",C03,"  ","  ",1,"  ",1,"  ","  ",23,"   ",1,5,"  ",C03,120.675056,24.142126,3,66000,387130000C,(04)23289100,(04)25368667
11287,2023,03,30,7,50,臺中市,大雅區,0,1,0,8,1,5,50,5,1,1,5,4,5,7,1,1,10,5,5,2,17,25,2,9,1,1,C03,7,6,1,10,2,14,"  ",25,25,1,22,8,C03,120.630011,24.240958,2,66000,387130000C,(04)23289100,(04)25368667
11288,2023,03,30,7,52,臺中市,北屯區,0,1,0,8,1,5,50,3,1,1,5,4,5,7,4,4,10,5,5,1,16,6,3,10,1,1,B03,7,5,1,8,2,1,"  ",6,6,1,21,8,B03,120.724056,24.166089,2,66000,387130000C,(04)23289100,(04)25368667
11289,2023,03,30,7,52,臺中市,神岡區,0,0,0,8,,,50,,,,,,,,,,,,,,,16,"  ","  ","  ","  ",C03,"  ","  ",1,"  ",11,"  ","  ",16,16,2,22,"  ",C03,120.705059,24.277971,3,66000,387130000C,(04)23289100,(04)25368667
11290,2023,03,30,7,52,臺中市,豐原區,0,0,0,8,,,50,,,,,,,,,,,,,,,23,"  ","  ","  ","  ",B03,"  ","  ",1,"  ",2,"  ","  ",23,"   ",1,22,"  ",B03,120.716736,24.254788,3,66000,387130000C,(04)23289100,(04)25368667
11291,2023,03,30,7,54,臺中市,潭子區,0,0,0,8,,,40,,,,,,,,,,,,,,,23,"  ","  ","  ","  ",B03,"  ","  ",1,"  ",2,"  ","  ",23,"   ",1,20,"  ",B03,120.694339,24.217869,3,66000,387130000C,(04)23289100,(04)25368667
11292,2023,03,30,7,55,臺中市,南屯區,0,3,0,8,1,5,40,3,2,1,5,4,5,7,1,1,1,5,1,2,16,7,2,9,1,1,F01,7,7,8,20,2,16,"  ",7,7,1,22,8,F01,120.640363,24.11713,2,66000,387130000C,(04)23289100,(04)25368667
11293,2023,03,30,7,55,臺中市,北屯區,0,2,0,8,1,5,50,4,2,1,5,4,5,7,1,1,5,4,5,2,16,25,2,9,1,1,C03,7,9,1,10,2,11,"  ",25,25,1,22,8,C03,120.711355,24.1722,2,66000,387130000C,(04)23289100,(04)25368667
11294,2023,03,30,7,55,臺中市,神岡區,0,1,0,8,1,5,60,4,1,1,5,4,5,7,1,1,1,4,5,1,16,8,2,8,1,4,C03,7,5,6,10,2,14,"  ",8,8,1,22,9,C03,120.676918,24.242262,2,66000,387130000C,(04)23289100,(04)25368667
11295,2023,03,30,7,58,臺中市,西屯區,0,0,0,8,,,40,,,,,,,,,,,,,,,6,"  ","  ","  ","  ",C03,"  ","  ",1,"  ",9,"  ","  ",6,"   ",1,12,"  ",C03,120.638283,24.158949,3,66000,387130000C,(04)23289100,(04)25368667
11296,2023,03,30,7,58,臺中市,大里區,0,1,0,8,1,5,30,11,9,1,5,4,5,7,4,4,10,5,5,2,11,17,3,10,1,1,C03,7,9,1,10,2,14,"  ",17,17,1,12,8,C03,120.706893,24.095939,2,66000,387130000C,(04)23289100,(04)25368667
11297,2023,03,30,7,59,臺中市,西區,0,1,0,8,1,5,50,3,1,1,5,4,5,7,4,4,10,5,5,2,3,15,3,10,1,1,B03,7,5,1,8,2,1,"  ",15,15,1,4,1,B03,120.661689,24.133145,2,66000,387130000C,(04)23289100,(04)25368667
11298,2023,03,30,7,59,臺中市,北屯區,0,1,0,8,1,5,30,3,1,1,5,4,5,7,4,4,10,5,5,2,16,6,3,10,1,1,B02,7,5,1,8,2,4,"  ",6,6,1,4,8,B02,120.711491,24.171421,2,66000,387130000C,(04)23289100,(04)25368667
11299,2023,03,30,7,59,臺中市,太平區,0,1,0,8,1,5,40,3,1,1,5,4,5,7,4,4,10,5,5,2,13,16,3,10,1,1,B03,7,9,1,8,2,5,"  ",16,16,1,22,8,B03,120.714477,24.123174,2,66000,387130000C,(04)23289100,(04)25368667
11300,2023,03,30,7,59,臺中市,沙鹿區,0,1,0,8,1,5,50,14,8,1,5,4,5,7,4,4,1,3,4,1,17,18,3,10,1,1,B03,7,3,1,8,2,15,"  ",18,18,1,19,9,B03,120.602081,24.249111,2,66000,387130000C,(04)23289100,(04)25368667
11301,2023,03,30,8,0,臺中市,西屯區,0,2,0,8,1,5,50,4,1,1,5,4,5,7,1,1,10,5,5,2,17,43,2,9,1,1,C03,7,5,1,10,2,14,"  ",43,43,1,22,8,C03,120.642261,24.177774,2,66000,387130000C,(04)23289100,(04)25368667
11302,2023,03,30,8,2,臺中市,北屯區,0,2,0,8,1,5,30,4,1,1,5,4,5,7,4,4,10,5,5,2,15,6,2,9,1,1,C03,7,9,1,10,2,11,"  ",6,6,1,22,8,C03,120.690049,24.164349,2,66000,387130000C,(04)23289100,(04)25368667
11303,2023,03,30,8,2,臺中市,西屯區,0,1,0,7,1,5,50,3,1,1,5,4,5,7,4,4,10,5,5,2,16,6,3,10,1,1,C03,7,5,1,10,2,11,"  ",6,6,1,22,8,C03,120.651813,24.174703,2,66000,387130000C,(04)23289100,(04)25368667
11304,2023,03,30,8,4,臺中市,太平區,0,1,0,8,1,5,50,14,9,1,5,4,5,7,4,4,4,5,4,1,16,26,3,10,1,1,B12,7,11,1,8,2,8,"  ",26,26,1,21,8,B12,120.728639,24.097023,2,66000,387130000C,(04)23289100,(04)25368667
11305,2023,03,30,8,5,臺中市,神岡區,0,0,0,8,,,30,,,,,,,,,,,,,,,12,"  ","  ","  ","  ",A31,"  ","  ",1,"  ",2,"  ","  ",12,"   ",1,22,"  ",A31,120.655228,24.277087,3,66000,387130000C,(04)23289100,(04)25368667
11306,2023,03,30,8,7,臺中市,北區,0,1,0,8,1,5,50,4,2,1,5,4,5,7,4,4,5,4,5,2,9,23,3,10,3,4,B03,7,5,1,8,2,2,"  ",23,23,1,22,9,B03,120.699897,24.152173,2,66000,387130000C,(04)23289100,(04)25368667
11307,2023,03,30,8,8,臺中市,潭子區,0,1,0,8,1,5,50,14,13,1,5,4,5,7,4,4,5,5,5,1,20,23,2,9,1,1,C03,7,9,1,10,2,12,"  ",23,23,1,22,8,C03,120.718595,24.204051,2,66000,387130000C,(04)23289100,(04)25368667
11308,2023,03,30,8,10,臺中市,西屯區,0,0,0,8,,,40,,,,,,,,,,,,,,,23,"  ","  ","  ","  ",B03,"  ","  ",1,"  ",1,"  ","  ",23,"   ",1,22,"  ",B03,120.634481,24.176137,3,66000,387130000C,(04)23289100,(04)25368667
11309,2023,03,30,8,12,臺中市,南屯區,0,1,0,8,1,5,50,4,1,1,5,4,5,7,2,1,10,5,5,2,12,7,2,9,1,1,C03,7,7,1,10,2,14,"  ",7,7,1,22,8,C03,120.634752,24.153877,2,66000,387130000C,(04)23289100,(04)25368667
11310,2023,03,30,8,12,臺中市,西屯區,0,1,0,8,1,5,50,4,1,1,5,4,5,7,1,1,10,5,5,2,16,6,3,10,3,4,B03,7,5,1,8,2,1,"  ",6,6,1,22,8,B03,120.618055,24.159861,2,66000,387130000C,(04)23289100,(04)25368667
11311,2023,03,30,8,15,臺中市,潭子區,0,1,0,8,1,5,50,4,1,1,5,4,5,7,2,1,10,5,5,2,12,1,3,10,1,1,B03,7,4,1,8,2,2,"  ",1,1,1,20,8,B03,120.716334,24.204387,2,66000,387130000C,(04)23289100,(04)25368667
11312,2023,03,30,8,15,臺中市,豐原區,0,1,0,8,1,5,50,3,1,1,5,4,5,7,4,4,5,5,5,2,16,19,3,10,3,4,B12,7,1,1,8,2,8,"  ",19,19,1,21,8,B12,120.724365,24.244458,2,66000,387130000C,(04)23289100,(04)25368667
11313,2023,03,30,8,20,臺中市,清水區,0,0,0,,,,70,,,,,,,,,,,,,,,26,"  ","  ","  ","  ",B03,"  ","  ",1,"  ",2,"  ","  ",26,"   ",1,5,"  ",B03,120.582799,24.283511,3,66000,387130000C,(04)23289100,(04)25368667
11314,2023,03,30,8,23,臺中市,大里區,0,2,0,8,1,5,50,3,1,1,5,4,5,7,3,1,5,4,4,1,16,19,2,9,1,1,C03,7,1,1,10,2,12,"  ",19,19,1,5,8,C03,120.679948,24.09564,2,66000,387130000C,(04)23289100,(04)25368667
11315,2023,03,30,8,24,臺中市,西屯區,0,0,0,8,,,50,,,,,,,,,,,,,,,16,"  ","  ","  ","  ",C03,"  ","  ",1,"  ",2,"  ","  ",16,"   ",1,22,"  ",C03,120.647411,24.169386,3,66000,387130000C,(04)23289100,(04)25368667
11316,2023,03,30,8,26,臺中市,烏日區,0,0,0,8,,,30,,,,,,,,,,,,,,,26,"  ","  ","  ","  ",B12,"  ","  ",1,"  ",2,"  ","  ",26,"   ",1,20,"  ",B12,120.632742,24.110091,3,66000,387130000C,(04)23289100,(04)25368667
11317,2023,03,30,8,27,臺中市,北區,0,0,0,8,,,50,,,,,,,,,,,,,,,42,"  ","  ","  ","  ",B12,"  ","  ",1,"  ",11,"  ","  ",42,"   ",1,22,"  ",B12,120.683501,24.16684,3,66000,387130000C,(04)23289100,(04)25368667
11318,2023,03,30,8,31,臺中市,北區,0,1,0,8,1,5,50,14,9,1,5,4,5,7,4,4,9,5,5,2,13,23,3,10,1,1,B03,7,9,1,8,2,1,"  ",23,23,1,5,8,B03,120.687347,24.160149,2,66000,387130000C,(04)23289100,(04)25368667
11319,2023,03,30,8,34,臺中市,西屯區,0,0,0,8,,,40,,,,,,,,,,,,,,,23,"  ","  ","  ","  ",C03,"  ","  ",1,"  ",2,"  ","  ",23,"   ",1,4,"  ",C03,120.61517,24.183383,3,66000,387130000C,(04)23289100,(04)25368667
11320,2023,03,30,8,35,臺中市,北區,0,0,0,8,,,40,,,,,,,,,,,,,,,42,"  ","  ","  ","  ",B03,"  ","  ",1,"  ",2,"  ","  ",42,"   ",1,22,"  ",B03,120.681133,24.157245,3,66000,387130000C,(04)23289100,(04)25368667
11321,2023,03,30,8,35,臺中市,西屯區,0,0,0,8,1,5,40,14,8,1,5,4,5,7,4,4,5,4,4,2,12,43,"  ","  ","  ","  ",C03,"  ","  ",1,"  ",1,"  ","  ",43,"   ",1,22,"  ",C03,120.620887,24.171718,3,66000,387130000C,(04)23289100,(04)25368667
11322,2023,03,30,8,40,臺中市,西屯區,0,2,0,8,1,5,50,4,1,1,5,4,5,7,1,1,9,4,4,2,11,44,3,10,1,1,B03,7,5,1,8,2,1,"  ",44,44,1,12,8,B03,120.645111,24.178753,2,66000,387130000C,(04)23289100,(04)25368667
11323,2023,03,30,8,41,臺中市,北屯區,0,0,0,8,,,50,,,,,,,,,,,,,,,12,"  ","  ","  ","  ",A41,"  ","  ",1,"  ",2,"  ","  ",12,"   ",1,22,"  ",A41,120.683382,24.177669,3,66000,387130000C,(04)23289100,(04)25368667
11324,2023,03,30,8,45,臺中市,霧峰區,0,1,0,8,1,5,30,11,9,1,5,4,5,7,4,4,5,5,5,1,11,5,3,10,1,1,B03,7,9,1,8,2,4,"  ",5,5,1,20,8,B03,120.68053,24.056062,2,66000,387130000C,(04)23289100,(04)25368667
11325,2023,03,30,8,46,臺中市,潭子區,0,0,0,8,,,50,,,,,,,,,,,,,,,43,"  ","  ","  ","  ",B12,"  ","  ",1,"  ",2,"  ","  ",43,"   ",1,22,"  ",B12,120.687231,24.225869,3,66000,387130000C,(04)23289100,(04)25368667
11326,2023,03,30,8,50,臺中市,南屯區,0,1,0,8,1,5,1,15,20,2,5,4,5,7,4,4,10,5,5,2,17,26,2,8,1,1,C03,7,9,1,10,11,11,"  ",26,26,1,5,8,C03,120.652863,24.149368,2,66000,387130000C,(04)23289100,(04)25368667
11327,2023,03,30,8,50,臺中市,烏日區,0,2,0,8,1,5,50,3,2,1,5,4,5,7,4,4,10,5,5,2,13,16,2,9,1,1,C03,7,9,1,10,2,11,"  ",16,16,1,4,8,C03,120.642076,24.067975,2,66000,387130000C,(04)23289100,(04)25368667
11328,2023,03,30,9,0,臺中市,新社區,0,0,0,8,,,30,,,,,,,,,,,,,,,67,"  ","  ","  ","  ","   ","  ","  ","  ","  ","  ","  ","  ",67,"   ",1,"  ","  ","   ",120.804703,24.19726,3,66000,387130000C,(04)23289100,(04)25368667
11329,2023,03,30,9,8,臺中市,西屯區,0,0,0,8,,,50,,,,,,,,,,,,,,,43,"  ","  ","  ","  ",C03,"  ","  ",7,"  ",11,"  ","  ",43,"   ",1,4,"  ",C03,120.650673,24.164344,3,66000,387130000C,(04)23289100,(04)25368667
11330,2023,03,30,9,10,臺中市,沙鹿區,0,1,0,8,1,5,50,14,9,1,5,4,5,7,4,4,5,5,5,1,16,26,3,10,1,1,B03,7,5,1,4,2,4,"  ",26,26,1,10,5,B03,120.566187,24.236434,2,66000,387130000C,(04)23289100,(04)25368667
11331,2023,03,30,9,15,臺中市,西區,0,0,0,,,,50,,,,,,,,,,,,,,,42,"  ","  ","  ","  ",B03,"  ","  ",1,"  ",2,"  ","  ",42,42,1,20,"  ",B03,120.653833,24.1558,3,66000,387130000C,(04)23289100,(04)25368667
11332,2023,03,30,9,15,臺中市,北區,0,2,0,8,1,5,50,14,9,1,5,4,5,7,4,4,5,4,5,2,16,10,2,9,3,4,C03,7,9,1,10,2,11,"  ",42,10,1,22,9,C03,120.682541,24.164824,2,66000,387130000C,(04)23289100,(04)25368667
11333,2023,03,30,9,16,臺中市,南屯區,0,0,0,8,,,50,,,,,,,,,,,,,,,18,"  ","  ","  ","  ",B03,"  ","  ",1,"  ",11,"  ","  ",18,18,2,22,"  ",B03,120.637756,24.145799,3,66000,387130000C,(04)23289100,(04)25368667
11334,2023,03,30,9,16,臺中市,太平區,0,0,0,8,,,50,,,,,,,,,,,,,,,16,"  ","  ","  ","  ",B03,"  ","  ",1,"  ",2,8,"  ",16,16,1,22,"  ",B03,120.710672,24.150241,3,66000,387130000C,(04)23289100,(04)25368667
11335,2023,03,30,9,18,臺中市,東勢區,0,1,0,8,1,5,50,14,9,1,5,4,5,7,4,4,5,5,5,1,12,19,3,10,1,1,B12,7,1,1,8,2,5,"  ",19,19,1,21,9,B12,120.82399,24.261536,2,66000,387130000C,(04)23289100,(04)25368667
11336,2023,03,30,9,20,臺中市,大里區,0,1,0,8,1,5,40,14,8,1,5,4,5,7,4,4,1,5,1,1,13,16,3,10,1,1,C03,7,9,1,10,2,12,"  ",16,16,1,5,8,C03,120.700284,24.11846,2,66000,387130000C,(04)23289100,(04)25368667
11337,2023,03,30,9,29,臺中市,北屯區,0,0,0,8,,,1,,,,,,,,,,,,,,,26,"  ","  ","  ","  ",C03,"  ","  ",1,"  ",1,"  ","  ",26,"   ",1,22,"  ",C03,120.704543,24.186322,3,66000,387130000C,(04)23289100,(04)25368667
11338,2023,03,30,9,30,臺中市,東區,0,1,0,8,1,5,50,4,1,1,5,4,5,7,1,1,10,5,5,2,13,16,2,9,1,1,C03,7,9,1,10,2,11,"  ",16,16,1,22,8,C03,120.689223,24.143485,2,66000,387130000C,(04)23289100,(04)25368667
11339,2023,03,30,9,33,臺中市,龍井區,0,1,0,8,1,5,40,15,22,1,5,4,5,7,4,4,3,5,5,1,17,6,3,10,1,1,B03,7,6,1,8,2,5,"  ",6,6,1,5,5,B03,120.51,24.2,2,66000,387130000C,(04)23289100,(04)25368667
11340,2023,03,30,9,34,臺中市,西屯區,0,0,0,8,,,50,,,,,,,,,,,,,,,7,"  ","  ","  ","  ",B03,"  ","  ",1,"  ",1,"  ","  ",7,7,1,4,"  ",B03,120.656626,24.198229,3,66000,387130000C,(04)23289100,(04)25368667
11341,2023,03,30,9,35,臺中市,大里區,0,1,0,8,1,5,50,4,1,1,5,4,5,7,1,1,10,5,5,2,16,6,3,10,1,1,B12,7,5,1,8,2,8,"  ",6,6,1,12,8,B12,120.699976,24.093992,2,66000,387130000C,(04)23289100,(04)25368667
11342,2023,03,30,9,39,臺中市,大雅區,0,1,0,8,1,5,50,14,7,1,5,4,5,7,4,4,5,5,4,1,18,23,2,9,1,1,C03,7,9,1,10,2,15,"  ",23,23,1,22,8,C03,120.64991,24.222022,2,66000,387130000C,(04)23289100,(04)25368667
11343,2023,03,30,9,40,臺中市,清水區,0,0,0,8,,,50,,,,,,,,,,,,,,,43,"  ","  ","  ","  ",B03,"  ","  ",1,"  ",1,"  ","  ",43,"   ",1,22,"  ",B03,120.577678,24.269451,3,66000,387130000C,(04)23289100,(04)25368667
11344,2023,03,30,9,40,臺中市,大甲區,0,0,0,,,,30,,,,,,,,,,,,,,,23,"  ","  ","  ","  ",B12,"  ","  ",1,"  ",1,"  ","  ",23,23,1,22,"  ",B12,120.625008,24.33889,3,66000,387130000C,(04)23289100,(04)25368667
11345,2023,03,30,9,42,臺中市,北屯區,0,1,0,8,1,5,50,14,7,1,5,4,5,7,4,4,5,5,4,2,17,10,3,10,1,1,B03,7,11,1,4,2,8,"  ",10,10,1,3,8,B03,120.688993,24.181446,2,66000,387130000C,(04)23289100,(04)25368667
11346,2023,03,30,9,44,臺中市,西屯區,0,0,0,8,,,30,,,,,,,,,,,,,,,42,"  ","  ","  ","  ",B12,"  ","  ",1,"  ",1,"  ","  ",42,"   ",1,22,"  ",B12,120.634994,24.16849,3,66000,387130000C,(04)23289100,(04)25368667
11347,2023,03,30,9,47,臺中市,霧峰區,0,0,0,8,,,50,,,,,,,,,,,,,,,10,"  ","  ","  ","  ",B03,"  ","  ",1,"  ",2,"  ","  ",10,"   ",1,12,"  ",B03,120.686626,24.053691,3,66000,387130000C,(04)23289100,(04)25368667
11348,2023,03,30,9,48,臺中市,太平區,0,1,0,8,1,5,50,4,2,1,5,4,5,7,1,1,5,4,5,2,18,16,2,9,1,1,C03,7,9,1,10,2,14,"  ",16,16,1,22,8,C03,120.713691,24.159069,2,66000,387130000C,(04)23289100,(04)25368667
11349,2023,03,30,9,50,臺中市,大里區,0,0,0,8,,,40,,,,,,,,,,,,,,,23,"  ","  ","  ","  ",B03,"  ","  ",1,"  ",2,"  ","  ",23,"   ",1,9,"  ",B03,120.708522,24.103302,3,66000,387130000C,(04)23289100,(04)25368667
11350,2023,03,30,9,52,臺中市,南屯區,0,2,0,8,1,5,50,4,1,1,5,4,5,7,1,1,10,5,5,2,16,42,2,9,1,1,C03,7,6,1,10,2,12,"  ",42,42,1,5,8,C03,120.651316,24.136237,2,66000,387130000C,(04)23289100,(04)25368667
11351,2023,03,30,9,55,臺中市,大甲區,0,0,0,8,,,50,,,,,,,,,,,,,,,23,"  ","  ","  ","  ",C03,"  ","  ",1,"  ",1,"  ","  ",23,"   ",1,9,"  ",C03,120.624187,24.361232,4,66000,387130000C,(04)23289100,(04)25368667
11352,2023,03,30,10,0,臺中市,大里區,0,1,0,8,1,5,50,3,1,1,5,4,5,7,1,1,10,5,5,2,17,9,3,10,1,1,B03,7,6,1,8,2,6,"  ",9,9,1,12,8,B03,120.693545,24.090162,2,66000,387130000C,(04)23289100,(04)25368667
11353,2023,03,30,10,0,臺中市,清水區,0,1,0,8,1,5,50,4,1,1,5,4,5,7,3,1,10,5,5,2,15,6,2,8,1,1,C03,7,9,1,10,2,12,11,6,6,1,5,5,C03,120.579034,24.270873,2,66000,387130000C,(04)23289100,(04)25368667
11354,2023,03,30,10,4,臺中市,北區,0,0,0,8,,,50,,,,,,,,,,,,,,,23,"  ","  ","  ","  ",A11,"  ","  ",1,"  ",9,"  ","  ",23,"   ",2,22,"  ",A11,120.685402,24.148347,3,66000,387130000C,(04)23289100,(04)25368667
11355,2023,03,30,10,8,臺中市,潭子區,0,0,0,8,,,50,,,,,,,,,,,,,,,12,"  ","  ","  ","  ",B03,"  ","  ",1,"  ",2,"  ","  ",12,"   ",1,22,"  ",B03,120.71214,24.21174,3,66000,387130000C,(04)23289100,(04)25368667
11356,2023,03,30,10,8,臺中市,北區,0,0,0,8,,,40,,,,,,,,,,,,,,,23,"  ","  ","  ","  ",B03,"  ","  ",1,"  ",2,"  ","  ",23,"   ",1,20,"  ",B03,120.685614,24.14771,3,66000,387130000C,(04)23289100,(04)25368667
11357,2023,03,30,10,9,臺中市,西屯區,0,0,0,8,,,50,,,,,,,,,,,,,,,42,"  ","  ","  ","  ",A11,"  ","  ",1,"  ",3,"  ","  ",42,42,1,22,"  ",A11,120.637234,24.169445,3,66000,387130000C,(04)23289100,(04)25368667
11358,2023,03,30,10,17,臺中市,西屯區,0,2,0,8,1,5,50,4,1,1,5,4,5,7,1,1,9,4,4,2,11,6,2,9,1,1,B12,7,5,1,8,2,1,"  ",6,6,1,12,8,B12,120.640288,24.160301,2,66000,387130000C,(04)23289100,(04)25368667
11359,2023,03,30,10,18,臺中市,神岡區,0,0,0,8,,,30,,,,,,,,,,,,,,,12,"  ","  ","  ","  ",B12,"  ","  ",1,"  ",2,"  ","  ",12,"   ",1,22,"  ",B12,120.681863,24.266171,3,66000,387130000C,(04)23289100,(04)25368667
11360,2023,03,30,10,27,臺中市,西區,0,1,0,8,1,5,50,4,1,1,5,4,5,7,4,4,10,5,5,2,15,6,2,9,1,1,C03,7,9,1,10,2,12,"  ",6,6,1,19,7,C03,120.669844,24.141177,2,66000,387130000C,(04)23289100,(04)25368667
11361,2023,03,30,10,28,臺中市,大安區,0,2,0,8,1,5,50,3,1,1,5,4,5,7,4,4,10,5,5,2,16,6,2,9,1,1,C03,7,5,4,8,2,12,"  ",6,6,1,22,9,C03,120.58794,24.344692,2,66000,387130000C,(04)23289100,(04)25368667
11362,2023,03,30,10,28,臺中市,大甲區,0,2,0,8,1,5,50,3,1,1,5,4,5,7,1,1,10,5,5,2,16,26,3,10,2,1,B12,7,5,1,8,2,8,"  ",26,26,1,5,8,B12,120.627366,24.350875,2,66000,387130000C,(04)23289100,(04)25368667