序號,年,月,日,時,分,縣市,區,死亡數量,受傷數量,2-30,天候,光線,道路類別,速限_速度(公里),道路型態,事故位置,路面鋪裝,路面狀態,路面缺陷,障礙物,視距,號誌種類,號誌動作,分向設施,快車道或一般車道間,快慢車道間,路面邊線,事故類型及型態,主要肇因,受傷程度,主要傷處,保護裝備,行動電話,當事者區分,車輛用途,當事者行動狀態,駕駛資格情形,駕駛執照種類,飲酒情形,車輛撞擊部位最初,車輛撞擊部位其他,肇事因素個別,肇事因素主要,肇事逃逸,職業,旅次目的,車種,GPS座標X,GPS座標Y,事故類別,縣市別代碼,機關代碼,市話,傳真
11363,2023,03,30,10,29,臺中市,北區,0,0,0,8,,,30,,,,,,,,,,,,,,,44,"  ","  ","  ","  ",B02,"  ","  ",8,"  ",10,"  ","  ",44,"   ",1,22,"  ",B02,120.69789,24.155904,3,66000,387130000C,(04)23289100,(04)25368667
11364,2023,03,30,10,30,臺中市,太平區,0,1,0,8,1,5,50,3,1,1,5,4,5,7,4,4,5,4,5,2,16,1,2,9,1,1,C03,7,4,1,10,2,14,"  ",1,1,1,18,8,C03,120.734293,24.149908,2,66000,387130000C,(04)23289100,(04)25368667
11365,2023,03,30,10,30,臺中市,豐原區,0,2,0,8,1,5,50,4,2,1,5,4,5,7,4,4,5,5,5,2,17,26,2,9,1,1,C03,7,5,1,10,2,11,"  ",26,26,1,22,8,C03,120.71759,24.263289,2,66000,387130000C,(04)23289100,(04)25368667
11366,2023,03,30,10,33,臺中市,南屯區,0,1,0,8,1,5,50,14,9,1,5,4,5,7,1,1,5,2,5,2,13,23,3,10,1,1,B03,7,9,1,8,2,1,"  ",23,23,1,5,8,B03,120.646802,24.146809,2,66000,387130000C,(04)23289100,(04)25368667
11367,2023,03,30,10,34,臺中市,南屯區,0,3,0,8,1,5,50,5,1,1,5,4,5,7,2,1,10,5,5,2,13,25,2,9,1,1,C03,7,9,1,10,2,11,"  ",25,25,1,22,8,C03,120.633385,24.151082,2,66000,387130000C,(04)23289100,(04)25368667
11368,2023,03,30,10,38,臺中市,潭子區,0,0,0,8,,,50,,,,,,,,,,,,,,,23,"  ","  ","  ","  ",A12,"  ","  ",1,"  ",2,"  ","  ",23,"   ",1,22,"  ",A12,120.707193,24.200355,3,66000,387130000C,(04)23289100,(04)25368667
11369,2023,03,30,10,40,臺中市,北區,0,1,0,8,1,5,50,3,2,1,5,4,5,7,4,4,5,4,5,2,16,9,3,10,3,4,B03,7,6,1,8,2,2,"  ",9,9,1,22,9,B03,120.683389,24.154035,2,66000,387130000C,(04)23289100,(04)25368667
11370,2023,03,30,10,45,臺中市,霧峰區,0,1,0,8,1,5,50,4,1,1,5,4,5,7,1,1,10,5,5,2,16,6,3,10,1,1,B03,7,5,1,8,2,5,"  ",6,6,1,12,8,B03,120.707635,24.076537,2,66000,387130000C,(04)23289100,(04)25368667
11371,2023,03,30,10,46,臺中市,大里區,0,2,0,8,1,5,50,3,1,1,5,4,5,7,1,1,5,5,5,1,16,8,2,9,1,1,C03,7,5,3,18,2,14,"  ",8,8,1,5,8,C03,120.68537,24.115386,2,66000,387130000C,(04)23289100,(04)25368667
11372,2023,03,30,10,47,臺中市,北屯區,0,2,0,8,1,5,50,3,1,1,5,4,5,7,4,4,10,5,5,2,16,6,3,10,1,1,B12,7,11,1,8,2,8,"  ",6,6,1,21,8,B12,120.67554,24.20226,2,66000,387130000C,(04)23289100,(04)25368667
11373,2023,03,30,10,50,臺中市,北區,0,1,0,8,1,5,50,14,9,1,5,4,5,7,4,4,5,5,5,2,17,43,3,10,1,1,B01,7,9,1,4,2,1,"  ",43,23,1,10,8,B01,120.681058,24.15815,2,66000,387130000C,(04)23289100,(04)25368667
11374,2023,03,30,10,50,臺中市,北屯區,0,1,0,8,1,5,50,14,7,1,5,4,5,7,4,4,9,4,4,2,16,10,3,10,1,1,B12,7,11,1,8,2,8,"  ",10,10,1,22,8,B12,120.705031,24.188833,2,66000,387130000C,(04)23289100,(04)25368667
11375,2023,03,30,11,3,臺中市,豐原區,0,0,0,8,,,50,,,,,,,,,,,,,,,23,"  ","  ","  ","  ",B03,"  ","  ",1,"  ",2,"  ","  ",23,"   ",1,22,"  ",B03,120.72898,24.246027,3,66000,387130000C,(04)23289100,(04)25368667
11376,2023,03,30,11,6,臺中市,南屯區,0,0,0,,,,50,,,,,,,,,,,,,,,12,"  ","  ","  ","  ",B03,"  ","  ",1,"  ",2,"  ","  ",12,"   ",1,22,"  ",B03,120.647834,24.14966,3,66000,387130000C,(04)23289100,(04)25368667
11377,2023,03,30,11,7,臺中市,太平區,0,1,0,8,1,5,40,14,9,1,5,4,5,7,4,4,9,4,5,1,29,42,2,9,1,1,C03,7,9,1,10,2,12,"  ",42,42,1,22,8,C03,120.771587,24.10338,2,66000,387130000C,(04)23289100,(04)25368667
11378,2023,03,30,11,10,臺中市,南屯區,0,0,0,8,,,50,,,,,,,,,,,,,,,23,"  ","  ","  ","  ",B02,"  ","  ",1,"  ",2,"  ","  ",23,"   ",1,5,"  ",B02,120.649528,24.139863,3,66000,387130000C,(04)23289100,(04)25368667
11379,2023,03,30,11,11,臺中市,北屯區,0,1,0,8,1,5,50,14,9,1,5,4,5,7,4,4,3,4,5,2,12,6,3,10,1,1,B03,7,6,1,8,2,5,"  ",6,6,1,22,8,B03,120.723075,24.181912,2,66000,387130000C,(04)23289100,(04)25368667
11380,2023,03,30,11,11,臺中市,太平區,0,0,0,8,,,80,,,,,,,,,,,,,,,23,"  ","  ","  ","  ",B12,"  ","  ",1,"  ",2,"  ","  ",23,"   ",1,21,"  ",B12,120.716975,24.154795,3,66000,387130000C,(04)23289100,(04)25368667
11381,2023,03,30,11,15,臺中市,北屯區,0,2,0,8,1,5,40,14,8,1,5,4,5,7,4,4,1,5,4,2,12,43,2,8,1,1,C03,7,15,1,10,2,12,"  ",43,43,1,21,8,C03,120.692063,24.164962,2,66000,387130000C,(04)23289100,(04)25368667
11382,2023,03,30,11,15,臺中市,西屯區,0,0,0,8,,,50,,,,,,,,,,,,,,,9,"  ","  ","  ","  ",C03,"  ","  ",1,"  ",2,"  ","  ",9,"   ",1,22,"  ",C03,120.644864,24.182043,3,66000,387130000C,(04)23289100,(04)25368667
11383,2023,03,30,11,15,臺中市,烏日區,0,0,0,8,,,50,,,,,,,,,,,,,,,23,"  ","  ","  ","  ",B03,"  ","  ",1,"  ",2,"  ","  ",23,"   ",1,19,"  ",B03,120.642206,24.068176,3,66000,387130000C,(04)23289100,(04)25368667
11384,2023,03,30,11,19,臺中市,神岡區,0,1,0,8,1,5,50,3,1,1,5,4,5,7,1,1,1,4,4,2,17,6,3,10,1,1,B03,7,5,1,8,2,15,"  ",6,6,1,22,8,B03,120.698639,24.248871,2,66000,387130000C,(04)23289100,(04)25368667
11385,2023,03,30,11,20,臺中市,龍井區,0,1,0,8,1,5,30,4,1,1,5,4,5,7,4,4,10,5,5,2,15,6,2,9,1,1,C03,7,9,1,10,2,12,"  ",6,6,1,18,8,C03,120.591868,24.18839,2,66000,387130000C,(04)23289100,(04)25368667
11386,2023,03,30,11,26,臺中市,北屯區,0,0,0,,,,50,,,,,,,,,,,,,,,26,"  ","  ","  ","  ",B03,"  ","  ",1,"  ",1,"  ","  ",26,"   ",1,21,"  ",B03,120.719125,24.17588,3,66000,387130000C,(04)23289100,(04)25368667
11387,2023,03,30,11,30,臺中市,南區,0,1,0,8,1,5,50,14,7,1,5,4,5,7,4,4,5,4,4,2,17,23,2,9,1,1,C03,7,9,1,10,2,11,"  ",23,23,1,5,8,C03,120.684185,24.121345,2,66000,387130000C,(04)23289100,(04)25368667
11388,2023,03,30,11,30,臺中市,太平區,0,1,0,8,1,5,30,14,9,1,5,4,5,7,4,4,10,5,5,2,29,42,2,9,1,1,C03,7,9,3,18,2,11,"  ",42,42,1,22,8,C03,120.722366,24.150347,2,66000,387130000C,(04)23289100,(04)25368667
11389,2023,03,30,11,33,臺中市,南屯區,0,1,0,7,1,5,50,14,9,1,5,4,5,7,1,1,5,2,5,2,12,6,3,10,1,1,B03,7,9,1,8,2,2,"  ",6,6,1,5,1,B03,120.640731,24.146859,2,66000,387130000C,(04)23289100,(04)25368667
11390,2023,03,30,11,39,臺中市,南屯區,0,1,0,8,1,5,50,14,9,1,5,4,5,7,4,4,10,5,5,2,12,8,3,10,1,1,B03,7,5,1,8,2,4,"  ",8,8,1,22,8,B03,120.650719,24.147198,2,66000,387130000C,(04)23289100,(04)25368667
11391,2023,03,30,11,43,臺中市,南區,0,1,0,8,1,5,50,5,1,1,5,4,5,7,1,1,5,4,4,2,12,10,3,10,1,1,B12,7,11,1,8,2,5,"  ",10,10,1,3,8,B12,120.674323,24.128261,2,66000,387130000C,(04)23289100,(04)25368667
11392,2023,03,30,11,44,臺中市,潭子區,0,1,0,8,1,5,60,14,7,1,5,4,5,7,4,4,3,4,4,1,12,17,2,9,1,1,C03,7,9,1,10,2,14,"  ",17,17,1,22,8,C03,120.70581,24.217458,2,66000,387130000C,(04)23289100,(04)25368667
11393,2023,03,30,11,50,臺中市,霧峰區,0,1,0,8,1,5,50,14,7,1,5,4,5,7,4,4,10,4,4,2,16,23,2,9,1,1,C03,7,9,1,10,2,12,"  ",23,23,1,20,8,C03,120.69629,24.057727,2,66000,387130000C,(04)23289100,(04)25368667
11394,2023,03,30,11,51,臺中市,北屯區,0,0,0,8,,,50,,,,,,,,,,,,,,,7,"  ","  ","  ","  ",B03,"  ","  ",1,"  ",1,"  ","  ",7,"   ",1,22,"  ",B03,120.719208,24.175849,3,66000,387130000C,(04)23289100,(04)25368667
11395,2023,03,30,11,52,臺中市,西區,0,0,0,8,,,50,,,,,,,,,,,,,,,23,"  ","  ","  ","  ",B03,"  ","  ",1,"  ",1,"  ","  ",23,"   ",1,21,"  ",B03,120.661743,24.16016,4,66000,387130000C,(04)23289100,(04)25368667
11396,2023,03,30,11,53,臺中市,太平區,0,2,0,8,1,5,50,3,1,1,5,4,5,7,4,4,10,5,5,2,16,6,2,8,1,1,C03,7,5,1,10,2,11,14,6,6,1,22,8,C03,120.731977,24.140704,2,66000,387130000C,(04)23289100,(04)25368667
11397,2023,03,30,11,54,臺中市,西區,0,0,0,7,1,5,50,14,9,1,5,4,5,7,4,4,5,5,5,2,12,19,"  ","  ","  ","  ",B12,"  ","  ",1,"  ",1,"  ","  ",19,"   ",1,10,"  ",B12,120.661956,24.163174,3,66000,387130000C,(04)23289100,(04)25368667
11398,2023,03,30,11,55,臺中市,西屯區,0,1,0,8,1,5,50,4,1,1,5,4,5,7,1,1,10,5,5,2,16,10,3,10,1,1,B03,7,11,1,8,2,1,"  ",10,10,1,4,8,B03,120.644565,24.185153,2,66000,387130000C,(04)23289100,(04)25368667
11399,2023,03,30,11,56,臺中市,北屯區,0,1,0,8,1,5,50,14,9,1,5,4,5,7,4,4,4,4,5,2,12,1,3,10,1,1,B03,7,4,1,8,2,2,"  ",1,1,1,22,8,B03,120.746198,24.191124,2,66000,387130000C,(04)23289100,(04)25368667
11400,2023,03,30,11,59,臺中市,南屯區,0,0,0,8,,,1,,,,,,,,,,,,,,,12,"  ","  ","  ","  ",B12,"  ","  ",1,"  ",2,"  ","  ",12,"   ",1,5,"  ",B12,120.636635,24.148898,3,66000,387130000C,(04)23289100,(04)25368667
11401,2023,03,30,11,59,臺中市,清水區,0,1,0,8,1,5,50,5,1,1,5,4,5,7,1,1,1,4,4,2,16,25,3,10,1,1,B03,7,6,1,8,2,8,"  ",25,25,1,22,8,B03,120.577137,24.275807,2,66000,387130000C,(04)23289100,(04)25368667
11402,2023,03,30,12,0,臺中市,西區,0,1,0,8,1,5,50,4,1,1,5,4,5,7,2,1,10,5,5,2,17,6,3,10,1,1,B01,7,6,1,4,2,15,"  ",6,6,1,20,8,B01,120.658865,24.15087,2,66000,387130000C,(04)23289100,(04)25368667
11403,2023,03,30,12,1,臺中市,南屯區,0,1,0,7,1,5,50,14,9,1,5,4,5,7,1,1,5,5,4,2,12,6,3,10,1,1,B03,7,6,1,8,2,2,"  ",6,6,1,5,1,B03,120.612254,24.150463,2,66000,387130000C,(04)23289100,(04)25368667
11404,2023,03,30,12,2,臺中市,北區,0,1,0,8,1,5,50,14,9,1,5,4,5,7,4,4,1,4,5,2,17,19,3,10,1,1,B01,7,1,1,2,2,4,"  ",19,19,1,10,8,B01,120.684944,24.152362,2,66000,387130000C,(04)23289100,(04)25368667
11405,2023,03,30,12,2,臺中市,西屯區,0,1,0,8,1,5,50,14,9,1,5,4,5,7,4,4,9,5,5,2,27,42,2,9,1,1,C03,7,9,1,10,2,11,"  ",42,42,1,22,8,C03,120.598125,24.189678,2,66000,387130000C,(04)23289100,(04)25368667
11406,2023,03,30,12,4,臺中市,太平區,0,3,0,8,1,5,50,14,5,1,5,4,5,7,4,4,10,5,5,2,16,19,2,9,1,1,C03,7,1,1,10,2,14,"  ",19,19,1,21,8,C03,120.714742,24.124816,2,66000,387130000C,(04)23289100,(04)25368667
11407,2023,03,30,12,4,臺中市,大甲區,0,0,0,8,,,50,,,,,,,,,,,,,,,6,"  ","  ","  ","  ",B03,"  ","  ",1,"  ",1,"  ","  ",6,"   ",1,22,"  ",B03,120.652465,24.40473,3,66000,387130000C,(04)23289100,(04)25368667
11408,2023,03,30,12,11,臺中市,西屯區,0,2,0,8,1,5,50,3,1,1,5,4,5,7,1,1,10,5,5,2,9,25,3,10,1,1,C03,7,9,1,10,2,11,"  ",25,25,1,22,8,C03,120.617103,24.174061,2,66000,387130000C,(04)23289100,(04)25368667
11409,2023,03,30,12,11,臺中市,西屯區,0,1,0,8,1,5,40,14,7,1,5,4,5,7,4,4,9,4,4,2,12,7,2,9,1,1,C03,7,7,1,10,1,14,"  ",7,7,1,12,8,C03,120.646513,24.173241,2,66000,387130000C,(04)23289100,(04)25368667
11410,2023,03,30,12,12,臺中市,東區,0,0,0,8,1,5,50,14,8,1,5,4,5,7,4,4,1,4,4,2,17,42,3,10,1,1,B03,7,15,1,8,2,"  ","  ",42,42,1,22,8,B03,120.686622,24.130377,3,66000,387130000C,(04)23289100,(04)25368667
11411,2023,03,30,12,15,臺中市,西屯區,0,2,0,7,1,5,50,14,9,1,5,4,5,7,4,4,5,4,4,2,12,7,2,9,1,1,C03,7,7,1,10,2,14,"  ",7,7,1,22,8,C03,120.652238,24.175958,2,66000,387130000C,(04)23289100,(04)25368667
11412,2023,03,30,12,17,臺中市,北屯區,0,1,0,8,1,5,30,3,2,1,5,4,5,7,4,4,10,5,5,2,12,23,2,8,1,1,C03,7,9,1,10,2,12,"  ",23,23,1,21,8,C03,120.712049,24.17337,2,66000,387130000C,(04)23289100,(04)25368667
11413,2023,03,30,12,18,臺中市,北屯區,0,1,0,8,1,5,50,11,9,1,5,4,5,7,4,4,1,5,5,1,18,23,2,9,1,1,F01,7,9,8,20,2,16,"  ",23,23,1,5,8,F01,120.78742,24.205325,2,66000,387130000C,(04)23289100,(04)25368667
11414,2023,03,30,12,21,臺中市,西屯區,0,0,0,8,,,40,,,,,,,,,,,,,,,19,"  ","  ","  ","  ",B01,"  ","  ",1,"  ",1,"  ","  ",19,"   ",1,22,"  ",B01,120.638693,24.159396,3,66000,387130000C,(04)23289100,(04)25368667
11415,2023,03,30,12,29,臺中市,北區,0,0,0,8,,,50,,,,,,,,,,,,,,,23,"  ","  ","  ","  ",B03,"  ","  ",1,"  ",1,"  ","  ",23,"   ",1,22,"  ",B03,120.672418,24.170386,3,66000,387130000C,(04)23289100,(04)25368667
11416,2023,03,30,12,29,臺中市,西屯區,0,0,0,8,,,50,,,,,,,,,,,,,,,23,"  ","  ","  ","  ",B03,"  ","  ",1,"  ",1,"  ","  ",23,23,1,22,"  ",B03,120.646277,24.164316,3,66000,387130000C,(04)23289100,(04)25368667
11417,2023,03,30,12,35,臺中市,北屯區,0,0,0,8,,,50,,,,,,,,,,,,,,,16,"  ","  ","  ","  ",B03,"  ","  ",1,"  ",2,"  ","  ",16,"   ",1,21,"  ",B03,120.69033,24.17683,3,66000,387130000C,(04)23289100,(04)25368667
11418,2023,03,30,12,36,臺中市,豐原區,0,0,0,8,,,50,,,,,,,,,,,,,,,19,"  ","  ","  ","  ",B03,"  ","  ",1,"  ",2,"  ","  ",19,"   ",1,22,"  ",B03,120.721969,24.239313,3,66000,387130000C,(04)23289100,(04)25368667
11419,2023,03,30,12,36,臺中市,豐原區,0,0,0,8,,,50,,,,,,,,,,,,,,,12,"  ","  ","  ","  ",B03,"  ","  ",1,"  ",2,"  ","  ",12,12,1,22,"  ",B03,120.72625,24.247372,3,66000,387130000C,(04)23289100,(04)25368667
11420,2023,03,30,12,44,臺中市,西屯區,0,2,0,8,1,5,50,14,9,1,5,4,5,7,4,4,1,4,5,2,16,7,2,9,1,1,C03,7,7,1,10,2,14,"  ",7,7,1,4,8,C03,120.623771,24.173534,2,66000,387130000C,(04)23289100,(04)25368667
11421,2023,03,30,12,45,臺中市,大里區,0,0,0,8,,,50,,,,,,,,,,,,,,,23,"  ","  ","  ","  ",B03,"  ","  ",1,"  ",1,"  ","  ",23,"   ",1,20,"  ",B03,120.6793,24.114679,3,66000,387130000C,(04)23289100,(04)25368667
11422,2023,03,30,12,50,臺中市,北屯區,0,2,0,8,1,5,50,4,2,1,5,4,5,7,1,1,5,4,4,2,16,25,2,8,1,1,C03,7,9,1,10,2,12,"  ",25,25,1,22,8,C03,120.696291,24.185337,2,66000,387130000C,(04)23289100,(04)25368667
11423,2023,03,30,12,55,臺中市,北屯區,0,2,0,8,1,5,50,4,1,1,5,4,5,7,1,1,5,5,5,2,16,19,2,9,1,1,C03,7,1,1,10,2,11,"  ",19,19,1,22,8,C03,120.685806,24.175757,2,66000,387130000C,(04)23289100,(04)25368667
11424,2023,03,30,12,56,臺中市,南屯區,0,0,0,8,1,5,40,3,1,1,5,4,5,7,4,4,10,5,5,2,14,12,3,10,1,1,B03,7,2,1,8,1,7,"  ",12,12,1,22,8,B03,120.640579,24.149879,3,66000,387130000C,(04)23289100,(04)25368667
11425,2023,03,30,13,1,臺中市,中區,0,1,0,8,1,5,50,14,9,1,5,4,5,7,4,4,5,4,5,2,13,16,2,7,1,1,C03,7,9,1,10,2,11,"  ",16,16,1,5,8,C03,120.679905,24.143099,2,66000,387130000C,(04)23289100,(04)25368667
11426,2023,03,30,13,3,臺中市,新社區,0,2,0,8,1,5,30,4,1,1,5,4,5,7,4,4,10,5,5,1,15,6,2,9,1,1,C03,7,9,1,10,2,11,"  ",6,6,1,4,9,C03,120.805158,24.216242,2,66000,387130000C,(04)23289100,(04)25368667
11427,2023,03,30,13,7,臺中市,新社區,0,1,0,8,1,5,30,3,2,1,5,4,5,7,4,4,10,5,5,1,16,19,3,10,3,4,B03,7,1,1,8,2,1,"  ",19,19,1,22,9,B03,120.796952,24.204937,2,66000,387130000C,(04)23289100,(04)25368667
11428,2023,03,30,13,8,臺中市,北屯區,0,0,0,8,,,50,,,,,,,,,,,,,,,10,"  ","  ","  ","  ",C03,"  ","  ",3,"  ",2,"  ","  ",10,"   ",1,22,"  ",C03,120.73042,24.177167,3,66000,387130000C,(04)23289100,(04)25368667
11429,2023,03,30,13,14,臺中市,西屯區,0,2,0,8,1,5,50,4,1,1,5,4,5,7,1,1,10,5,5,2,16,25,2,9,3,4,C03,7,15,1,10,2,14,"  ",25,25,1,22,8,C03,120.614506,24.179898,2,66000,387130000C,(04)23289100,(04)25368667
11430,2023,03,30,13,14,臺中市,神岡區,0,2,0,8,1,5,50,15,9,1,5,4,5,7,1,1,5,4,4,2,17,16,2,1,1,1,B12,7,5,1,8,2,1,"  ",16,16,1,22,8,B12,120.664169,24.258261,2,66000,387130000C,(04)23289100,(04)25368667
11431,2023,03,30,13,15,臺中市,大里區,0,0,0,8,,,50,,,,,,,,,,,,,,,42,"  ","  ","  ","  ",A12,"  ","  ",1,"  ",2,"  ","  ",42,"   ",1,11,"  ",A12,120.729768,24.092536,3,66000,387130000C,(04)23289100,(04)25368667
11432,2023,03,30,13,17,臺中市,烏日區,0,0,0,8,,,50,,,,,,,,,,,,,,,42,"  ","  ","  ","  ","   ","  ","  ","  ","  ","  ","  ","  ",42,"   ",1,"  ","  ","   ",120.644217,24.086611,3,66000,387130000C,(04)23289100,(04)25368667
11433,2023,03,30,13,17,臺中市,烏日區,0,1,0,8,1,5,50,14,8,1,5,4,5,7,4,4,1,4,4,2,16,6,3,10,1,1,A12,7,6,1,7,2,3,"  ",6,6,1,21,8,A12,120.636139,24.112346,2,66000,387130000C,(04)23289100,(04)25368667
11434,2023,03,30,13,22,臺中市,東區,0,2,0,8,1,5,50,5,1,1,5,4,5,7,1,1,10,5,5,2,16,6,2,8,1,1,C03,7,6,1,10,2,12,"  ",6,6,1,5,8,C03,120.693515,24.132955,2,66000,387130000C,(04)23289100,(04)25368667
11435,2023,03,30,13,23,臺中市,西屯區,0,1,0,8,1,5,50,14,8,1,5,4,5,7,4,4,9,4,4,2,12,43,2,9,1,1,C03,7,9,1,10,2,15,"  ",43,43,1,22,8,C03,120.644198,24.184066,2,66000,387130000C,(04)23289100,(04)25368667
11436,2023,03,30,13,26,臺中市,潭子區,0,2,0,8,1,5,30,4,9,1,5,4,5,7,4,4,10,5,5,2,15,6,2,9,1,1,C03,7,9,1,10,2,11,"  ",6,6,1,22,8,C03,120.710231,24.203671,2,66000,387130000C,(04)23289100,(04)25368667
11437,2023,03,30,13,26,臺中市,北屯區,0,0,0,8,,,40,,,,,,,,,,,,,,,43,"  ","  ","  ","  ","   ","  ","  ","  ","  ","  ","  ","  ",43,"   ",1,"  ","  ","   ",120.694033,24.16916,3,66000,387130000C,(04)23289100,(04)25368667
11438,2023,03,30,13,27,臺中市,后里區,0,1,0,8,1,5,50,3,2,1,5,4,5,7,1,1,5,5,5,2,11,8,3,10,1,1,B03,7,5,1,8,2,8,"  ",8,8,1,22,8,B03,120.719378,24.306947,2,66000,387130000C,(04)23289100,(04)25368667
11439,2023,03,30,13,29,臺中市,潭子區,0,0,0,8,,,50,,,,,,,,,,,,,,,23,"  ","  ","  ","  ",B03,"  ","  ",1,"  ",2,"  ","  ",23,"   ",1,22,"  ",B03,120.723431,24.216587,3,66000,387130000C,(04)23289100,(04)25368667
11440,2023,03,30,13,30,臺中市,西區,0,1,0,8,1,5,50,4,1,1,5,4,5,7,1,1,10,5,5,2,16,27,3,10,1,1,B03,7,6,1,8,2,4,"  ",27,27,1,21,8,B03,120.667697,24.130913,2,66000,387130000C,(04)23289100,(04)25368667
11441,2023,03,30,13,37,臺中市,北屯區,0,0,0,8,,,50,,,,,,,,,,,,,,,12,"  ","  ","  ","  ",A41,"  ","  ",1,"  ",2,"  ","  ",12,"   ",1,21,"  ",A41,120.692529,24.172508,3,66000,387130000C,(04)23289100,(04)25368667
11442,2023,03,30,13,37,臺中市,北屯區,0,0,0,8,,,50,,,,,,,,,,,,,,,7,"  ","  ","  ","  ",B03,"  ","  ",1,"  ",1,"  ","  ",23,7,1,22,"  ",B03,120.697745,24.170349,3,66000,387130000C,(04)23289100,(04)25368667
11443,2023,03,30,13,38,臺中市,南屯區,0,0,0,8,,,40,,,,,,,,,,,,,,,23,"  ","  ","  ","  ",B02,"  ","  ",1,"  ",1,"  ","  ",23,"   ",1,5,"  ",B02,120.622896,24.145651,3,66000,387130000C,(04)23289100,(04)25368667
11444,2023,03,30,13,39,臺中市,南屯區,0,0,0,8,,,30,,,,,,,,,,,,,,,6,"  ","  ","  ","  ",B03,"  ","  ",1,"  ",2,"  ","  ",6,"   ",1,5,"  ",B03,120.639724,24.138853,3,66000,387130000C,(04)23289100,(04)25368667
11445,2023,03,30,13,41,臺中市,東區,0,1,0,8,1,5,50,4,1,1,5,4,5,7,1,1,10,5,5,2,15,25,2,9,1,1,C03,7,9,1,10,2,12,"  ",25,25,1,22,8,C03,120.705986,24.141846,2,66000,387130000C,(04)23289100,(04)25368667
11446,2023,03,30,13,42,臺中市,南屯區,0,0,0,8,,,30,,,,,,,,,,,,,,,12,"  ","  ","  ","  ",B03,"  ","  ",1,"  ",11,"  ","  ",38,12,1,22,"  ",B03,120.636702,24.139655,3,66000,387130000C,(04)23289100,(04)25368667
11447,2023,03,30,13,42,臺中市,西屯區,0,0,0,8,,,40,,,,,,,,,,,,,,,25,"  ","  ","  ","  ",C03,"  ","  ",1,"  ",2,"  ","  ",25,"   ",1,12,"  ",C03,120.611241,24.191948,3,66000,387130000C,(04)23289100,(04)25368667
11448,2023,03,30,13,43,臺中市,南屯區,0,0,0,8,,,50,,,,,,,,,,,,,,,23,"  ","  ","  ","  ",B03,"  ","  ",1,"  ",2,"  ","  ",23,"   ",1,22,"  ",B03,120.611759,24.150906,3,66000,387130000C,(04)23289100,(04)25368667
11449,2023,03,30,13,43,臺中市,北屯區,0,1,0,8,1,5,50,14,7,1,5,4,5,7,4,4,9,4,4,2,16,7,2,7,1,1,C03,7,7,1,10,2,14,"  ",7,7,1,22,8,C03,120.663931,24.186159,2,66000,387130000C,(04)23289100,(04)25368667
11450,2023,03,30,13,45,臺中市,潭子區,0,0,0,8,,,30,,,,,,,,,,,,,,,6,"  ","  ","  ","  ",B03,"  ","  ",1,"  ",2,"  ","  ",6,"   ",1,22,"  ",B03,120.683473,24.216323,3,66000,387130000C,(04)23289100,(04)25368667
11451,2023,03,30,13,46,臺中市,豐原區,0,0,0,8,,,40,,,,,,,,,,,,,,,12,"  ","  ","  ","  ",B12,"  ","  ",1,"  ",2,"  ","  ",12,"   ",1,22,"  ",B12,120.722708,24.251977,3,66000,387130000C,(04)23289100,(04)25368667
11452,2023,03,30,13,49,臺中市,潭子區,0,1,0,8,1,5,60,3,1,1,5,4,5,7,4,4,1,4,4,1,17,6,3,10,1,1,B12,7,6,1,8,2,6,"  ",6,6,1,22,8,B12,120.705267,24.209873,2,66000,387130000C,(04)23289100,(04)25368667
11453,2023,03,30,13,49,臺中市,北區,0,0,0,8,1,5,40,14,8,1,5,4,5,7,4,4,1,4,4,2,13,16,3,10,1,1,C03,7,9,1,10,2,11,"  ",16,16,1,5,5,C03,120.671448,24.173005,3,66000,387130000C,(04)23289100,(04)25368667
11454,2023,03,30,13,50,臺中市,霧峰區,0,0,0,8,,,30,,,,,,,,,,,,,,,44,"  ","  ","  ","  ",A41,"  ","  ",1,"  ",2,"  ","  ",44,"   ",1,10,"  ",A41,120.651689,24.086876,3,66000,387130000C,(04)23289100,(04)25368667
11455,2023,03,30,13,51,臺中市,太平區,0,1,0,8,1,5,50,4,1,1,5,4,5,7,1,1,10,5,5,2,16,6,3,10,1,1,B03,7,6,1,8,2,5,"  ",6,6,1,21,8,B03,120.701335,24.148035,2,66000,387130000C,(04)23289100,(04)25368667
11456,2023,03,30,13,52,臺中市,沙鹿區,0,2,0,8,1,5,30,4,1,1,5,4,5,7,4,4,9,5,5,1,16,6,2,9,1,1,C03,7,9,6,10,2,14,"  ",6,6,1,22,8,C03,120.565282,24.207385,2,66000,387130000C,(04)23289100,(04)25368667
11457,2023,03,30,14,0,臺中市,太平區,0,1,0,8,1,5,50,14,9,1,5,4,5,7,4,4,5,4,5,1,16,19,2,9,1,1,C03,7,1,1,10,2,14,"  ",19,19,1,22,8,C03,120.719344,24.133713,2,66000,387130000C,(04)23289100,(04)25368667
11458,2023,03,30,14,3,臺中市,大里區,0,2,0,8,1,5,50,4,1,1,5,4,5,7,3,1,5,5,5,1,16,6,2,9,1,1,C03,7,9,1,10,2,12,"  ",6,6,1,5,8,C03,120.695838,24.102505,2,66000,387130000C,(04)23289100,(04)25368667