序號,年,月,日,時,分,縣市,區,死亡數量,受傷數量,2-30,天候,光線,道路類別,速限_速度(公里),道路型態,事故位置,路面鋪裝,路面狀態,路面缺陷,障礙物,視距,號誌種類,號誌動作,分向設施,快車道或一般車道間,快慢車道間,路面邊線,事故類型及型態,主要肇因,受傷程度,主要傷處,保護裝備,行動電話,當事者區分,車輛用途,當事者行動狀態,駕駛資格情形,駕駛執照種類,飲酒情形,車輛撞擊部位最初,車輛撞擊部位其他,肇事因素個別,肇事因素主要,肇事逃逸,職業,旅次目的,車種,GPS座標X,GPS座標Y,事故類別,縣市別代碼,機關代碼,市話,傳真
11459,2023,03,30,14,3,臺中市,太平區,0,1,0,8,1,5,30,3,2,1,5,4,5,7,4,4,10,5,5,2,16,6,2,9,1,1,C03,7,6,1,10,1,11,12,6,6,1,22,8,C03,120.701522,24.149552,2,66000,387130000C,(04)23289100,(04)25368667
11460,2023,03,30,14,4,臺中市,南屯區,0,0,0,8,,,50,,,,,,,,,,,,,,,16,"  ","  ","  ","  ",B03,"  ","  ",1,"  ",2,"  ","  ",16,"   ",1,5,"  ",B03,120.635711,24.143383,3,66000,387130000C,(04)23289100,(04)25368667
11461,2023,03,30,14,14,臺中市,西屯區,0,0,0,,,,50,,,,,,,,,,,,,,,16,"  ","  ","  ","  ",B03,"  ","  ",1,"  ",1,"  ","  ",16,"   ",1,22,"  ",B03,120.641076,24.167898,3,66000,387130000C,(04)23289100,(04)25368667
11462,2023,03,30,14,15,臺中市,南屯區,0,0,0,8,,,50,,,,,,,,,,,,,,,42,"  ","  ","  ","  ",A12,"  ","  ",1,"  ",2,"  ","  ",42,"   ",1,10,"  ",A12,120.610279,24.143576,3,66000,387130000C,(04)23289100,(04)25368667
11463,2023,03,30,14,15,臺中市,北屯區,0,0,0,8,,,30,,,,,,,,,,,,,,,16,"  ","  ","  ","  ",C03,"  ","  ",1,"  ",1,"  ","  ",16,"   ",1,22,"  ",C03,120.692393,24.161748,3,66000,387130000C,(04)23289100,(04)25368667
11464,2023,03,30,14,16,臺中市,西屯區,0,0,0,8,,,30,,,,,,,,,,,,,,,23,"  ","  ","  ","  ",B12,"  ","  ",1,"  ",2,"  ","  ",23,"   ",1,22,"  ",B12,120.638726,24.178631,3,66000,387130000C,(04)23289100,(04)25368667
11465,2023,03,30,14,17,臺中市,沙鹿區,0,1,0,8,1,5,50,3,1,1,5,4,5,7,4,4,10,5,5,2,17,23,2,9,1,1,C03,7,9,1,10,2,11,"  ",23,23,1,21,8,C03,120.572384,24.22955,2,66000,387130000C,(04)23289100,(04)25368667
11466,2023,03,30,14,20,臺中市,北屯區,0,0,0,8,,,50,,,,,,,,,,,,,,,7,"  ","  ","  ","  ",B12,"  ","  ",1,"  ",1,"  ","  ",7,"   ",1,4,"  ",B12,120.693938,24.164745,3,66000,387130000C,(04)23289100,(04)25368667
11467,2023,03,30,14,23,臺中市,西屯區,0,0,0,8,,,50,,,,,,,,,,,,,,,42,"  ","  ","  ","  ",B12,"  ","  ",1,"  ",1,"  ","  ",42,"   ",1,4,"  ",B12,120.641208,24.168095,3,66000,387130000C,(04)23289100,(04)25368667
11468,2023,03,30,14,24,臺中市,東區,0,0,0,8,,,50,,,,,,,,,,,,,,,23,"  ","  ","  ","  ",B03,"  ","  ",1,"  ",2,"  ","  ",23,"   ",1,10,"  ",B03,120.687846,24.13908,3,66000,387130000C,(04)23289100,(04)25368667
11469,2023,03,30,14,28,臺中市,西屯區,0,0,0,8,,,50,,,,,,,,,,,,,,,16,"  ","  ","  ","  ",B02,"  ","  ",1,"  ",1,"  ","  ",16,"   ",1,22,"  ",B02,120.605364,24.161267,3,66000,387130000C,(04)23289100,(04)25368667
11470,2023,03,30,14,33,臺中市,北屯區,0,0,0,8,,,50,,,,,,,,,,,,,,,23,"  ","  ","  ","  ",B03,"  ","  ",1,"  ",9,"  ","  ",23,"   ",2,21,"  ",B03,120.734523,24.176231,3,66000,387130000C,(04)23289100,(04)25368667
11471,2023,03,30,14,34,臺中市,后里區,0,0,0,8,,,50,,,,,,,,,,,,,,,42,"  ","  ","  ","  ",C03,"  ","  ",1,"  ",1,"  ","  ",42,"   ",1,22,"  ",C03,120.687022,24.317401,3,66000,387130000C,(04)23289100,(04)25368667
11472,2023,03,30,14,35,臺中市,西屯區,0,2,0,8,1,5,50,4,1,1,5,4,5,7,2,1,10,5,5,2,16,43,2,9,1,1,C03,7,9,1,10,2,14,"  ",43,43,1,22,8,C03,120.642264,24.177771,2,66000,387130000C,(04)23289100,(04)25368667
11473,2023,03,30,14,47,臺中市,北屯區,0,0,0,8,,,50,,,,,,,,,,,,,,,23,"  ","  ","  ","  ",B03,"  ","  ",1,"  ",1,"  ","  ",23,"   ",1,22,"  ",B03,120.693132,24.163559,4,66000,387130000C,(04)23289100,(04)25368667
11474,2023,03,30,14,48,臺中市,清水區,0,1,0,8,1,5,50,4,1,1,5,4,5,7,1,1,5,5,5,1,16,6,3,10,1,1,B03,7,5,1,10,2,8,"  ",6,6,1,21,8,B03,120.575307,24.292667,2,66000,387130000C,(04)23289100,(04)25368667
11475,2023,03,30,14,50,臺中市,北區,0,0,0,8,,,50,,,,,,,,,,,,,,,23,"  ","  ","  ","  ",B03,"  ","  ",1,"  ",2,"  ","  ",23,"   ",1,22,"  ",B03,120.67561,24.149738,3,66000,387130000C,(04)23289100,(04)25368667
11476,2023,03,30,14,50,臺中市,霧峰區,0,0,0,8,,,50,,,,,,,,,,,,,,,44,"  ","  ","  ","  ",C03,"  ","  ",1,"  ",9,"  ","  ",44,"   ",1,6,"  ",C03,120.698151,24.063314,3,66000,387130000C,(04)23289100,(04)25368667
11477,2023,03,30,14,55,臺中市,沙鹿區,0,0,0,8,1,5,50,14,9,1,5,4,5,7,4,4,4,3,5,1,12,42,"  ","  ","  ","  ",B02,"  ","  ",1,"  ",11,"  ","  ",26,42,1,10,"  ",B02,120.569055,24.242945,3,66000,387130000C,(04)23289100,(04)25368667
11478,2023,03,30,14,56,臺中市,南屯區,0,0,0,8,,,50,,,,,,,,,,,,,,,42,"  ","  ","  ","  ",B12,"  ","  ",1,"  ",1,"  ","  ",42,"   ",1,5,"  ",B12,120.620422,24.145226,3,66000,387130000C,(04)23289100,(04)25368667
11479,2023,03,30,14,56,臺中市,大里區,0,0,0,8,,,50,,,,,,,,,,,,,,,26,"  ","  ","  ","  ",B03,"  ","  ",1,"  ",2,"  ","  ",26,"   ",1,12,"  ",B03,120.687707,24.09035,3,66000,387130000C,(04)23289100,(04)25368667
11480,2023,03,30,14,57,臺中市,烏日區,0,1,0,8,1,5,50,3,1,1,5,4,5,7,4,4,10,5,5,2,17,10,3,10,1,1,B03,7,11,1,8,2,8,"  ",10,10,1,5,8,B03,120.63475,24.105443,2,66000,387130000C,(04)23289100,(04)25368667
11481,2023,03,30,15,1,臺中市,大里區,0,0,0,8,,,50,,,,,,,,,,,,,,,26,"  ","  ","  ","  ",B03,"  ","  ",1,"  ",2,"  ","  ",26,"   ",1,22,"  ",B03,120.69414,24.099872,3,66000,387130000C,(04)23289100,(04)25368667
11482,2023,03,30,15,1,臺中市,太平區,0,0,0,8,,,50,,,,,,,,,,,,,,,6,"  ","  ","  ","  ",C03,"  ","  ",1,"  ",2,"  ","  ",6,"   ",1,22,"  ",C03,120.734444,24.145149,3,66000,387130000C,(04)23289100,(04)25368667
11483,2023,03,30,15,2,臺中市,豐原區,0,0,0,8,,,30,,,,,,,,,,,,,,,6,"  ","  ","  ","  ",B12,"  ","  ",1,"  ",2,"  ","  ",6,"   ",1,22,"  ",B12,120.714931,24.27168,3,66000,387130000C,(04)23289100,(04)25368667
11484,2023,03,30,15,8,臺中市,北屯區,0,0,0,8,,,50,,,,,,,,,,,,,,,23,"  ","  ","  ","  ",B03,"  ","  ",1,"  ",2,"  ","  ",23,"   ",1,21,"  ",B03,120.660224,24.192639,3,66000,387130000C,(04)23289100,(04)25368667
11485,2023,03,30,15,8,臺中市,梧棲區,0,1,0,8,1,5,50,3,2,1,5,4,5,7,1,1,1,4,4,2,17,19,3,10,1,1,B03,7,1,1,8,2,4,"  ",19,19,1,9,8,B03,120.536087,24.25901,2,66000,387130000C,(04)23289100,(04)25368667
11486,2023,03,30,15,10,臺中市,南屯區,0,0,0,8,,,50,,,,,,,,,,,,,,,19,"  ","  ","  ","  ",B03,"  ","  ",1,"  ",1,"  ","  ",19,"   ",1,22,"  ",B03,120.64402,24.13057,3,66000,387130000C,(04)23289100,(04)25368667
11487,2023,03,30,15,10,臺中市,梧棲區,0,1,0,8,1,5,50,3,2,1,5,4,5,7,4,4,10,5,5,2,14,12,3,10,1,1,B03,7,2,1,8,2,6,"  ",12,12,1,11,8,B03,120.530551,24.248643,2,66000,387130000C,(04)23289100,(04)25368667
11488,2023,03,30,15,20,臺中市,西屯區,0,0,0,,,,60,,,,,,,,,,,,,,,42,"  ","  ","  ","  ",B03,"  ","  ",1,"  ",1,"  ","  ",42,42,1,22,"  ",B03,120.628867,24.162746,3,66000,387130000C,(04)23289100,(04)25368667
11489,2023,03,30,15,20,臺中市,太平區,0,0,0,8,,,30,,,,,,,,,,,,,,,43,"  ","  ","  ","  ","   ","  ","  ","  ","  ","  ",15,"  ",43,43,1,"  ","  ","   ",120.735901,24.147214,3,66000,387130000C,(04)23289100,(04)25368667
11490,2023,03,30,15,21,臺中市,西區,0,0,0,,,,50,,,,,,,,,,,,,,,44,"  ","  ","  ","  ",C03,"  ","  ",1,"  ",2,"  ","  ",4,44,1,20,"  ",C03,120.66097,24.154839,3,66000,387130000C,(04)23289100,(04)25368667
11491,2023,03,30,15,21,臺中市,神岡區,0,0,0,8,,,50,,,,,,,,,,,,,,,42,"  ","  ","  ","  ",A12,"  ","  ",1,"  ",2,"  ","  ",42,"   ",1,22,"  ",A12,120.68571,24.24144,3,66000,387130000C,(04)23289100,(04)25368667
11492,2023,03,30,15,24,臺中市,南屯區,0,0,0,8,,,50,,,,,,,,,,,,,,,23,"  ","  ","  ","  ",A11,"  ","  ",1,"  ",2,"  ","  ",23,"   ",1,10,"  ",A11,120.649876,24.137003,3,66000,387130000C,(04)23289100,(04)25368667
11493,2023,03,30,15,29,臺中市,北區,0,0,0,,,,50,,,,,,,,,,,,,,,23,"  ","  ","  ","  ",B03,"  ","  ",1,"  ",2,"  ","  ",23,"   ",1,5,"  ",B03,120.685574,24.153539,3,66000,387130000C,(04)23289100,(04)25368667
11494,2023,03,30,15,37,臺中市,梧棲區,0,0,0,8,,,30,,,,,,,,,,,,,,,42,"  ","  ","  ","  ",B03,"  ","  ",1,"  ",1,"  ","  ",42,"   ",1,11,"  ",B03,120.543454,24.23343,3,66000,387130000C,(04)23289100,(04)25368667
11495,2023,03,30,15,40,臺中市,北屯區,0,1,0,8,1,5,50,3,1,1,5,4,5,7,4,4,10,5,5,2,12,6,3,10,3,4,B03,7,6,1,8,2,2,"  ",6,6,1,21,8,B03,120.692876,24.164895,2,66000,387130000C,(04)23289100,(04)25368667
11496,2023,03,30,15,41,臺中市,太平區,0,0,0,8,,,80,,,,,,,,,,,,,,,17,"  ","  ","  ","  ",A41,"  ","  ",1,"  ",2,"  ","  ",17,"   ",1,10,"  ",A41,120.710725,24.141557,3,66000,387130000C,(04)23289100,(04)25368667
11497,2023,03,30,15,42,臺中市,東區,0,1,0,8,1,5,50,4,9,1,5,4,5,7,1,1,5,5,5,2,16,6,3,10,3,4,B03,7,6,1,8,2,2,"  ",6,6,1,22,8,B03,120.699357,24.14797,2,66000,387130000C,(04)23289100,(04)25368667
11498,2023,03,30,15,45,臺中市,西區,0,0,0,8,1,5,50,4,1,1,5,4,5,7,4,4,10,5,5,2,14,12,"  ","  ","  ","  ",B03,"  ","  ",1,"  ",2,"  ","  ",12,"   ",1,21,"  ",B03,120.656673,24.153491,3,66000,387130000C,(04)23289100,(04)25368667
11499,2023,03,30,15,45,臺中市,西屯區,0,0,0,8,,,50,,,,,,,,,,,,,,,23,"  ","  ","  ","  ",B12,"  ","  ",1,"  ",2,"  ","  ",23,"   ",1,22,"  ",B12,120.616616,24.183323,3,66000,387130000C,(04)23289100,(04)25368667
11500,2023,03,30,15,50,臺中市,潭子區,0,1,0,8,1,5,30,3,1,1,5,4,5,7,4,4,8,5,5,1,17,26,3,10,1,1,B03,7,14,1,8,2,4,"  ",26,26,1,22,8,B03,120.696279,24.196899,2,66000,387130000C,(04)23289100,(04)25368667
11501,2023,03,30,15,53,臺中市,潭子區,0,1,0,8,1,5,50,4,1,1,5,4,5,7,1,1,5,4,4,1,17,26,3,10,1,1,C03,7,11,6,10,9,15,"  ",26,26,2,22,8,C03,120.706949,24.211374,2,66000,387130000C,(04)23289100,(04)25368667
11502,2023,03,30,15,53,臺中市,中區,0,0,0,8,,,50,,,,,,,,,,,,,,,12,"  ","  ","  ","  ",B03,"  ","  ",1,"  ",2,"  ","  ",12,"   ",1,5,"  ",B03,120.680098,24.139067,3,66000,387130000C,(04)23289100,(04)25368667
11503,2023,03,30,15,55,臺中市,南屯區,0,1,0,8,1,5,30,3,1,1,5,4,5,7,4,4,10,5,5,2,16,6,3,10,1,1,B12,7,5,1,8,2,5,"  ",6,6,1,5,8,B12,120.622591,24.154483,2,66000,387130000C,(04)23289100,(04)25368667
11504,2023,03,30,15,55,臺中市,神岡區,0,1,0,7,1,5,50,4,1,1,5,4,5,7,1,1,5,4,5,1,16,6,2,9,1,4,C03,7,5,1,10,2,12,"  ",6,6,1,22,9,C03,120.669471,24.269614,2,66000,387130000C,(04)23289100,(04)25368667
11505,2023,03,30,15,57,臺中市,大雅區,0,0,0,8,,,50,,,,,,,,,,,,,,,23,"  ","  ","  ","  ",B03,"  ","  ",1,"  ",1,"  ","  ",23,"   ",1,21,"  ",B03,120.64696,24.221634,3,66000,387130000C,(04)23289100,(04)25368667
11506,2023,03,30,16,2,臺中市,大雅區,0,0,0,8,,,50,,,,,,,,,,,,,,,23,"  ","  ","  ","  ",B03,"  ","  ",1,"  ",2,"  ","  ",23,"   ",1,22,"  ",B03,120.643628,24.227877,3,66000,387130000C,(04)23289100,(04)25368667
11507,2023,03,30,16,2,臺中市,南區,0,0,0,8,1,5,50,4,9,1,5,4,5,7,2,1,3,2,5,2,13,23,3,10,1,1,B03,7,9,1,8,2,1,"  ",23,23,1,21,8,B03,120.66228,24.120862,3,66000,387130000C,(04)23289100,(04)25368667
11508,2023,03,30,16,5,臺中市,南屯區,0,1,0,8,1,5,40,4,1,1,5,4,5,7,1,1,10,5,5,2,16,8,2,9,1,1,F02,7,5,8,20,2,16,"  ",8,8,1,18,2,F02,120.64134,24.133681,2,66000,387130000C,(04)23289100,(04)25368667
11509,2023,03,30,16,5,臺中市,北屯區,0,1,0,8,1,5,50,4,1,1,5,4,5,7,2,1,10,5,5,2,16,19,2,9,1,1,C03,7,1,1,10,2,14,"  ",19,19,1,21,8,C03,120.719081,24.175791,2,66000,387130000C,(04)23289100,(04)25368667
11510,2023,03,30,16,6,臺中市,南屯區,0,0,0,8,,,40,,,,,,,,,,,,,,,23,"  ","  ","  ","  ",B03,"  ","  ",1,"  ",2,"  ","  ",23,"   ",1,22,"  ",B03,120.635965,24.149366,3,66000,387130000C,(04)23289100,(04)25368667
11511,2023,03,30,16,9,臺中市,南屯區,0,1,0,8,1,5,50,4,1,1,5,4,5,7,2,1,10,5,5,2,12,7,2,9,1,1,C03,7,9,1,10,2,14,12,44,7,1,4,8,C03,120.65221,24.150867,2,66000,387130000C,(04)23289100,(04)25368667
11512,2023,03,30,16,10,臺中市,梧棲區,0,0,0,8,,,50,,,,,,,,,,,,,,,23,"  ","  ","  ","  ",F03,"  ","  ",8,"  ",2,"  ","  ",23,"   ",1,9,"  ",F03,120.531384,24.253167,3,66000,387130000C,(04)23289100,(04)25368667
11513,2023,03,30,16,20,臺中市,西區,0,1,0,8,1,5,50,5,1,1,5,4,5,7,1,1,10,5,5,2,13,16,2,9,1,1,C03,7,15,1,10,1,11,"  ",16,16,1,21,8,C03,120.669678,24.150839,2,66000,387130000C,(04)23289100,(04)25368667
11514,2023,03,30,16,21,臺中市,西屯區,0,1,0,8,1,5,50,3,2,1,5,4,5,7,4,4,8,3,4,1,17,23,3,10,1,1,B03,7,9,1,8,2,2,"  ",23,23,1,22,8,B03,120.615894,24.178399,2,66000,387130000C,(04)23289100,(04)25368667
11515,2023,03,30,16,27,臺中市,大甲區,0,2,0,7,1,5,50,3,1,1,5,4,5,7,4,4,10,5,5,2,13,16,2,9,1,1,C03,7,9,1,10,2,11,"  ",16,16,1,22,9,C03,120.634153,24.356777,2,66000,387130000C,(04)23289100,(04)25368667
11516,2023,03,30,16,28,臺中市,大里區,0,2,0,8,1,5,50,11,9,1,5,4,5,7,4,4,5,5,5,1,16,8,2,9,1,1,C03,7,5,1,10,2,11,"  ",8,8,1,22,8,C03,120.710516,24.08657,2,66000,387130000C,(04)23289100,(04)25368667
11517,2023,03,30,16,28,臺中市,太平區,0,0,0,8,,,50,,,,,,,,,,,,,,,9,"  ","  ","  ","  ",B03,"  ","  ",1,"  ",1,"  ","  ",9,"   ",1,22,"  ",B03,120.715216,24.159016,3,66000,387130000C,(04)23289100,(04)25368667
11518,2023,03,30,16,28,臺中市,太平區,0,1,0,8,1,5,50,3,2,1,5,4,5,7,1,1,5,4,5,2,13,23,2,8,1,1,C03,7,9,1,10,2,11,"  ",23,23,1,21,8,C03,120.707115,24.129138,2,66000,387130000C,(04)23289100,(04)25368667
11519,2023,03,30,16,28,臺中市,后里區,0,1,0,8,1,5,50,14,9,1,5,4,5,7,4,4,5,4,5,1,2,23,3,10,1,1,B03,7,9,1,8,2,5,"  ",23,23,1,19,8,B03,120.722522,24.308779,2,66000,387130000C,(04)23289100,(04)25368667
11520,2023,03,30,16,32,臺中市,太平區,0,0,0,8,1,5,40,14,8,1,5,4,5,7,4,4,5,4,4,2,12,17,"  ","  ","  ","  ",C03,"  ","  ",1,"  ",2,14,"  ",17,17,1,22,"  ",C03,120.716247,24.133958,3,66000,387130000C,(04)23289100,(04)25368667
11521,2023,03,30,16,38,臺中市,西屯區,0,0,0,,,,50,,,,,,,,,,,,,,,8,"  ","  ","  ","  ",B03,"  ","  ",1,"  ",2,"  ","  ",8,"   ",1,22,"  ",B03,120.635879,24.181852,3,66000,387130000C,(04)23289100,(04)25368667
11522,2023,03,30,16,40,臺中市,大里區,0,1,0,8,1,5,40,14,9,1,5,4,5,7,4,4,5,5,5,1,12,10,3,10,1,1,B03,7,11,3,18,2,8,"  ",10,10,1,20,5,B03,120.701466,24.099847,2,66000,387130000C,(04)23289100,(04)25368667
11523,2023,03,30,16,42,臺中市,南屯區,0,1,0,8,1,5,40,14,8,1,5,4,5,7,4,4,1,4,1,2,16,6,3,10,1,1,B12,7,6,1,3,2,2,"  ",6,6,1,22,8,B12,120.622723,24.13714,2,66000,387130000C,(04)23289100,(04)25368667
11524,2023,03,30,16,42,臺中市,北屯區,0,1,0,8,1,5,50,14,9,1,5,4,5,7,4,4,1,4,5,2,13,23,2,8,1,1,C03,7,9,1,10,2,11,"  ",23,23,1,21,8,C03,120.686118,24.172322,2,66000,387130000C,(04)23289100,(04)25368667
11525,2023,03,30,16,42,臺中市,西屯區,0,0,0,8,1,5,50,3,2,1,5,4,5,7,2,1,1,2,5,2,13,23,3,10,1,1,B03,7,9,1,8,1,1,"  ",23,23,1,3,8,B03,120.644916,24.162733,3,66000,387130000C,(04)23289100,(04)25368667
11526,2023,03,30,16,45,臺中市,北屯區,0,1,0,8,1,5,50,3,7,1,5,4,5,7,1,1,5,4,4,2,13,16,2,9,1,1,C03,7,9,1,10,2,11,"  ",16,16,1,18,8,C03,120.741478,24.180606,2,66000,387130000C,(04)23289100,(04)25368667
11527,2023,03,30,16,45,臺中市,大里區,0,0,0,8,,,50,,,,,,,,,,,,,,,16,"  ","  ","  ","  ",B03,"  ","  ",1,"  ",2,"  ","  ",16,"   ",1,4,"  ",B03,120.696495,24.085959,3,66000,387130000C,(04)23289100,(04)25368667
11528,2023,03,30,16,49,臺中市,南屯區,0,0,0,8,,,50,,,,,,,,,,,,,,,6,"  ","  ","  ","  ",B03,"  ","  ",1,"  ",1,"  ","  ",6,"   ",1,5,"  ",B03,120.628049,24.114574,3,66000,387130000C,(04)23289100,(04)25368667
11529,2023,03,30,16,50,臺中市,西屯區,0,1,0,8,1,5,40,3,9,1,5,4,5,7,4,4,7,2,2,2,13,43,3,10,3,4,C03,7,9,1,1,9,13,"  ",43,43,1,22,8,C03,120.61186,24.184366,2,66000,387130000C,(04)23289100,(04)25368667
11530,2023,03,30,16,50,臺中市,大里區,0,0,0,8,,,50,,,,,,,,,,,,,,,23,"  ","  ","  ","  ",C03,"  ","  ",1,"  ",2,"  ","  ",23,23,1,22,"  ",C03,120.694363,24.089696,3,66000,387130000C,(04)23289100,(04)25368667
11531,2023,03,30,16,50,臺中市,太平區,0,2,0,8,1,5,50,4,1,1,5,4,5,7,4,4,10,5,5,2,16,6,3,10,1,1,A12,7,6,1,3,2,5,"  ",6,6,1,21,8,A12,120.730706,24.111372,2,66000,387130000C,(04)23289100,(04)25368667
11532,2023,03,30,16,54,臺中市,石岡區,0,1,0,8,1,5,50,5,9,1,5,4,5,7,3,1,5,5,5,1,17,6,3,10,3,4,B03,7,9,1,8,2,8,"  ",6,6,1,22,8,B03,120.773403,24.277003,2,66000,387130000C,(04)23289100,(04)25368667
11533,2023,03,30,16,55,臺中市,北屯區,0,0,0,8,,,50,,,,,,,,,,,,,,,40,"  ","  ","  ","  ",B03,"  ","  ",1,"  ",2,"  ","  ",40,"   ",1,21,"  ",B03,120.693541,24.163638,3,66000,387130000C,(04)23289100,(04)25368667
11534,2023,03,30,16,55,臺中市,霧峰區,0,0,0,8,,,50,,,,,,,,,,,,,,,12,"  ","  ","  ","  ",B12,"  ","  ",1,"  ",1,"  ","  ",12,"   ",1,22,"  ",B12,120.684028,24.051396,3,66000,387130000C,(04)23289100,(04)25368667
11535,2023,03,30,16,55,臺中市,太平區,0,1,0,8,1,5,50,4,1,1,5,4,5,7,4,4,10,5,5,2,15,6,3,10,1,1,B03,7,9,1,8,2,2,"  ",6,6,1,22,8,B03,120.719357,24.112919,2,66000,387130000C,(04)23289100,(04)25368667
11536,2023,03,30,16,56,臺中市,西屯區,0,0,0,8,,,40,,,,,,,,,,,,,,,16,"  ","  ","  ","  ",B12,"  ","  ",1,"  ",1,"  ","  ",16,"   ",1,22,"  ",B12,120.653258,24.160817,3,66000,387130000C,(04)23289100,(04)25368667
11537,2023,03,30,16,57,臺中市,烏日區,0,1,0,8,1,5,50,3,1,1,5,4,5,7,4,4,1,2,3,1,16,26,3,10,1,1,B03,7,11,1,1,2,5,"  ",26,26,1,21,8,B03,120.583835,24.111478,2,66000,387130000C,(04)23289100,(04)25368667
11538,2023,03,30,16,57,臺中市,沙鹿區,0,0,0,8,,,50,,,,,,,,,,,,,,,12,"  ","  ","  ","  ",B03,"  ","  ",1,"  ",2,"  ","  ",12,"   ",1,22,"  ",B03,120.563073,24.237324,3,66000,387130000C,(04)23289100,(04)25368667
11539,2023,03,30,17,10,臺中市,烏日區,0,0,0,8,,,30,,,,,,,,,,,,,,,17,"  ","  ","  ","  ",B03,"  ","  ",1,"  ",2,"  ","  ",17,"   ",1,21,"  ",B03,120.603315,24.11456,3,66000,387130000C,(04)23289100,(04)25368667
11540,2023,03,30,17,10,臺中市,清水區,0,1,0,8,2,5,40,4,1,1,5,4,5,7,1,1,10,5,5,2,18,23,2,9,1,1,C03,7,9,1,10,2,14,"  ",23,23,1,21,8,C03,120.571327,24.275479,2,66000,387130000C,(04)23289100,(04)25368667
11541,2023,03,30,17,17,臺中市,北屯區,0,1,0,8,1,5,50,5,7,1,5,4,5,7,1,1,5,4,4,2,13,23,3,10,1,1,B03,7,1,1,8,2,1,"  ",23,23,1,21,8,B03,120.693505,24.17643,2,66000,387130000C,(04)23289100,(04)25368667
11542,2023,03,30,17,18,臺中市,沙鹿區,0,0,0,8,,,50,,,,,,,,,,,,,,,23,"  ","  ","  ","  ",B12,"  ","  ",1,"  ",2,"  ","  ",23,"   ",1,4,"  ",B12,120.564503,24.238547,3,66000,387130000C,(04)23289100,(04)25368667
11543,2023,03,30,17,18,臺中市,后里區,0,0,0,6,1,5,50,14,9,1,5,4,5,7,1,1,1,4,5,1,17,40,"  ","  ","  ","  ",B03,"  ","  ",1,"  ",1,"  ","  ",40,"   ",1,22,"  ",B03,120.709661,24.304363,3,66000,387130000C,(04)23289100,(04)25368667
11544,2023,03,30,17,19,臺中市,外埔區,0,1,0,8,1,5,50,14,7,1,5,4,5,7,4,4,9,4,4,1,12,6,2,8,1,1,C03,7,5,1,10,2,14,"  ",6,6,1,22,8,C03,120.657894,24.327067,2,66000,387130000C,(04)23289100,(04)25368667
11545,2023,03,30,17,20,臺中市,霧峰區,0,0,0,8,,,50,,,,,,,,,,,,,,,16,"  ","  ","  ","  ",B03,"  ","  ",1,"  ",2,"  ","  ",16,"   ",1,4,"  ",B03,120.675593,24.048919,3,66000,387130000C,(04)23289100,(04)25368667
11546,2023,03,30,17,22,臺中市,潭子區,0,1,0,8,1,5,50,14,9,1,5,4,5,7,4,4,9,4,4,1,18,21,2,9,1,1,F01,7,9,8,20,8,16,"  ",21,21,1,22,8,F01,120.716496,24.214235,2,66000,387130000C,(04)23289100,(04)25368667
11547,2023,03,30,17,22,臺中市,中區,0,0,0,8,,,50,,,,,,,,,,,,,,,23,"  ","  ","  ","  ",B03,"  ","  ",1,"  ",1,"  ","  ",23,"   ",1,21,"  ",B03,120.682375,24.140532,3,66000,387130000C,(04)23289100,(04)25368667
11548,2023,03,30,17,22,臺中市,大里區,0,0,0,8,,,50,,,,,,,,,,,,,,,23,"  ","  ","  ","  ",C03,"  ","  ",1,"  ",2,"  ","  ",23,"   ",1,22,"  ",C03,120.693121,24.090401,3,66000,387130000C,(04)23289100,(04)25368667
11549,2023,03,30,17,25,臺中市,南區,0,1,0,8,1,5,50,4,1,1,5,4,5,7,4,4,10,5,5,2,15,6,3,10,1,1,B03,7,9,1,8,2,1,"  ",6,6,1,22,8,B03,120.652635,24.119899,2,66000,387130000C,(04)23289100,(04)25368667
11550,2023,03,30,17,27,臺中市,大里區,0,1,0,8,1,5,30,3,1,1,5,4,5,7,4,4,10,5,5,2,15,6,2,9,1,1,C03,7,9,1,10,2,11,"  ",6,6,1,5,8,C03,120.705728,24.110461,2,66000,387130000C,(04)23289100,(04)25368667
11551,2023,03,30,17,30,臺中市,大雅區,0,1,0,8,1,5,50,3,1,1,5,4,5,7,3,1,5,5,5,1,13,23,2,8,1,1,C03,7,9,1,10,2,11,"  ",23,23,1,21,8,C03,120.673121,24.231264,2,66000,387130000C,(04)23289100,(04)25368667
11552,2023,03,30,17,33,臺中市,霧峰區,0,1,0,8,3,5,40,3,1,1,5,4,5,7,2,1,10,5,5,2,27,23,2,7,1,1,C03,7,9,1,10,2,11,"  ",23,23,1,4,5,C03,120.696457,24.024011,2,66000,387130000C,(04)23289100,(04)25368667
11553,2023,03,30,17,34,臺中市,烏日區,0,1,0,8,1,5,50,4,1,1,5,4,5,7,1,1,10,5,5,2,17,9,3,10,1,1,B03,7,6,1,8,2,2,"  ",9,9,1,21,8,B03,120.647906,24.086188,2,66000,387130000C,(04)23289100,(04)25368667