序號,年,月,日,時,分,縣市,區,死亡數量,受傷數量,2-30,天候,光線,道路類別,速限_速度(公里),道路型態,事故位置,路面鋪裝,路面狀態,路面缺陷,障礙物,視距,號誌種類,號誌動作,分向設施,快車道或一般車道間,快慢車道間,路面邊線,事故類型及型態,主要肇因,受傷程度,主要傷處,保護裝備,行動電話,當事者區分,車輛用途,當事者行動狀態,駕駛資格情形,駕駛執照種類,飲酒情形,車輛撞擊部位最初,車輛撞擊部位其他,肇事因素個別,肇事因素主要,肇事逃逸,職業,旅次目的,車種,GPS座標X,GPS座標Y,事故類別,縣市別代碼,機關代碼,市話,傳真
11554,2023,03,30,17,38,臺中市,西屯區,0,2,0,8,1,5,30,11,8,1,5,4,5,7,4,4,10,5,5,2,9,23,2,9,1,1,C03,7,5,1,10,11,11,"  ",23,23,1,22,8,C03,120.640122,24.178435,2,66000,387130000C,(04)23289100,(04)25368667
11555,2023,03,30,17,39,臺中市,中區,0,0,0,8,,,50,,,,,,,,,,,,,,,23,"  ","  ","  ","  ",B03,"  ","  ",1,8,1,"  ","  ",23,23,1,22,"  ",B03,120.681796,24.144577,3,66000,387130000C,(04)23289100,(04)25368667
11556,2023,03,30,17,40,臺中市,東區,0,1,0,8,2,5,50,3,1,1,5,4,5,7,4,4,1,4,5,2,17,9,3,10,1,1,C03,7,6,1,10,2,12,"  ",9,9,1,22,8,C03,120.690953,24.138815,2,66000,387130000C,(04)23289100,(04)25368667
11557,2023,03,30,17,40,臺中市,神岡區,0,1,0,8,1,5,50,3,1,1,5,4,5,7,4,4,5,5,5,1,16,26,2,9,1,1,C03,7,9,1,10,2,12,"  ",26,26,1,21,8,C03,120.65624,24.279193,2,66000,387130000C,(04)23289100,(04)25368667
11558,2023,03,30,17,41,臺中市,大里區,0,1,0,8,1,5,50,14,13,1,5,4,5,7,4,4,1,4,5,1,12,23,3,10,1,1,B03,7,3,1,8,2,2,"  ",44,23,1,22,8,B03,120.689394,24.120073,2,66000,387130000C,(04)23289100,(04)25368667
11559,2023,03,30,17,46,臺中市,龍井區,0,0,0,8,,,70,,,,,,,,,,,,,,,16,"  ","  ","  ","  ",B03,"  ","  ",1,"  ",2,"  ","  ",16,"   ",1,22,"  ",B03,120.58741,24.185491,3,66000,387130000C,(04)23289100,(04)25368667
11560,2023,03,30,17,47,臺中市,南屯區,0,0,0,8,,,0,,,,,,,,,,,,,,,23,"  ","  ","  ","  ",C03,"  ","  ",1,"  ",2,"  ","  ",23,23,1,22,"  ",C03,120.64318,24.145552,3,66000,387130000C,(04)23289100,(04)25368667
11561,2023,03,30,17,47,臺中市,南屯區,0,3,0,8,1,5,50,14,9,1,5,4,5,7,4,4,1,4,5,2,17,7,2,9,1,1,C03,7,7,1,10,2,13,14,7,7,1,20,8,C03,120.622303,24.145094,2,66000,387130000C,(04)23289100,(04)25368667
11562,2023,03,30,17,48,臺中市,北區,0,2,0,8,1,5,50,14,7,1,5,4,5,7,4,4,5,5,4,2,3,51,2,9,4,5,H01,8,18,8,20,10,16,"  ",51,51,1,21,8,H01,120.666303,24.155551,2,66000,387130000C,(04)23289100,(04)25368667
11563,2023,03,30,17,48,臺中市,烏日區,0,1,0,8,1,5,50,14,7,1,5,4,5,7,4,4,5,5,4,2,11,4,3,10,1,1,C03,7,6,1,10,2,11,"  ",4,4,1,21,8,C03,120.634124,24.106719,2,66000,387130000C,(04)23289100,(04)25368667
11564,2023,03,30,17,48,臺中市,豐原區,0,3,0,8,1,5,50,4,1,1,5,4,5,7,1,1,10,5,5,2,3,23,2,9,1,1,C03,7,9,1,10,2,11,"  ",23,23,1,22,8,C03,120.718747,24.249611,2,66000,387130000C,(04)23289100,(04)25368667
11565,2023,03,30,17,50,臺中市,沙鹿區,0,0,0,7,1,5,50,4,2,1,5,4,5,7,4,4,10,5,5,2,17,8,3,10,1,1,B03,7,5,1,8,2,8,"  ",8,8,1,22,9,B03,120.569401,24.227189,3,66000,387130000C,(04)23289100,(04)25368667
11566,2023,03,30,17,53,臺中市,北區,0,1,0,8,1,5,50,4,1,1,5,4,5,7,1,1,10,5,5,2,3,15,2,9,1,1,C03,7,5,1,10,2,15,"  ",15,15,1,4,8,C03,120.673519,24.16998,2,66000,387130000C,(04)23289100,(04)25368667
11567,2023,03,30,17,56,臺中市,南屯區,0,0,0,,,,50,,,,,,,,,,,,,,,23,"  ","  ","  ","  ",B03,"  ","  ",1,"  ",2,"  ","  ",23,"   ",1,22,"  ",B03,120.652785,24.149925,3,66000,387130000C,(04)23289100,(04)25368667
11568,2023,03,30,17,59,臺中市,西屯區,0,0,0,8,,,50,,,,,,,,,,,,,,,7,"  ","  ","  ","  ",B01,"  ","  ",1,"  ",2,"  ","  ",7,"   ",1,22,"  ",B01,120.630815,24.162154,3,66000,387130000C,(04)23289100,(04)25368667
11569,2023,03,30,18,0,臺中市,西屯區,0,1,0,8,1,5,40,14,8,1,5,4,5,7,4,4,9,4,4,2,18,43,2,9,1,1,F01,7,9,8,20,2,15,"  ",43,43,1,22,8,F01,120.652208,24.169952,2,66000,387130000C,(04)23289100,(04)25368667
11570,2023,03,30,18,1,臺中市,大里區,0,0,0,8,,,50,,,,,,,,,,,,,,,7,"  ","  ","  ","  ",B03,"  ","  ",1,"  ",1,"  ","  ",7,"   ",1,5,"  ",B03,120.699986,24.115256,3,66000,387130000C,(04)23289100,(04)25368667
11571,2023,03,30,18,6,臺中市,南屯區,0,0,0,8,,,50,,,,,,,,,,,,,,,23,"  ","  ","  ","  ",B03,"  ","  ",1,"  ",1,"  ","  ",23,"   ",1,22,"  ",B03,120.633835,24.158385,3,66000,387130000C,(04)23289100,(04)25368667
11572,2023,03,30,18,9,臺中市,西屯區,0,1,0,8,3,5,50,14,9,1,5,4,5,7,4,4,1,3,5,2,16,9,3,10,1,1,B03,7,6,1,8,2,2,"  ",9,9,1,22,9,B03,120.63846,24.168947,2,66000,387130000C,(04)23289100,(04)25368667
11573,2023,03,30,18,10,臺中市,北屯區,0,0,0,8,,,50,,,,,,,,,,,,,,,23,"  ","  ","  ","  ",B03,"  ","  ",1,"  ",1,"  ","  ",23,"   ",1,21,"  ",B03,120.69391,24.164824,3,66000,387130000C,(04)23289100,(04)25368667
11574,2023,03,30,18,11,臺中市,大雅區,0,0,0,8,,,30,,,,,,,,,,,,,,,6,"  ","  ","  ","  ",C03,"  ","  ",1,"  ",2,"  ","  ",6,"   ",1,22,"  ",C03,120.666221,24.238067,3,66000,387130000C,(04)23289100,(04)25368667
11575,2023,03,30,18,12,臺中市,北屯區,0,0,0,8,,,50,,,,,,,,,,,,,,,23,"  ","  ","  ","  ",C03,"  ","  ",1,"  ",1,"  ","  ",23,"   ",1,21,"  ",C03,120.688215,24.185376,3,66000,387130000C,(04)23289100,(04)25368667
11576,2023,03,30,18,13,臺中市,大里區,0,0,0,8,,,50,,,,,,,,,,,,,,,42,"  ","  ","  ","  ",B03,"  ","  ",1,"  ",2,"  ","  ",42,"   ",1,22,"  ",B03,120.689958,24.11157,3,66000,387130000C,(04)23289100,(04)25368667
11577,2023,03,30,18,13,臺中市,霧峰區,0,0,0,8,,,30,,,,,,,,,,,,,,,12,"  ","  ","  ","  ",B03,"  ","  ",1,"  ",2,"  ","  ",12,"   ",1,22,"  ",B03,120.687076,24.04279,3,66000,387130000C,(04)23289100,(04)25368667
11578,2023,03,30,18,15,臺中市,南區,0,1,0,8,3,5,50,4,9,1,5,4,5,7,1,1,5,5,5,2,11,26,2,9,3,4,F03,7,9,8,20,2,16,"  ",26,26,1,22,8,F03,120.652345,24.11456,2,66000,387130000C,(04)23289100,(04)25368667
11579,2023,03,30,18,15,臺中市,北屯區,0,0,0,8,,,80,,,,,,,,,,,,,,,23,"  ","  ","  ","  ",B03,"  ","  ",1,"  ",1,"  ","  ",23,"   ",1,22,"  ",B03,120.718578,24.163468,3,66000,387130000C,(04)23289100,(04)25368667
11580,2023,03,30,18,18,臺中市,北屯區,0,1,0,8,3,5,50,4,1,1,5,4,5,7,1,1,10,5,5,2,12,6,3,10,1,1,B03,7,6,1,8,2,5,"  ",6,6,1,21,8,B03,120.681685,24.17266,2,66000,387130000C,(04)23289100,(04)25368667
11581,2023,03,30,18,20,臺中市,太平區,0,1,0,8,3,5,30,11,9,1,5,4,5,7,4,4,4,5,5,1,18,13,2,9,1,1,C03,7,5,1,10,2,14,"  ",13,13,1,21,8,C03,120.808643,24.097475,2,66000,387130000C,(04)23289100,(04)25368667
11582,2023,03,30,18,21,臺中市,南屯區,0,1,0,8,1,5,50,4,1,1,5,4,5,7,1,1,4,3,4,2,16,6,3,10,1,1,B03,7,5,1,8,2,5,"  ",6,6,1,22,8,B03,120.634083,24.159573,2,66000,387130000C,(04)23289100,(04)25368667
11583,2023,03,30,18,24,臺中市,神岡區,0,0,0,8,,,30,,,,,,,,,,,,,,,17,"  ","  ","  ","  ",B12,"  ","  ",1,"  ",2,"  ","  ",17,"   ",1,22,"  ",B12,120.69787,24.253864,3,66000,387130000C,(04)23289100,(04)25368667
11584,2023,03,30,18,25,臺中市,西區,0,1,0,8,3,5,50,4,1,1,5,4,5,7,1,1,10,5,5,2,16,26,2,8,1,1,C03,7,6,4,8,2,12,"  ",26,26,1,5,8,C03,120.655135,24.140024,2,66000,387130000C,(04)23289100,(04)25368667
11585,2023,03,30,18,26,臺中市,北屯區,0,0,0,8,,,50,,,,,,,,,,,,,,,1,"  ","  ","  ","  ",B03,"  ","  ",1,"  ",1,"  ","  ",1,"   ",1,22,"  ",B03,120.68572,24.181455,3,66000,387130000C,(04)23289100,(04)25368667
11586,2023,03,30,18,28,臺中市,霧峰區,0,2,0,8,3,5,50,14,7,1,5,4,5,7,4,4,5,4,4,1,12,8,3,10,1,1,C03,7,5,1,10,2,11,"  ",8,8,1,4,5,C03,120.698898,24.067474,2,66000,387130000C,(04)23289100,(04)25368667
11587,2023,03,30,18,32,臺中市,西屯區,0,0,0,8,,,50,,,,,,,,,,,,,,,16,"  ","  ","  ","  ",C03,"  ","  ",1,"  ",1,"  ","  ",16,"   ",1,22,"  ",C03,120.64491,24.17842,3,66000,387130000C,(04)23289100,(04)25368667
11588,2023,03,30,18,32,臺中市,大里區,0,1,0,8,3,5,50,4,1,1,5,4,5,7,1,1,10,5,5,1,15,42,3,10,1,1,B03,7,9,1,8,2,6,"  ",42,42,1,5,8,B03,120.674455,24.102998,2,66000,387130000C,(04)23289100,(04)25368667
11589,2023,03,30,18,35,臺中市,東區,0,0,0,7,3,5,50,14,7,1,5,4,5,7,1,1,5,5,4,2,13,16,3,10,1,1,B03,7,9,4,10,2,1,"  ",16,16,1,21,8,B03,120.699723,24.142671,3,66000,387130000C,(04)23289100,(04)25368667
11590,2023,03,30,18,43,臺中市,北屯區,0,1,0,8,1,5,50,14,9,1,5,4,5,7,4,4,1,4,5,2,13,23,3,10,1,1,B03,7,9,1,8,2,1,"  ",23,23,1,21,8,B03,120.670605,24.175608,2,66000,387130000C,(04)23289100,(04)25368667
11591,2023,03,30,18,44,臺中市,東區,0,1,0,8,3,8,50,14,9,1,5,4,5,7,4,4,5,5,5,2,17,34,3,10,1,1,C03,7,9,3,18,2,15,"  ",34,34,1,22,8,C03,120.690146,24.135778,2,66000,387130000C,(04)23289100,(04)25368667
11592,2023,03,30,18,44,臺中市,大甲區,0,2,0,8,1,5,50,14,9,1,5,4,5,7,4,4,10,5,5,2,16,6,2,9,1,1,C03,7,5,4,8,2,12,"  ",6,6,1,22,9,C03,120.627425,24.350608,2,66000,387130000C,(04)23289100,(04)25368667
11593,2023,03,30,18,45,臺中市,南屯區,0,0,0,8,,,60,,,,,,,,,,,,,,,23,"  ","  ","  ","  ",B03,"  ","  ",1,"  ",2,"  ","  ",23,"   ",1,22,"  ",B03,120.623252,24.145966,3,66000,387130000C,(04)23289100,(04)25368667
11594,2023,03,30,18,45,臺中市,北屯區,0,0,0,8,,,80,,,,,,,,,,,,,,,16,"  ","  ","  ","  ",B02,"  ","  ",1,"  ",1,"  ","  ",16,"   ",1,21,"  ",B02,120.721355,24.182353,3,66000,387130000C,(04)23289100,(04)25368667
11595,2023,03,30,18,45,臺中市,烏日區,0,1,0,8,3,5,50,4,2,1,5,4,5,7,4,4,10,5,5,2,3,23,3,10,1,1,B03,7,5,1,8,2,4,"  ",23,23,1,21,8,B03,120.62203,24.103032,2,66000,387130000C,(04)23289100,(04)25368667
11596,2023,03,30,18,48,臺中市,西屯區,0,0,0,8,,,40,,,,,,,,,,,,,,,23,"  ","  ","  ","  ",C03,"  ","  ",1,"  ",2,"  ","  ",23,"   ",1,22,"  ",C03,120.641076,24.167898,3,66000,387130000C,(04)23289100,(04)25368667
11597,2023,03,30,18,50,臺中市,梧棲區,0,0,0,8,,,50,,,,,,,,,,,,,,,23,"  ","  ","  ","  ",B12,"  ","  ",1,"  ",9,"  ","  ",23,"   ",1,9,"  ",B12,120.541243,24.257045,3,66000,387130000C,(04)23289100,(04)25368667
11598,2023,03,30,18,53,臺中市,西屯區,0,1,0,8,2,5,40,14,8,1,5,4,5,7,4,4,1,4,1,2,18,23,2,9,3,4,C03,7,9,1,10,2,12,"  ",23,23,1,22,8,C03,120.643883,24.194753,2,66000,387130000C,(04)23289100,(04)25368667
11599,2023,03,30,18,55,臺中市,西屯區,0,0,0,8,,,50,,,,,,,,,,,,,,,26,"  ","  ","  ","  ",B03,"  ","  ",1,"  ",2,"  ","  ",26,"   ",1,22,"  ",B03,120.625002,24.182084,3,66000,387130000C,(04)23289100,(04)25368667
11600,2023,03,30,18,55,臺中市,沙鹿區,0,2,0,7,3,5,50,14,7,1,5,4,5,7,4,4,4,5,4,2,17,6,2,9,1,1,C03,7,11,1,10,2,14,"  ",6,6,1,18,9,C03,120.580395,24.210051,2,66000,387130000C,(04)23289100,(04)25368667
11601,2023,03,30,18,58,臺中市,西屯區,0,2,0,8,2,5,40,14,8,1,5,4,5,7,4,4,1,4,1,2,13,23,3,10,1,1,B03,7,9,1,4,2,1,"  ",23,23,1,4,1,B03,120.64373,24.201301,2,66000,387130000C,(04)23289100,(04)25368667
11602,2023,03,30,19,0,臺中市,大雅區,0,1,0,8,3,5,50,14,8,1,5,4,5,7,4,4,9,4,4,1,17,12,3,10,1,1,B03,7,2,1,8,2,3,"  ",12,12,1,22,9,B03,120.645261,24.225089,2,66000,387130000C,(04)23289100,(04)25368667
11603,2023,03,30,19,7,臺中市,豐原區,0,1,0,8,3,5,50,14,8,1,5,4,5,7,4,4,5,5,4,2,17,40,3,10,3,4,B12,7,13,1,8,9,4,"  ",40,40,1,22,8,B12,120.726197,24.247086,2,66000,387130000C,(04)23289100,(04)25368667
11604,2023,03,30,19,10,臺中市,潭子區,0,0,0,8,,,60,,,,,,,,,,,,,,,23,"  ","  ","  ","  ",C03,"  ","  ",1,"  ",2,"  ","  ",23,"   ",1,22,"  ",C03,120.702514,24.193999,3,66000,387130000C,(04)23289100,(04)25368667
11605,2023,03,30,19,12,臺中市,南屯區,0,0,0,8,,,50,,,,,,,,,,,,,,,49,"  ","  ","  ","  ",C02,"  ","  ",1,"  ",1,"  ","  ",49,"   ",1,22,"  ",C02,120.627806,24.148155,3,66000,387130000C,(04)23289100,(04)25368667
11606,2023,03,30,19,14,臺中市,西區,0,0,0,8,,,50,,,,,,,,,,,,,,,7,"  ","  ","  ","  ",B03,"  ","  ",1,"  ",1,"  ","  ",7,"   ",1,21,"  ",B03,120.671236,24.145493,3,66000,387130000C,(04)23289100,(04)25368667
11607,2023,03,30,19,14,臺中市,南區,0,1,0,8,3,5,50,14,7,1,5,4,5,7,4,4,5,4,4,2,17,26,2,9,1,1,C03,7,11,1,10,2,12,"  ",26,26,1,22,8,C03,120.667454,24.116963,2,66000,387130000C,(04)23289100,(04)25368667
11608,2023,03,30,19,15,臺中市,梧棲區,0,0,0,8,,,50,,,,,,,,,,,,,,,23,"  ","  ","  ","  ",B03,"  ","  ",1,"  ",2,"  ","  ",23,"   ",1,9,"  ",B03,120.53013,24.253788,3,66000,387130000C,(04)23289100,(04)25368667
11609,2023,03,30,19,15,臺中市,新社區,0,0,0,8,3,5,50,11,9,1,5,4,5,7,4,4,4,5,5,1,11,26,"  ","  ","  ","  ",B03,"  ","  ",1,"  ",2,"  ","  ",17,26,1,22,"  ",B03,120.803015,24.234523,3,66000,387130000C,(04)23289100,(04)25368667
11610,2023,03,30,19,17,臺中市,烏日區,0,1,0,8,1,5,50,14,8,1,5,4,5,7,4,4,1,4,4,1,18,23,2,8,1,1,C03,7,9,1,10,2,14,"  ",23,23,1,21,8,C03,120.638316,24.113639,2,66000,387130000C,(04)23289100,(04)25368667
11611,2023,03,30,19,19,臺中市,大里區,0,0,0,8,,,50,,,,,,,,,,,,,,,23,"  ","  ","  ","  ",C03,"  ","  ",1,"  ",2,"  ","  ",23,"   ",1,22,"  ",C03,120.699866,24.082781,3,66000,387130000C,(04)23289100,(04)25368667
11612,2023,03,30,19,24,臺中市,西屯區,0,0,0,8,,,50,,,,,,,,,,,,,,,16,"  ","  ","  ","  ",B03,"  ","  ",1,"  ",1,"  ","  ",16,"   ",1,22,"  ",B03,120.643686,24.166114,3,66000,387130000C,(04)23289100,(04)25368667
11613,2023,03,30,19,31,臺中市,霧峰區,0,0,0,8,,,50,,,,,,,,,,,,,,,23,"  ","  ","  ","  ",B12,"  ","  ",1,"  ",1,"  ","  ",23,"   ",2,22,"  ",B12,120.699165,24.068233,3,66000,387130000C,(04)23289100,(04)25368667
11614,2023,03,30,19,32,臺中市,大里區,0,2,0,8,3,5,30,4,1,1,5,4,5,7,4,4,10,5,5,2,15,6,2,9,1,1,C03,7,9,1,10,2,11,"  ",6,6,1,4,5,C03,120.706193,24.084123,2,66000,387130000C,(04)23289100,(04)25368667
11615,2023,03,30,19,34,臺中市,北區,0,2,0,8,3,5,50,14,9,1,5,4,5,7,4,4,1,4,5,2,13,16,2,9,1,1,C03,7,9,1,10,2,11,"  ",44,16,1,22,9,C03,120.677614,24.172995,2,66000,387130000C,(04)23289100,(04)25368667
11616,2023,03,30,19,35,臺中市,東區,0,0,0,8,,,50,,,,,,,,,,,,,,,23,"  ","  ","  ","  ",B03,"  ","  ",1,"  ",2,"  ","  ",23,"   ",1,3,"  ",B03,120.685373,24.134394,3,66000,387130000C,(04)23289100,(04)25368667
11617,2023,03,30,19,35,臺中市,南屯區,0,1,0,8,1,5,40,14,9,1,5,4,5,7,4,4,1,5,5,2,12,17,3,10,1,1,B03,7,9,1,8,2,2,"  ",17,17,1,5,8,B03,120.596083,24.155997,2,66000,387130000C,(04)23289100,(04)25368667
11618,2023,03,30,19,37,臺中市,西屯區,0,0,0,8,,,50,,,,,,,,,,,,,,,43,"  ","  ","  ","  ",C03,"  ","  ",1,"  ",11,"  ","  ",43,"   ",1,22,"  ",C03,120.655531,24.156509,3,66000,387130000C,(04)23289100,(04)25368667
11619,2023,03,30,19,38,臺中市,太平區,0,0,0,8,1,5,30,11,9,1,5,4,5,7,4,4,10,5,5,1,29,38,"  ","  ","  ","  ",B03,"  ","  ",1,"  ",10,"  ","  ",38,"   ",1,4,"  ",B03,120.713296,24.115432,3,66000,387130000C,(04)23289100,(04)25368667
11620,2023,03,30,19,39,臺中市,大里區,0,1,0,8,3,5,50,16,9,1,5,4,5,7,1,1,5,4,4,2,17,23,2,7,1,1,C03,7,15,1,10,2,12,"  ",23,23,1,18,1,C03,120.677696,24.094053,2,66000,387130000C,(04)23289100,(04)25368667
11621,2023,03,30,19,46,臺中市,南區,0,0,0,8,,,40,,,,,,,,,,,,,,,12,"  ","  ","  ","  ",B02,"  ","  ",1,8,2,"  ","  ",12,12,1,5,"  ",B02,120.649913,24.116693,3,66000,387130000C,(04)23289100,(04)25368667
11622,2023,03,30,19,47,臺中市,南區,0,0,0,8,,,50,,,,,,,,,,,,,,,16,"  ","  ","  ","  ",B03,"  ","  ",1,"  ",1,"  ","  ",16,"   ",1,22,"  ",B03,120.655457,24.115199,3,66000,387130000C,(04)23289100,(04)25368667
11623,2023,03,30,19,48,臺中市,東區,0,3,0,8,3,5,50,4,1,1,5,4,5,7,1,1,10,5,5,2,15,25,2,9,1,1,C03,7,9,1,10,2,12,"  ",25,25,1,22,8,C03,120.701371,24.13883,2,66000,387130000C,(04)23289100,(04)25368667
11624,2023,03,30,19,52,臺中市,神岡區,0,1,0,8,3,5,50,11,7,1,5,4,5,1,3,1,5,5,4,1,16,10,3,10,1,1,B03,7,11,1,8,2,8,"  ",10,10,1,21,8,B03,120.671971,24.255745,2,66000,387130000C,(04)23289100,(04)25368667
11625,2023,03,30,19,59,臺中市,龍井區,0,1,0,8,3,5,50,3,2,1,5,4,3,5,4,4,5,5,4,2,29,42,2,8,1,1,C03,7,9,1,10,2,11,"  ",42,42,1,22,8,C03,120.587818,24.180975,2,66000,387130000C,(04)23289100,(04)25368667
11626,2023,03,30,20,1,臺中市,南屯區,0,1,0,8,3,5,50,4,18,1,5,4,5,7,1,1,3,4,5,2,2,15,3,10,3,4,B03,7,5,1,8,2,8,"  ",15,15,1,22,8,B03,120.642355,24.140869,2,66000,387130000C,(04)23289100,(04)25368667
11627,2023,03,30,20,1,臺中市,大里區,0,0,0,8,,,50,,,,,,,,,,,,,,,12,"  ","  ","  ","  ",B03,"  ","  ",1,"  ",2,"  ","  ",12,"   ",1,22,"  ",B03,120.694103,24.089753,3,66000,387130000C,(04)23289100,(04)25368667
11628,2023,03,30,20,4,臺中市,大雅區,0,0,0,8,3,5,30,17,22,1,5,4,5,7,4,4,10,5,5,2,17,23,3,10,3,4,B12,7,1,1,8,8,1,"  ",23,23,1,21,8,B12,120.667678,24.214927,3,66000,387130000C,(04)23289100,(04)25368667
11629,2023,03,30,20,6,臺中市,太平區,0,0,0,8,,,40,,,,,,,,,,,,,,,23,"  ","  ","  ","  ",C03,"  ","  ",1,"  ",1,"  ","  ",23,"   ",1,21,"  ",C03,120.713526,24.14438,3,66000,387130000C,(04)23289100,(04)25368667
11630,2023,03,30,20,7,臺中市,外埔區,0,0,0,8,,,30,,,,,,,,,,,,,,,12,"  ","  ","  ","  ",B03,"  ","  ",1,"  ",1,"  ","  ",44,12,1,22,"  ",B03,120.630618,24.334136,3,66000,387130000C,(04)23289100,(04)25368667
11631,2023,03,30,20,8,臺中市,大甲區,0,1,0,8,1,5,50,4,1,1,5,4,5,7,1,1,10,5,5,2,16,6,3,10,1,1,B12,7,6,1,8,2,2,"  ",6,6,1,4,8,B12,120.655584,24.381735,2,66000,387130000C,(04)23289100,(04)25368667
11632,2023,03,30,20,10,臺中市,霧峰區,0,0,0,8,,,50,,,,,,,,,,,,,,,23,"  ","  ","  ","  ",B03,"  ","  ",1,"  ",2,"  ","  ",23,"   ",1,22,"  ",B03,120.697046,24.055335,3,66000,387130000C,(04)23289100,(04)25368667
11633,2023,03,30,20,12,臺中市,大雅區,0,0,0,8,,,50,,,,,,,,,,,,,,,23,"  ","  ","  ","  ",B03,"  ","  ",1,"  ",2,"  ","  ",23,"   ",1,22,"  ",B03,120.639931,24.231114,3,66000,387130000C,(04)23289100,(04)25368667
11634,2023,03,30,20,15,臺中市,東區,0,0,0,8,,,50,,,,,,,,,,,,,,,19,"  ","  ","  ","  ",B03,"  ","  ",1,"  ",2,"  ","  ",19,"   ",1,22,"  ",B03,120.692412,24.139682,3,66000,387130000C,(04)23289100,(04)25368667
11635,2023,03,30,20,16,臺中市,霧峰區,0,0,0,8,,,50,,,,,,,,,,,,,,,7,"  ","  ","  ","  ",B03,"  ","  ",1,"  ",2,"  ","  ",7,7,1,22,"  ",B03,120.696683,24.054705,3,66000,387130000C,(04)23289100,(04)25368667
11636,2023,03,30,20,20,臺中市,西屯區,0,1,0,8,3,5,50,4,2,1,5,4,5,7,2,1,8,3,5,1,17,43,2,9,1,1,C03,7,15,1,10,2,14,"  ",43,43,1,22,8,C03,120.647223,24.159864,2,66000,387130000C,(04)23289100,(04)25368667
11637,2023,03,30,20,20,臺中市,豐原區,0,0,0,8,,,50,,,,,,,,,,,,,,,23,"  ","  ","  ","  ",B03,"  ","  ",1,"  ",2,"  ","  ",23,"   ",1,22,"  ",B03,120.709625,24.250563,3,66000,387130000C,(04)23289100,(04)25368667
11638,2023,03,30,20,25,臺中市,西屯區,0,2,0,8,2,5,50,4,1,1,5,4,5,7,1,1,5,4,5,2,16,43,2,9,1,1,C03,7,15,1,10,2,14,"  ",43,43,1,22,8,C03,120.651983,24.181985,2,66000,387130000C,(04)23289100,(04)25368667
11639,2023,03,30,20,27,臺中市,大肚區,0,2,0,8,3,5,50,5,9,1,5,4,5,7,1,1,1,4,5,1,12,23,2,9,1,1,C03,7,9,1,10,2,14,"  ",44,23,1,19,8,C03,120.548298,24.142387,2,66000,387130000C,(04)23289100,(04)25368667
11640,2023,03,30,20,29,臺中市,大雅區,0,1,0,8,3,5,50,4,1,1,5,4,5,7,4,4,5,5,5,1,15,6,3,10,1,1,C03,7,9,1,10,2,12,"  ",6,6,1,21,8,C03,120.647203,24.225707,2,66000,387130000C,(04)23289100,(04)25368667
11641,2023,03,30,20,34,臺中市,南屯區,0,0,0,8,,,50,,,,,,,,,,,,,,,18,"  ","  ","  ","  ",B12,"  ","  ",1,"  ",2,"  ","  ",18,"   ",1,22,"  ",B12,120.649931,24.139789,3,66000,387130000C,(04)23289100,(04)25368667
11642,2023,03,30,20,37,臺中市,西屯區,0,1,0,8,3,5,50,14,9,1,5,4,5,7,4,4,1,3,5,2,17,23,2,9,1,1,C03,7,9,1,10,2,11,"  ",23,23,1,22,9,C03,120.646836,24.191668,2,66000,387130000C,(04)23289100,(04)25368667
11643,2023,03,30,20,55,臺中市,西區,0,0,0,8,,,50,,,,,,,,,,,,,,,23,"  ","  ","  ","  ",B03,"  ","  ",1,"  ",1,"  ","  ",23,"   ",1,4,"  ",B03,120.661688,24.140163,3,66000,387130000C,(04)23289100,(04)25368667
11644,2023,03,30,21,7,臺中市,霧峰區,0,1,0,8,1,5,40,4,9,1,5,4,5,7,1,1,1,4,4,1,16,7,2,9,1,1,C03,7,7,1,10,2,13,"  ",7,7,1,22,8,C03,120.662522,24.072078,2,66000,387130000C,(04)23289100,(04)25368667
11645,2023,03,30,21,8,臺中市,北屯區,0,0,0,8,,,50,,,,,,,,,,,,,,,23,"  ","  ","  ","  ",B03,"  ","  ",1,"  ",11,"  ","  ",23,"   ",1,22,"  ",B03,120.739032,24.177451,3,66000,387130000C,(04)23289100,(04)25368667
11646,2023,03,30,21,9,臺中市,沙鹿區,0,2,0,7,3,5,50,14,8,1,5,4,5,7,4,4,3,3,3,1,17,16,2,9,3,4,C03,7,9,1,10,2,14,"  ",16,16,1,22,8,C03,120.561438,24.234122,2,66000,387130000C,(04)23289100,(04)25368667
11647,2023,03,30,21,10,臺中市,潭子區,0,0,0,8,,,60,,,,,,,,,,,,,,,23,"  ","  ","  ","  ",B12,"  ","  ",1,"  ",2,"  ","  ",23,"   ",1,22,"  ",B12,120.719861,24.22886,3,66000,387130000C,(04)23289100,(04)25368667
11648,2023,03,30,21,25,臺中市,北屯區,0,2,0,8,3,5,50,3,4,1,5,4,5,7,2,1,10,5,5,2,13,23,2,9,1,1,C03,7,9,1,10,2,11,"  ",23,23,1,21,8,C03,120.696986,24.169273,2,66000,387130000C,(04)23289100,(04)25368667