序號,年,月,日,時,分,縣市,區,死亡數量,受傷數量,2-30,天候,光線,道路類別,速限_速度(公里),道路型態,事故位置,路面鋪裝,路面狀態,路面缺陷,障礙物,視距,號誌種類,號誌動作,分向設施,快車道或一般車道間,快慢車道間,路面邊線,事故類型及型態,主要肇因,受傷程度,主要傷處,保護裝備,行動電話,當事者區分,車輛用途,當事者行動狀態,駕駛資格情形,駕駛執照種類,飲酒情形,車輛撞擊部位最初,車輛撞擊部位其他,肇事因素個別,肇事因素主要,肇事逃逸,職業,旅次目的,車種,GPS座標X,GPS座標Y,事故類別,縣市別代碼,機關代碼,市話,傳真
11649,2023,03,30,21,30,臺中市,西屯區,0,1,0,8,3,5,50,4,1,1,5,4,5,7,1,1,10,5,5,2,16,25,3,10,3,4,C03,7,9,2,18,2,12,"  ",25,25,1,22,8,C03,120.663221,24.167695,2,66000,387130000C,(04)23289100,(04)25368667
11650,2023,03,30,21,34,臺中市,北屯區,0,1,0,8,1,5,40,4,4,1,5,4,5,7,1,1,1,4,4,2,12,23,3,10,1,1,C03,7,9,1,10,2,12,"  ",23,23,1,21,8,C03,120.67837,24.184174,2,66000,387130000C,(04)23289100,(04)25368667
11651,2023,03,30,21,39,臺中市,霧峰區,0,2,0,8,3,5,30,4,1,1,5,4,5,7,4,4,10,5,5,2,15,6,3,10,1,1,C03,7,9,2,18,2,14,"  ",6,6,1,22,8,C03,120.689228,24.062196,2,66000,387130000C,(04)23289100,(04)25368667
11652,2023,03,30,21,49,臺中市,西屯區,0,1,0,8,3,5,50,4,4,1,5,4,5,7,2,1,10,5,5,2,13,16,2,8,1,1,C03,7,9,1,10,1,11,"  ",16,16,1,22,8,C03,120.652016,24.165705,2,66000,387130000C,(04)23289100,(04)25368667
11653,2023,03,30,21,50,臺中市,西屯區,0,1,0,8,3,5,50,3,2,1,5,4,5,7,4,4,8,3,4,1,17,43,2,9,1,1,C03,7,9,1,10,2,12,"  ",43,43,1,22,8,C03,120.655924,24.171946,2,66000,387130000C,(04)23289100,(04)25368667
11654,2023,03,30,22,0,臺中市,沙鹿區,0,0,0,8,,,40,,,,,,,,,,,,,,,17,"  ","  ","  ","  ",B03,"  ","  ",1,"  ",2,"  ","  ",17,"   ",1,2,"  ",B03,120.572113,24.232797,3,66000,387130000C,(04)23289100,(04)25368667
11655,2023,03,30,22,10,臺中市,北區,0,1,0,8,3,5,50,14,9,1,5,4,5,7,1,1,1,4,5,2,16,7,3,10,1,1,B03,7,7,1,8,2,4,"  ",7,7,1,21,8,B03,120.67049,24.173905,2,66000,387130000C,(04)23289100,(04)25368667
11656,2023,03,30,22,10,臺中市,霧峰區,0,2,0,8,3,5,40,14,7,1,5,4,5,7,4,4,1,5,4,1,13,16,2,9,1,1,C03,7,9,1,10,2,11,"  ",16,16,1,22,8,C03,120.661491,24.055142,2,66000,387130000C,(04)23289100,(04)25368667
11657,2023,03,30,22,15,臺中市,龍井區,0,2,0,8,4,5,30,4,1,1,5,4,5,7,4,4,10,5,5,2,15,6,2,8,1,1,C03,7,9,1,10,2,11,"  ",6,6,1,22,9,C03,120.586326,24.180804,2,66000,387130000C,(04)23289100,(04)25368667
11658,2023,03,30,22,23,臺中市,豐原區,0,2,0,8,3,5,30,4,2,1,5,4,5,7,3,1,4,3,5,2,17,6,2,8,1,1,F01,7,6,8,20,2,16,"  ",6,6,1,15,2,F01,120.700286,24.235294,2,66000,387130000C,(04)23289100,(04)25368667
11659,2023,03,30,22,25,臺中市,太平區,0,1,0,8,1,5,30,14,9,1,5,4,5,7,4,4,10,5,5,2,13,16,2,9,3,4,C03,7,9,1,10,2,11,"  ",16,16,1,18,8,C03,120.727377,24.147105,2,66000,387130000C,(04)23289100,(04)25368667
11660,2023,03,30,22,28,臺中市,太平區,0,0,0,8,,,50,,,,,,,,,,,,,,,23,"  ","  ","  ","  ",C03,"  ","  ",1,"  ",2,"  ","  ",23,"   ",1,22,"  ",C03,120.710807,24.126642,3,66000,387130000C,(04)23289100,(04)25368667
11661,2023,03,30,22,35,臺中市,西屯區,0,0,0,8,,,50,,,,,,,,,,,,,,,17,"  ","  ","  ","  ",B03,"  ","  ",1,"  ",9,"  ","  ",17,"   ",1,1,"  ",B03,120.641324,24.171807,3,66000,387130000C,(04)23289100,(04)25368667
11662,2023,03,30,22,40,臺中市,西屯區,0,0,0,8,,,40,,,,,,,,,,,,,,,43,"  ","  ","  ","  ","   ","  ","  ","  ","  ","  ","  ","  ",43,"   ",1,"  ","  ","   ",120.609613,24.185269,3,66000,387130000C,(04)23289100,(04)25368667
11663,2023,03,30,23,12,臺中市,沙鹿區,0,0,0,7,3,5,50,14,8,1,5,4,5,7,4,4,3,3,3,1,18,42,2,9,3,4,C03,7,9,1,10,2,12,"  ",42,42,1,22,8,C03,120.614669,24.24148,3,66000,387130000C,(04)23289100,(04)25368667
11664,2023,03,30,23,20,臺中市,大雅區,0,1,0,8,3,5,50,14,8,1,5,4,5,7,4,4,9,4,5,1,18,23,2,9,1,1,C03,7,9,1,10,2,14,"  ",23,23,1,22,9,C03,120.629215,24.20815,2,66000,387130000C,(04)23289100,(04)25368667
11665,2023,03,30,23,26,臺中市,霧峰區,0,2,0,8,1,5,30,4,9,1,5,4,5,7,4,4,10,5,5,1,16,6,2,7,1,1,C01,7,5,1,10,2,11,"  ",6,6,1,22,9,C01,120.678697,24.045038,2,66000,387130000C,(04)23289100,(04)25368667
11666,2023,03,31,0,5,臺中市,西屯區,0,2,0,8,3,5,50,5,1,1,5,4,5,7,1,1,3,4,4,2,16,26,2,9,1,1,C03,7,5,3,18,2,12,"  ",26,26,1,22,8,C03,120.658933,24.176181,2,66000,387130000C,(04)23289100,(04)25368667
11667,2023,03,31,0,26,臺中市,中區,0,1,0,8,3,5,50,4,1,1,5,4,5,7,1,1,10,5,5,2,17,25,3,10,3,4,B03,7,5,1,8,2,7,"  ",25,25,1,22,5,B03,120.678351,24.146749,2,66000,387130000C,(04)23289100,(04)25368667
11668,2023,03,31,0,47,臺中市,中區,0,3,0,8,3,5,50,14,7,1,5,4,5,7,4,4,5,5,4,2,16,7,2,7,1,1,C03,7,7,6,10,2,11,"  ",7,7,1,22,8,C03,120.675503,24.144019,2,66000,387130000C,(04)23289100,(04)25368667
11669,2023,03,31,1,33,臺中市,沙鹿區,0,1,0,7,3,5,50,3,2,1,5,4,5,7,3,1,1,3,1,1,17,14,3,10,3,4,B03,7,9,1,8,2,1,"  ",14,14,1,22,8,B03,120.567549,24.226325,2,66000,387130000C,(04)23289100,(04)25368667
11670,2023,03,31,2,0,臺中市,大里區,0,1,0,8,3,5,50,14,13,1,5,4,5,7,4,4,5,5,4,1,16,23,2,8,1,1,C03,7,9,1,10,2,12,"  ",23,23,1,22,5,C03,120.680806,24.114992,2,66000,387130000C,(04)23289100,(04)25368667
11671,2023,03,31,2,48,臺中市,中區,0,0,0,8,,,50,,,,,,,,,,,,,,,26,"  ","  ","  ","  ",C03,"  ","  ",1,"  ",1,"  ","  ",26,"   ",1,22,"  ",C03,120.681025,24.14375,3,66000,387130000C,(04)23289100,(04)25368667
11672,2023,03,31,4,55,臺中市,沙鹿區,0,0,0,7,3,5,40,14,8,1,5,4,5,7,4,4,10,3,5,1,18,42,2,9,3,4,C03,7,9,1,10,2,14,"  ",42,42,1,22,8,C03,120.581719,24.208894,3,66000,387130000C,(04)23289100,(04)25368667
11673,2023,03,31,5,59,臺中市,霧峰區,0,1,0,8,2,5,40,4,1,1,5,2,5,7,1,1,10,5,5,2,18,23,2,9,1,1,C03,7,9,1,10,2,12,"  ",23,23,1,21,1,C03,120.664266,24.083289,2,66000,387130000C,(04)23289100,(04)25368667
11674,2023,03,31,6,20,臺中市,和平區,0,1,0,7,1,5,50,3,2,1,5,4,5,7,4,4,5,2,5,1,17,6,3,10,1,1,B03,7,5,1,8,2,4,7,6,6,1,21,8,B03,120.899413,24.279134,2,66000,387130000C,(04)23289100,(04)25368667
11675,2023,03,31,6,25,臺中市,潭子區,0,1,0,8,1,5,50,4,1,1,5,4,5,7,2,1,10,5,5,2,15,25,2,9,1,1,C03,7,9,1,10,2,11,"  ",25,25,1,5,8,C03,120.710761,24.202987,2,66000,387130000C,(04)23289100,(04)25368667
11676,2023,03,31,6,53,臺中市,北屯區,0,0,0,8,,,30,,,,,,,,,,,,,,,6,"  ","  ","  ","  ",B03,"  ","  ",1,"  ",1,"  ","  ",6,"   ",1,5,"  ",B03,120.718151,24.159717,3,66000,387130000C,(04)23289100,(04)25368667
11677,2023,03,31,6,59,臺中市,西屯區,0,1,0,8,1,5,50,4,9,1,5,4,5,7,2,1,1,4,5,2,16,9,3,10,3,4,B03,7,6,1,8,2,6,"  ",9,9,1,22,8,B03,120.614791,24.186723,2,66000,387130000C,(04)23289100,(04)25368667
11678,2023,03,31,6,59,臺中市,神岡區,0,1,0,7,1,5,50,14,9,1,5,4,5,7,4,4,5,5,5,1,17,42,2,9,1,4,C03,7,15,3,18,2,11,"  ",42,42,1,22,9,C03,120.696742,24.251849,2,66000,387130000C,(04)23289100,(04)25368667
11679,2023,03,31,7,0,臺中市,東區,0,0,0,,,,40,,,,,,,,,,,,,,,12,"  ","  ","  ","  ",B12,"  ","  ",1,"  ",9,"  ","  ",12,"   ",1,5,"  ",B12,120.692763,24.140219,3,66000,387130000C,(04)23289100,(04)25368667
11680,2023,03,31,7,0,臺中市,東區,0,0,0,8,,,50,,,,,,,,,,,,,,,23,"  ","  ","  ","  ",B03,"  ","  ",1,"  ",2,"  ","  ",23,"   ",1,5,"  ",B03,120.692483,24.151715,3,66000,387130000C,(04)23289100,(04)25368667
11681,2023,03,31,7,0,臺中市,西屯區,0,1,0,8,1,5,50,14,9,1,5,4,5,7,4,4,10,4,4,2,13,16,2,9,1,1,C03,7,9,1,10,2,11,"  ",16,16,1,22,8,C03,120.653503,24.199169,2,66000,387130000C,(04)23289100,(04)25368667
11682,2023,03,31,7,4,臺中市,霧峰區,0,0,0,8,,,70,,,,,,,,,,,,,,,7,"  ","  ","  ","  ",B03,"  ","  ",1,"  ",2,"  ","  ",7,"   ",1,22,"  ",B03,120.66324,24.05849,3,66000,387130000C,(04)23289100,(04)25368667
11683,2023,03,31,7,8,臺中市,梧棲區,0,0,0,8,,,50,,,,,,,,,,,,,,,43,"  ","  ","  ","  ",A32,"  ","  ",1,"  ",1,"  ","  ",43,"   ",1,10,"  ",A32,120.542507,24.246248,3,66000,387130000C,(04)23289100,(04)25368667
11684,2023,03,31,7,10,臺中市,西屯區,0,0,0,8,,,50,,,,,,,,,,,,,,,6,"  ","  ","  ","  ",B03,"  ","  ",1,"  ",1,"  ","  ",6,"   ",1,22,"  ",B03,120.589162,24.17163,3,66000,387130000C,(04)23289100,(04)25368667
11685,2023,03,31,7,11,臺中市,北區,0,1,0,8,1,5,50,3,2,1,5,4,5,7,4,4,1,4,5,2,16,9,3,10,1,1,B03,7,6,1,8,2,2,"  ",9,9,1,5,5,B03,120.677168,24.152239,2,66000,387130000C,(04)23289100,(04)25368667
11686,2023,03,31,7,12,臺中市,豐原區,0,0,0,8,,,50,,,,,,,,,,,,,,,23,"  ","  ","  ","  ",B03,"  ","  ",1,"  ",2,"  ","  ",23,"   ",1,22,"  ",B03,120.721002,24.25858,4,66000,387130000C,(04)23289100,(04)25368667
11687,2023,03,31,7,14,臺中市,龍井區,0,0,0,8,,,60,,,,,,,,,,,,,,,23,"  ","  ","  ","  ",B03,"  ","  ",1,"  ",2,"  ","  ",23,"   ",1,22,"  ",B03,120.574443,24.180623,3,66000,387130000C,(04)23289100,(04)25368667
11688,2023,03,31,7,15,臺中市,霧峰區,0,0,0,8,,,50,,,,,,,,,,,,,,,23,"  ","  ","  ","  ",A12,"  ","  ",1,"  ",9,"  ","  ",23,"   ",1,10,"  ",A12,120.664662,24.063536,3,66000,387130000C,(04)23289100,(04)25368667
11689,2023,03,31,7,17,臺中市,西屯區,0,1,0,8,1,5,50,3,1,1,5,4,5,7,1,1,10,5,5,2,10,25,2,9,3,4,C03,7,9,1,10,1,11,"  ",25,25,1,22,8,C03,120.615181,24.182836,2,66000,387130000C,(04)23289100,(04)25368667
11690,2023,03,31,7,17,臺中市,太平區,0,1,0,8,1,5,50,4,1,1,5,4,5,7,4,4,5,5,5,2,3,23,3,10,1,1,B03,7,5,1,8,2,1,"  ",23,23,1,21,8,B03,120.730847,24.112122,2,66000,387130000C,(04)23289100,(04)25368667
11691,2023,03,31,7,20,臺中市,豐原區,0,0,0,8,,,50,,,,,,,,,,,,,,,23,"  ","  ","  ","  ",B03,"  ","  ",1,"  ",2,"  ","  ",23,"   ",1,22,"  ",B03,120.722354,24.260702,3,66000,387130000C,(04)23289100,(04)25368667
11692,2023,03,31,7,23,臺中市,西屯區,0,1,0,8,1,5,50,14,9,1,5,4,5,7,4,4,10,5,5,2,16,23,2,9,1,1,B03,7,9,1,8,2,2,"  ",23,23,1,4,1,B03,120.615391,24.187682,2,66000,387130000C,(04)23289100,(04)25368667
11693,2023,03,31,7,24,臺中市,大肚區,0,1,0,8,1,5,50,3,1,1,5,4,5,7,1,1,10,5,5,2,17,43,3,10,1,1,C03,7,1,1,10,2,15,"  ",43,43,1,20,8,C03,120.549423,24.140489,2,66000,387130000C,(04)23289100,(04)25368667
11694,2023,03,31,7,24,臺中市,沙鹿區,0,1,0,8,1,5,50,4,2,1,5,4,5,7,4,4,10,5,5,2,12,17,3,10,1,1,B03,7,9,1,8,2,2,"  ",17,17,1,5,8,B03,120.562707,24.24322,2,66000,387130000C,(04)23289100,(04)25368667
11695,2023,03,31,7,25,臺中市,龍井區,0,0,0,8,,,50,,,,,,,,,,,,,,,8,"  ","  ","  ","  ",C03,"  ","  ",1,"  ",2,"  ","  ",8,"   ",1,12,"  ",C03,120.523638,24.20724,3,66000,387130000C,(04)23289100,(04)25368667
11696,2023,03,31,7,27,臺中市,大甲區,0,2,0,8,1,5,50,3,1,1,5,4,5,7,4,4,10,5,5,2,16,6,2,8,1,1,C03,7,5,1,10,2,11,"  ",6,6,1,5,8,C03,120.620689,24.342399,2,66000,387130000C,(04)23289100,(04)25368667
11697,2023,03,31,7,30,臺中市,龍井區,0,3,0,8,1,5,50,4,1,1,5,4,5,7,4,4,10,5,5,2,16,6,2,8,1,1,C03,7,7,1,10,2,12,"  ",6,6,1,7,8,C03,120.548373,24.191765,2,66000,387130000C,(04)23289100,(04)25368667
11698,2023,03,31,7,30,臺中市,沙鹿區,0,0,0,8,1,5,50,4,1,1,5,4,5,7,4,4,10,5,5,2,13,16,3,10,1,1,F03,7,6,8,20,2,16,"  ",16,16,1,9,5,F03,120.557673,24.232995,3,66000,387130000C,(04)23289100,(04)25368667
11699,2023,03,31,7,33,臺中市,大里區,0,1,0,8,1,5,50,14,9,1,5,4,5,7,4,4,5,5,4,1,17,42,3,10,1,1,C03,7,15,1,10,2,11,"  ",42,42,1,22,8,C03,120.68679,24.11022,2,66000,387130000C,(04)23289100,(04)25368667
11700,2023,03,31,7,34,臺中市,大里區,0,1,0,8,1,5,50,14,9,1,5,4,5,7,4,4,1,4,5,1,17,9,3,10,1,1,C03,7,9,1,10,2,14,"  ",23,9,1,22,9,C03,120.669643,24.110748,2,66000,387130000C,(04)23289100,(04)25368667
11701,2023,03,31,7,40,臺中市,西區,0,1,0,8,1,5,50,14,9,1,5,4,5,7,4,4,1,4,4,1,16,7,3,10,1,1,B03,7,8,1,8,2,2,"  ",7,7,1,21,8,B03,120.677253,24.13388,2,66000,387130000C,(04)23289100,(04)25368667
11702,2023,03,31,7,40,臺中市,神岡區,0,0,0,,,,50,,,,,,,,,,,,,,,42,"  ","  ","  ","  ",B03,"  ","  ",1,"  ",2,"  ","  ",42,"   ",1,22,"  ",B03,120.660572,24.27732,3,66000,387130000C,(04)23289100,(04)25368667
11703,2023,03,31,7,43,臺中市,沙鹿區,0,3,0,8,3,5,40,7,8,1,5,4,5,7,4,4,10,5,5,1,13,44,2,9,1,1,C03,7,12,1,10,2,13,"  ",44,44,1,5,9,C03,120.559209,24.241719,2,66000,387130000C,(04)23289100,(04)25368667
11704,2023,03,31,7,44,臺中市,東區,0,0,0,,,,50,,,,,,,,,,,,,,,1,"  ","  ","  ","  ",C03,"  ","  ",1,"  ",2,"  ","  ",1,"   ",1,22,"  ",C03,120.699871,24.1478,3,66000,387130000C,(04)23289100,(04)25368667
11705,2023,03,31,7,45,臺中市,南屯區,0,0,0,8,,,50,,,,,,,,,,,,,,,6,"  ","  ","  ","  ",B03,"  ","  ",1,"  ",1,"  ","  ",6,"   ",1,5,"  ",B03,120.639143,24.153715,3,66000,387130000C,(04)23289100,(04)25368667
11706,2023,03,31,7,45,臺中市,西屯區,0,1,0,8,1,5,40,3,1,1,5,4,5,7,1,1,10,5,5,2,16,6,3,10,3,4,B03,7,6,1,8,2,2,"  ",6,6,1,22,8,B03,120.647108,24.165561,2,66000,387130000C,(04)23289100,(04)25368667
11707,2023,03,31,7,48,臺中市,太平區,0,0,0,8,,,50,,,,,,,,,,,,,,,12,"  ","  ","  ","  ",B03,"  ","  ",1,"  ",2,6,"  ",12,12,1,21,"  ",B03,120.723888,24.1356,3,66000,387130000C,(04)23289100,(04)25368667
11708,2023,03,31,7,49,臺中市,北區,0,1,0,8,1,5,50,14,8,1,5,4,5,7,4,4,5,4,4,1,16,7,3,10,3,4,B03,7,7,1,10,2,1,"  ",7,7,1,22,9,B03,120.6822,24.15387,2,66000,387130000C,(04)23289100,(04)25368667
11709,2023,03,31,7,49,臺中市,西屯區,0,0,0,8,,,50,,,,,,,,,,,,,,,23,"  ","  ","  ","  ",C03,"  ","  ",1,"  ",1,"  ","  ",23,"   ",1,22,"  ",C03,120.666059,24.171129,4,66000,387130000C,(04)23289100,(04)25368667
11710,2023,03,31,7,49,臺中市,霧峰區,0,0,0,8,,,30,,,,,,,,,,,,,,,17,"  ","  ","  ","  ",A12,"  ","  ",1,"  ",2,"  ","  ",17,"   ",1,22,"  ",A12,120.694251,24.026248,3,66000,387130000C,(04)23289100,(04)25368667
11711,2023,03,31,7,50,臺中市,東勢區,0,1,0,7,1,5,60,3,2,1,5,4,5,7,1,1,10,5,5,2,16,6,3,10,1,4,B03,7,6,1,8,2,2,"  ",6,6,1,22,9,B03,120.82458,24.25692,2,66000,387130000C,(04)23289100,(04)25368667
11712,2023,03,31,7,52,臺中市,南區,0,1,0,8,1,5,50,3,1,1,5,4,5,6,1,1,5,4,4,2,13,23,3,10,1,1,C03,7,9,1,10,2,11,"  ",23,23,1,5,8,C03,120.651661,24.120628,2,66000,387130000C,(04)23289100,(04)25368667
11713,2023,03,31,7,52,臺中市,大肚區,0,1,0,8,1,5,50,3,1,1,5,4,5,7,1,1,10,5,5,2,16,10,3,10,1,1,B03,7,11,1,8,2,8,"  ",10,10,1,2,1,B03,120.558199,24.127173,2,66000,387130000C,(04)23289100,(04)25368667
11714,2023,03,31,7,55,臺中市,大雅區,0,0,0,8,,,50,,,,,,,,,,,,,,,7,"  ","  ","  ","  ",B12,"  ","  ",1,"  ",1,"  ","  ",7,"   ",1,22,"  ",B12,120.642412,24.22887,3,66000,387130000C,(04)23289100,(04)25368667
11715,2023,03,31,7,55,臺中市,北屯區,0,1,0,8,1,5,50,14,9,1,5,4,5,7,4,4,5,4,5,2,16,7,3,10,1,1,B12,7,8,1,8,2,2,"  ",7,7,1,22,8,B12,120.665368,24.191184,2,66000,387130000C,(04)23289100,(04)25368667
11716,2023,03,31,7,57,臺中市,大里區,0,1,0,8,1,5,50,14,9,1,5,4,5,7,4,4,5,5,4,1,16,6,2,9,1,1,C03,7,5,1,10,2,12,"  ",6,6,1,22,8,C03,120.689881,24.105828,2,66000,387130000C,(04)23289100,(04)25368667
11717,2023,03,31,8,4,臺中市,北區,0,1,0,8,1,5,40,15,8,1,5,4,5,7,4,4,1,4,4,2,17,6,3,10,1,1,B03,7,6,1,8,2,2,"  ",6,6,1,22,9,B03,120.68633,24.155053,2,66000,387130000C,(04)23289100,(04)25368667
11718,2023,03,31,8,4,臺中市,北屯區,0,0,0,8,,,50,,,,,,,,,,,,,,,7,"  ","  ","  ","  ",C03,"  ","  ",1,"  ",1,"  ","  ",7,"   ",1,4,"  ",C03,120.70904,24.172748,3,66000,387130000C,(04)23289100,(04)25368667
11719,2023,03,31,8,5,臺中市,東區,0,2,0,7,1,5,50,4,1,1,5,4,5,7,1,1,10,5,5,2,16,44,2,9,1,1,C03,7,6,1,10,2,12,"  ",44,44,1,22,8,C03,120.690163,24.131725,2,66000,387130000C,(04)23289100,(04)25368667
11720,2023,03,31,8,5,臺中市,沙鹿區,0,0,0,8,,,60,,,,,,,,,,,,,,,26,"  ","  ","  ","  ",B03,"  ","  ",1,"  ",2,"  ","  ",26,"   ",1,19,"  ",B03,120.571621,24.242324,3,66000,387130000C,(04)23289100,(04)25368667
11721,2023,03,31,8,7,臺中市,南屯區,0,0,0,7,1,5,50,14,9,1,5,4,5,7,1,1,3,2,5,2,13,26,"  ","  ","  ","  ",B03,"  ","  ",1,"  ",2,"  ","  ",26,"   ",1,5,"  ",B03,120.644912,24.140091,3,66000,387130000C,(04)23289100,(04)25368667
11722,2023,03,31,8,7,臺中市,西屯區,0,0,0,,,,50,,,,,,,,,,,,,,,23,"  ","  ","  ","  ",B03,"  ","  ",1,"  ",9,"  ","  ",23,"   ",2,22,"  ",B03,120.633421,24.170135,3,66000,387130000C,(04)23289100,(04)25368667
11723,2023,03,31,8,13,臺中市,西屯區,0,0,0,8,,,50,,,,,,,,,,,,,,,23,"  ","  ","  ","  ",B03,"  ","  ",1,"  ",2,"  ","  ",23,"   ",1,22,"  ",B03,120.638278,24.159295,3,66000,387130000C,(04)23289100,(04)25368667
11724,2023,03,31,8,14,臺中市,西區,0,0,0,,,,50,,,,,,,,,,,,,,,12,"  ","  ","  ","  ",C03,"  ","  ",1,"  ",1,"  ","  ",12,"   ",1,20,"  ",C03,120.669373,24.151603,3,66000,387130000C,(04)23289100,(04)25368667
11725,2023,03,31,8,15,臺中市,沙鹿區,0,0,0,8,,,50,,,,,,,,,,,,,,,23,"  ","  ","  ","  ",B03,"  ","  ",1,"  ",2,"  ","  ",23,"   ",1,4,"  ",B03,120.567839,24.206002,3,66000,387130000C,(04)23289100,(04)25368667
11726,2023,03,31,8,18,臺中市,北屯區,0,1,0,8,1,5,50,3,1,1,5,4,5,7,1,1,10,5,5,2,16,6,3,10,1,1,C03,7,6,1,10,2,12,"  ",6,6,1,21,8,C03,120.703116,24.169654,2,66000,387130000C,(04)23289100,(04)25368667
11727,2023,03,31,8,18,臺中市,龍井區,0,2,0,8,1,5,50,3,1,1,5,4,5,7,4,4,10,5,5,2,10,23,2,7,3,4,C03,7,9,1,10,2,11,"  ",23,23,1,22,9,C03,120.588945,24.178354,2,66000,387130000C,(04)23289100,(04)25368667
11728,2023,03,31,8,19,臺中市,太平區,0,0,0,8,,,50,,,,,,,,,,,,,,,10,"  ","  ","  ","  ",B12,"  ","  ",1,"  ",2,"  ","  ",10,"   ",1,22,"  ",B12,120.734261,24.149205,3,66000,387130000C,(04)23289100,(04)25368667
11729,2023,03,31,8,20,臺中市,南屯區,0,0,0,8,,,50,,,,,,,,,,,,,,,23,"  ","  ","  ","  ",B03,"  ","  ",1,"  ",1,"  ","  ",23,"   ",1,22,"  ",B03,120.626048,24.112873,3,66000,387130000C,(04)23289100,(04)25368667
11730,2023,03,31,8,25,臺中市,清水區,0,0,0,8,,,40,,,,,,,,,,,,,,,12,"  ","  ","  ","  ",B03,"  ","  ",1,"  ",2,"  ","  ",12,"   ",1,22,"  ",B03,120.623042,24.29283,3,66000,387130000C,(04)23289100,(04)25368667
11731,2023,03,31,8,27,臺中市,梧棲區,0,0,0,8,,,90,,,,,,,,,,,,,,,30,"  ","  ","  ","  ",A31,"  ","  ",1,"  ",2,"  ","  ",30,"   ",1,10,"  ",A31,120.528061,24.231118,3,66000,387130000C,(04)23289100,(04)25368667
11732,2023,03,31,8,28,臺中市,南屯區,0,1,0,8,1,5,50,14,9,1,5,4,5,7,4,4,5,4,5,2,12,17,3,10,1,1,B12,7,9,1,8,2,2,"  ",17,17,1,5,8,B12,120.643826,24.146854,2,66000,387130000C,(04)23289100,(04)25368667
11733,2023,03,31,8,32,臺中市,西區,0,0,0,7,1,5,50,14,9,1,5,4,5,7,4,4,5,5,5,2,12,40,"  ","  ","  ","  ",B12,"  ","  ",1,"  ",1,"  ","  ",40,"   ",1,21,"  ",B12,120.667247,24.13532,3,66000,387130000C,(04)23289100,(04)25368667
11734,2023,03,31,8,32,臺中市,南屯區,0,1,0,7,1,5,50,14,18,1,5,4,5,7,1,1,5,5,5,2,1,15,3,10,1,1,B03,7,5,1,8,2,8,"  ",15,15,1,5,1,B03,120.649917,24.140957,2,66000,387130000C,(04)23289100,(04)25368667
11735,2023,03,31,8,36,臺中市,南屯區,0,2,0,8,1,5,50,14,9,1,5,4,5,7,4,4,5,4,5,2,17,16,2,9,1,1,C03,7,9,1,10,2,11,"  ",16,16,1,22,8,C03,120.646621,24.149312,2,66000,387130000C,(04)23289100,(04)25368667
11736,2023,03,31,8,42,臺中市,西區,0,1,0,8,1,5,50,14,8,1,5,4,5,7,1,1,1,5,4,2,13,16,2,9,1,1,C03,7,9,1,10,2,11,14,16,16,1,5,5,C03,120.669821,24.150405,2,66000,387130000C,(04)23289100,(04)25368667
11737,2023,03,31,8,45,臺中市,西區,0,0,0,,,,50,,,,,,,,,,,,,,,42,"  ","  ","  ","  ",B12,"  ","  ",1,"  ",1,"  ","  ",42,"   ",1,20,"  ",B12,120.655547,24.138643,3,66000,387130000C,(04)23289100,(04)25368667
11738,2023,03,31,8,46,臺中市,北屯區,0,1,0,8,1,5,50,14,9,1,5,4,5,7,4,4,7,5,5,2,16,23,2,8,1,1,C03,7,9,1,10,2,12,"  ",23,23,1,5,8,C03,120.7276,24.1759,2,66000,387130000C,(04)23289100,(04)25368667
11739,2023,03,31,8,47,臺中市,大里區,0,1,0,8,1,5,50,4,1,1,5,4,5,7,1,1,9,4,4,1,16,8,3,10,1,1,A12,7,5,1,7,2,2,"  ",8,8,1,22,8,A12,120.698456,24.079828,2,66000,387130000C,(04)23289100,(04)25368667
11740,2023,03,31,8,47,臺中市,大里區,0,0,0,8,,,50,,,,,,,,,,,,,,,23,"  ","  ","  ","  ",B03,"  ","  ",1,"  ",2,"  ","  ",23,23,1,22,"  ",B03,120.700283,24.102266,3,66000,387130000C,(04)23289100,(04)25368667
11741,2023,03,31,8,50,臺中市,西屯區,0,0,0,8,,,50,,,,,,,,,,,,,,,17,"  ","  ","  ","  ",B01,"  ","  ",1,"  ",1,"  ","  ",17,"   ",1,22,"  ",B01,120.602717,24.183829,3,66000,387130000C,(04)23289100,(04)25368667
11742,2023,03,31,8,50,臺中市,太平區,0,1,0,7,1,5,50,4,1,1,5,4,5,7,1,1,5,5,5,2,16,23,2,9,1,1,C03,7,9,1,10,2,14,"  ",23,23,1,21,8,C03,120.710001,24.134949,2,66000,387130000C,(04)23289100,(04)25368667
11743,2023,03,31,8,52,臺中市,西區,0,1,0,7,1,5,50,14,9,1,5,4,5,7,4,4,5,5,5,2,12,6,3,10,3,4,C03,7,6,1,10,2,12,"  ",6,6,1,21,8,C03,120.661715,24.135698,2,66000,387130000C,(04)23289100,(04)25368667
11744,2023,03,31,8,55,臺中市,北屯區,0,0,0,8,,,50,,,,,,,,,,,,,,,6,"  ","  ","  ","  ",B01,"  ","  ",1,"  ",1,"  ","  ",6,"   ",1,10,"  ",B01,120.686579,24.194003,3,66000,387130000C,(04)23289100,(04)25368667
11745,2023,03,31,8,56,臺中市,西屯區,0,0,0,8,,,50,,,,,,,,,,,,,,,26,"  ","  ","  ","  ",C03,"  ","  ",1,"  ",1,"  ","  ",26,"   ",1,22,"  ",C03,120.63401,24.16257,3,66000,387130000C,(04)23289100,(04)25368667