序號,年,月,日,時,分,縣市,區,死亡數量,受傷數量,2-30,天候,光線,道路類別,速限_速度(公里),道路型態,事故位置,路面鋪裝,路面狀態,路面缺陷,障礙物,視距,號誌種類,號誌動作,分向設施,快車道或一般車道間,快慢車道間,路面邊線,事故類型及型態,主要肇因,受傷程度,主要傷處,保護裝備,行動電話,當事者區分,車輛用途,當事者行動狀態,駕駛資格情形,駕駛執照種類,飲酒情形,車輛撞擊部位最初,車輛撞擊部位其他,肇事因素個別,肇事因素主要,肇事逃逸,職業,旅次目的,車種,GPS座標X,GPS座標Y,事故類別,縣市別代碼,機關代碼,市話,傳真
11746,2023,03,31,9,5,臺中市,西屯區,0,0,0,8,,,50,,,,,,,,,,,,,,,23,"  ","  ","  ","  ",A12,"  ","  ",1,"  ",1,"  ","  ",23,"   ",1,4,"  ",A12,120.656547,24.200655,3,66000,387130000C,(04)23289100,(04)25368667
11747,2023,03,31,9,6,臺中市,西區,0,1,0,8,1,5,50,4,1,1,5,4,3,7,4,4,5,5,5,1,15,6,3,10,1,1,B03,7,9,1,8,2,1,"  ",6,6,1,21,8,B03,120.664301,24.149044,2,66000,387130000C,(04)23289100,(04)25368667
11748,2023,03,31,9,15,臺中市,大里區,0,1,0,8,1,5,50,4,1,1,5,4,5,7,1,1,1,2,4,1,16,9,3,10,1,1,B02,7,6,1,8,2,5,"  ",9,9,1,22,9,B02,120.68827,24.101832,2,66000,387130000C,(04)23289100,(04)25368667
11749,2023,03,31,9,18,臺中市,南屯區,0,0,0,8,,,50,,,,,,,,,,,,,,,12,"  ","  ","  ","  ",B03,"  ","  ",1,"  ",2,"  ","  ",12,"   ",1,5,"  ",B03,120.640731,24.146859,3,66000,387130000C,(04)23289100,(04)25368667
11750,2023,03,31,9,21,臺中市,東區,0,1,0,7,1,5,40,4,1,1,5,4,5,7,1,1,10,5,5,2,16,7,3,10,1,1,B03,7,8,1,8,2,2,"  ",7,7,1,5,8,B03,120.70994,24.142754,2,66000,387130000C,(04)23289100,(04)25368667
11751,2023,03,31,9,23,臺中市,西屯區,0,1,0,6,1,5,50,3,1,1,4,4,5,7,4,4,10,5,5,2,11,6,3,10,1,1,B03,7,5,1,8,1,1,"  ",6,6,1,22,8,B03,120.635984,24.175242,2,66000,387130000C,(04)23289100,(04)25368667
11752,2023,03,31,9,28,臺中市,西屯區,0,0,0,8,,,1,,,,,,,,,,,,,,,67,"  ","  ","  ","  ","   ","  ","  ","  ","  ","  ","  ","  ",67,"   ",1,"  ","  ","   ",120.626503,24.166569,3,66000,387130000C,(04)23289100,(04)25368667
11753,2023,03,31,9,30,臺中市,南屯區,0,0,0,7,1,5,40,14,9,1,5,4,5,7,4,4,10,5,5,2,17,43,"  ","  ","  ","  ","   ","  ","  ","  ","  ","  ","  ","  ",43,"   ",1,"  ","  ","   ",120.625448,24.147871,3,66000,387130000C,(04)23289100,(04)25368667
11754,2023,03,31,9,31,臺中市,西區,0,1,0,6,1,5,50,4,1,1,4,4,5,7,2,1,10,5,5,2,13,42,2,9,1,1,C03,7,9,1,10,2,11,"  ",42,42,1,5,5,C03,120.652997,24.146726,2,66000,387130000C,(04)23289100,(04)25368667
11755,2023,03,31,9,33,臺中市,北屯區,0,0,0,6,,,50,,,,,,,,,,,,,,,23,"  ","  ","  ","  ",B12,"  ","  ",1,"  ",1,"  ","  ",23,"   ",1,22,"  ",B12,120.700879,24.16512,3,66000,387130000C,(04)23289100,(04)25368667
11756,2023,03,31,9,34,臺中市,南屯區,0,0,0,8,1,5,50,14,8,1,5,4,5,7,4,4,1,4,1,2,13,7,3,10,1,1,B03,7,8,1,8,1,3,"  ",7,7,1,22,8,B03,120.623258,24.150981,3,66000,387130000C,(04)23289100,(04)25368667
11757,2023,03,31,9,36,臺中市,北屯區,0,0,0,8,,,50,,,,,,,,,,,,,,,43,"  ","  ","  ","  ",B12,"  ","  ",1,"  ",9,"  ","  ",43,"   ",1,22,"  ",B12,120.705178,24.190309,3,66000,387130000C,(04)23289100,(04)25368667
11758,2023,03,31,9,37,臺中市,南區,0,3,0,8,1,5,50,3,8,1,5,4,5,7,1,1,9,4,5,2,16,25,2,9,1,1,C03,7,9,1,10,2,11,12,25,25,1,5,1,C03,120.679289,24.120608,2,66000,387130000C,(04)23289100,(04)25368667
11759,2023,03,31,9,43,臺中市,南屯區,0,1,0,6,1,5,50,3,1,1,4,4,5,7,4,4,5,5,5,2,16,26,3,10,1,1,C03,7,11,1,10,2,11,"  ",26,26,1,5,8,C03,120.647151,24.137435,2,66000,387130000C,(04)23289100,(04)25368667
11760,2023,03,31,9,46,臺中市,北屯區,0,0,0,6,,,50,,,,,,,,,,,,,,,23,"  ","  ","  ","  ",B03,"  ","  ",1,"  ",1,"  ","  ",23,"   ",1,21,"  ",B03,120.695586,24.161138,3,66000,387130000C,(04)23289100,(04)25368667
11761,2023,03,31,9,58,臺中市,石岡區,0,0,0,6,,,70,,,,,,,,,,,,,,,23,"  ","  ","  ","  ",B12,"  ","  ",1,"  ",2,"  ","  ",23,"   ",1,22,"  ",B12,120.802658,24.268349,3,66000,387130000C,(04)23289100,(04)25368667
11762,2023,03,31,9,59,臺中市,豐原區,0,1,0,7,1,5,60,4,18,1,5,4,5,7,2,1,1,4,4,1,3,15,3,10,1,1,B01,7,5,1,1,2,1,"  ",15,15,1,22,8,B01,120.720235,24.264005,2,66000,387130000C,(04)23289100,(04)25368667
11763,2023,03,31,10,0,臺中市,西屯區,0,1,0,8,1,5,40,14,8,1,5,4,5,7,4,4,1,4,1,2,13,23,2,9,1,1,C03,7,9,1,10,2,11,"  ",23,23,1,22,8,C03,120.657655,24.158401,2,66000,387130000C,(04)23289100,(04)25368667
11764,2023,03,31,10,2,臺中市,南區,0,1,0,7,1,5,50,3,1,1,5,4,5,7,1,1,10,5,5,2,3,15,3,10,1,1,B03,7,5,1,8,2,7,"  ",15,15,1,22,9,B03,120.66608,24.126931,2,66000,387130000C,(04)23289100,(04)25368667
11765,2023,03,31,10,4,臺中市,北屯區,0,0,0,8,,,40,,,,,,,,,,,,,,,12,"  ","  ","  ","  ",B12,"  ","  ",1,"  ",1,"  ","  ",12,"   ",1,5,"  ",B12,120.66358,24.186852,3,66000,387130000C,(04)23289100,(04)25368667
11766,2023,03,31,10,5,臺中市,西屯區,0,2,0,6,1,5,50,14,9,1,4,4,5,7,4,4,5,4,5,2,16,6,3,10,1,1,B03,7,6,1,8,2,6,"  ",6,6,1,22,8,B03,120.64589,24.175557,2,66000,387130000C,(04)23289100,(04)25368667
11767,2023,03,31,10,13,臺中市,南屯區,0,2,0,7,1,5,50,14,9,1,5,4,5,7,4,4,5,4,5,2,12,6,3,10,1,1,B03,7,6,1,8,2,2,"  ",6,6,1,5,8,B03,120.652858,24.151427,2,66000,387130000C,(04)23289100,(04)25368667
11768,2023,03,31,10,13,臺中市,西屯區,0,1,0,8,1,5,40,14,8,1,5,4,5,7,4,4,1,4,4,2,13,16,3,10,1,3,C03,7,9,1,10,2,11,"  ",16,16,1,22,8,C03,120.636615,24.161488,2,66000,387130000C,(04)23289100,(04)25368667
11769,2023,03,31,10,20,臺中市,霧峰區,0,0,0,8,,,40,,,,,,,,,,,,,,,25,"  ","  ","  ","  ",B12,"  ","  ",1,"  ",2,"  ","  ",25,"   ",1,22,"  ",B12,120.661873,24.068462,3,66000,387130000C,(04)23289100,(04)25368667
11770,2023,03,31,10,23,臺中市,神岡區,0,1,0,7,1,5,1,14,9,1,5,4,5,7,4,4,5,4,4,1,16,19,2,8,1,4,C03,7,1,1,10,2,14,"  ",19,19,1,22,9,C03,120.664548,24.258021,2,66000,387130000C,(04)23289100,(04)25368667
11771,2023,03,31,10,25,臺中市,潭子區,0,1,0,8,1,5,50,4,1,1,5,4,5,7,1,1,5,4,4,1,16,25,2,7,1,1,C03,7,9,3,18,2,12,"  ",25,25,1,22,8,C03,120.703276,24.208375,2,66000,387130000C,(04)23289100,(04)25368667
11772,2023,03,31,10,26,臺中市,西屯區,0,0,0,8,,,40,,,,,,,,,,,,,,,8,"  ","  ","  ","  ",B01,"  ","  ",1,"  ",1,"  ","  ",8,"   ",1,4,"  ",B01,120.666693,24.171238,3,66000,387130000C,(04)23289100,(04)25368667
11773,2023,03,31,10,34,臺中市,西屯區,0,0,0,8,,,50,,,,,,,,,,,,,,,12,"  ","  ","  ","  ",B11,"  ","  ",1,"  ",1,"  ","  ",12,"   ",1,22,"  ",B11,120.607039,24.15597,3,66000,387130000C,(04)23289100,(04)25368667
11774,2023,03,31,10,36,臺中市,大雅區,0,1,0,8,1,5,50,4,1,1,5,4,5,7,1,1,1,4,4,1,16,6,3,10,1,1,B03,7,6,1,8,2,2,"  ",6,6,1,22,9,B03,120.656439,24.220798,2,66000,387130000C,(04)23289100,(04)25368667
11775,2023,03,31,10,36,臺中市,豐原區,0,0,0,8,,,30,,,,,,,,,,,,,,,12,"  ","  ","  ","  ",B12,"  ","  ",1,"  ",2,"  ","  ",12,"   ",1,22,"  ",B12,120.725687,24.23879,3,66000,387130000C,(04)23289100,(04)25368667
11776,2023,03,31,10,37,臺中市,東區,0,0,0,,,,50,,,,,,,,,,,,,,,9,"  ","  ","  ","  ",B03,"  ","  ",1,"  ",1,"  ","  ",9,"   ",1,22,"  ",B03,120.693452,24.133073,3,66000,387130000C,(04)23289100,(04)25368667
11777,2023,03,31,10,40,臺中市,太平區,0,0,0,8,,,50,,,,,,,,,,,,,,,12,"  ","  ","  ","  ",B12,"  ","  ",1,"  ",2,"  ","  ",12,"   ",1,21,"  ",B12,120.716463,24.132687,3,66000,387130000C,(04)23289100,(04)25368667
11778,2023,03,31,10,46,臺中市,后里區,0,0,0,8,,,50,,,,,,,,,,,,,,,23,"  ","  ","  ","  ",B12,"  ","  ",1,"  ",2,"  ","  ",23,"   ",1,21,"  ",B12,120.716983,24.333986,3,66000,387130000C,(04)23289100,(04)25368667
11779,2023,03,31,10,47,臺中市,大甲區,0,0,0,8,,,50,,,,,,,,,,,,,,,12,"  ","  ","  ","  ",C03,"  ","  ",1,"  ",1,"  ","  ",12,"   ",1,9,"  ",C03,120.613629,24.351563,3,66000,387130000C,(04)23289100,(04)25368667
11780,2023,03,31,10,55,臺中市,豐原區,0,0,0,8,,,40,,,,,,,,,,,,,,,67,"  ","  ","  ","  ","   ","  ","  ","  ","  ","  ","  ","  ",67,"   ",1,"  ","  ","   ",120.726042,24.250243,3,66000,387130000C,(04)23289100,(04)25368667
11781,2023,03,31,10,56,臺中市,梧棲區,0,1,0,8,1,5,40,14,8,1,5,4,5,7,4,4,1,4,1,1,12,7,3,10,1,1,A04,7,9,1,2,2,2,"  ",44,7,1,10,8,A04,120.554708,24.243544,2,66000,387130000C,(04)23289100,(04)25368667
11782,2023,03,31,10,57,臺中市,大里區,0,0,0,8,,,50,,,,,,,,,,,,,,,23,"  ","  ","  ","  ",B03,"  ","  ",1,"  ",2,"  ","  ",23,"   ",1,22,"  ",B03,120.698073,24.080945,3,66000,387130000C,(04)23289100,(04)25368667
11783,2023,03,31,10,57,臺中市,太平區,0,0,0,8,,,40,,,,,,,,,,,,,,,23,"  ","  ","  ","  ",B03,"  ","  ",1,"  ",2,"  ","  ",23,"   ",1,22,"  ",B03,120.715797,24.152613,3,66000,387130000C,(04)23289100,(04)25368667
11784,2023,03,31,11,0,臺中市,烏日區,0,0,0,8,,,50,,,,,,,,,,,,,,,23,"  ","  ","  ","  ",A11,"  ","  ",1,"  ",2,"  ","  ",23,"   ",1,22,"  ",A11,120.649373,24.1113,3,66000,387130000C,(04)23289100,(04)25368667
11785,2023,03,31,11,0,臺中市,清水區,0,1,0,8,1,5,30,11,9,1,5,4,5,7,4,4,10,5,5,1,11,5,3,10,1,1,B03,7,9,1,8,2,4,"  ",5,5,1,21,8,B03,120.599938,24.268242,2,66000,387130000C,(04)23289100,(04)25368667
11786,2023,03,31,11,1,臺中市,北區,0,0,0,,,,50,,,,,,,,,,,,,,,23,"  ","  ","  ","  ",B03,"  ","  ",1,"  ",11,"  ","  ",23,"   ",1,22,"  ",B03,120.684263,24.154581,3,66000,387130000C,(04)23289100,(04)25368667
11787,2023,03,31,11,1,臺中市,大肚區,0,0,0,6,,,50,,,,,,,,,,,,,,,19,"  ","  ","  ","  ",B03,"  ","  ",1,"  ",2,"  ","  ",19,"   ",1,2,"  ",B03,120.576599,24.119032,3,66000,387130000C,(04)23289100,(04)25368667
11788,2023,03,31,11,5,臺中市,烏日區,0,0,0,6,,,30,,,,,,,,,,,,,,,23,"  ","  ","  ","  ",B03,"  ","  ",1,"  ",2,"  ","  ",23,"   ",1,21,"  ",B03,120.64429,24.0733,3,66000,387130000C,(04)23289100,(04)25368667
11789,2023,03,31,11,7,臺中市,東區,0,0,0,,,,50,,,,,,,,,,,,,,,42,"  ","  ","  ","  ",C03,"  ","  ",1,"  ",2,"  ","  ",42,"   ",1,5,"  ",C03,120.70152,24.131737,3,66000,387130000C,(04)23289100,(04)25368667
11790,2023,03,31,11,10,臺中市,北屯區,0,0,0,8,,,50,,,,,,,,,,,,,,,6,"  ","  ","  ","  ",B03,"  ","  ",1,"  ",1,"  ","  ",6,"   ",1,21,"  ",B03,120.688163,24.182378,3,66000,387130000C,(04)23289100,(04)25368667
11791,2023,03,31,11,10,臺中市,大甲區,0,0,0,,,,50,,,,,,,,,,,,,,,18,"  ","  ","  ","  ",B12,"  ","  ",1,"  ",1,"  ","  ",18,18,1,22,"  ",B12,120.612968,24.3378,3,66000,387130000C,(04)23289100,(04)25368667
11792,2023,03,31,11,11,臺中市,南屯區,0,1,0,8,1,5,30,14,9,1,5,4,5,7,4,4,10,5,5,2,18,23,2,9,1,1,C03,7,6,1,10,2,12,"  ",23,23,1,5,8,C03,120.638228,24.141047,2,66000,387130000C,(04)23289100,(04)25368667
11793,2023,03,31,11,15,臺中市,西屯區,0,0,0,8,,,40,,,,,,,,,,,,,,,6,"  ","  ","  ","  ",B03,"  ","  ",1,"  ",1,"  ","  ",6,"   ",1,22,"  ",B03,120.644231,24.194828,3,66000,387130000C,(04)23289100,(04)25368667
11794,2023,03,31,11,20,臺中市,西屯區,0,1,0,7,1,5,40,4,1,1,5,4,5,7,4,4,10,5,5,2,18,42,2,9,1,1,C02,7,5,1,9,2,15,"  ",42,42,1,22,8,C02,120.637546,24.185697,2,66000,387130000C,(04)23289100,(04)25368667
11795,2023,03,31,11,22,臺中市,南區,0,2,0,7,1,5,50,4,1,1,5,4,5,7,1,1,10,5,5,2,15,25,3,10,1,1,B03,7,9,1,8,2,5,"  ",25,25,1,22,9,B03,120.663701,24.116803,2,66000,387130000C,(04)23289100,(04)25368667
11796,2023,03,31,11,24,臺中市,南區,0,1,0,6,1,5,50,4,1,1,4,4,5,7,1,1,9,4,4,2,12,23,3,10,1,1,C03,7,14,1,10,2,12,"  ",44,23,1,5,1,C03,120.668671,24.114552,2,66000,387130000C,(04)23289100,(04)25368667
11797,2023,03,31,11,25,臺中市,大雅區,0,0,0,8,,,50,,,,,,,,,,,,,,,19,"  ","  ","  ","  ",B03,"  ","  ",1,"  ",1,"  ","  ",19,"   ",1,21,"  ",B03,120.653803,24.223187,3,66000,387130000C,(04)23289100,(04)25368667
11798,2023,03,31,11,26,臺中市,南區,0,1,0,8,1,5,50,11,8,1,5,4,5,7,4,4,5,4,4,2,17,23,2,9,1,1,C03,7,9,1,8,2,15,"  ",23,23,1,5,8,C03,120.666938,24.127961,2,66000,387130000C,(04)23289100,(04)25368667
11799,2023,03,31,11,28,臺中市,太平區,0,1,0,8,1,5,50,3,1,1,5,4,5,7,1,1,5,5,5,2,16,6,3,10,1,1,B03,7,5,1,8,2,5,"  ",6,6,1,21,8,B03,120.733665,24.155992,2,66000,387130000C,(04)23289100,(04)25368667
11800,2023,03,31,11,33,臺中市,北區,0,1,0,8,1,5,50,3,1,1,5,4,5,7,4,4,5,4,5,1,16,26,3,10,3,4,B12,7,5,1,8,2,4,"  ",26,26,1,22,9,B12,120.692479,24.15668,2,66000,387130000C,(04)23289100,(04)25368667
11801,2023,03,31,11,35,臺中市,大里區,0,0,0,8,,,50,,,,,,,,,,,,,,,6,"  ","  ","  ","  ",C03,"  ","  ",4,"  ",2,"  ","  ",6,"   ",1,20,"  ",C03,120.703847,24.097263,3,66000,387130000C,(04)23289100,(04)25368667
11802,2023,03,31,11,36,臺中市,西屯區,0,0,0,8,,,50,,,,,,,,,,,,,,,42,"  ","  ","  ","  ",C03,"  ","  ",1,"  ",1,"  ","  ",42,"   ",1,22,"  ",C03,120.637414,24.17582,3,66000,387130000C,(04)23289100,(04)25368667
11803,2023,03,31,11,38,臺中市,西屯區,0,2,0,7,1,5,50,4,1,1,5,4,5,7,2,1,10,5,5,2,3,15,2,9,1,1,C03,7,9,1,10,2,11,"  ",15,15,1,22,8,C03,120.620236,24.186913,2,66000,387130000C,(04)23289100,(04)25368667
11804,2023,03,31,11,40,臺中市,霧峰區,0,1,0,6,1,5,50,4,1,1,4,4,5,7,1,1,10,5,5,2,18,42,2,9,1,1,C03,7,6,1,10,2,12,"  ",42,42,1,18,8,C03,120.693362,24.058739,2,66000,387130000C,(04)23289100,(04)25368667
11805,2023,03,31,11,40,臺中市,豐原區,0,2,0,7,1,5,50,14,8,1,5,4,5,7,4,4,5,5,4,2,16,26,2,9,3,4,C03,7,5,1,10,2,11,"  ",26,26,1,22,8,C03,120.710547,24.250572,2,66000,387130000C,(04)23289100,(04)25368667
11806,2023,03,31,11,41,臺中市,北屯區,0,0,0,8,,,50,,,,,,,,,,,,,,,23,"  ","  ","  ","  ",B03,"  ","  ",1,"  ",1,"  ","  ",23,"   ",1,21,"  ",B03,120.684031,24.172151,3,66000,387130000C,(04)23289100,(04)25368667
11807,2023,03,31,11,42,臺中市,南屯區,0,0,0,6,1,5,50,14,9,1,4,4,5,7,1,1,1,2,5,2,13,23,"  ","  ","  ","  ",B03,"  ","  ",6,"  ",1,"  ","  ",23,"   ",1,5,"  ",B03,120.635711,24.143383,3,66000,387130000C,(04)23289100,(04)25368667
11808,2023,03,31,11,44,臺中市,東區,0,0,0,,,,50,,,,,,,,,,,,,,,23,"  ","  ","  ","  ",C03,"  ","  ","  ","  ",2,"  ","  ",23,"   ",1,22,"  ",C03,120.693452,24.133073,3,66000,387130000C,(04)23289100,(04)25368667
11809,2023,03,31,11,45,臺中市,龍井區,0,0,0,8,,,30,,,,,,,,,,,,,,,42,"  ","  ","  ","  ",B11,"  ","  ",1,"  ",2,"  ","  ",42,"   ",1,22,"  ",B11,120.59506,24.186904,3,66000,387130000C,(04)23289100,(04)25368667
11810,2023,03,31,11,46,臺中市,北區,0,0,0,8,,,50,,,,,,,,,,,,,,,16,"  ","  ","  ","  ",B03,"  ","  ",1,"  ",1,"  ","  ",16,"   ",1,22,"  ",B03,120.67192,24.171681,3,66000,387130000C,(04)23289100,(04)25368667
11811,2023,03,31,11,50,臺中市,西屯區,0,1,0,8,1,5,50,4,2,1,5,4,5,7,1,1,10,5,5,2,18,23,2,9,1,1,C03,7,9,1,10,2,14,"  ",23,23,1,22,8,C03,120.644542,24.185251,2,66000,387130000C,(04)23289100,(04)25368667
11812,2023,03,31,11,51,臺中市,北區,0,1,0,8,1,5,50,5,1,1,5,4,5,7,1,1,5,4,5,2,12,9,3,10,1,1,B03,7,6,6,8,2,2,"  ",9,9,1,5,5,B03,120.681796,24.144577,2,66000,387130000C,(04)23289100,(04)25368667
11813,2023,03,31,11,53,臺中市,潭子區,0,0,0,8,,,50,,,,,,,,,,,,,,,16,"  ","  ","  ","  ",B03,"  ","  ",1,"  ",2,"  ","  ",16,"   ",1,22,"  ",B03,120.702803,24.200988,3,66000,387130000C,(04)23289100,(04)25368667
11814,2023,03,31,11,54,臺中市,北屯區,0,1,0,6,1,5,50,4,1,1,4,4,5,7,1,1,5,5,5,2,13,16,2,9,1,1,C03,7,9,1,10,2,11,"  ",16,16,1,22,8,C03,120.733286,24.168905,2,66000,387130000C,(04)23289100,(04)25368667
11815,2023,03,31,11,55,臺中市,龍井區,0,1,0,8,1,5,50,14,9,1,5,4,5,7,4,4,5,5,5,1,9,19,3,10,1,1,B12,7,1,1,8,2,8,"  ",19,19,1,5,5,B12,120.523054,24.200951,2,66000,387130000C,(04)23289100,(04)25368667
11816,2023,03,31,11,56,臺中市,南屯區,0,1,0,8,1,5,30,14,9,1,5,4,5,7,4,4,10,5,5,2,17,19,3,10,1,1,B03,7,1,1,8,2,4,"  ",19,19,1,22,8,B03,120.642387,24.139712,2,66000,387130000C,(04)23289100,(04)25368667
11817,2023,03,31,12,0,臺中市,西區,0,1,0,8,1,5,50,14,9,1,5,4,5,7,4,4,5,5,5,2,2,23,3,10,1,1,B03,7,9,1,8,2,5,"  ",23,23,1,21,8,B03,120.661494,24.154495,2,66000,387130000C,(04)23289100,(04)25368667
11818,2023,03,31,12,3,臺中市,西屯區,0,1,0,8,1,5,50,3,1,1,5,4,5,7,4,4,1,4,5,2,16,9,3,10,3,4,B03,7,6,1,8,2,3,"  ",9,9,1,22,8,B03,120.64612,24.196068,2,66000,387130000C,(04)23289100,(04)25368667
11819,2023,03,31,12,5,臺中市,北區,0,1,0,8,1,5,50,14,8,1,5,4,5,7,4,4,5,5,5,2,16,23,2,8,3,4,C03,7,9,1,10,2,12,"  ",23,23,1,22,9,C03,120.68216,24.16491,2,66000,387130000C,(04)23289100,(04)25368667
11820,2023,03,31,12,10,臺中市,西區,0,0,0,8,,,50,,,,,,,,,,,,,,,12,"  ","  ","  ","  ",B03,"  ","  ",1,"  ",2,"  ","  ",12,"   ",1,21,"  ",B03,120.656756,24.147768,3,66000,387130000C,(04)23289100,(04)25368667
11821,2023,03,31,12,10,臺中市,西屯區,0,2,0,8,1,5,40,14,9,1,5,4,5,7,4,4,5,4,5,2,16,26,3,10,1,1,B03,7,11,1,8,2,5,"  ",26,26,1,22,8,B03,120.625953,24.19883,2,66000,387130000C,(04)23289100,(04)25368667
11822,2023,03,31,12,10,臺中市,西屯區,0,2,0,7,1,5,50,4,9,1,5,4,5,7,2,1,5,4,5,2,13,16,2,9,1,1,C03,7,14,1,15,2,14,"  ",44,16,1,22,8,C03,120.645144,24.177268,2,66000,387130000C,(04)23289100,(04)25368667
11823,2023,03,31,12,14,臺中市,東區,0,1,0,8,1,5,50,4,1,1,5,4,5,7,4,4,9,4,5,2,16,6,2,7,1,1,B03,7,9,3,18,2,2,"  ",6,6,1,5,1,B03,120.71002,24.14329,2,66000,387130000C,(04)23289100,(04)25368667
11824,2023,03,31,12,21,臺中市,西屯區,0,0,0,8,,,50,,,,,,,,,,,,,,,12,"  ","  ","  ","  ",B12,"  ","  ",1,"  ",1,"  ","  ",12,"   ",1,22,"  ",B12,120.655133,24.200836,3,66000,387130000C,(04)23289100,(04)25368667
11825,2023,03,31,12,26,臺中市,北屯區,0,0,0,8,,,30,,,,,,,,,,,,,,,7,"  ","  ","  ","  ",A11,"  ","  ",1,"  ",1,"  ","  ",7,"   ",1,4,"  ",A11,120.667575,24.201348,3,66000,387130000C,(04)23289100,(04)25368667
11826,2023,03,31,12,26,臺中市,神岡區,0,0,0,8,,,30,,,,,,,,,,,,,,,1,"  ","  ","  ","  ",B03,"  ","  ",1,"  ",1,"  ","  ",1,"   ",1,22,"  ",B03,120.667518,24.248012,3,66000,387130000C,(04)23289100,(04)25368667
11827,2023,03,31,12,32,臺中市,南區,0,0,0,,,,50,,,,,,,,,,,,,,,19,"  ","  ","  ","  ",B01,"  ","  ",1,"  ",2,"  ","  ",19,"   ",1,22,"  ",B01,120.650723,24.120555,3,66000,387130000C,(04)23289100,(04)25368667
11828,2023,03,31,12,34,臺中市,霧峰區,0,0,0,8,,,50,,,,,,,,,,,,,,,8,"  ","  ","  ","  ",C03,"  ","  ",1,"  ",2,"  ","  ",8,"   ",1,22,"  ",C03,120.697198,24.06744,3,66000,387130000C,(04)23289100,(04)25368667
11829,2023,03,31,12,38,臺中市,南屯區,0,1,0,8,1,5,50,4,2,1,5,4,5,7,4,4,5,5,5,2,17,40,3,10,1,1,B03,7,14,1,4,2,4,"  ",40,40,1,5,8,B03,120.645068,24.132012,2,66000,387130000C,(04)23289100,(04)25368667
11830,2023,03,31,12,42,臺中市,西屯區,0,0,0,8,,,50,,,,,,,,,,,,,,,23,"  ","  ","  ","  ",B02,"  ","  ",1,"  ",2,"  ","  ",23,"   ",1,4,"  ",B02,120.655359,24.190152,3,66000,387130000C,(04)23289100,(04)25368667
11831,2023,03,31,12,45,臺中市,西區,0,0,0,,,,50,,,,,,,,,,,,,,,6,"  ","  ","  ","  ",B03,"  ","  ",1,"  ",1,"  ","  ",6,"   ",1,21,"  ",B03,120.670488,24.151252,3,66000,387130000C,(04)23289100,(04)25368667
11832,2023,03,31,12,56,臺中市,東區,0,3,0,8,1,5,50,3,1,1,5,4,5,7,1,1,10,5,5,2,16,6,2,9,1,1,C03,7,9,1,10,2,14,"  ",23,6,1,22,8,C03,120.692776,24.136867,2,66000,387130000C,(04)23289100,(04)25368667
11833,2023,03,31,12,56,臺中市,北屯區,0,0,0,8,,,50,,,,,,,,,,,,,,,43,"  ","  ","  ","  ",B03,"  ","  ",1,"  ",10,"  ","  ",43,"   ",1,21,"  ",B03,120.72467,24.173523,3,66000,387130000C,(04)23289100,(04)25368667
11834,2023,03,31,12,59,臺中市,北區,0,0,0,8,1,5,50,5,1,1,5,4,5,7,1,1,1,4,5,2,12,26,3,10,1,1,C03,7,5,1,10,2,14,"  ",26,26,1,5,5,C03,120.686175,24.154706,4,66000,387130000C,(04)23289100,(04)25368667
11835,2023,03,31,13,0,臺中市,太平區,0,0,0,8,,,50,,,,,,,,,,,,,,,1,"  ","  ","  ","  ",B03,"  ","  ",1,"  ",2,"  ","  ",1,"   ",1,22,"  ",B03,120.713394,24.144591,3,66000,387130000C,(04)23289100,(04)25368667
11836,2023,03,31,13,0,臺中市,沙鹿區,0,0,0,8,,,30,,,,,,,,,,,,,,,42,"  ","  ","  ","  ",B12,"  ","  ",1,"  ",2,"  ","  ",42,"   ",1,10,"  ",B12,120.571301,24.204614,3,66000,387130000C,(04)23289100,(04)25368667
11837,2023,03,31,13,4,臺中市,太平區,0,1,0,8,1,5,50,4,1,1,5,4,5,7,4,4,10,5,5,2,16,19,3,10,1,1,B03,7,1,1,8,2,2,"  ",19,19,1,22,8,B03,120.71476,24.141002,2,66000,387130000C,(04)23289100,(04)25368667
11838,2023,03,31,13,10,臺中市,東區,0,1,0,6,1,5,50,4,1,1,4,4,5,7,1,1,9,4,4,2,12,23,2,9,1,1,C03,7,9,1,10,2,12,"  ",23,23,1,5,1,C03,120.698785,24.133,2,66000,387130000C,(04)23289100,(04)25368667
11839,2023,03,31,13,11,臺中市,大肚區,0,1,0,8,1,5,50,14,9,1,5,4,5,7,4,4,5,5,5,2,16,10,3,10,3,4,B03,7,11,1,8,2,8,"  ",10,10,1,22,9,B03,120.574308,24.168477,2,66000,387130000C,(04)23289100,(04)25368667
11840,2023,03,31,13,16,臺中市,北屯區,0,0,0,8,,,50,,,,,,,,,,,,,,,16,"  ","  ","  ","  ",B12,"  ","  ",1,"  ",1,"  ","  ",16,16,1,22,"  ",B12,120.72442,24.181214,3,66000,387130000C,(04)23289100,(04)25368667