序號,年,月,日,時,分,縣市,區,死亡數量,受傷數量,2-30,天候,光線,道路類別,速限_速度(公里),道路型態,事故位置,路面鋪裝,路面狀態,路面缺陷,障礙物,視距,號誌種類,號誌動作,分向設施,快車道或一般車道間,快慢車道間,路面邊線,事故類型及型態,主要肇因,受傷程度,主要傷處,保護裝備,行動電話,當事者區分,車輛用途,當事者行動狀態,駕駛資格情形,駕駛執照種類,飲酒情形,車輛撞擊部位最初,車輛撞擊部位其他,肇事因素個別,肇事因素主要,肇事逃逸,職業,旅次目的,車種,GPS座標X,GPS座標Y,事故類別,縣市別代碼,機關代碼,市話,傳真
11841,2023,03,31,13,16,臺中市,大肚區,0,0,0,8,,,60,,,,,,,,,,,,,,,7,"  ","  ","  ","  ",B03,"  ","  ",6,"  ",2,"  ","  ",7,"   ",1,22,"  ",B03,120.583074,24.168243,3,66000,387130000C,(04)23289100,(04)25368667
11842,2023,03,31,13,17,臺中市,北屯區,0,1,0,6,1,5,30,4,1,1,4,4,5,7,4,4,10,5,5,2,15,6,2,9,1,1,C03,7,9,1,10,2,11,"  ",6,6,1,22,8,C03,120.666892,24.19069,2,66000,387130000C,(04)23289100,(04)25368667
11843,2023,03,31,13,26,臺中市,西屯區,0,1,0,8,1,5,50,14,9,1,5,4,5,7,4,4,1,4,5,2,17,42,2,9,1,1,C03,7,9,1,10,2,15,"  ",42,42,1,22,8,C03,120.653349,24.167572,2,66000,387130000C,(04)23289100,(04)25368667
11844,2023,03,31,13,29,臺中市,西屯區,0,0,0,8,,,70,,,,,,,,,,,,,,,23,"  ","  ","  ","  ",A41,"  ","  ",1,"  ",1,"  ","  ",23,"   ",1,22,"  ",A41,120.614316,24.184953,3,66000,387130000C,(04)23289100,(04)25368667
11845,2023,03,31,13,32,臺中市,北區,0,1,0,8,1,5,50,3,9,1,5,4,5,7,4,4,5,4,5,1,16,23,2,7,3,4,F01,7,9,8,20,2,16,"  ",23,23,1,22,9,F01,120.677473,24.154238,2,66000,387130000C,(04)23289100,(04)25368667
11846,2023,03,31,13,33,臺中市,大里區,0,1,0,8,1,5,30,4,2,1,5,4,5,7,4,4,10,5,5,2,16,23,3,10,1,1,B12,7,5,1,8,2,8,"  ",23,23,1,5,8,B12,120.664245,24.095653,2,66000,387130000C,(04)23289100,(04)25368667
11847,2023,03,31,13,40,臺中市,大里區,0,1,0,8,1,5,30,4,1,1,5,4,5,7,3,1,10,5,5,2,16,6,2,9,1,1,C03,7,9,1,9,2,11,"  ",6,6,1,9,8,C03,120.691556,24.107745,2,66000,387130000C,(04)23289100,(04)25368667
11848,2023,03,31,13,46,臺中市,南區,0,0,0,8,,,50,,,,,,,,,,,,,,,7,"  ","  ","  ","  ",B03,"  ","  ",1,"  ",2,"  ","  ",7,"   ",1,5,"  ",B03,120.676975,24.131183,3,66000,387130000C,(04)23289100,(04)25368667
11849,2023,03,31,13,47,臺中市,西屯區,0,0,0,8,,,50,,,,,,,,,,,,,,,42,"  ","  ","  ","  ",B03,"  ","  ",1,"  ",1,"  ","  ",42,"   ",1,22,"  ",B03,120.649644,24.16292,3,66000,387130000C,(04)23289100,(04)25368667
11850,2023,03,31,13,49,臺中市,梧棲區,0,0,0,8,,,50,,,,,,,,,,,,,,,12,"  ","  ","  ","  ",B03,"  ","  ",1,"  ",2,"  ","  ",12,"   ",1,9,"  ",B03,120.535327,24.252775,3,66000,387130000C,(04)23289100,(04)25368667
11851,2023,03,31,13,58,臺中市,南區,0,2,0,8,1,5,50,4,1,1,5,4,5,7,4,4,10,5,5,2,15,6,3,10,1,1,B03,7,9,1,8,2,1,"  ",6,6,1,22,8,B03,120.673597,24.125668,2,66000,387130000C,(04)23289100,(04)25368667
11852,2023,03,31,13,58,臺中市,霧峰區,0,0,0,8,,,40,,,,,,,,,,,,,,,19,"  ","  ","  ","  ",B03,"  ","  ",1,"  ",2,"  ","  ",19,"   ",1,12,"  ",B03,120.67305,24.062986,3,66000,387130000C,(04)23289100,(04)25368667
11853,2023,03,31,13,58,臺中市,大里區,0,0,0,8,,,60,,,,,,,,,,,,,,,23,"  ","  ","  ","  ",B03,"  ","  ",1,"  ",1,"  ","  ",23,"   ",1,5,"  ",B03,120.681873,24.104913,3,66000,387130000C,(04)23289100,(04)25368667
11854,2023,03,31,14,0,臺中市,西屯區,0,1,0,7,1,5,30,14,9,1,5,4,5,7,4,4,10,5,5,1,11,5,2,9,1,1,C03,7,9,1,10,2,11,"  ",5,5,1,22,8,C03,120.655842,24.201649,2,66000,387130000C,(04)23289100,(04)25368667
11855,2023,03,31,14,0,臺中市,神岡區,0,0,0,8,,,50,,,,,,,,,,,,,,,12,"  ","  ","  ","  ",B11,"  ","  ",1,"  ",2,"  ","  ",12,"   ",1,21,"  ",B11,120.654678,24.280156,3,66000,387130000C,(04)23289100,(04)25368667
11856,2023,03,31,14,2,臺中市,太平區,0,0,0,8,,,30,,,,,,,,,,,,,,,12,"  ","  ","  ","  ",B12,"  ","  ",1,"  ",2,"  ","  ",12,"   ",1,21,"  ",B12,120.713445,24.136989,3,66000,387130000C,(04)23289100,(04)25368667
11857,2023,03,31,14,3,臺中市,北屯區,0,1,0,8,1,5,50,5,1,1,5,4,5,7,4,4,10,5,5,2,12,4,3,10,1,1,C03,7,15,4,8,9,12,"  ",4,4,1,22,8,C03,120.668733,24.175891,2,66000,387130000C,(04)23289100,(04)25368667
11858,2023,03,31,14,8,臺中市,南屯區,0,0,0,8,,,50,,,,,,,,,,,,,,,23,"  ","  ","  ","  ",B03,"  ","  ",1,"  ",1,"  ","  ",23,"   ",1,22,"  ",B03,120.638908,24.139463,3,66000,387130000C,(04)23289100,(04)25368667
11859,2023,03,31,14,10,臺中市,梧棲區,0,0,0,8,,,50,,,,,,,,,,,,,,,16,"  ","  ","  ","  ",A31,"  ","  ",1,"  ",1,"  ","  ",16,"   ",1,10,"  ",A31,120.524479,24.236319,4,66000,387130000C,(04)23289100,(04)25368667
11860,2023,03,31,14,13,臺中市,清水區,0,1,0,8,1,5,50,5,9,1,5,4,5,7,2,1,5,5,5,1,17,26,2,9,1,1,C03,7,9,1,10,2,11,"  ",26,26,1,21,8,C03,120.60039,24.309594,2,66000,387130000C,(04)23289100,(04)25368667
11861,2023,03,31,14,19,臺中市,西屯區,0,0,0,8,,,50,,,,,,,,,,,,,,,16,"  ","  ","  ","  ",B03,"  ","  ",1,"  ",1,"  ","  ",16,"   ",1,4,"  ",B03,120.640072,24.165609,3,66000,387130000C,(04)23289100,(04)25368667
11862,2023,03,31,14,20,臺中市,北屯區,0,1,0,8,1,5,40,14,8,1,5,4,5,7,4,4,5,5,4,1,14,12,3,10,1,1,B03,7,2,1,8,2,3,"  ",12,12,1,21,8,B03,120.676323,24.19498,2,66000,387130000C,(04)23289100,(04)25368667
11863,2023,03,31,14,23,臺中市,南區,0,2,0,7,1,5,50,14,9,1,5,4,5,7,4,4,1,4,5,2,16,42,2,8,1,1,C03,7,15,1,10,2,12,"  ",42,42,1,5,8,C03,120.677156,24.130833,2,66000,387130000C,(04)23289100,(04)25368667
11864,2023,03,31,14,27,臺中市,南屯區,0,0,0,8,,,40,,,,,,,,,,,,,,,18,"  ","  ","  ","  ",B03,"  ","  ",1,"  ",2,"  ","  ",18,"   ",1,22,"  ",B03,120.650994,24.150888,3,66000,387130000C,(04)23289100,(04)25368667
11865,2023,03,31,14,29,臺中市,南區,0,0,0,8,,,50,,,,,,,,,,,,,,,23,"  ","  ","  ","  ",C03,"  ","  ",2,"  ",2,"  ","  ",23,"   ",1,5,"  ",C03,120.68295,24.134424,3,66000,387130000C,(04)23289100,(04)25368667
11866,2023,03,31,14,31,臺中市,北區,0,0,0,8,,,50,,,,,,,,,,,,,,,19,"  ","  ","  ","  ",B03,"  ","  ",1,"  ",1,"  ","  ",19,19,1,22,"  ",B03,120.681224,24.152005,3,66000,387130000C,(04)23289100,(04)25368667
11867,2023,03,31,14,31,臺中市,西屯區,0,0,0,8,,,50,,,,,,,,,,,,,,,42,"  ","  ","  ","  ",B03,"  ","  ",1,"  ",1,"  ","  ",42,"   ",1,22,"  ",B03,120.655732,24.199674,3,66000,387130000C,(04)23289100,(04)25368667
11868,2023,03,31,14,35,臺中市,西屯區,0,2,0,8,1,5,50,4,1,1,5,4,5,7,4,4,10,5,5,2,15,6,2,9,1,1,C03,7,9,1,10,2,15,"  ",6,6,1,22,8,C03,120.606294,24.188379,2,66000,387130000C,(04)23289100,(04)25368667
11869,2023,03,31,14,35,臺中市,沙鹿區,0,0,0,8,,,30,,,,,,,,,,,,,,,19,"  ","  ","  ","  ",B03,"  ","  ",1,"  ",2,"  ","  ",19,"   ",1,19,"  ",B03,120.561725,24.216049,3,66000,387130000C,(04)23289100,(04)25368667
11870,2023,03,31,14,36,臺中市,北區,0,0,0,8,1,5,50,14,9,1,5,4,5,7,1,1,1,4,5,2,13,43,3,10,1,1,B03,7,14,6,8,8,1,"  ",43,43,1,22,9,B03,120.671456,24.17374,3,66000,387130000C,(04)23289100,(04)25368667
11871,2023,03,31,14,39,臺中市,潭子區,0,0,0,8,,,40,,,,,,,,,,,,,,,16,"  ","  ","  ","  ",B03,"  ","  ",1,"  ",2,"  ","  ",16,"   ",1,22,"  ",B03,120.705588,24.21535,3,66000,387130000C,(04)23289100,(04)25368667
11872,2023,03,31,14,40,臺中市,西屯區,0,1,0,8,1,5,50,4,1,1,5,4,5,7,2,1,1,2,1,2,16,25,3,10,3,4,B03,7,5,1,8,2,5,"  ",25,25,1,22,8,B03,120.59262,24.183435,2,66000,387130000C,(04)23289100,(04)25368667
11873,2023,03,31,14,41,臺中市,北區,0,1,0,8,1,5,50,4,1,1,5,4,5,7,1,1,3,5,5,2,16,6,3,10,1,1,B12,7,11,1,8,2,2,"  ",6,6,1,21,3,B12,120.678313,24.163112,2,66000,387130000C,(04)23289100,(04)25368667
11874,2023,03,31,14,43,臺中市,豐原區,0,1,0,8,1,5,30,11,9,1,5,4,5,1,4,4,5,5,5,1,20,14,2,9,1,1,C03,7,9,1,10,2,14,"  ",14,14,1,22,8,C03,120.751381,24.260691,2,66000,387130000C,(04)23289100,(04)25368667
11875,2023,03,31,14,44,臺中市,北區,0,2,0,8,1,5,30,3,2,1,5,4,5,7,4,4,7,4,5,2,13,6,2,9,1,1,C03,7,6,1,10,2,13,"  ",6,6,1,5,5,C03,120.67654,24.148599,2,66000,387130000C,(04)23289100,(04)25368667
11876,2023,03,31,14,44,臺中市,北區,0,0,0,8,1,5,50,4,2,1,5,4,5,7,2,1,5,4,4,1,13,23,3,10,3,4,B03,7,14,1,8,2,3,"  ",44,23,1,22,9,B03,120.674402,24.171548,3,66000,387130000C,(04)23289100,(04)25368667
11877,2023,03,31,14,44,臺中市,大里區,0,0,0,8,,,50,,,,,,,,,,,,,,,10,"  ","  ","  ","  ",B03,"  ","  ",1,"  ",2,"  ","  ",10,"   ",1,22,"  ",B03,120.703331,24.092138,3,66000,387130000C,(04)23289100,(04)25368667
11878,2023,03,31,14,46,臺中市,太平區,0,0,0,8,,,40,,,,,,,,,,,,,,,23,"  ","  ","  ","  ",B03,"  ","  ",1,"  ",1,"  ","  ",23,"   ",1,22,"  ",B03,120.721008,24.149258,3,66000,387130000C,(04)23289100,(04)25368667
11879,2023,03,31,14,51,臺中市,大甲區,0,2,0,7,1,5,50,14,9,1,5,4,5,7,4,4,5,5,5,1,16,19,2,8,1,1,C03,7,1,1,10,2,11,"  ",19,19,1,19,7,C03,120.62164,24.34432,2,66000,387130000C,(04)23289100,(04)25368667
11880,2023,03,31,14,53,臺中市,大里區,0,2,0,8,1,5,50,5,1,1,5,4,5,7,1,1,10,5,5,1,16,23,2,9,1,1,C03,7,5,1,10,2,11,"  ",23,23,1,5,8,C03,120.6898,24.113203,2,66000,387130000C,(04)23289100,(04)25368667
11881,2023,03,31,14,57,臺中市,南區,0,0,0,,,,50,,,,,,,,,,,,,,,23,"  ","  ","  ","  ",B03,"  ","  ",1,"  ",2,"  ","  ",23,"   ",1,22,"  ",B03,120.680595,24.133634,3,66000,387130000C,(04)23289100,(04)25368667
11882,2023,03,31,15,2,臺中市,東區,0,1,0,7,1,5,50,4,1,1,5,4,5,7,2,1,10,5,5,2,16,6,3,10,3,4,B03,7,5,1,8,2,1,"  ",6,6,1,5,8,B03,120.649878,24.116693,2,66000,387130000C,(04)23289100,(04)25368667
11883,2023,03,31,15,3,臺中市,南屯區,0,1,0,8,1,5,1,14,20,2,5,4,5,7,4,4,5,5,5,2,2,26,3,10,1,1,C03,7,9,1,10,2,12,"  ",26,26,1,5,8,C03,120.609338,24.144573,2,66000,387130000C,(04)23289100,(04)25368667
11884,2023,03,31,15,5,臺中市,潭子區,0,1,0,8,1,5,60,4,1,1,5,4,5,7,1,1,1,3,4,1,17,23,3,10,1,1,B03,7,9,1,8,2,1,"  ",23,23,1,22,8,B03,120.702514,24.193999,2,66000,387130000C,(04)23289100,(04)25368667
11885,2023,03,31,15,14,臺中市,西區,0,0,0,,,,50,,,,,,,,,,,,,,,6,"  ","  ","  ","  ",B12,"  ","  ",1,"  ",1,"  ","  ",6,"   ",1,20,"  ",B12,120.668193,24.150864,3,66000,387130000C,(04)23289100,(04)25368667
11886,2023,03,31,15,15,臺中市,豐原區,0,1,0,8,1,5,50,3,1,1,5,4,5,7,4,4,5,5,5,2,16,26,3,10,1,1,C03,7,9,1,10,2,11,"  ",26,26,1,22,8,C03,120.745558,24.260302,2,66000,387130000C,(04)23289100,(04)25368667
11887,2023,03,31,15,17,臺中市,霧峰區,0,1,0,8,1,5,40,3,1,1,5,4,5,7,1,1,10,5,5,2,17,25,2,9,1,1,C03,7,9,1,10,2,11,"  ",25,25,1,22,8,C03,120.694283,24.066045,2,66000,387130000C,(04)23289100,(04)25368667
11888,2023,03,31,15,26,臺中市,東區,0,1,0,7,1,5,40,4,8,1,5,4,5,7,2,1,3,4,4,2,17,42,2,9,1,1,C02,7,9,1,9,2,11,"  ",42,42,1,21,8,C02,120.69211,24.147961,2,66000,387130000C,(04)23289100,(04)25368667
11889,2023,03,31,15,28,臺中市,西屯區,0,1,0,8,4,5,40,14,8,1,5,4,5,7,1,1,5,4,4,2,18,23,2,9,1,4,C03,7,9,1,10,1,11,"  ",23,23,1,22,8,C03,120.653276,24.203574,2,66000,387130000C,(04)23289100,(04)25368667
11890,2023,03,31,15,29,臺中市,南屯區,0,0,0,8,,,50,,,,,,,,,,,,,,,23,"  ","  ","  ","  ",B03,"  ","  ",1,"  ",1,"  ","  ",44,23,1,5,"  ",B03,120.623411,24.149649,3,66000,387130000C,(04)23289100,(04)25368667
11891,2023,03,31,15,30,臺中市,西屯區,0,0,0,8,,,50,,,,,,,,,,,,,,,12,"  ","  ","  ","  ",A12,"  ","  ",1,"  ",2,"  ","  ",12,"   ",1,22,"  ",A12,120.663275,24.16778,3,66000,387130000C,(04)23289100,(04)25368667
11892,2023,03,31,15,30,臺中市,清水區,0,0,0,8,,,50,,,,,,,,,,,,,,,16,"  ","  ","  ","  ",B03,"  ","  ",1,"  ",1,"  ","  ",16,"   ",1,21,"  ",B03,120.552837,24.280369,3,66000,387130000C,(04)23289100,(04)25368667
11893,2023,03,31,15,32,臺中市,后里區,0,0,0,8,,,50,,,,,,,,,,,,,,,6,"  ","  ","  ","  ",B12,"  ","  ",1,"  ",2,"  ","  ",6,"   ",1,22,"  ",B12,120.710977,24.310672,3,66000,387130000C,(04)23289100,(04)25368667
11894,2023,03,31,15,32,臺中市,神岡區,0,0,0,8,,,50,,,,,,,,,,,,,,,12,"  ","  ","  ","  ",B03,"  ","  ",1,"  ",2,"  ","  ",12,"   ",1,22,"  ",B03,120.654301,24.272097,3,66000,387130000C,(04)23289100,(04)25368667
11895,2023,03,31,15,42,臺中市,霧峰區,0,2,0,8,1,5,40,3,2,1,5,4,5,7,1,1,1,4,4,1,13,16,2,8,1,1,C03,7,9,1,10,2,11,"  ",16,16,1,4,5,C03,120.661873,24.068462,2,66000,387130000C,(04)23289100,(04)25368667
11896,2023,03,31,15,44,臺中市,北區,0,0,0,8,,,50,,,,,,,,,,,,,,,23,"  ","  ","  ","  ",C03,"  ","  ",1,"  ",2,"  ","  ",23,"   ",1,22,"  ",C03,120.674994,24.147369,3,66000,387130000C,(04)23289100,(04)25368667
11897,2023,03,31,15,46,臺中市,北屯區,0,0,0,8,,,50,,,,,,,,,,,,,,,8,"  ","  ","  ","  ",B03,"  ","  ",1,"  ",1,"  ","  ",8,8,1,22,"  ",B03,120.705921,24.17251,3,66000,387130000C,(04)23289100,(04)25368667
11898,2023,03,31,15,48,臺中市,東區,0,2,0,8,1,5,50,14,8,1,5,4,5,7,4,4,5,4,4,2,17,7,3,10,1,1,B03,7,8,1,4,2,2,"  ",7,7,1,21,8,B03,120.698696,24.130643,2,66000,387130000C,(04)23289100,(04)25368667
11899,2023,03,31,15,51,臺中市,北屯區,0,0,0,8,,,50,,,,,,,,,,,,,,,23,"  ","  ","  ","  ",B02,"  ","  ",1,"  ",1,"  ","  ",23,"   ",1,5,"  ",B02,120.696669,24.164922,3,66000,387130000C,(04)23289100,(04)25368667
11900,2023,03,31,15,51,臺中市,大甲區,0,0,0,8,1,5,50,14,9,1,5,4,5,7,1,1,4,5,5,1,13,23,3,10,1,1,B03,7,1,1,8,1,1,"  ",23,23,1,22,9,B03,120.637838,24.360936,3,66000,387130000C,(04)23289100,(04)25368667
11901,2023,03,31,15,52,臺中市,西屯區,0,1,0,8,1,5,30,4,1,1,5,4,5,7,4,4,10,5,5,2,16,6,3,10,1,1,B03,7,11,1,8,2,4,"  ",6,6,1,22,8,B03,120.652089,24.191177,2,66000,387130000C,(04)23289100,(04)25368667
11902,2023,03,31,15,54,臺中市,西屯區,0,0,0,8,,,30,,,,,,,,,,,,,,,23,"  ","  ","  ","  ",B03,"  ","  ",1,"  ",11,"  ","  ",23,"   ",1,22,"  ",B03,120.640421,24.169719,3,66000,387130000C,(04)23289100,(04)25368667
11903,2023,03,31,15,58,臺中市,豐原區,0,0,0,8,,,50,,,,,,,,,,,,,,,12,"  ","  ","  ","  ",C03,"  ","  ",1,"  ",1,"  ","  ",12,"   ",1,22,"  ",C03,120.720365,24.263225,3,66000,387130000C,(04)23289100,(04)25368667
11904,2023,03,31,15,58,臺中市,豐原區,0,0,0,8,,,50,,,,,,,,,,,,,,,12,"  ","  ","  ","  ",C03,"  ","  ",1,"  ",1,"  ","  ",12,"   ",1,22,"  ",C03,120.720365,24.263225,3,66000,387130000C,(04)23289100,(04)25368667
11905,2023,03,31,16,0,臺中市,北區,0,2,0,8,1,5,50,14,9,1,5,4,5,7,4,4,5,4,4,2,3,60,2,9,4,5,H01,8,16,8,20,10,16,"  ",60,60,1,21,8,H01,120.689967,24.154324,2,66000,387130000C,(04)23289100,(04)25368667
11906,2023,03,31,16,0,臺中市,北屯區,0,0,0,8,,,50,,,,,,,,,,,,,,,23,"  ","  ","  ","  ",B12,"  ","  ",1,"  ",1,"  ","  ",23,"   ",1,22,"  ",B12,120.699735,24.183158,3,66000,387130000C,(04)23289100,(04)25368667
11907,2023,03,31,16,2,臺中市,南屯區,0,1,0,8,1,5,50,4,2,1,5,4,5,7,2,1,3,4,5,2,16,6,3,10,1,4,B03,7,6,1,8,2,5,"  ",6,6,1,22,8,B03,120.640731,24.146859,2,66000,387130000C,(04)23289100,(04)25368667
11908,2023,03,31,16,2,臺中市,北屯區,0,0,0,8,,,30,,,,,,,,,,,,,,,23,"  ","  ","  ","  ",B03,"  ","  ",1,"  ",1,"  ","  ",23,"   ",1,21,"  ",B03,120.667895,24.179416,3,66000,387130000C,(04)23289100,(04)25368667
11909,2023,03,31,16,4,臺中市,北屯區,0,0,0,8,,,50,,,,,,,,,,,,,,,23,"  ","  ","  ","  ",C01,"  ","  ",1,"  ",2,"  ","  ",23,"   ",1,21,"  ",C01,120.67898,24.189025,3,66000,387130000C,(04)23289100,(04)25368667
11910,2023,03,31,16,5,臺中市,北屯區,0,0,0,8,,,80,,,,,,,,,,,,,,,16,"  ","  ","  ","  ",B03,"  ","  ",1,"  ",1,"  ","  ",16,"   ",1,21,"  ",B03,120.721233,24.182218,3,66000,387130000C,(04)23289100,(04)25368667
11911,2023,03,31,16,7,臺中市,北屯區,0,0,0,8,,,80,,,,,,,,,,,,,,,23,"  ","  ","  ","  ",B03,"  ","  ",1,"  ",2,"  ","  ",23,"   ",1,22,"  ",B03,120.721135,24.17526,3,66000,387130000C,(04)23289100,(04)25368667
11912,2023,03,31,16,9,臺中市,太平區,0,2,0,8,1,5,30,3,2,1,5,4,5,7,4,4,10,5,5,2,16,8,2,7,1,1,C03,7,5,1,10,2,11,14,8,8,1,22,8,C03,120.716787,24.123199,2,66000,387130000C,(04)23289100,(04)25368667
11913,2023,03,31,16,14,臺中市,大里區,0,0,0,8,,,50,,,,,,,,,,,,,,,23,"  ","  ","  ","  ",B03,"  ","  ",1,"  ",2,"  ","  ",23,"   ",1,22,"  ",B03,120.694705,24.08935,3,66000,387130000C,(04)23289100,(04)25368667
11914,2023,03,31,16,15,臺中市,南屯區,0,1,0,8,1,5,30,11,9,1,5,4,5,7,4,4,10,5,5,2,18,23,2,9,1,1,C03,7,9,1,10,2,14,"  ",23,23,1,5,8,C03,120.600297,24.142186,2,66000,387130000C,(04)23289100,(04)25368667
11915,2023,03,31,16,16,臺中市,北區,0,3,0,8,1,5,50,4,1,1,5,4,5,7,4,4,10,5,5,2,16,6,2,9,1,1,C03,7,9,1,10,2,12,"  ",6,6,1,22,8,C03,120.672084,24.158488,2,66000,387130000C,(04)23289100,(04)25368667
11916,2023,03,31,16,16,臺中市,北區,0,0,0,,,,50,,,,,,,,,,,,,,,17,"  ","  ","  ","  ",B03,"  ","  ",1,"  ",1,"  ","  ",17,"   ",1,5,"  ",B03,120.690635,24.157243,3,66000,387130000C,(04)23289100,(04)25368667
11917,2023,03,31,16,18,臺中市,石岡區,0,2,0,8,1,5,70,14,12,1,5,4,5,7,4,4,1,4,4,1,12,26,2,9,1,1,C03,7,9,1,10,2,14,"  ",26,26,1,16,9,C03,120.813132,24.262474,2,66000,387130000C,(04)23289100,(04)25368667
11918,2023,03,31,16,19,臺中市,大雅區,0,1,0,8,1,5,50,3,1,1,5,4,5,7,4,4,9,4,5,1,17,23,3,10,1,1,B03,7,9,1,8,2,2,"  ",23,23,1,22,9,B03,120.65369,24.222475,2,66000,387130000C,(04)23289100,(04)25368667
11919,2023,03,31,16,19,臺中市,南屯區,0,0,0,8,,,50,,,,,,,,,,,,,,,16,"  ","  ","  ","  ",B03,"  ","  ",1,"  ",1,"  ","  ",16,"   ",1,5,"  ",B03,120.624108,24.152316,3,66000,387130000C,(04)23289100,(04)25368667
11920,2023,03,31,16,20,臺中市,大里區,0,1,0,8,1,5,30,3,1,1,5,4,5,7,4,4,10,5,5,2,11,6,3,10,1,1,B03,7,5,1,8,2,1,"  ",6,6,1,5,8,B03,120.666182,24.104875,2,66000,387130000C,(04)23289100,(04)25368667
11921,2023,03,31,16,20,臺中市,霧峰區,0,2,0,8,1,5,30,4,1,1,5,4,5,7,4,4,1,4,4,1,15,6,2,9,1,1,C03,7,9,1,10,2,14,"  ",6,6,1,4,5,C03,120.699037,24.072983,2,66000,387130000C,(04)23289100,(04)25368667
11922,2023,03,31,16,25,臺中市,南屯區,0,2,0,8,1,5,40,14,8,1,5,4,5,7,4,4,5,5,5,2,13,16,2,9,1,4,C03,7,9,1,10,2,11,"  ",16,16,1,22,8,C03,120.631149,24.12431,2,66000,387130000C,(04)23289100,(04)25368667
11923,2023,03,31,16,25,臺中市,龍井區,0,0,0,8,,,50,,,,,,,,,,,,,,,23,"  ","  ","  ","  ",B12,"  ","  ",1,"  ",2,"  ","  ",23,"   ",1,5,"  ",B12,120.543847,24.175716,3,66000,387130000C,(04)23289100,(04)25368667
11924,2023,03,31,16,26,臺中市,大雅區,0,1,0,8,1,5,50,3,1,1,5,4,5,7,4,4,5,5,5,1,17,6,2,8,1,1,C03,7,6,1,10,2,14,"  ",6,6,1,21,8,C03,120.649128,24.224972,2,66000,387130000C,(04)23289100,(04)25368667
11925,2023,03,31,16,33,臺中市,西屯區,0,0,0,8,,,50,,,,,,,,,,,,,,,17,"  ","  ","  ","  ",B03,"  ","  ",1,"  ",1,"  ","  ",17,"   ",1,4,"  ",B03,120.637903,24.175866,3,66000,387130000C,(04)23289100,(04)25368667
11926,2023,03,31,16,35,臺中市,東區,0,0,0,,,,50,,,,,,,,,,,,,,,23,"  ","  ","  ","  ",B03,"  ","  ",1,8,2,"  ","  ",23,23,1,5,"  ",B03,120.690265,24.135794,3,66000,387130000C,(04)23289100,(04)25368667
11927,2023,03,31,16,36,臺中市,西區,0,2,0,8,1,5,50,3,1,1,5,4,5,7,4,4,1,4,4,2,16,6,3,10,1,1,B03,7,6,1,8,2,2,"  ",6,6,1,21,8,B03,120.658179,24.154958,2,66000,387130000C,(04)23289100,(04)25368667
11928,2023,03,31,16,36,臺中市,北屯區,0,0,0,8,,,50,,,,,,,,,,,,,,,23,"  ","  ","  ","  ",B03,"  ","  ",1,"  ",1,"  ","  ",44,44,1,22,"  ",B03,120.694977,24.179862,3,66000,387130000C,(04)23289100,(04)25368667
11929,2023,03,31,16,37,臺中市,西屯區,0,1,0,8,1,5,50,3,1,1,5,4,5,7,4,4,5,3,4,2,16,8,3,10,1,1,B03,7,5,1,8,2,1,"  ",8,8,1,22,9,B03,120.644501,24.186372,2,66000,387130000C,(04)23289100,(04)25368667
11930,2023,03,31,16,37,臺中市,東勢區,0,1,0,8,1,5,50,14,9,1,5,4,5,7,4,4,5,5,5,1,18,23,2,9,3,4,F01,7,9,8,20,2,16,"  ",23,23,1,16,8,F01,120.824298,24.26153,2,66000,387130000C,(04)23289100,(04)25368667
11931,2023,03,31,16,38,臺中市,北屯區,0,0,0,,,,50,,,,,,,,,,,,,,,23,"  ","  ","  ","  ",B03,"  ","  ",1,"  ",2,"  ","  ",23,"   ",1,22,"  ",B03,120.699708,24.183168,3,66000,387130000C,(04)23289100,(04)25368667
11932,2023,03,31,16,40,臺中市,梧棲區,0,1,0,8,1,5,60,4,2,1,5,4,5,7,1,1,1,4,4,1,16,7,3,10,1,1,B03,7,8,1,8,2,5,"  ",7,7,1,9,8,B03,120.540915,24.261205,2,66000,387130000C,(04)23289100,(04)25368667
11933,2023,03,31,16,44,臺中市,西屯區,0,2,0,8,1,5,50,14,8,1,5,4,5,7,4,4,1,4,1,2,13,23,2,9,1,4,C03,7,9,1,10,2,11,"  ",23,23,1,22,8,C03,120.636248,24.18492,2,66000,387130000C,(04)23289100,(04)25368667
11934,2023,03,31,16,45,臺中市,西屯區,0,0,0,8,,,30,,,,,,,,,,,,,,,12,"  ","  ","  ","  ",A12,"  ","  ",1,"  ",1,"  ","  ",12,"   ",1,12,"  ",A12,120.650586,24.203891,3,66000,387130000C,(04)23289100,(04)25368667
11935,2023,03,31,16,46,臺中市,后里區,0,1,0,8,1,5,60,3,2,1,5,4,5,7,1,1,1,4,4,1,16,6,3,10,1,1,B03,7,6,1,4,2,5,"  ",6,6,1,21,8,B03,120.72379,24.297996,2,66000,387130000C,(04)23289100,(04)25368667