序號,年,月,日,時,分,縣市,區,死亡數量,受傷數量,2-30,天候,光線,道路類別,速限_速度(公里),道路型態,事故位置,路面鋪裝,路面狀態,路面缺陷,障礙物,視距,號誌種類,號誌動作,分向設施,快車道或一般車道間,快慢車道間,路面邊線,事故類型及型態,主要肇因,受傷程度,主要傷處,保護裝備,行動電話,當事者區分,車輛用途,當事者行動狀態,駕駛資格情形,駕駛執照種類,飲酒情形,車輛撞擊部位最初,車輛撞擊部位其他,肇事因素個別,肇事因素主要,肇事逃逸,職業,旅次目的,車種,GPS座標X,GPS座標Y,事故類別,縣市別代碼,機關代碼,市話,傳真
11936,2023,03,31,16,49,臺中市,西屯區,0,0,0,8,,,30,,,,,,,,,,,,,,,16,"  ","  ","  ","  ",C03,"  ","  ",1,"  ",1,"  ","  ",44,"   ",1,22,"  ",C03,120.652795,24.164921,3,66000,387130000C,(04)23289100,(04)25368667
11937,2023,03,31,16,52,臺中市,潭子區,0,1,0,8,1,5,50,14,8,1,5,4,5,7,4,4,9,3,4,2,16,23,2,9,1,1,C03,7,9,1,10,2,12,"  ",23,23,1,22,9,C03,120.68837,24.21064,2,66000,387130000C,(04)23289100,(04)25368667
11938,2023,03,31,16,53,臺中市,梧棲區,0,0,0,8,,,40,,,,,,,,,,,,,,,16,"  ","  ","  ","  ",B12,"  ","  ",1,"  ",1,"  ","  ",16,"   ",1,11,"  ",B12,120.522201,24.223998,3,66000,387130000C,(04)23289100,(04)25368667
11939,2023,03,31,16,55,臺中市,大雅區,0,0,0,8,,,50,,,,,,,,,,,,,,,23,"  ","  ","  ","  ",B02,"  ","  ",1,"  ",2,"  ","  ",23,"   ",1,22,"  ",B02,120.645858,24.223977,3,66000,387130000C,(04)23289100,(04)25368667
11940,2023,03,31,17,0,臺中市,北區,0,2,0,8,1,5,50,4,1,1,5,4,5,7,1,1,2,5,5,2,16,25,2,8,1,1,C03,7,9,1,10,2,11,"  ",25,25,1,21,8,C03,120.684971,24.163899,2,66000,387130000C,(04)23289100,(04)25368667
11941,2023,03,31,17,0,臺中市,烏日區,0,0,0,8,,,50,,,,,,,,,,,,,,,7,"  ","  ","  ","  ",B03,"  ","  ",1,"  ",2,"  ","  ",7,"   ",1,22,"  ",B03,120.650151,24.106894,3,66000,387130000C,(04)23289100,(04)25368667
11942,2023,03,31,17,2,臺中市,西屯區,0,0,0,8,,,50,,,,,,,,,,,,,,,43,"  ","  ","  ","  ",B03,"  ","  ",1,"  ",2,"  ","  ",43,"   ",1,22,"  ",B03,120.653468,24.195275,3,66000,387130000C,(04)23289100,(04)25368667
11943,2023,03,31,17,2,臺中市,西屯區,0,0,0,8,,,50,,,,,,,,,,,,,,,43,"  ","  ","  ","  ",B03,"  ","  ",1,"  ",11,"  ","  ",43,"   ",1,22,"  ",B03,120.616691,24.185975,3,66000,387130000C,(04)23289100,(04)25368667
11944,2023,03,31,17,3,臺中市,西區,0,0,0,8,,,50,,,,,,,,,,,,,,,23,"  ","  ","  ","  ",B02,"  ","  ",1,"  ",1,"  ","  ",23,"   ",1,21,"  ",B02,120.67041,24.150506,4,66000,387130000C,(04)23289100,(04)25368667
11945,2023,03,31,17,5,臺中市,北屯區,0,2,0,8,1,5,50,14,9,1,5,4,5,7,4,4,5,5,5,2,13,23,2,9,1,1,C03,7,9,1,10,2,11,"  ",23,23,1,21,8,C03,120.691255,24.175113,2,66000,387130000C,(04)23289100,(04)25368667
11946,2023,03,31,17,9,臺中市,神岡區,0,1,0,8,1,5,60,4,1,1,5,4,5,7,2,1,1,2,4,1,16,9,3,10,1,1,B12,7,6,1,8,2,2,"  ",9,9,1,22,8,B12,120.698948,24.235619,2,66000,387130000C,(04)23289100,(04)25368667
11947,2023,03,31,17,10,臺中市,西屯區,0,0,0,8,,,30,,,,,,,,,,,,,,,6,"  ","  ","  ","  ",C03,"  ","  ",1,"  ",1,"  ","  ",6,"   ",1,22,"  ",C03,120.644349,24.179911,3,66000,387130000C,(04)23289100,(04)25368667
11948,2023,03,31,17,11,臺中市,豐原區,0,2,0,8,1,5,50,14,8,1,5,4,5,7,4,4,1,3,4,1,13,16,2,9,1,1,C03,7,9,1,10,2,11,"  ",16,16,1,4,1,C03,120.712319,24.240802,2,66000,387130000C,(04)23289100,(04)25368667
11949,2023,03,31,17,14,臺中市,沙鹿區,0,0,0,8,1,5,50,3,2,1,5,4,5,7,1,1,3,3,3,1,17,42,3,10,3,4,B03,7,11,1,8,2,15,"  ",42,42,1,22,8,B03,120.570174,24.212452,3,66000,387130000C,(04)23289100,(04)25368667
11950,2023,03,31,17,14,臺中市,石岡區,0,1,0,8,1,5,70,14,12,1,5,4,5,7,4,4,3,4,4,1,17,23,2,1,1,1,C03,7,9,1,10,2,11,"  ",23,23,1,22,8,C03,120.792749,24.271958,2,66000,387130000C,(04)23289100,(04)25368667
11951,2023,03,31,17,15,臺中市,大里區,0,0,0,8,,,50,,,,,,,,,,,,,,,12,"  ","  ","  ","  ",B03,"  ","  ",1,"  ",2,"  ","  ",12,"   ",1,5,"  ",B03,120.686388,24.115575,3,66000,387130000C,(04)23289100,(04)25368667
11952,2023,03,31,17,16,臺中市,西屯區,0,0,0,8,,,50,,,,,,,,,,,,,,,16,"  ","  ","  ","  ",B03,"  ","  ",1,"  ",1,"  ","  ",44,16,1,4,"  ",B03,120.637743,24.175576,3,66000,387130000C,(04)23289100,(04)25368667
11953,2023,03,31,17,18,臺中市,太平區,0,1,0,8,1,5,30,14,9,1,5,4,5,7,4,4,10,5,5,2,18,14,3,10,1,1,C03,7,1,1,10,2,15,"  ",19,14,1,22,8,C03,120.727427,24.146326,2,66000,387130000C,(04)23289100,(04)25368667
11954,2023,03,31,17,18,臺中市,梧棲區,0,2,0,8,1,5,40,14,8,1,5,4,5,7,4,4,1,4,3,1,13,23,2,9,1,1,C03,7,9,1,10,6,11,"  ",23,23,1,9,8,C03,120.518214,24.238788,2,66000,387130000C,(04)23289100,(04)25368667
11955,2023,03,31,17,19,臺中市,龍井區,0,1,0,8,1,5,40,4,1,1,5,4,5,7,1,1,10,5,5,2,16,8,2,7,1,1,C03,7,5,1,10,2,14,"  ",8,8,1,12,1,C03,120.505795,24.210211,2,66000,387130000C,(04)23289100,(04)25368667
11956,2023,03,31,17,20,臺中市,大里區,0,1,0,8,1,5,30,14,9,1,5,4,5,7,4,4,10,5,5,2,17,23,3,10,3,4,F03,7,5,8,20,2,16,"  ",23,23,1,21,5,F03,120.697452,24.086531,2,66000,387130000C,(04)23289100,(04)25368667
11957,2023,03,31,17,21,臺中市,西屯區,0,2,0,8,1,5,30,3,1,1,5,4,5,7,4,4,10,5,5,2,16,6,2,9,1,1,C03,7,5,1,10,2,13,"  ",6,6,1,22,9,C03,120.647716,24.176533,2,66000,387130000C,(04)23289100,(04)25368667
11958,2023,03,31,17,23,臺中市,南屯區,0,0,0,8,,,50,,,,,,,,,,,,,,,23,"  ","  ","  ","  ",C03,"  ","  ",1,"  ",2,"  ","  ",23,"   ",1,5,"  ",C03,120.620854,24.13999,3,66000,387130000C,(04)23289100,(04)25368667
11959,2023,03,31,17,23,臺中市,大里區,0,1,0,8,1,5,50,4,1,1,5,4,5,7,2,1,10,5,5,2,13,16,2,9,1,1,C03,7,9,1,10,2,11,"  ",16,16,1,4,5,C03,120.70118,24.100283,2,66000,387130000C,(04)23289100,(04)25368667
11960,2023,03,31,17,23,臺中市,大甲區,0,1,0,8,1,5,50,4,1,1,5,4,5,7,1,1,10,5,5,2,12,23,3,10,1,1,B03,7,9,1,8,2,2,"  ",23,23,1,22,9,B03,120.626395,24.34948,2,66000,387130000C,(04)23289100,(04)25368667
11961,2023,03,31,17,26,臺中市,太平區,0,1,0,8,1,5,50,11,9,1,5,4,5,7,4,4,5,5,5,2,18,23,2,9,1,1,C03,7,9,1,10,2,12,"  ",23,23,1,18,8,C03,120.808065,24.095749,2,66000,387130000C,(04)23289100,(04)25368667
11962,2023,03,31,17,30,臺中市,霧峰區,0,0,0,8,,,60,,,,,,,,,,,,,,,7,"  ","  ","  ","  ",B03,"  ","  ",1,"  ",2,"  ","  ",7,"   ",1,22,"  ",B03,120.692718,24.047005,3,66000,387130000C,(04)23289100,(04)25368667
11963,2023,03,31,17,31,臺中市,西屯區,0,0,0,8,,,50,,,,,,,,,,,,,,,19,"  ","  ","  ","  ",B03,"  ","  ",1,"  ",2,"  ","  ",19,"   ",1,12,"  ",B03,120.638283,24.158949,3,66000,387130000C,(04)23289100,(04)25368667
11964,2023,03,31,17,32,臺中市,南屯區,0,0,0,8,,,40,,,,,,,,,,,,,,,23,"  ","  ","  ","  ",B03,"  ","  ",1,"  ",2,"  ","  ",23,"   ",1,22,"  ",B03,120.62257,24.135299,3,66000,387130000C,(04)23289100,(04)25368667
11965,2023,03,31,17,32,臺中市,北屯區,0,0,0,8,,,50,,,,,,,,,,,,,,,16,"  ","  ","  ","  ",B03,"  ","  ",1,"  ",1,"  ","  ",16,"   ",1,21,"  ",B03,120.667153,24.179858,3,66000,387130000C,(04)23289100,(04)25368667
11966,2023,03,31,17,33,臺中市,南區,0,1,0,8,1,5,50,15,18,1,5,4,5,7,2,1,5,5,5,2,9,23,3,10,3,4,C03,7,6,2,18,2,11,"  ",23,23,1,22,8,C03,120.648654,24.119707,2,66000,387130000C,(04)23289100,(04)25368667
11967,2023,03,31,17,33,臺中市,北屯區,0,1,0,8,1,5,40,4,1,1,5,4,5,7,1,1,10,5,5,2,17,8,2,8,1,1,F01,7,5,8,20,2,16,"  ",8,8,1,15,2,F01,120.723355,24.172476,2,66000,387130000C,(04)23289100,(04)25368667
11968,2023,03,31,17,34,臺中市,南屯區,0,2,0,8,1,5,50,4,1,1,5,4,5,7,2,1,10,5,5,2,16,6,2,9,1,1,C04,7,5,1,10,2,12,14,6,6,1,5,8,C04,120.643854,24.154647,2,66000,387130000C,(04)23289100,(04)25368667
11969,2023,03,31,17,34,臺中市,南屯區,0,1,0,8,1,5,50,4,2,1,5,4,5,7,2,1,5,4,5,2,16,26,3,10,1,4,B03,7,6,1,8,2,2,"  ",26,26,1,22,8,B03,120.649912,24.136676,2,66000,387130000C,(04)23289100,(04)25368667
11970,2023,03,31,17,35,臺中市,沙鹿區,0,1,0,7,1,5,40,4,1,1,5,4,5,7,1,1,10,5,5,2,16,25,2,9,1,1,C03,7,5,1,10,2,12,"  ",25,25,1,22,9,C03,120.597591,24.249998,2,66000,387130000C,(04)23289100,(04)25368667
11971,2023,03,31,17,36,臺中市,西屯區,0,0,0,8,,,50,,,,,,,,,,,,,,,7,"  ","  ","  ","  ",B03,"  ","  ",1,"  ",1,"  ","  ",7,"   ",1,12,"  ",B03,120.656986,24.200658,3,66000,387130000C,(04)23289100,(04)25368667
11972,2023,03,31,17,36,臺中市,太平區,0,1,0,8,1,5,50,4,1,1,5,4,5,7,2,1,10,5,5,2,16,9,3,10,1,1,B03,7,6,1,8,2,2,"  ",9,9,1,22,8,B03,120.711814,24.144426,2,66000,387130000C,(04)23289100,(04)25368667
11973,2023,03,31,17,37,臺中市,中區,0,1,0,8,1,5,50,14,9,1,5,4,5,7,4,4,10,4,5,2,12,7,2,8,1,1,C03,7,10,1,10,2,15,"  ",7,7,1,22,8,C03,120.682364,24.14099,2,66000,387130000C,(04)23289100,(04)25368667
11974,2023,03,31,17,37,臺中市,南屯區,0,1,0,8,2,5,50,4,1,1,5,4,5,7,2,1,5,5,5,2,16,26,3,10,1,1,C03,7,9,1,10,2,12,"  ",26,26,1,4,8,C03,120.630811,24.144949,2,66000,387130000C,(04)23289100,(04)25368667
11975,2023,03,31,17,37,臺中市,西屯區,0,0,0,8,,,80,,,,,,,,,,,,,,,23,"  ","  ","  ","  ",B03,"  ","  ",1,"  ",1,"  ","  ",23,"   ",1,22,"  ",B03,120.634948,24.179291,3,66000,387130000C,(04)23289100,(04)25368667
11976,2023,03,31,17,37,臺中市,大里區,0,0,0,8,,,50,,,,,,,,,,,,,,,42,"  ","  ","  ","  ",B03,"  ","  ",1,"  ",1,"  ","  ",42,"   ",1,21,"  ",B03,120.697852,24.081353,3,66000,387130000C,(04)23289100,(04)25368667
11977,2023,03,31,17,37,臺中市,沙鹿區,0,0,0,,,,30,,,,,,,,,,,,,,,19,"  ","  ","  ","  ",B03,"  ","  ",1,"  ",2,"  ","  ",19,"   ",1,22,"  ",B03,120.577949,24.209597,3,66000,387130000C,(04)23289100,(04)25368667
11978,2023,03,31,17,40,臺中市,西屯區,0,1,0,8,2,5,40,14,8,1,5,4,5,7,4,4,10,4,5,2,13,16,3,10,3,4,B03,7,9,1,8,2,6,"  ",44,16,1,22,8,B03,120.639423,24.169003,2,66000,387130000C,(04)23289100,(04)25368667
11979,2023,03,31,17,41,臺中市,龍井區,0,0,0,8,,,30,,,,,,,,,,,,,,,23,"  ","  ","  ","  ",B12,"  ","  ",1,"  ",2,"  ","  ",23,"   ",1,5,"  ",B12,120.559991,24.198094,3,66000,387130000C,(04)23289100,(04)25368667
11980,2023,03,31,17,42,臺中市,大甲區,0,1,0,8,1,5,50,4,1,1,5,4,5,7,1,1,10,5,5,2,16,25,2,9,1,1,C03,7,9,1,10,2,11,"  ",25,25,1,22,9,C03,120.639448,24.363235,2,66000,387130000C,(04)23289100,(04)25368667
11981,2023,03,31,17,43,臺中市,梧棲區,0,1,0,8,1,5,50,4,1,1,5,4,5,7,4,4,10,5,5,2,27,42,2,9,1,1,C03,7,9,1,10,2,11,"  ",42,42,1,21,1,C03,120.545834,24.248285,2,66000,387130000C,(04)23289100,(04)25368667
11982,2023,03,31,17,45,臺中市,南區,0,0,0,,,,40,,,,,,,,,,,,,,,12,"  ","  ","  ","  ",B03,"  ","  ",1,"  ",2,"  ","  ",12,"   ",1,21,"  ",B03,120.672772,24.12626,3,66000,387130000C,(04)23289100,(04)25368667
11983,2023,03,31,17,45,臺中市,北屯區,0,1,0,8,1,5,50,4,1,1,5,4,5,7,2,1,10,5,5,2,16,23,2,9,1,1,C03,7,9,1,10,2,11,"  ",23,23,1,21,8,C03,120.704408,24.169363,2,66000,387130000C,(04)23289100,(04)25368667
11984,2023,03,31,17,48,臺中市,大甲區,0,0,0,8,,,30,,,,,,,,,,,,,,,17,"  ","  ","  ","  ",A05,"  ","  ",1,"  ",1,"  ","  ",17,"   ",1,22,"  ",A05,120.626803,24.344659,3,66000,387130000C,(04)23289100,(04)25368667
11985,2023,03,31,17,49,臺中市,東區,0,2,0,7,2,5,50,3,1,1,5,4,5,7,4,4,5,5,5,2,16,6,2,9,1,1,C03,7,5,1,10,2,12,"  ",6,6,1,21,8,C03,120.697471,24.149314,2,66000,387130000C,(04)23289100,(04)25368667
11986,2023,03,31,17,50,臺中市,北屯區,0,1,0,8,1,5,50,4,1,1,5,4,5,7,1,1,10,5,5,2,17,1,3,10,3,4,C03,7,6,2,18,2,12,"  ",1,1,1,21,8,C03,120.703013,24.169856,2,66000,387130000C,(04)23289100,(04)25368667
11987,2023,03,31,17,50,臺中市,大里區,0,0,0,8,,,50,,,,,,,,,,,,,,,6,"  ","  ","  ","  ",C03,"  ","  ",1,"  ",2,"  ","  ",6,"   ",1,4,"  ",C03,120.695602,24.091004,3,66000,387130000C,(04)23289100,(04)25368667
11988,2023,03,31,17,51,臺中市,北屯區,0,0,0,8,,,50,,,,,,,,,,,,,,,7,"  ","  ","  ","  ",B03,"  ","  ",1,"  ",2,"  ","  ",7,"   ",1,21,"  ",B03,120.714866,24.163489,3,66000,387130000C,(04)23289100,(04)25368667
11989,2023,03,31,17,52,臺中市,北區,0,2,0,8,1,5,50,4,1,1,5,4,5,7,1,1,5,5,5,2,16,6,2,9,1,1,C03,7,5,1,10,2,12,"  ",6,6,1,22,8,C03,120.663022,24.16153,2,66000,387130000C,(04)23289100,(04)25368667
11990,2023,03,31,17,53,臺中市,西區,0,1,0,8,2,5,50,4,1,1,5,4,5,7,4,4,10,5,5,2,16,2,2,8,1,1,C03,7,5,4,11,2,12,"  ",2,2,1,5,8,C03,120.655141,24.143227,2,66000,387130000C,(04)23289100,(04)25368667
11991,2023,03,31,17,53,臺中市,東勢區,0,0,0,8,,,50,,,,,,,,,,,,,,,23,"  ","  ","  ","  ",B03,"  ","  ",1,"  ",2,"  ","  ",23,"   ",1,21,"  ",B03,120.831405,24.256406,3,66000,387130000C,(04)23289100,(04)25368667
11992,2023,03,31,17,59,臺中市,西屯區,0,2,0,8,1,5,30,3,2,1,5,4,5,7,4,4,10,5,5,2,9,23,2,9,1,1,C03,7,9,1,10,2,11,"  ",23,23,1,22,8,C03,120.648212,24.174842,2,66000,387130000C,(04)23289100,(04)25368667
11993,2023,03,31,18,1,臺中市,太平區,0,1,0,8,3,5,50,14,9,1,5,4,5,7,4,4,5,5,5,2,16,11,3,10,1,1,B12,7,11,1,8,1,1,"  ",11,11,1,22,8,B12,120.72401,24.147639,2,66000,387130000C,(04)23289100,(04)25368667
11994,2023,03,31,18,3,臺中市,烏日區,0,0,0,8,,,60,,,,,,,,,,,,,,,23,"  ","  ","  ","  ",B03,"  ","  ",1,"  ",2,"  ","  ",23,"   ",1,21,"  ",B03,120.638228,24.107728,3,66000,387130000C,(04)23289100,(04)25368667
11995,2023,03,31,18,6,臺中市,北屯區,0,0,0,8,,,50,,,,,,,,,,,,,,,6,"  ","  ","  ","  ",B03,"  ","  ",1,"  ",1,"  ","  ",6,"   ",1,22,"  ",B03,120.705928,24.169753,3,66000,387130000C,(04)23289100,(04)25368667
11996,2023,03,31,18,7,臺中市,西區,1,0,0,8,2,5,50,4,1,1,5,4,5,7,4,4,10,5,5,2,15,6,1,9,1,1,C03,7,9,1,10,2,12,"  ",6,6,1,21,8,C03,120.672471,24.149506,1,66000,387130000C,(04)23289100,(04)25368667
11997,2023,03,31,18,7,臺中市,西屯區,0,0,0,8,,,50,,,,,,,,,,,,,,,16,"  ","  ","  ","  ",B11,"  ","  ",1,"  ",1,"  ","  ",16,"   ",1,22,"  ",B11,120.636504,24.171683,3,66000,387130000C,(04)23289100,(04)25368667
11998,2023,03,31,18,8,臺中市,東區,0,1,0,8,3,5,50,4,9,1,5,4,5,7,1,1,5,5,5,2,16,6,3,10,3,4,B03,7,6,1,8,2,2,"  ",6,6,1,22,8,B03,120.697299,24.147967,2,66000,387130000C,(04)23289100,(04)25368667
11999,2023,03,31,18,10,臺中市,南屯區,0,1,0,8,2,5,50,14,9,1,5,4,5,7,4,4,1,4,5,2,18,23,2,9,1,1,C03,7,8,1,10,2,15,"  ",23,23,1,22,9,C03,120.624368,24.149174,2,66000,387130000C,(04)23289100,(04)25368667
12000,2023,03,31,18,11,臺中市,豐原區,0,0,0,8,,,50,,,,,,,,,,,,,,,16,"  ","  ","  ","  ",B03,"  ","  ",1,"  ",2,"  ","  ",16,"   ",1,22,"  ",B03,120.711669,24.239816,3,66000,387130000C,(04)23289100,(04)25368667
12001,2023,03,31,18,13,臺中市,大里區,0,1,0,8,3,5,30,4,1,1,5,4,5,7,4,4,10,5,5,2,17,6,3,10,3,4,C03,7,9,1,10,2,12,"  ",6,6,1,21,5,C03,120.692342,24.086585,2,66000,387130000C,(04)23289100,(04)25368667
12002,2023,03,31,18,15,臺中市,北區,0,0,0,8,,,50,,,,,,,,,,,,,,,19,"  ","  ","  ","  ",B03,"  ","  ",1,"  ",1,"  ","  ",19,"   ",1,22,"  ",B03,120.698891,24.160277,3,66000,387130000C,(04)23289100,(04)25368667
12003,2023,03,31,18,15,臺中市,大里區,0,0,0,8,,,60,,,,,,,,,,,,,,,7,"  ","  ","  ","  ",B03,"  ","  ",1,"  ",2,"  ","  ",7,"   ",1,20,"  ",B03,120.684329,24.090734,3,66000,387130000C,(04)23289100,(04)25368667
12004,2023,03,31,18,17,臺中市,西區,0,1,0,8,3,5,50,3,1,1,5,4,5,7,4,4,10,5,5,2,16,9,3,10,1,1,B12,7,6,1,8,2,2,"  ",9,9,1,21,8,B12,120.667598,24.146725,2,66000,387130000C,(04)23289100,(04)25368667
12005,2023,03,31,18,17,臺中市,北區,0,0,0,8,,,50,,,,,,,,,,,,,,,7,"  ","  ","  ","  ",B02,"  ","  ",7,"  ",2,"  ","  ",7,"   ",1,22,"  ",B02,120.671456,24.17374,3,66000,387130000C,(04)23289100,(04)25368667
12006,2023,03,31,18,17,臺中市,豐原區,0,1,0,8,1,8,30,15,20,1,5,4,5,7,4,4,10,5,5,2,17,38,3,10,3,5,H02,7,20,8,20,10,15,"  ",60,38,1,22,8,H02,120.728383,24.251022,2,66000,387130000C,(04)23289100,(04)25368667
12007,2023,03,31,18,18,臺中市,大里區,0,0,0,8,,,30,,,,,,,,,,,,,,,17,"  ","  ","  ","  ",B12,"  ","  ",1,"  ",2,"  ","  ",17,"   ",1,5,"  ",B12,120.66859,24.10449,3,66000,387130000C,(04)23289100,(04)25368667
12008,2023,03,31,18,20,臺中市,大甲區,0,1,0,7,2,5,70,14,8,1,5,4,5,7,4,4,1,4,4,1,17,30,3,10,1,1,B03,7,9,1,8,2,15,"  ",30,30,1,9,8,B03,120.643388,24.40941,2,66000,387130000C,(04)23289100,(04)25368667
12009,2023,03,31,18,24,臺中市,大雅區,0,0,0,8,,,50,,,,,,,,,,,,,,,16,"  ","  ","  ","  ",B02,"  ","  ",1,"  ",2,"  ","  ",16,"   ",1,22,"  ",B02,120.650205,24.216446,3,66000,387130000C,(04)23289100,(04)25368667
12010,2023,03,31,18,25,臺中市,北區,0,2,0,8,3,5,40,4,2,1,5,4,5,7,1,1,5,4,4,2,13,16,2,9,1,1,C03,7,9,1,10,2,12,"  ",16,16,1,22,8,C03,120.69432,24.156811,2,66000,387130000C,(04)23289100,(04)25368667
12011,2023,03,31,18,27,臺中市,西屯區,0,0,0,8,,,50,,,,,,,,,,,,,,,23,"  ","  ","  ","  ",B03,"  ","  ",1,"  ",1,"  ","  ",23,"   ",1,4,"  ",B03,120.661525,24.165165,3,66000,387130000C,(04)23289100,(04)25368667
12012,2023,03,31,18,28,臺中市,南屯區,0,0,0,,,,50,,,,,,,,,,,,,,,6,"  ","  ","  ","  ",B03,"  ","  ",1,"  ",2,"  ","  ",14,6,1,5,"  ",B03,120.645414,24.139376,3,66000,387130000C,(04)23289100,(04)25368667
12013,2023,03,31,18,30,臺中市,南區,0,1,0,8,3,5,50,14,9,1,5,4,5,7,4,4,3,4,5,2,13,16,3,10,1,1,B03,7,9,1,8,2,1,5,16,23,1,21,8,B03,120.670216,24.123669,2,66000,387130000C,(04)23289100,(04)25368667
12014,2023,03,31,18,30,臺中市,烏日區,0,0,0,8,,,30,,,,,,,,,,,,,,,6,"  ","  ","  ","  ",B03,"  ","  ",1,"  ",2,"  ","  ",23,6,1,21,"  ",B03,120.625918,24.108235,3,66000,387130000C,(04)23289100,(04)25368667
12015,2023,03,31,18,32,臺中市,豐原區,0,1,0,8,3,5,60,3,2,1,5,4,5,7,4,4,1,3,4,1,16,6,3,10,1,1,B03,7,6,1,8,2,6,"  ",6,6,1,4,1,B03,120.737052,24.248741,2,66000,387130000C,(04)23289100,(04)25368667
12016,2023,03,31,18,40,臺中市,南屯區,0,0,0,8,,,40,,,,,,,,,,,,,,,12,"  ","  ","  ","  ",B03,"  ","  ",1,"  ",1,"  ","  ",12,"   ",1,22,"  ",B03,120.632898,24.153771,3,66000,387130000C,(04)23289100,(04)25368667
12017,2023,03,31,18,40,臺中市,烏日區,0,0,0,8,,,30,,,,,,,,,,,,,,,17,"  ","  ","  ","  ",B03,"  ","  ",1,"  ",2,"  ","  ",17,"   ",1,5,"  ",B03,120.603238,24.114466,3,66000,387130000C,(04)23289100,(04)25368667
12018,2023,03,31,18,42,臺中市,西屯區,0,1,0,8,3,5,50,14,9,1,5,4,5,7,4,4,1,3,5,2,16,9,3,10,1,1,B03,7,6,1,8,2,2,"  ",9,9,1,22,9,B03,120.646478,24.16364,2,66000,387130000C,(04)23289100,(04)25368667
12019,2023,03,31,18,44,臺中市,后里區,0,2,0,8,3,5,30,3,2,1,5,4,5,7,3,1,10,5,5,2,16,6,2,9,1,1,C03,7,5,1,10,2,14,"  ",6,6,1,8,8,C03,120.725224,24.321288,2,66000,387130000C,(04)23289100,(04)25368667
12020,2023,03,31,18,45,臺中市,北屯區,0,0,0,8,,,80,,,,,,,,,,,,,,,16,"  ","  ","  ","  ",B11,"  ","  ",1,"  ",2,"  ","  ",16,16,1,21,"  ",B11,120.704945,24.16928,3,66000,387130000C,(04)23289100,(04)25368667
12021,2023,03,31,18,45,臺中市,清水區,0,1,0,8,3,5,50,14,7,1,5,4,5,7,4,4,5,4,4,2,16,19,2,9,1,1,C03,7,1,1,10,2,14,"  ",19,19,1,21,8,C03,120.569788,24.272971,2,66000,387130000C,(04)23289100,(04)25368667
12022,2023,03,31,18,45,臺中市,清水區,0,0,0,8,,,70,,,,,,,,,,,,,,,23,"  ","  ","  ","  ",B03,"  ","  ",1,"  ",2,"  ","  ",23,"   ",1,21,"  ",B03,120.586214,24.302957,3,66000,387130000C,(04)23289100,(04)25368667
12023,2023,03,31,18,47,臺中市,大雅區,0,0,0,8,,,30,,,,,,,,,,,,,,,12,"  ","  ","  ","  ",B12,"  ","  ",1,"  ",2,"  ","  ",12,"   ",1,21,"  ",B12,120.673602,24.220748,3,66000,387130000C,(04)23289100,(04)25368667
12024,2023,03,31,18,47,臺中市,西屯區,0,1,0,8,3,5,40,14,8,1,5,4,5,7,4,4,9,4,1,2,13,23,2,9,1,1,C03,7,9,1,10,2,11,"  ",23,23,1,12,8,C03,120.639648,24.168506,2,66000,387130000C,(04)23289100,(04)25368667
12025,2023,03,31,18,48,臺中市,北屯區,0,0,0,,,,50,,,,,,,,,,,,,,,6,"  ","  ","  ","  ",B03,"  ","  ",1,"  ",2,"  ","  ",6,"   ",1,22,"  ",B03,120.686373,24.192055,3,66000,387130000C,(04)23289100,(04)25368667
12026,2023,03,31,18,48,臺中市,西屯區,0,0,0,8,,,50,,,,,,,,,,,,,,,23,"  ","  ","  ","  ",B03,"  ","  ",1,"  ",1,"  ","  ",23,"   ",1,22,"  ",B03,120.659405,24.165603,3,66000,387130000C,(04)23289100,(04)25368667
12027,2023,03,31,18,50,臺中市,大里區,0,0,0,8,,,30,,,,,,,,,,,,,,,42,"  ","  ","  ","  ",B03,"  ","  ",1,"  ",2,"  ","  ",42,"   ",1,22,"  ",B03,120.707011,24.085671,3,66000,387130000C,(04)23289100,(04)25368667
12028,2023,03,31,18,51,臺中市,豐原區,0,0,0,8,,,50,,,,,,,,,,,,,,,23,"  ","  ","  ","  ",B03,"  ","  ",1,"  ",2,"  ","  ",23,"   ",1,22,"  ",B03,120.751052,24.270194,3,66000,387130000C,(04)23289100,(04)25368667
12029,2023,03,31,18,56,臺中市,西區,0,0,0,8,,,40,,,,,,,,,,,,,,,23,"  ","  ","  ","  ",B03,"  ","  ",1,"  ",1,"  ","  ",23,"   ",1,22,"  ",B03,120.657511,24.153835,3,66000,387130000C,(04)23289100,(04)25368667
12030,2023,03,31,18,57,臺中市,南區,0,0,0,7,1,5,50,3,9,1,5,4,5,7,4,4,5,4,5,2,13,16,3,10,1,1,C03,7,9,1,10,2,11,"  ",16,16,1,21,8,C03,120.676142,24.132245,3,66000,387130000C,(04)23289100,(04)25368667
12031,2023,03,31,18,58,臺中市,石岡區,0,1,0,8,3,5,70,3,2,1,5,4,5,7,3,1,1,4,4,1,16,10,2,8,1,1,C03,7,11,1,10,2,14,"  ",10,10,1,21,9,C03,120.767405,24.275976,2,66000,387130000C,(04)23289100,(04)25368667